mutation_id	myclone_id	myclone_ccf
chr15:23129835:G>A	1	0.3123895612846606
chr1:102912202:C>A	2	0.6838530434211116
chr1:102912203:C>T	2	0.6838530434211116
chr1:186062580:C>T	2	0.6838530434211116
chr13:32732140:->C	2	0.6838530434211116
chr19:34438712:G>A	2	0.6838530434211116
chr6:151349139:G>A	2	0.6838530434211116
chr1:9850765:C>A	3	0.9022699583695634
chr10:97568017:G>A	3	0.9022699583695634
chr5:45262618:C>T	3	0.9022699583695634
chr8:138152809:C>T	3	0.9022699583695634
chr17:48551113:C>T	4	1
chr20:45298566:C>T	4	1
chrY:19706252:C>T	5	-1
chr14:106639121:->CTCCCGTCTCCAA	6	-1
