mutation_id	myclone_id	myclone_ccf
chr11:5200191:G>T	1	0.7358630952380956
chr20:9401510:C>T	2	0.165086887835703
chr20:42472513:C>A	2	0.165086887835703
chr10:133073194:G>A	3	0.47355977287521167
chr11:60951058:A>G	3	0.47355977287521167
chr5:134661259:C>A	3	0.47355977287521167
chr12:25245350:C>T	4	0.30817834320403453
chr15:26937304:A>G	4	0.30817834320403453
chr2:209694807:G>T	4	0.30817834320403453
chr17:747014:G>A	5	0.23218590962045493
chr21:31217625:C>T	6	-1
chr6:84737157:G>A	7	0.396136896323902
chrX:140783789:G>A	7	0.396136896323902
