mutation_id	myclone_id	myclone_ccf
chr14:106639118:->TCTCT	1	0.3463687150837988
chr1:186003783:G>A	1	0.3463687150837988
chr1:227654678:A>C	1	0.3463687150837988
chr15:78774626:T>C	1	0.3463687150837988
chr16:2500299:T>A	1	0.3463687150837988
chr14:106627248:->TCTCT	2	0.6557377049180326
chr11:104886807:T>G	2	0.6557377049180326
chr8:143790409:G>A	2	0.6557377049180326
chr10:102470052:G>T	2	0.6557377049180326
chr12:13866029:G>T	2	0.6557377049180326
chrX:107981758:C>G	3	0.0849420849420848
chr1:100539470:C>T	3	0.0849420849420848
chr11:22625648:G>A	3	0.0849420849420848
chr19:6829835:G>C	3	0.0849420849420848
chr19:44288451:G>C	3	0.0849420849420848
chr2:201654914:G>T	3	0.0849420849420848
chr20:1206910:G>A	3	0.0849420849420848
chr21:33509809:C>G	3	0.0849420849420848
chr3:57278701:G>C	3	0.0849420849420848
chr3:113457202:C>T	3	0.0849420849420848
chr4:82661037:C>G	3	0.0849420849420848
chr12:64062976:G>A	4	0.41735158891827884
chr5:140802880:C>T	4	0.41735158891827884
chr4:152328233:->TGA	5	0.558035714285714
chr16:29664799:G>A	6	0.13755294972937798
chr17:2387518:G>A	6	0.13755294972937798
chr17:7285117:G>A	6	0.13755294972937798
chr18:12817219:G>A	6	0.13755294972937798
chr7:93133433:C>A	6	0.13755294972937798
