mutation_id	myclone_id	myclone_ccf
chr16:2085268:G>A	1	0.5780559823829148
chr16:3757928:C>T	2	0.1587869828150598
chr11:47359973:->GCCCC	3	0.2779706240338932
chr11:45650023:G>A	4	0.0884808930716912
chr14:100381592:C>T	5	1
chr17:65056579:C>T	5	1
chr19:8335029:G>A	5	1
chr19:48640210:A>G	5	1
chr8:27658930:G>A	5	1
