mutation_id	myclone_id	myclone_ccf
chr6:43206454:G>A	1	0.1797562743485228
chr3:38713969:C>T	2	0.5534890651224256
chr13:61412098:G>A	3	0.9847174099650216
chr19:10921382:G>A	3	0.9847174099650216
chr22:22031472:A>-	3	0.9847174099650216
chr5:151550805:C>T	3	0.9847174099650216
chr7:94425783:G>A	3	0.9847174099650216
chr9:127896264:C>A	3	0.9847174099650216
chr9:137229078:G>A	3	0.9847174099650216
