mutation_id	myclone_id	myclone_ccf
chr7:51027824:G>A	1	1.0
chr11:129942480:G>A	2	0.09246054697565792
chr22:37029268:C>T	2	0.09246054697565792
chrX:40074167:A>T	2	0.09246054697565792
chr12:109783683:G>A	3	0.4952407513210949
chr13:36201908:G>A	3	0.4952407513210949
chr19:34434874:G>A	3	0.4952407513210949
chr4:168924314:G>C	3	0.4952407513210949
chr6:31577314:->CGCGT	3	0.4952407513210949
chr6:117365601:C>G	3	0.4952407513210949
chr7:19116875:G>C	3	0.4952407513210949
chrX:68274763:C>T	3	0.4952407513210949
chrX:80022360:G>A	3	0.4952407513210949
chr12:5575935:G>A	4	-1
chr14:106537810:->CTCCCTGGC	5	-1
