mutation_id	myclone_id	myclone_ccf
chr1:17392198:C>T	1	0.9095144569116383
chr1:89714210:TCTCT>CCGCCCC	1	0.9095144569116383
chr11:62910589:C>T	1	0.9095144569116383
chr13:85796368:A>G	1	0.9095144569116383
chr16:67946958:G>A	1	0.9095144569116383
chr19:58053674:C>T	1	0.9095144569116383
chr2:27056780:G>A	1	0.9095144569116383
chr22:22031470:->C	1	0.9095144569116383
chr4:156850337:A>T	1	0.9095144569116383
chr19:14942040:C>T	2	1
chr1:7766490:G>A	3	0.4907323108823956
chr9:84305282:C>A	3	0.4907323108823956
chr4:2696545:A>G	3	0.4907323108823956
chr1:180787758:G>A	4	0.7546911948559712
chr1:237643420:G>A	4	0.7546911948559712
chr14:59340083:G>C	4	0.7546911948559712
chr22:22031472:A>CC	4	0.7546911948559712
chr14:106675009:ACTGTGTCTCTCGCACAGTAA>GCTT	5	-1
chr3:184245312:A>G	5	-1
chr4:1900970:A>G	6	0.5437480934313191
chr14:106592676:->CCGGGAC	7	-1
