mutation_id	myclone_id	myclone_ccf
chr6:78604538:G>T	1	0.3723344820513498
chr12:128705365:C>T	2	1.0
chr22:20406314:->TA	2	1.0
chr2:167248597:C>T	3	0.0875999822200279
chrX:1601533:G>A	3	0.0875999822200279
chr14:106627243:ACTGTGTCTCT>TCTCTCTC	4	0.8955526778268911
chr18:33744330:A>G	4	0.8955526778268911
chr3:1329935:G>-	5	0.204322819875052
chr14:60002009:G>A	6	0.7563112956598554
chr17:27645322:C>T	6	0.7563112956598554
chr20:3749983:G>A	6	0.7563112956598554
chr22:22162680:CACA>-	7	-1
chr14:106714684:->CTCGCC	8	-1
