mutation_id	myclone_id	myclone_ccf
chr11:18934002:G>A	1	0.9999999999999998
chr12:41506488:T>G	1	0.9999999999999998
chr19:19219196:C>T	1	0.9999999999999998
chr2:106843194:G>A	1	0.9999999999999998
chrX:105909339:C>T	1	0.9999999999999998
chr10:102402119:G>T	2	0.2624463900661952
chr12:112489096:C>A	2	0.2624463900661952
chr6:22290255:C>T	2	0.2624463900661952
chr1:99877788:G>A	3	0.34525263949941926
chr16:3738645:A>T	3	0.34525263949941926
chr2:227310806:C>A	3	0.34525263949941926
chr22:28772962:G>C	3	0.34525263949941926
chr9:117414519:G>A	3	0.34525263949941926
chrX:84187821:C>T	3	0.34525263949941926
chr6:54136817:C>T	3	0.34525263949941926
chr19:40617143:C>T	4	0.5112760709846639
chr5:141362129:C>T	4	0.5112760709846639
chr12:25245347:C>T	5	0.6302985740250239
chr19:15457382:G>A	5	0.6302985740250239
chr2:178654810:G>T	5	0.6302985740250239
chr3:193289976:A>C	5	0.6302985740250239
chr21:43797546:G>A	5	0.6302985740250239
chr6:34531637:G>A	5	0.6302985740250239
