mutation_id	myclone_id	myclone_ccf
chr20:35557427:G>A	1	0.3074777789781
chr19:3547486:A>G	2	0.9999999999999999
chr19:17262845:->G	2	0.9999999999999999
chr3:177051507:->TA	2	0.9999999999999999
chr1:232441338:G>A	3	0.16126529909804233
chr20:35655227:G>A	3	0.16126529909804233
chrX:101358371:->GGTC	4	-1
