mutation_id	myclone_id	myclone_ccf
chr12:132664409:->CCCGG	1	0.1729476380593612
chr10:60074899:C>T	2	0.31302793717515837
chr12:25245350:C>T	2	0.31302793717515837
chr13:28018498:ATG>-	2	0.31302793717515837
chr16:3736747:G>A	3	1.0
chr16:71069437:G>A	3	1.0
chr2:219547775:G>A	3	1.0
chr7:50400587:C>T	3	1.0
chr8:98429180:G>A	3	1.0
chr1:210242275:C>T	4	0.579112545623013
