mutation_id	myclone_id	myclone_ccf
chrX:153767838:C>T	1	0.0625485621771152
chr2:85390438:TT>-	1	0.0625485621771152
chr21:33772163:G>A	1	0.0625485621771152
chr11:65109298:G>T	2	1.0
chr16:87644403:G>A	2	1.0
chr10:128077708:G>C	2	1.0
chr12:52385396:G>A	2	1.0
chr17:50626492:G>A	2	1.0
chr4:148194808:C>T	2	1.0
chr16:1222845:G>A	3	0.8785285970590055
chr19:43195025:G>A	3	0.8785285970590055
chr7:21739637:G>A	3	0.8785285970590055
chr9:15578912:C>T	3	0.8785285970590055
chr13:28018498:ATG>-	4	0.25649197894132303
chrX:22273920:G>A	4	0.25649197894132303
chr1:22121516:G>A	5	0.6637398800408213
chr13:28034140:->TCC	5	0.6637398800408213
chr19:7895618:C>T	5	0.6637398800408213
chr22:43944788:G>A	5	0.6637398800408213
chr21:42418420:A>C	5	0.6637398800408213
chr10:27413200:T>C	5	0.6637398800408213
chr2:233464262:C>T	5	0.6637398800408213
chr4:110549723:G>A	5	0.6637398800408213
chr4:140622742:G>A	5	0.6637398800408213
chr8:109427069:A>G	5	0.6637398800408213
chr10:123768531:C>T	6	0.1991489804824497
chr12:7375937:G>A	6	0.1991489804824497
chr14:37622726:G>T	6	0.1991489804824497
chr2:21005859:C>T	6	0.1991489804824497
chr6:64590508:C>T	6	0.1991489804824497
