mutation_id	myclone_id	myclone_ccf
chr17:38466899:T>C	1	0.0613262185202056
chr10:24543951:G>A	1	0.0613262185202056
chr1:67395834:G>T	2	0.8046028952669482
chr3:129605758:CT>GCCCCGG	2	0.8046028952669482
chr17:4889742:G>T	3	0.6071747958540411
chr9:131069823:G>A	3	0.6071747958540411
chr11:17632168:C>T	4	0.9849985128294567
chr19:7927677:C>T	4	0.9849985128294567
chrX:27747904:T>A	4	0.9849985128294567
chrX:102140975:G>C	4	0.9849985128294567
chr1:68145883:G>A	5	0.35607324843835325
chr11:120956949:G>A	5	0.35607324843835325
chr12:112489081:C>T	5	0.35607324843835325
chr15:59459948:G>A	5	0.35607324843835325
chr17:7849912:C>T	5	0.35607324843835325
chr20:32434560:->A	6	0.289779147406266
chr20:32433845:->CCCC	7	0.5215167318557149
