mutation_id	myclone_id	myclone_ccf
chr14:105704540:C>T	1	0.4661429813207012
chr12:104068013:C>T	2	0.7877592239452126
chr14:99176052:G>A	2	0.7877592239452126
chr6:32049467:G>A	2	0.7877592239452126
chr1:114716123:C>T	3	0.9022884248052758
chr13:113633938:G>A	3	0.9022884248052758
chr19:55541049:T>G	3	0.9022884248052758
chr4:77728998:C>T	3	0.9022884248052758
chr11:123613459:C>T	4	1
chr8:144040768:C>T	4	1
