mutation_id	myclone_id	myclone_ccf
chr7:120274931:G>A	1	1.0
chr9:117714184:->ACT	1	1.0
chr19:15161690:C>T	2	0.2662385973506438
chr2:14634779:G>A	2	0.2662385973506438
chr12:112450395:C>T	3	0.6157950778446257
chr5:176882084:C>A	3	0.6157950778446257
chr10:43120189:G>A	3	0.6157950778446257
chr18:47033121:C>T	3	0.6157950778446257
chr4:157336460:C>T	3	0.6157950778446257
chr6:72097024:C>T	3	0.6157950778446257
chr12:52080048:A>T	4	0.128961899368577
chr2:33275890:G>A	4	0.128961899368577
chr20:33083842:T>C	4	0.128961899368577
chr11:88653264:G>A	4	0.128961899368577
chr4:99276643:C>T	4	0.128961899368577
chr6:46688417:T>G	4	0.128961899368577
chr1:94892281:G>T	5	0.4482630095451115
chr1:162792781:C>T	5	0.4482630095451115
chrX:126164900:C>T	6	0.202296826109978
