mutation_id	myclone_id	myclone_ccf
chr19:39314288:C>T	1	0.9999999999999999
chr9:136846248:C>T	1	0.9999999999999999
chr9:68780256:GCCTCAGGAGGTCTAACAGC>-	2	0.7416121163927322
chr12:15631471:C>A	3	0.36582640047023557
chr12:112450394:G>A	3	0.36582640047023557
chr12:112450395:C>T	3	0.36582640047023557
chr19:30445260:C>T	3	0.36582640047023557
chr2:148994511:G>A	3	0.36582640047023557
chr3:147396377:G>T	3	0.36582640047023557
chr12:7433657:G>A	4	0.1664345294303952
chr12:125415632:C>T	4	0.1664345294303952
chr16:69143354:G>A	4	0.1664345294303952
chr2:219290548:A>C	4	0.1664345294303952
chr20:36197985:C>A	4	0.1664345294303952
chr20:63495026:G>A	4	0.1664345294303952
chr17:10309797:G>A	5	0.21769758075214996
chr11:8715613:C>G	6	0.6843436311021325
chr11:119373039:G>A	6	0.6843436311021325
chr14:57581422:C>T	7	0.8373053245554088
chr1:167119311:C>T	8	0.26675030481183626
chr10:60073985:G>T	8	0.26675030481183626
chr11:56491260:C>T	8	0.26675030481183626
chr11:65581751:C>T	8	0.26675030481183626
chr17:82648336:T>C	8	0.26675030481183626
chr4:157361107:G>A	8	0.26675030481183626
chr5:11346523:C>T	8	0.26675030481183626
