mutation_id	myclone_id	myclone_ccf
chr7:27246277:G>T	1	0.0690907902904374
chr10:121500842:G>A	1	0.0690907902904374
chr11:8139975:G>T	1	0.0690907902904374
chr6:150922253:C>T	1	0.0690907902904374
chr1:118086969:G>A	2	0.8956471995128817
chr2:241030295:C>T	2	0.8956471995128817
chr7:100358335:C>T	2	0.8956471995128817
chr21:30425704:C>A	2	0.8956471995128817
chr4:174977685:A>T	3	-0.0003972758229286999
