mutation_id	myclone_id	myclone_ccf
chr2:198083797:G>A	1	0.3780142883378586
chr21:39779207:C>T	1	0.3780142883378586
chr10:132785774:C>T	1	0.3780142883378586
chrX:70853136:G>A	1	0.3780142883378586
chr11:124570173:G>A	2	1.0
chr17:10635391:C>T	2	1.0
chr19:48304052:G>A	2	1.0
chr22:20996110:GCT>-	2	1.0
chr3:1373646:C>T	2	1.0
chr6:40432504:G>A	2	1.0
chr6:147291094:G>A	2	1.0
chr7:76425074:C>T	2	1.0
chr14:99174689:G>A	2	1.0
chr18:53486944:C>A	2	1.0
chr4:30722216:C>G	2	1.0
chr4:89936082:A>G	2	1.0
chr4:165059317:G>A	2	1.0
chr8:144040092:C>T	2	1.0
chrX:107602823:G>A	2	1.0
chr1:9003307:G>A	3	0.8975504965405322
chr12:12079619:C>T	3	0.8975504965405322
chr15:41696393:->GCCCCCC	3	0.8975504965405322
chr19:44878256:C>T	3	0.8975504965405322
chr2:98250379:G>A	3	0.8975504965405322
chr3:50108075:A>G	3	0.8975504965405322
chr6:55774156:G>A	3	0.8975504965405322
chr9:125346896:C>T	3	0.8975504965405322
chr10:1183359:C>T	3	0.8975504965405322
chr10:128106849:G>C	3	0.8975504965405322
chrX:26194279:C>T	3	0.8975504965405322
chrX:123398659:C>T	3	0.8975504965405322
chrX:150657957:A>G	3	0.8975504965405322
chr11:20388039:->GG	4	0.7992544665694756
chr19:14718950:G>C	4	0.7992544665694756
chr22:28796068:->C	4	0.7992544665694756
chr3:5207263:C>G	4	0.7992544665694756
