mutation_id	myclone_id	myclone_ccf
chr14:99920847:G>T	1	0.5909949138499224
chrX:107115536:A>G	2	0.8323284517201174
chrX:149503203:C>A	2	0.8323284517201174
chr15:90916234:->GCG	3	0.6994252295652907
chr5:147400743:C>T	3	0.6994252295652907
chr10:93645965:C>T	4	1.0
chr11:130130147:C>T	4	1.0
chr7:123464997:T>A	4	1.0
chr1:52656857:G>C	5	0.20152875658327668
chr12:21314673:->AAG	5	0.20152875658327668
chr14:34762154:G>C	6	0.09664680928521939
chr16:20862456:G>A	6	0.09664680928521939
chr4:71557762:C>T	6	0.09664680928521939
chr4:147542606:C>T	6	0.09664680928521939
chr5:176881466:G>A	6	0.09664680928521939
