mutation_id	myclone_id	myclone_ccf
chr2:90115401:->CCG	1	0.5298056471764345
chr5:94523930:C>T	1	0.5298056471764345
chr12:25245350:C>T	2	0.3217191426911876
chrX:73846340:A>-	2	0.3217191426911876
chr1:6125134:G>A	3	0.7858687451538406
chr2:178559716:A>G	3	0.7858687451538406
chr14:106511117:T>-	3	0.7858687451538406
chr1:116600198:T>C	4	0.9423328557123485
chr10:46999970:C>T	4	0.9423328557123485
chr2:240895916:G>A	4	0.9423328557123485
chr1:100214884:C>T	5	0.20353053706955973
chr2:89937679:TCCCACAGTGGTACAGCCCTGA>CCGGGTAGACCAAT	5	0.20353053706955973
chr2:219435102:C>T	5	0.20353053706955973
chr2:226798630:C>T	5	0.20353053706955973
chr6:45547274:G>A	5	0.20353053706955973
chr8:123514251:A>G	5	0.20353053706955973
chr16:3564222:G>T	6	0.08110753761992927
chr4:36308356:C>G	6	0.08110753761992927
chr7:100488572:C>T	6	0.08110753761992927
