mutation_id	myclone_id	myclone_ccf
chr10:128115210:G>A	1	0.3252197882406611
chr18:37274804:C>A	1	0.3252197882406611
chr2:86088865:C>G	1	0.3252197882406611
chr5:141151847:C>T	1	0.3252197882406611
chr6:152330737:G>A	1	0.3252197882406611
chr16:3731321:->TGATGGCTCTCCG	2	0.5679249753196627
chr17:54937215:T>-	2	0.5679249753196627
chr17:19572792:G>A	3	0.7518992176523827
chr4:105717827:G>A	3	0.7518992176523827
chrX:24587291:G>A	3	0.7518992176523827
chrX:153921791:C>G	3	0.7518992176523827
chr1:150578981:G>A	4	0.10413479702489697
chr11:1411537:G>A	4	0.10413479702489697
chr11:6877272:C>T	4	0.10413479702489697
chr11:56276381:A>G	4	0.10413479702489697
chr11:65720590:C>T	4	0.10413479702489697
chr13:111328228:G>T	4	0.10413479702489697
chr16:2183849:G>C	4	0.10413479702489697
chr16:29466764:C>T	4	0.10413479702489697
chr17:9023027:C>G	4	0.10413479702489697
chr19:36094101:C>G	4	0.10413479702489697
chr19:36341119:G>A	4	0.10413479702489697
chr5:141225759:G>C	4	0.10413479702489697
chr6:43038845:C>A	4	0.10413479702489697
chr6:44932672:C>T	4	0.10413479702489697
chr7:94663861:T>C	4	0.10413479702489697
chr7:127703250:T>C	4	0.10413479702489697
chr8:8891967:G>C	4	0.10413479702489697
chr11:123806248:T>C	5	1
chr11:124921281:C>A	5	1
chr20:57563068:G>A	5	1
chr9:66920249:T>A	5	1
chrX:130679644:C>T	5	1
chr12:11885993:T>C	6	-1
chr15:41457817:G>A	7	-1
