mutation_id	myclone_id	myclone_ccf
chr15:60558230:C>T	1	0.2597402597402596
chr7:140176918:G>A	2	0.059880239520958
chr6:30583626:T>C	3	0.8281923998630605
chr6:55248754:C>T	3	0.8281923998630605
chr10:28590768:A>C	3	0.8281923998630605
chr10:104641562:G>A	3	0.8281923998630605
chr22:38826556:C>T	3	0.8281923998630605
chr8:10622989:G>A	3	0.8281923998630605
chr8:28353398:C>T	3	0.8281923998630605
chr13:42166567:C>T	4	0.6968643813610659
chr18:63565473:C>T	4	0.6968643813610659
chr19:38469037:G>T	4	0.6968643813610659
chr2:215375370:G>A	4	0.6968643813610659
chr12:25245347:C>T	4	0.6968643813610659
chr12:76369296:C>T	4	0.6968643813610659
chr12:81405850:G>A	4	0.6968643813610659
chr1:246850214:C>G	5	0.6133333333333333
