mutation_id	myclone_id	myclone_ccf
chr1:200857932:G>A	1	0.8646783219968953
chr7:29480236:C>T	1	0.8646783219968953
chr17:11992642:C>T	1	0.8646783219968953
chr14:22449122:TACGCACAGTGC>-	2	0.180354267310789
chr1:152314441:C>A	3	0.7366929771301356
chrX:103310591:T>C	4	0.7947397260273971
chr14:104940186:G>A	5	0.03910729663849605
chr6:44002936:G>A	6	0.6543089430894311
