mutation_id	myclone_id	myclone_ccf
chr14:64767709:G>A	1	0.8442962873213449
chr19:41094287:G>T	1	0.8442962873213449
chr6:152391504:G>C	2	1.0
chr7:152019691:G>A	2	1.0
