mutation_id	myclone_id	myclone_ccf
chr10:58789777:C>A	1	1.0
chr11:49952760:T>G	1	1.0
chr19:19528123:G>A	1	1.0
chr1:39324297:C>T	2	0.3196344218186203
chr16:2003096:C>T	2	0.3196344218186203
chr17:5282296:A>G	2	0.3196344218186203
chr11:1735319:G>A	3	0.8457600995768978
chr16:3736786:G>C	3	0.8457600995768978
chr5:176879745:G>A	3	0.8457600995768978
chr12:25245347:C>T	4	0.4956577053687057
chr16:72164879:C>T	4	0.4956577053687057
chr5:24487899:G>A	4	0.4956577053687057
chr4:168400946:C>T	4	0.4956577053687057
