mutation_id	myclone_id	myclone_ccf
chr1:112456781:C>T	1	0.1827423780090336
chr18:26546801:A>G	2	0.5115089062958603
chr6:113956679:C>A	2	0.5115089062958603
chr6:123393666:C>-	2	0.5115089062958603
chr1:196949637:C>A	3	0.870426440300172
chr17:76173727:G>A	3	0.870426440300172
chr3:46733815:C>T	3	0.870426440300172
chr12:108292553:C>T	4	0.6283675319433268
chr15:57963944:G>A	4	0.6283675319433268
chr19:5843810:G>C	4	0.6283675319433268
chr2:88897784:->CTTTCTGC	4	0.6283675319433268
chr8:109464477:A>T	4	0.6283675319433268
chrX:117899120:C>T	5	-1
