mutation_id	myclone_id	myclone_ccf
chr1:222590064:G>T	1	0.8196432215634635
chr14:22071139:C>A	1	0.8196432215634635
chr16:3738617:G>A	1	0.8196432215634635
chr19:4792512:C>A	1	0.8196432215634635
chr2:186829782:C>T	1	0.8196432215634635
chr2:186829783:A>T	1	0.8196432215634635
chr22:44736786:C>T	1	0.8196432215634635
chr4:138180729:C>T	1	0.8196432215634635
chr7:147903593:C>A	1	0.8196432215634635
chr10:25598711:G>A	2	1.0
chr17:18121376:G>A	2	1.0
chr17:81536915:C>A	2	1.0
chr19:6694515:C>T	2	1.0
chr19:41090175:G>A	2	1.0
chr3:78639807:T>A	2	1.0
chr3:130345829:G>A	2	1.0
chr6:43040392:C>T	2	1.0
chr6:43284993:C>T	2	1.0
chr4:271516:T>C	3	0.1849769946085414
chr12:11839192:G>A	4	-1
