mutation_id	myclone_id	myclone_ccf
chrX:115190902:G>A	1	1.0
chr19:45251619:A>G	2	0.12416146259186327
chr22:19524282:G>A	2	0.12416146259186327
chr5:141180246:G>T	2	0.12416146259186327
chr11:608395:C>A	3	0.62794623339885
chr16:20418094:G>A	3	0.62794623339885
chrX:126551984:C>T	3	0.62794623339885
chr1:70429813:C>T	4	0.24726893295043814
chr19:11350997:G>A	4	0.24726893295043814
chr8:103918473:C>T	4	0.24726893295043814
chr9:98496443:G>A	4	0.24726893295043814
chr1:115286134:C>T	5	0.43732052105814584
chr18:10871291:CTT>-	5	0.43732052105814584
chr2:206304835:ACCGAAGAGAG>-	5	0.43732052105814584
chr2:218679583:G>T	5	0.43732052105814584
chrX:24699490:C>T	5	0.43732052105814584
chr13:48380190:->A	6	-1
chr1:222629173:G>T	7	0.7812859302358742
