mutation_id	myclone_id	myclone_ccf
chrX:34132241:G>A	1	0.7506849315068492
chr1:26030525:G>A	2	1.0548255258909685
chr15:45136613:G>C	2	1.0548255258909685
chr19:40714544:C>T	2	1.0548255258909685
chr19:51746361:C>T	2	1.0548255258909685
chr22:22381346:->CCT	2	1.0548255258909685
chr4:154320907:T>C	2	1.0548255258909685
chr5:140809328:C>A	2	1.0548255258909685
chr6:30160735:G>A	2	1.0548255258909685
chr14:106770577:->CCTCGGGTTC	3	0.5777777777777775
chr1:114716126:C>T	4	0.8857959353809232
chr11:22362750:G>A	4	0.8857959353809232
chr12:53276701:G>A	4	0.8857959353809232
chr2:178592872:G>A	4	0.8857959353809232
chr22:22899618:TGTGGTAT>ACC	4	0.8857959353809232
chr3:49652428:C>T	4	0.8857959353809232
chr4:174977468:G>T	4	0.8857959353809232
