mutation_id	myclone_id	myclone_ccf
chr18:78993227:C>T	1	0.18295536473033136
chr19:1083282:G>A	1	0.18295536473033136
chr19:14647307:A>G	1	0.18295536473033136
chr3:129572618:G>A	1	0.18295536473033136
chr12:41189085:C>T	2	0.7976725615601039
chr16:72787959:A>G	2	0.7976725615601039
chr2:144389881:T>C	2	0.7976725615601039
chr3:134367765:T>A	2	0.7976725615601039
chrX:52370641:AGA>-	2	0.7976725615601039
chr10:67539534:T>C	3	1.0
chr15:90390799:T>A	3	1.0
chr16:23474906:G>A	3	1.0
chr3:142842938:C>A	3	1.0
chr5:150896273:C>A	3	1.0
chr17:58170227:A>C	4	0.10279712557662139
chr19:44778119:G>A	4	0.10279712557662139
chr8:100596733:T>C	4	0.10279712557662139
chrX:133305810:G>A	4	0.10279712557662139
chrX:153771024:G>A	4	0.10279712557662139
