mutation_id	myclone_id	myclone_ccf
chr1:161079681:G>A	1	0.6295175275770769
chr1:167683963:->C	1	0.6295175275770769
chr12:6326563:G>A	1	0.6295175275770769
chr12:56099867:G>A	1	0.6295175275770769
chr3:121489275:G>T	1	0.6295175275770769
chr4:127730770:C>T	1	0.6295175275770769
chr6:29725305:G>T	1	0.6295175275770769
chrX:72567896:C>T	1	0.6295175275770769
chr18:46524714:G>A	2	0.27791111753804104
chr19:9251175:C>A	2	0.27791111753804104
chr6:26107899:C>A	2	0.27791111753804104
chrX:131088721:G>A	2	0.27791111753804104
chr12:112489105:A>T	3	0.7524515661493836
chr14:94079129:C>T	3	0.7524515661493836
chr9:35910479:A>G	3	0.7524515661493836
chr9:136050297:G>A	3	0.7524515661493836
chrX:45070108:C>G	3	0.7524515661493836
chr11:124382425:T>A	4	0.3482753073803954
chr12:130428210:C>T	4	0.3482753073803954
chr19:9971251:G>A	4	0.3482753073803954
chr21:46117412:C>T	5	-1
chr21:30430538:G>A	6	-1
chr21:32726892:C>T	6	-1
