mutation_id	myclone_id	myclone_ccf
chr2:151609981:T>G	1	1
chr1:3478509:G>A	2	0.7177922084469639
chr2:74087948:G>A	2	0.7177922084469639
chr8:56316192:G>A	2	0.7177922084469639
chr10:110781679:C>G	3	0.25371840047564254
chr14:67058717:A>G	3	0.25371840047564254
chr19:58470899:C>G	3	0.25371840047564254
chr7:158205239:C>T	3	0.25371840047564254
chr8:30844029:C>T	3	0.25371840047564254
chr22:22668746:C>T	4	0.30916027972027943
