mutation_id	myclone_id	myclone_ccf
chr1:31668816:C>T	1	0.8219218470523731
chr2:178888587:G>T	1	0.8219218470523731
chr8:142544389:->CAT	1	0.8219218470523731
chr12:122206325:C>A	2	1.0
chr17:44349239:C>T	2	1.0
chr17:50599630:C>T	2	1.0
chr2:239115109:G>A	2	1.0
chr20:5923225:C>T	2	1.0
chr3:195868552:C>T	2	1.0
chr6:97113907:T>A	2	1.0
chr2:134441827:C>T	3	0.18966951326887282
chr2:185804715:A>T	3	0.18966951326887282
chr20:53256192:G>A	3	0.18966951326887282
chr4:176173328:C>A	3	0.18966951326887282
chr2:90221383:->T	4	-1
chr5:140829216:C>T	5	-1
