mutation_id	myclone_id	myclone_ccf
chr2:113406872:->TCCCGCC	1	0.46719800117416
chr1:145960907:G>C	2	0.2797415039687114
chr11:58439879:T>A	3	1.0
chr12:125650698:C>T	3	1.0
chr19:43362110:C>A	3	1.0
chr17:40181623:G>A	3	1.0
chr1:150335159:C>G	4	0.8409161263207429
chr2:147918531:G>T	4	0.8409161263207429
chr4:73987967:G>A	4	0.8409161263207429
chrX:21652400:A>C	4	0.8409161263207429
chr2:214745095:G>A	5	0.16910468344835264
chr3:33375296:G>A	5	0.16910468344835264
chr4:41746018:G>A	5	0.16910468344835264
chr17:48964389:C>T	5	0.16910468344835264
chr11:124542992:G>T	6	0.0847673817269206
