mutation_id	myclone_id	myclone_ccf
chrX:45069608:G>A	1	1
chr17:9728449:C>A	2	0.10718927740880801
chr22:36306570:C>A	2	0.10718927740880801
chr6:28086291:C>T	2	0.10718927740880801
chr7:53035982:G>C	3	0.2304944515368751
chr8:52656459:C>A	3	0.2304944515368751
