mutation_id	myclone_id	myclone_ccf
chr3:18352183:C>G	1	0.447389402546872
chr2:130946591:C>T	2	0.8636562837965553
chr8:142874398:A>G	2	0.8636562837965553
chr16:68813345:C>T	3	0.2375252076107141
chr5:665283:G>A	3	0.2375252076107141
chr1:114716126:C>T	4	1.0
chr14:77027659:T>C	4	1.0
chr17:7674214:G>A	4	1.0
chr19:38457506:G>A	4	1.0
chr19:48039295:A>C	4	1.0
chr7:114628641:C>A	5	0.1363661054411068
chr14:106592677:->TTTCCCAGCCACACCT	6	-1
