mutation_id	myclone_id	myclone_ccf
chr1:114716126:C>A	1	1.0
chr1:219611204:G>A	1	1.0
chr17:7673772:->CCT	2	0.661822789935321
chr19:17876058:G>A	2	0.661822789935321
chr12:113094878:C>G	3	0.8008425530389166
chr6:30489544:A>G	3	0.8008425530389166
chrX:45083512:->GT	3	0.8008425530389166
chr10:99611242:C>T	4	0.12724383071518078
chr3:41895539:C>T	4	0.12724383071518078
chr4:113902862:C>A	4	0.12724383071518078
