mutation_id	myclone_id	myclone_ccf
chr1:37613824:G>A	1	0.5480136668696377
chr6:54926441:G>A	1	0.5480136668696377
chr6:70522520:G>A	1	0.5480136668696377
chr12:56339490:G>T	2	1
chr15:84858140:C>A	2	1
chr3:74371342:C>T	2	1
chr13:100532283:C>T	3	0.30794668607199593
chr14:106511117:->CTGGAACCGCCGGTCC	3	0.30794668607199593
chr17:44830688:C>G	3	0.30794668607199593
chr19:45553560:T>C	3	0.30794668607199593
chr2:32518911:C>G	3	0.30794668607199593
chr20:49066486:G>A	3	0.30794668607199593
chr20:50892526:G>A	3	0.30794668607199593
chr6:29607147:G>A	3	0.30794668607199593
chr9:113042833:G>T	3	0.30794668607199593
chr1:99306636:G>A	4	0.14691228076589555
chr12:132260993:G>A	4	0.14691228076589555
chr15:29124737:G>A	4	0.14691228076589555
chr19:2247611:C>T	4	0.14691228076589555
chr2:240966408:G>A	4	0.14691228076589555
chr5:143310189:C>A	4	0.14691228076589555
chr5:175442333:G>A	4	0.14691228076589555
chr1:152111038:C>A	5	0.7169746945299371
chr1:152111567:C>G	5	0.7169746945299371
chr10:101010617:G>A	5	0.7169746945299371
chr14:23432745:C>T	5	0.7169746945299371
chr15:37098089:G>A	5	0.7169746945299371
chr2:84688574:G>A	5	0.7169746945299371
chr6:146159508:G>A	5	0.7169746945299371
