mutation_id	myclone_id	myclone_ccf
chr8:106703031:G>A	1	0.0985676211425144
chr15:99997517:G>A	2	1.0
chr17:48598036:A>C	2	1.0
chrX:143629074:C>G	2	1.0
chr1:40494938:G>C	3	0.6410042784890174
chr1:40495936:G>C	3	0.6410042784890174
chr1:197477784:C>T	3	0.6410042784890174
chr18:11862444:G>C	3	0.6410042784890174
chr4:69495244:A>T	3	0.6410042784890174
chr7:677263:C>T	3	0.6410042784890174
chr9:69516805:C>T	3	0.6410042784890174
chr11:118369451:C>T	4	0.8740194607859962
chr15:26580391:C>A	4	0.8740194607859962
chr15:75955935:->TTCT	4	0.8740194607859962
chr17:73390470:->GGGCC	4	0.8740194607859962
chr19:55711924:C>T	4	0.8740194607859962
chr8:12740966:C>T	4	0.8740194607859962
chrX:40072790:G>T	4	0.8740194607859962
chr11:7509959:TCTATGTGGTCTACAGTACTGGGGGCCAGGGCCCTCATCGCATCACCTGCA>-	5	0.21432731160910196
chr2:1477453:GCGCCAGCGAGGTCCCCTCCCTGACGGCACTGCACACGCTGTGGCT>-	5	0.21432731160910196
chr2:178531829:TCATACTTCCTTTCTGATGTCTTCTGAGTTTTTAAAGCAGCTTTCATGGAC>-	5	0.21432731160910196
chr6:16327966:CACCGGGGTCCCTGGCTGCGGGGTGGCGTACGCGGCAGGCAGCGTGGTGGC>-	5	0.21432731160910196
