mutation_id	myclone_id	myclone_ccf
chr11:4287564:C>T	1	0.4498900275381912
chr15:28202465:C>T	2	0.5770977112937982
chr19:56158594:->TGGCCTCC	3	0.8162348123984096
chr22:41176971:T>GCC	3	0.8162348123984096
chr6:26183974:->G	3	0.8162348123984096
chr9:14868860:C>G	4	0.19901898370907
chr10:48446447:A>G	5	1.0
chr19:8937039:C>A	5	1.0
chr19:35720279:C>T	5	1.0
chr22:22031472:A>T	5	1.0
chr3:171128835:A>C	5	1.0
chr4:152329755:T>G	5	1.0
chr13:61413907:C>A	6	0.11575949102652108
chr19:4217950:G>T	6	0.11575949102652108
chr19:49746721:C>T	6	0.11575949102652108
chr20:35654649:G>A	6	0.11575949102652108
chr5:143298732:A>T	6	0.11575949102652108
chrX:51495978:G>T	6	0.11575949102652108
