mutation_id	myclone_id	myclone_ccf
chrX:11664677:G>A	1	1.0
chr1:173041666:C>T	2	0.7312921710236326
chr3:54627817:G>A	2	0.7312921710236326
chr16:3749626:C>T	3	0.4420461903734082
chr5:149627196:C>T	3	0.4420461903734082
chr1:215086460:C>T	4	0.29658591367224885
chr11:6547112:T>G	4	0.29658591367224885
chr13:28028244:T>G	4	0.29658591367224885
chr9:33617815:A>G	4	0.29658591367224885
chr10:91500509:G>A	4	0.29658591367224885
chr18:78992307:C>T	4	0.29658591367224885
