mutation_id	myclone_id	myclone_ccf
chr5:141123728:G>A	1	0.0996956091201814
chr1:154869827:C>T	2	0.377507939654277
chr16:30983772:G>T	3	0.5567378081315524
chr1:151401318:G>A	4	0.9896840348851725
chr1:186144695:C>T	4	0.9896840348851725
chr10:69232896:G>A	4	0.9896840348851725
chr12:25225628:C>T	4	0.9896840348851725
chr18:9550175:C>T	4	0.9896840348851725
chr19:55715110:C>A	4	0.9896840348851725
chr2:32947544:C>T	4	0.9896840348851725
chr2:169241247:C>A	4	0.9896840348851725
chr21:36245563:G>A	4	0.9896840348851725
chr3:47084309:A>T	4	0.9896840348851725
chr9:138058587:G>A	4	0.9896840348851725
