mutation_id	myclone_id	myclone_ccf
chr1:215786715:C>T	1	0.8587228316849728
chr14:106675017:->CCCCCTCTAGG	1	0.8587228316849728
chr15:62697862:G>A	1	0.8587228316849728
chr19:7872059:C>T	1	0.8587228316849728
chr2:187352176:G>T	1	0.8587228316849728
chr20:35528946:G>C	1	0.8587228316849728
chr3:52388883:C>T	1	0.8587228316849728
chr5:35874468:ACTA>-	1	0.8587228316849728
chr14:77248794:C>T	2	1
chr16:79599612:G>C	2	1
chr18:76441560:C>T	2	1
chr7:128775565:C>T	2	1
chr7:147300169:C>T	2	1
chr8:27236868:A>G	2	1
chr22:22099212:->CCT	3	-1
