mutation_id	myclone_id	myclone_ccf
chr2:219557527:G>A	1	0.2376859591003628
chr19:48713510:G>T	2	0.7061298479543536
chr2:97158129:C>T	2	0.7061298479543536
chr3:89399464:T>G	2	0.7061298479543536
chr6:36366949:C>T	2	0.7061298479543536
chr9:104617527:G>A	2	0.7061298479543536
chr1:114716123:C>T	3	0.8594494070705536
chr15:74243987:C>G	3	0.8594494070705536
chr2:118846404:G>T	3	0.8594494070705536
chr4:1961074:G>A	3	0.8594494070705536
chr5:115962945:G>C	3	0.8594494070705536
chr6:125885179:G>A	3	0.8594494070705536
chr7:102474394:G>A	3	0.8594494070705536
chr11:54603912:A>T	4	0.9921515586556438
chr11:123977402:C>A	4	0.9921515586556438
chr12:57696300:G>A	4	0.9921515586556438
chr12:117330508:C>T	4	0.9921515586556438
chr14:78966074:G>A	4	0.9921515586556438
chr18:49906625:G>A	4	0.9921515586556438
chr2:178837585:C>G	4	0.9921515586556438
chr20:3661232:G>C	4	0.9921515586556438
chr22:22812043:G>T	4	0.9921515586556438
chrX:71393398:G>A	5	-1
