mutation_id	myclone_id	myclone_ccf
chr18:46489087:G>A	1	1.0
chr13:32249544:C>T	2	0.35166887238612365
chr2:9471389:C>A	2	0.35166887238612365
chr5:141194724:G>T	2	0.35166887238612365
chr5:153705964:C>T	2	0.35166887238612365
chr9:2643429:C>T	2	0.35166887238612365
chr1:228367929:G>A	3	0.12831293323136242
chr12:52807741:G>A	3	0.12831293323136242
chr12:130437161:G>T	3	0.12831293323136242
chr15:88845840:G>A	3	0.12831293323136242
chr16:31219414:C>T	3	0.12831293323136242
chr19:2790569:G>C	3	0.12831293323136242
chr5:40964812:A>G	3	0.12831293323136242
chr5:146284722:T>G	3	0.12831293323136242
chr6:160599651:C>G	3	0.12831293323136242
chr9:70537172:T>C	3	0.12831293323136242
chrX:9895090:C>T	3	0.12831293323136242
chrX:22111529:G>A	3	0.12831293323136242
chr12:42446124:G>A	4	0.4973947178633553
chr15:67828125:G>C	4	0.4973947178633553
chr2:127701766:G>A	4	0.4973947178633553
chr3:49652053:C>T	4	0.4973947178633553
chr4:184009929:G>A	4	0.4973947178633553
