mutation_id	myclone_id	myclone_ccf
chr7:108198081:C>A	1	0.5875441151597177
chr8:120370359:C>T	1	0.5875441151597177
chr14:104593582:C>T	2	0.7562093873944153
chr19:3591116:C>A	2	0.7562093873944153
chr20:9557694:G>T	2	0.7562093873944153
chr6:28504419:C>T	2	0.7562093873944153
chr1:56524367:C>A	3	0.2180113617870136
chr11:74114396:G>T	3	0.2180113617870136
chr8:3998027:C>T	3	0.2180113617870136
chr17:40782154:G>A	4	1.0
chr5:140848714:C>T	4	1.0
chr9:21335311:G>A	5	0.5124529291347335
