mutation_id	myclone_id	myclone_ccf
chr1:68153609:C>A	1	0.10493497801999667
chr1:118081551:C>T	1	0.10493497801999667
chr10:112464617:G>A	1	0.10493497801999667
chr11:101062733:G>A	1	0.10493497801999667
chr12:96564501:C>G	1	0.10493497801999667
chr17:47523014:C>G	1	0.10493497801999667
chr3:140682587:C>G	1	0.10493497801999667
chr5:134560924:C>T	1	0.10493497801999667
chr6:90008607:C>T	1	0.10493497801999667
chr7:135231987:G>C	1	0.10493497801999667
chr8:27522430:C>G	1	0.10493497801999667
chr10:24543234:C>G	2	1
chr11:58947899:C>G	2	1
chr12:120641225:C>T	2	1
chr14:104712981:C>T	2	1
chr5:63960792:C>A	2	1
chr6:158503084:C>G	2	1
chr9:131580288:C>T	2	1
chr21:34669521:G>A	2	1
chr10:113849364:C>G	3	0.8956968795713287
chr11:58203768:C>T	3	0.8956968795713287
chr13:102741663:G>C	3	0.8956968795713287
chr14:28767330:G>A	3	0.8956968795713287
chr17:80344773:G>C	3	0.8956968795713287
chr19:7870551:G>A	3	0.8956968795713287
chr4:113903155:C>T	3	0.8956968795713287
chr1:1390511:T>A	4	0.6934164179469565
chr1:1390512:C>T	4	0.6934164179469565
chr1:1402194:G>T	4	0.6934164179469565
chr15:49016879:G>A	4	0.6934164179469565
chr17:54912672:G>C	4	0.6934164179469565
chr4:153296012:G>A	4	0.6934164179469565
