mutation_id	myclone_id	myclone_ccf
chr2:55249518:G>A	1	0.5958966887339913
chr22:22031470:->C	1	0.5958966887339913
chr22:22031472:A>CC	1	0.5958966887339913
chr2:178597751:G>A	2	0.9319250651016363
chr3:25630051:T>C	2	0.9319250651016363
chr10:87861984:G>A	3	0.2850506138923178
chr12:25225709:C>G	3	0.2850506138923178
chr13:28345489:G>C	3	0.2850506138923178
chr18:25092008:C>G	3	0.2850506138923178
chr18:47220002:G>A	3	0.2850506138923178
chr18:79069422:G>C	3	0.2850506138923178
chr19:22088186:C>G	3	0.2850506138923178
chr8:21912256:C>T	3	0.2850506138923178
chr1:239907629:C>T	4	0.3939508446729381
chr11:133920181:G>A	4	0.3939508446729381
chr12:43376075:G>A	4	0.3939508446729381
chr19:42095367:C>T	4	0.3939508446729381
chr20:17615519:G>A	4	0.3939508446729381
chr5:13758861:G>A	4	0.3939508446729381
chr7:30912083:G>A	4	0.3939508446729381
chr1:43591325:G>C	5	0.13382874845585188
chr15:41855648:C>T	5	0.13382874845585188
chr15:41893438:C>T	5	0.13382874845585188
chr15:78208027:C>T	5	0.13382874845585188
chr18:49912131:G>C	5	0.13382874845585188
chr19:57491529:T>A	5	0.13382874845585188
chr2:240868985:C>T	5	0.13382874845585188
chr4:4197936:G>C	5	0.13382874845585188
chr5:146515766:C>T	5	0.13382874845585188
chrX:100407935:G>A	6	-1
