mutation_id	myclone_id	myclone_ccf
chr19:5222915:G>A	1	0.3353464640236014
chr1:215965395:T>C	2	0.8748005350465753
chr11:9816883:C>T	2	0.8748005350465753
chr19:55304645:G>A	2	0.8748005350465753
chrX:14845196:C>T	2	0.8748005350465753
chrX:41184588:T>C	2	0.8748005350465753
chr9:91717307:C>T	2	0.8748005350465753
chr14:29624252:T>A	3	0.6013703856875133
chr16:28362778:A>G	3	0.6013703856875133
chr19:22391583:C>A	3	0.6013703856875133
chr8:68521882:C>T	3	0.6013703856875133
chrX:153691993:G>A	3	0.6013703856875133
chr9:37002722:G>A	4	-1
