mutation_id	myclone_id	myclone_ccf
chr1:222522767:G>A	1	1
chr11:4923524:G>A	1	1
chr12:25225628:C>T	1	1
chr12:64420077:G>A	2	0.8628813672716561
chr16:82000019:G>A	2	0.8628813672716561
chr2:179483288:G>T	2	0.8628813672716561
chr8:81444962:C>A	2	0.8628813672716561
chrY:14830300:C>T	2	0.8628813672716561
chr4:121329697:A>T	2	0.8628813672716561
