mutation_id	myclone_id	myclone_ccf
chr1:114713908:T>A	1	0.12554505937021607
chr12:25245350:C>A	1	0.12554505937021607
chr4:86823817:C>T	1	0.12554505937021607
chr7:143724475:C>A	1	0.12554505937021607
chr1:200977253:G>A	2	1.0
chr1:248522344:G>T	2	1.0
chr13:52847387:G>A	2	1.0
chr15:71728648:G>A	2	1.0
chr16:1655225:C>T	2	1.0
chr16:3736795:C>G	2	1.0
chr19:56033604:G>A	2	1.0
chr2:120984714:G>A	2	1.0
chr4:26919597:A>G	2	1.0
chr5:122077689:G>A	2	1.0
chr5:150649743:C>T	2	1.0
chr9:21971154:C>A	2	1.0
chr17:7760798:C>T	2	1.0
chr8:3307821:G>A	2	1.0
chr8:6519930:G>A	2	1.0
chr8:144527665:G>A	2	1.0
chr13:28034147:TAGAAGTAC>CGCCCGGGG	3	0.2887927365144602
chr12:106720827:C>T	4	0.4092586179584588
chr17:28759516:T>C	4	0.4092586179584588
chr1:35574284:C>T	5	0.6610958404979196
chr16:67303162:G>A	5	0.6610958404979196
chrX:12886375:G>T	6	0.21076803197267902
chrX:18256892:C>A	6	0.21076803197267902
chrX:91835959:C>T	6	0.21076803197267902
