mutation_id	myclone_id	myclone_ccf
chr18:10979654:G>C	1	0.5904146266679472
chr16:75113619:G>T	2	0.9638341493328216
chr2:154450539:C>T	2	0.9638341493328216
chr3:52438103:G>A	2	0.9638341493328216
chr5:87369898:G>C	2	0.9638341493328216
chr6:158502288:G>A	2	0.9638341493328216
chrX:143628341:G>A	3	-1
