mutation_id	myclone_id	myclone_ccf
chr1:153975836:C>G	1	0.0867583121330522
chr11:2313697:A>G	2	0.5705578957330282
chr19:34438700:G>A	2	0.5705578957330282
chr7:108184443:G>C	2	0.5705578957330282
chr8:18025367:G>C	2	0.5705578957330282
chr19:16484112:C>T	3	1.0
chr4:105473917:G>T	3	1.0
chr6:43299430:C>T	3	1.0
chr13:32330995:G>A	4	0.7596958563193805
chr14:44995854:C>T	4	0.7596958563193805
chr3:152415031:C>T	4	0.7596958563193805
chr8:91218926:C>G	4	0.7596958563193805
chr11:118497991:C>G	5	0.37368506456225026
chr3:184060024:C>G	5	0.37368506456225026
chr5:140807996:A>G	5	0.37368506456225026
chr9:21994303:CGGAGGGTCACCAAGA>TTAGAGGG	5	0.37368506456225026
chr12:81263341:G>A	6	0.8505374307198431
chr12:119472062:A>G	6	0.8505374307198431
chr19:21972735:G>A	6	0.8505374307198431
chr13:38784789:C>T	7	0.2460910801076005
chr2:61470686:C>T	7	0.2460910801076005
chr2:108010468:G>T	7	0.2460910801076005
chr3:119415964:G>C	7	0.2460910801076005
chrX:86812987:C>G	8	-1
