mutation_id	myclone_id	myclone_ccf
chr11:66705342:C>T	1	0.1500307708800546
chr11:44937573:C>T	2	1.0
chr21:45896343:G>A	2	1.0
chr4:1961074:G>A	2	1.0
chr4:113345930:C>T	2	1.0
chr6:31860237:C>T	3	0.066990293743214
chr6:32072064:C>T	3	0.066990293743214
chr1:18849494:G>A	4	0.3740657394882181
chr1:38045856:G>A	4	0.3740657394882181
chr1:47775251:C>T	4	0.3740657394882181
chr11:65540145:C>T	4	0.3740657394882181
chr19:56423411:G>C	4	0.3740657394882181
chr10:73791077:G>A	5	0.8564606584693998
chr7:27143532:C>T	5	0.8564606584693998
chr8:119106047:C>G	5	0.8564606584693998
chr9:33319079:C>T	5	0.8564606584693998
chr19:17391257:C>T	6	0.4821320341006251
chr3:119294429:C>T	6	0.4821320341006251
chr3:181712961:G>A	6	0.4821320341006251
chr5:96889297:C>T	6	0.4821320341006251
chr7:680600:C>A	6	0.4821320341006251
