mutation_id	myclone_id	myclone_ccf
chr17:82028615:C>T	1	0.220592597080752
chr9:116302929:C>T	1	0.220592597080752
chr9:119208831:G>T	1	0.220592597080752
chr16:3736714:A>C	2	0.8446961470238232
chr1:109923489:G>A	3	1
chr1:228735931:G>T	3	1
chr3:128650738:C>A	3	1
