mutation_id	myclone_id	myclone_ccf
chr10:24524603:G>A	1	0.9064689262817999
chr9:130636022:C>T	1	0.9064689262817999
chr14:72562717:G>T	2	1.0
chr17:53824485:T>G	2	1.0
chr2:189007922:G>A	2	1.0
chr3:10141850:G>T	2	1.0
chrX:12614862:C>T	3	-1
