mutation_id	myclone_id	myclone_ccf
chr4:118313333:C>T	1	1.0
chr7:86786603:G>A	2	0.1973082783138648
chr16:31459572:C>T	3	0.09499841998469867
chr16:88643374:C>T	3	0.09499841998469867
chr18:25227194:T>C	3	0.09499841998469867
chr14:74357183:C>T	4	0.3343344729366689
chr16:70366161:C>T	4	0.3343344729366689
chr17:19412637:C>T	4	0.3343344729366689
chr2:128109712:A>G	4	0.3343344729366689
chr3:19253850:A>T	4	0.3343344729366689
chr6:136377866:G>A	4	0.3343344729366689
chr9:115087104:G>A	4	0.3343344729366689
chrX:2789676:C>G	4	0.3343344729366689
