mutation_id	myclone_id	myclone_ccf
chr10:117134443:C>T	1	0.4093837732205974
chrX:54250009:G>A	1	0.4093837732205974
chrX:75274538:C>A	1	0.4093837732205974
chr15:23646343:T>A	2	0.8526769266952714
chr9:97564040:G>A	2	0.8526769266952714
chr5:139395070:C>T	3	0.0749675264310963
chr6:56608371:G>T	3	0.0749675264310963
chr2:143556412:A>G	4	1.0
chr2:169162581:T>C	4	1.0
chr4:68930019:A>G	4	1.0
chr4:186620829:G>A	4	1.0
chr7:98988769:G>A	4	1.0
chr1:167772478:C>T	5	0.2860419518718178
chr11:4882578:G>C	5	0.2860419518718178
chr19:19219197:G>A	5	0.2860419518718178
chr5:160620612:G>A	5	0.2860419518718178
chrX:72140663:C>A	5	0.2860419518718178
chr11:125895472:G>A	6	0.18680423029417084
chr18:31336558:G>T	6	0.18680423029417084
chr4:3253369:G>A	6	0.18680423029417084
chr9:5078362:A>T	6	0.18680423029417084
chr9:5089726:C>A	6	0.18680423029417084
chr7:13931512:T>C	7	0.5881864606511712
