mutation_id	myclone_id	myclone_ccf
chr20:45704587:C>T	1	1
chr6:27133391:G>A	1	1
chr6:27814421:C>T	2	0.1907462787404722
chr9:463563:C>T	2	0.1907462787404722
chr19:54982505:G>T	3	0.4377881146035357
chr2:199349012:C>T	3	0.4377881146035357
chrX:147945552:G>A	4	-1
