mutation_id	myclone_id	myclone_ccf
chr5:95414119:G>A	1	0.2496572998707556
chr11:58203777:G>T	2	1.0
chr12:121806090:G>A	2	1.0
chr13:83879979:G>C	2	1.0
chr10:38117532:C>G	2	1.0
chr14:104884006:C>T	2	1.0
chr10:99329935:T>A	3	0.13668408487445038
chr19:51142718:G>T	3	0.13668408487445038
chr4:89113919:G>A	3	0.13668408487445038
chr1:114716123:C>T	4	0.4960791969122833
chr12:25245347:C>T	4	0.4960791969122833
chr7:151033746:A>C	4	0.4960791969122833
chrY:14733527:A>T	5	-1
chr6:99401369:G>A	6	0.19939593523219168
