mutation_id	myclone_id	myclone_ccf
chr1:237550569:G>A	1	0.8649798310584892
chr11:17461663:G>A	1	0.8649798310584892
chr7:122736976:G>A	1	0.8649798310584892
chrX:48792006:G>T	1	0.8649798310584892
chr11:62535133:G>A	2	1.0
chr16:724680:C>G	2	1.0
chr16:29901842:G>A	2	1.0
chr16:30899491:G>A	2	1.0
chr2:178537539:C>T	2	1.0
chr11:55795977:G>T	3	0.7201270445049909
chr12:25245347:C>T	3	0.7201270445049909
chr15:70895888:G>A	3	0.7201270445049909
chr5:81113618:G>A	3	0.7201270445049909
chr5:123545835:C>T	3	0.7201270445049909
chr7:23710318:C>T	3	0.7201270445049909
chr7:21619216:T>A	4	0.1793860654625158
chr19:38385882:C>T	5	0.0764297104777106
chr6:146654204:G>A	5	0.0764297104777106
chr4:1961074:G>A	5	0.0764297104777106
chrX:49219780:->TCT	5	0.0764297104777106
chr6:43263319:G>C	5	0.0764297104777106
chr14:100883444:C>T	6	1.0565826706440131
chr17:18148782:C>T	7	0.24142279176784576
