mutation_id	myclone_id	myclone_ccf
chr2:113406841:TATTACTGTCTACAGGATTATACTACCCCATTCACAGTGTTACAA>CTGGGCTTTG	1	0.8653446373510448
chr5:31305387:G>A	1	0.8653446373510448
chrX:154467610:C>G	1	0.8653446373510448
chr2:178607841:G>C	2	1.0
chr5:141357380:C>G	2	1.0
chr5:176881390:C>T	2	1.0
chr6:162262656:C>A	2	1.0
chr1:26023203:C>T	3	0.4203320584040494
chr12:6018618:C>T	3	0.4203320584040494
chr2:95087555:C>T	3	0.4203320584040494
chrX:76430239:G>T	3	0.4203320584040494
chr11:1085319:C>T	4	0.08909599191346035
chr2:186747142:C>G	4	0.08909599191346035
chr6:138905110:G>T	4	0.08909599191346035
chrX:102750072:G>A	4	0.08909599191346035
