mutation_id	myclone_id	myclone_ccf
chr19:47726046:C>T	1	0.9594861555689369
chrX:100407618:G>A	1	0.9594861555689369
chr1:31632606:C>T	2	0.17213408604613856
chr19:6467979:G>A	2	0.17213408604613856
chr2:178733344:G>C	2	0.17213408604613856
chr6:116253521:A>G	2	0.17213408604613856
chr7:36331029:G>A	2	0.17213408604613856
chrX:45090821:C>T	2	0.17213408604613856
chr16:84845797:C>T	3	0.7327489656626347
chr6:52796238:G>C	3	0.7327489656626347
chrX:48190259:->G	3	0.7327489656626347
chr1:65392548:G>C	4	0.3470875833703864
chr1:111982690:G>A	4	0.3470875833703864
chr1:220652056:C>T	4	0.3470875833703864
chr1:237783922:G>A	4	0.3470875833703864
chr15:25721820:G>A	4	0.3470875833703864
chr2:219514791:G>C	4	0.3470875833703864
chr2:232819881:->A	4	0.3470875833703864
chr22:30019549:->C	4	0.3470875833703864
chr22:30019551:G>CC	4	0.3470875833703864
chr13:28035621:C>G	5	0.4327751779653378
