mutation_id	myclone_id	myclone_ccf
chr12:25245351:C>T	1	0.7876514815226284
chr12:69880290:C>T	1	0.7876514815226284
chr15:33825615:G>T	1	0.7876514815226284
chr12:119156712:C>T	2	1.0
chr15:74175131:C>T	2	1.0
chr3:112639018:G>A	2	1.0
chr6:73369291:G>A	2	1.0
