mutation_id	myclone_id	myclone_ccf
chr18:5890272:T>G	1	1
chr19:55732924:T>C	1	1
chr2:79687582:G>A	1	1
chr14:64002946:C>G	2	0.7277910596056607
chr16:282626:G>A	2	0.7277910596056607
chr2:109565848:C>T	2	0.7277910596056607
chr1:75922224:G>C	3	0.2210152466386249
chr14:69703589:G>C	3	0.2210152466386249
chr16:66493229:G>C	3	0.2210152466386249
chr19:34428460:G>T	3	0.2210152466386249
chr3:32759540:C>T	3	0.2210152466386249
chr3:48424209:C>G	3	0.2210152466386249
chr3:108566510:C>G	3	0.2210152466386249
chr4:2443181:G>A	3	0.2210152466386249
chr5:37350215:C>G	3	0.2210152466386249
chr9:39103775:C>T	3	0.2210152466386249
chr1:77942146:G>C	4	0.5391003121174155
chr1:77942470:G>C	4	0.5391003121174155
chr19:47521632:C>T	4	0.5391003121174155
chr3:27411697:C>T	4	0.5391003121174155
chr10:62090945:->A	4	0.5391003121174155
chr1:98684966:G>A	5	0.1056457129566655
chr1:110382952:C>G	5	0.1056457129566655
chr1:156737399:C>G	5	0.1056457129566655
chr1:220762936:C>G	5	0.1056457129566655
chr11:100061255:C>T	5	0.1056457129566655
chr11:117098200:G>A	5	0.1056457129566655
chr12:6327878:G>A	5	0.1056457129566655
chr12:57607595:C>T	5	0.1056457129566655
chr12:96518957:G>A	5	0.1056457129566655
chr12:124385808:G>C	5	0.1056457129566655
chr15:33543693:G>A	5	0.1056457129566655
chr15:63064086:G>A	5	0.1056457129566655
chr16:10907506:C>T	5	0.1056457129566655
chr16:89721731:C>T	5	0.1056457129566655
chr17:7934509:G>A	5	0.1056457129566655
chr17:74564114:C>G	5	0.1056457129566655
chr18:31354555:C>G	5	0.1056457129566655
chr19:35033868:G>A	5	0.1056457129566655
chr19:44784323:C>G	5	0.1056457129566655
chr19:51415368:G>C	5	0.1056457129566655
chr19:57877027:C>G	5	0.1056457129566655
chr20:57652388:C>G	5	0.1056457129566655
chr3:39265646:C>G	5	0.1056457129566655
chr4:59472:G>T	5	0.1056457129566655
chr4:40893267:C>G	5	0.1056457129566655
chr4:71557854:C>G	5	0.1056457129566655
chr6:32222590:G>C	5	0.1056457129566655
chr6:135290516:C>T	5	0.1056457129566655
chr6:163314939:C>G	5	0.1056457129566655
chr10:31854153:A>C	5	0.1056457129566655
chr10:113595644:G>C	5	0.1056457129566655
chrX:53211620:C>G	6	-1
chrX:37008503:G>A	7	-1
chrX:154792153:C>G	7	-1
