mutation_id	myclone_id	myclone_ccf
chr10:89418197:G>A	1	0.28027009284478
chr1:19270929:A>C	2	0.6854891310198407
chr2:131532880:C>G	2	0.6854891310198407
chr5:177310475:->C	2	0.6854891310198407
chr1:109674836:G>A	3	0.8489830736903126
chr11:102114343:C>T	3	0.8489830736903126
chr5:115163517:C>A	3	0.8489830736903126
chr6:52272323:C>T	3	0.8489830736903126
chr20:64260132:G>A	4	1.0
chr7:95269506:A>G	4	1.0
