mutation_id	myclone_id	myclone_ccf
chr1:32368483:C>T	1	0.8141779301953955
chr16:1210937:G>A	1	0.8141779301953955
chr22:39686235:G>A	2	0.0720775401750656
chr1:164792604:->CGGCGGCAG	3	0.4277855284366118
chr11:26994856:C>T	3	0.4277855284366118
chr16:1204311:C>T	4	0.244383847777021
chr22:27797551:G>A	4	0.244383847777021
chr1:117414812:A>G	5	0.9924829740866908
chr2:28998216:G>A	5	0.9924829740866908
chrX:153870854:G>A	5	0.9924829740866908
chr1:21756625:C>T	6	0.6062497528127929
chr10:26157487:C>T	6	0.6062497528127929
chr12:81109617:T>C	6	0.6062497528127929
chr3:197026718:G>C	6	0.6062497528127929
chr5:141246613:G>A	6	0.6062497528127929
chr6:32046344:G>A	6	0.6062497528127929
