mutation_id	myclone_id	myclone_ccf
chr12:25245350:C>T	1	0.8485735951316381
chr17:41140248:G>T	1	0.8485735951316381
chr2:198084023:G>C	1	0.8485735951316381
chr2:46184838:A>C	2	0.4926631240731586
chr2:113406864:TACCCCATTCAC>GGACTGG	2	0.4926631240731586
chr18:79715073:G>A	3	0.7118748825945463
chr14:20034065:G>A	4	1.0003154574132491
