mutation_id	myclone_id	myclone_ccf
chr1:203483284:C>T	1	0.3086547228269722
chr19:43552177:G>A	2	0.15611387853396624
chr5:73753041:C>T	2	0.15611387853396624
chr7:95290114:G>C	2	0.15611387853396624
chr9:2651455:G>A	2	0.15611387853396624
chr1:196423075:C>T	3	1
chr1:201218542:C>T	3	1
chr10:7964506:A>G	3	1
chr17:62692326:C>T	3	1
chr19:35562483:G>A	3	1
chr3:39185533:C>T	3	1
chr3:133947355:C>T	3	1
chr9:33053262:->GGGAGC	3	1
