mutation_id	myclone_id	myclone_ccf
chr5:141175038:G>A	1	0.2092411980355536
chr3:9947046:G>A	2	1
chr1:205918970:T>A	3	0.0823465360010888
chr17:19678756:G>T	4	0.3280683475628066
chr3:36738994:C>T	4	0.3280683475628066
chr1:114716126:C>G	5	0.42622613589011804
chr6:160718382:C>A	5	0.42622613589011804
chr9:127174720:->GGG	5	0.42622613589011804
chr1:241879047:C>T	6	0.794524456654569
chr2:43712278:G>A	6	0.794524456654569
chr7:159109884:G>A	6	0.794524456654569
chr19:42273568:C>T	7	0.5611302508139184
chr8:19822476:T>C	7	0.5611302508139184
chrY:9467292:C>A	8	-1
