mutation_id	myclone_id	myclone_ccf
chr2:94815765:C>T	1	0.3531067102429616
chr18:63716112:G>A	1	0.3531067102429616
chr11:124396589:C>T	2	0.21548901395286113
chr15:82430159:A>T	2	0.21548901395286113
chr5:132486824:G>A	2	0.21548901395286113
chr1:237784516:G>A	3	1
chr10:76047204:T>G	3	1
chr11:2406027:C>T	3	1
chr11:45979930:C>A	3	1
chr11:48150175:G>A	3	1
chr11:103121372:A>G	3	1
chr12:57449551:C>T	3	1
chr14:106506995:->GGTCC	3	1
chr19:56814217:C>A	3	1
chr2:26579410:G>A	3	1
chr2:96972124:G>A	3	1
chr2:178575166:G>A	3	1
chr2:227254150:C>T	3	1
chr20:43584985:C>T	3	1
chr3:43372772:G>A	3	1
chr7:16685908:C>T	3	1
chr8:6444864:T>C	3	1
chr8:17646104:G>A	3	1
chr9:18826255:G>A	3	1
chrX:3323527:G>T	3	1
chrX:53085887:G>T	3	1
chr1:11037792:C>T	4	0.8720139688810711
chr1:56917580:G>A	4	0.8720139688810711
chr1:60072557:G>A	4	0.8720139688810711
chr1:114713907:T>G	4	0.8720139688810711
chr1:152313565:C>T	4	0.8720139688810711
chr1:228298617:G>A	4	0.8720139688810711
chr10:122424260:A>C	4	0.8720139688810711
chr10:133423557:C>T	4	0.8720139688810711
chr11:61295013:CC>-	4	0.8720139688810711
chr11:112216286:G>A	4	0.8720139688810711
chr14:59959962:A>-	4	0.8720139688810711
chr14:103746503:C>T	4	0.8720139688810711
chr15:29718388:C>T	4	0.8720139688810711
chr15:33818602:G>A	4	0.8720139688810711
chr15:42154337:G>A	4	0.8720139688810711
chr16:14886832:C>T	4	0.8720139688810711
chr17:6800887:G>A	4	0.8720139688810711
chr2:102508847:G>A	4	0.8720139688810711
chr2:188994774:G>A	4	0.8720139688810711
chr3:122910849:C>T	4	0.8720139688810711
chr3:189864310:C>T	4	0.8720139688810711
chr5:83572432:G>A	4	0.8720139688810711
chr5:141670010:C>T	4	0.8720139688810711
chr5:154935915:C>T	4	0.8720139688810711
chr6:33455923:C>T	4	0.8720139688810711
chr6:160258360:G>A	4	0.8720139688810711
chrX:48058615:G>A	4	0.8720139688810711
chr1:13342873:C>T	5	0.5548493825881031
chr19:22665204:A>G	5	0.5548493825881031
