mutation_id	myclone_id	myclone_ccf
chr12:109166872:C>T	1	0.8511385252006296
chr17:219652:C>T	1	0.8511385252006296
chr19:46016358:A>C	1	0.8511385252006296
chr7:100555611:C>G	1	0.8511385252006296
chr9:126395574:G>A	1	0.8511385252006296
chr19:11041349:C>T	2	1.0
chr2:214974788:T>G	2	1.0
chr6:51903621:G>T	2	1.0
chr7:98988769:G>A	2	1.0
chr9:5078362:A>T	2	1.0
chr14:23571159:C>T	3	0.11109969726490836
chr15:43207416:C>T	3	0.11109969726490836
chr18:5395683:G>A	3	0.11109969726490836
chr19:58517541:G>A	3	0.11109969726490836
chr6:127580372:A>C	3	0.11109969726490836
chr13:102822084:G>A	4	0.6556057655714413
chr14:106714684:->GCCGCGGA	5	-1
chr22:22162675:ACACTCACACAGTGATACAGGC>-	5	-1
