mutation_id	myclone_id	myclone_ccf
chr2:3387762:G>A	1	1
chr4:165495606:C>T	2	0.1073941026792396
chr19:38519286:G>A	3	0.1833505331957344
chr11:56470242:C>A	4	0.48813956063154657
chr11:61743622:G>A	4	0.48813956063154657
chr22:16592130:C>A	4	0.48813956063154657
chr7:114642609:T>C	4	0.48813956063154657
chr13:28061949:C>T	5	0.255868261062125
chr3:197700705:G>A	6	-1
