mutation_id	myclone_id	myclone_ccf
chr18:7231541:G>A	1	0.45242154907716003
chr2:102508114:C>A	1	0.45242154907716003
chr2:136114896:->GGGGGTTC	1	0.45242154907716003
chr5:13758946:G>T	1	0.45242154907716003
chrX:19965429:C>A	1	0.45242154907716003
chr16:50227889:G>A	2	0.8856877576923478
chr18:5399231:C>A	2	0.8856877576923478
chr20:20263035:C>T	2	0.8856877576923478
chr10:24585577:G>A	3	1
chr17:3198091:C>T	3	1
chr18:63804573:T>C	3	1
chr4:99652098:C>T	3	1
chr1:155295435:->C	4	0.7678562253902946
chr2:70287365:T>A	4	0.7678562253902946
chr20:59944096:C>A	4	0.7678562253902946
chr1:74471259:G>T	5	0.08759501003393201
chr1:114713914:G>T	5	0.08759501003393201
chr17:40665065:G>T	5	0.08759501003393201
chr2:140501744:C>T	5	0.08759501003393201
chr6:56171037:C>A	5	0.08759501003393201
chr12:25227348:G>T	5	0.08759501003393201
chr1:77340447:G>T	6	0.19663596458100852
chr16:10761384:C>A	6	0.19663596458100852
chr2:90154561:TTAATAGTTACCCTCACACAGTGTTACAAACCC>CCGTAG	7	0.7144716703226092
