mutation_id	myclone_id	myclone_ccf
chr4:41982717:G>A	1	0.33685895889515893
chr5:143282029:G>C	1	0.33685895889515893
chr10:35640548:G>A	2	0.19498561189899546
chr10:102367115:G>A	2	0.19498561189899546
chr12:112141182:C>G	2	0.19498561189899546
chr13:42606631:C>T	2	0.19498561189899546
chr16:20324016:C>T	3	0.8596703424916625
chr16:88856264:->G	3	0.8596703424916625
chr19:34460482:A>T	3	0.8596703424916625
chr4:90308459:C>T	3	0.8596703424916625
chr5:102295977:->GACCC	3	0.8596703424916625
chr6:149474416:->CCCT	3	0.8596703424916625
chr7:64991776:G>C	3	0.8596703424916625
chr8:65627270:G>A	3	0.8596703424916625
chr9:92310642:C>T	3	0.8596703424916625
chr1:229269601:C>G	4	0.9972537322758186
chr12:122206475:G>A	4	0.9972537322758186
chr14:94563966:G>A	4	0.9972537322758186
chr17:7847909:C>G	4	0.9972537322758186
chr17:45983217:G>A	4	0.9972537322758186
chr17:53823127:G>A	4	0.9972537322758186
chr17:83085159:T>A	4	0.9972537322758186
chr19:45179527:G>T	4	0.9972537322758186
chr2:102508155:C>G	4	0.9972537322758186
chr3:98498427:A>G	4	0.9972537322758186
chr4:1961074:G>A	4	0.9972537322758186
chr6:169226254:C>A	4	0.9972537322758186
chr8:22148655:G>A	4	0.9972537322758186
chr8:74315521:C>T	4	0.9972537322758186
chrX:7325425:G>C	4	0.9972537322758186
chr14:106129537:GTGTCTCTT>CCCCCTCG	5	-1
