mutation_id	myclone_id	myclone_ccf
chr7:151120025:G>A	1	0.1155113267921742
chr10:60138973:C>T	2	0.8768300074009547
chr2:88529183:C>T	2	0.8768300074009547
chr3:119148220:T>C	2	0.8768300074009547
chrX:83509239:G>A	2	0.8768300074009547
chrX:128051828:A>T	2	0.8768300074009547
chr14:106627248:->TCTCTTAAGGGA	3	0.6333249630601566
chr9:5078360:A>G	3	0.6333249630601566
chr1:228360566:G>A	4	1
chr4:8228420:T>G	4	1
chr5:141945502:G>A	4	1
chr14:106153622:TCT>GTCCCATCGG	5	-1
chr14:106639118:->TCTCTTAAGGGA	6	-1
