mutation_id	myclone_id	myclone_ccf
chr1:171532866:A>C	1	0.3908697388748654
chr1:248387978:G>A	2	0.1423125800470657
chr22:16800012:G>A	2	0.1423125800470657
chr12:48967951:G>A	3	0.9999999999999999
chr17:16709330:G>T	3	0.9999999999999999
chr19:4233253:G>A	3	0.9999999999999999
chr2:74099445:C>T	3	0.9999999999999999
chr3:171674506:G>A	3	0.9999999999999999
chr5:113082922:G>A	3	0.9999999999999999
chr7:140673660:C>A	3	0.9999999999999999
chr7:155738320:C>T	3	0.9999999999999999
