mutation_id	myclone_id	myclone_ccf
chr7:144362746:C>A	1	0.2100228952706598
chr10:99329799:G>A	2	0.9177623269214146
chr14:49729501:G>A	2	0.9177623269214146
chr19:44891654:C>T	2	0.9177623269214146
chr3:130581791:A>T	2	0.9177623269214146
chr6:133461152:C>A	2	0.9177623269214146
chr9:13126572:C>T	2	0.9177623269214146
chr11:48366374:G>A	3	1.0
chr17:2963868:G>A	3	1.0
chr6:133483088:C>T	3	1.0
chr16:70370307:G>A	3	1.0
chr16:11476858:C>T	3	1.0
chr16:21051866:G>A	3	1.0
chr16:67286631:G>A	3	1.0
chr14:88479721:C>T	4	0.7110146545356334
chr15:61959519:G>A	4	0.7110146545356334
chr6:7583722:A>C	4	0.7110146545356334
chr12:121416260:C>G	4	0.7110146545356334
chr13:109046927:TGT>-	5	0.45750202826300224
chr2:90173414:->CA	5	0.45750202826300224
chr6:129465195:C>T	5	0.45750202826300224
chr17:45149285:->C	5	0.45750202826300224
chr3:49425978:T>A	6	-1
