mutation_id	myclone_id	myclone_ccf
chr11:83278754:T>C	1	0.6969985380011786
chr12:6592472:G>A	1	0.6969985380011786
chr12:128696062:C>T	2	0.848239159732852
chr14:106770576:->GCCC	2	0.848239159732852
chr19:3808947:C>T	2	0.848239159732852
chr20:63408524:G>A	2	0.848239159732852
chr8:30843990:A>G	2	0.848239159732852
chr10:101015712:C>T	3	1.0
chr11:7960562:C>T	3	1.0
chr16:20959266:T>A	3	1.0
chr19:37887620:A>G	3	1.0
chr1:157524332:G>C	4	0.1386959564414932
chr12:6583240:G>A	4	0.1386959564414932
chr17:11822579:C>A	4	0.1386959564414932
chr5:140927733:C>T	4	0.1386959564414932
chr9:106925431:G>A	4	0.1386959564414932
