mutation_id	myclone_id	myclone_ccf
chr1:203348177:G>A	1	0.1273435167562322
chr17:42788337:T>C	1	0.1273435167562322
chr1:23441671:G>A	2	0.9103694358386399
chr10:13291844:T>G	2	0.9103694358386399
chr17:39792685:G>A	2	0.9103694358386399
chr18:46541859:C>T	2	0.9103694358386399
chr2:21024983:C>T	2	0.9103694358386399
chr2:224500468:T>C	2	0.9103694358386399
chr20:9644287:C>T	2	0.9103694358386399
chr22:40419044:G>C	2	0.9103694358386399
chr3:17403185:T>G	2	0.9103694358386399
chr4:185351541:A>-	2	0.9103694358386399
chr7:50400534:T>-	2	0.9103694358386399
chr9:129003427:C>A	2	0.9103694358386399
chr7:38276316:TATC>-	3	0.20694348327566303
