mutation_id	myclone_id	myclone_ccf
chr1:114716123:C>T	1	0.613251879699248
chrX:27821350:G>A	1	0.613251879699248
chr9:27169500:C>T	2	0.2176339285714284
chr1:54609926:A>G	3	1.0
chr17:4540459:AGCACCGTCAGGTCCAAGGTC>-	4	0.7326369282891022
chrX:41665369:C>T	4	0.7326369282891022
chr14:62779730:G>A	5	0.36300482956533897
chr14:106627253:->CGCGA	5	0.36300482956533897
chr12:18705261:G>T	6	0.83630359809429
chr3:165017837:C>T	6	0.83630359809429
