mutation_id	myclone_id	myclone_ccf
chr1:114716126:C>T	1	0.8475045471254065
chr1:152303009:T>C	1	0.8475045471254065
chr1:240208325:G>A	1	0.8475045471254065
chr10:60134318:G>A	1	0.8475045471254065
chr10:129962196:C>T	1	0.8475045471254065
chr13:23339190:->AGGGG	1	0.8475045471254065
chr13:23339196:A>G	1	0.8475045471254065
chr13:23339197:A>G	1	0.8475045471254065
chr13:38690672:C>T	1	0.8475045471254065
chr16:19040431:G>A	1	0.8475045471254065
chr2:98217876:C>T	1	0.8475045471254065
chr2:223052867:G>A	1	0.8475045471254065
chr9:106927283:G>A	1	0.8475045471254065
chr11:60468259:CTC>-	2	0.6290625197869573
chr17:28726090:->GGGG	2	0.6290625197869573
chr17:33014042:G>T	2	0.6290625197869573
chr3:121928479:C>T	2	0.6290625197869573
chrY:3579267:C>T	3	-1
chr14:106116938:A>G	4	0.18648139657908655
chr10:133457379:G>T	5	0.7704057696510528
