mutation_id	myclone_id	myclone_ccf
chr17:36195367:G>T	1	0.4317501445922498
chr9:13138146:G>A	1	0.4317501445922498
chr19:35896458:G>A	2	1.0
chr12:91108956:G>A	3	0.7550698873224757
chr2:141015857:C>G	3	0.7550698873224757
chr16:16255728:C>T	4	0.13110111132294827
chr17:42554816:C>G	4	0.13110111132294827
chr19:9381145:C>T	4	0.13110111132294827
chr2:202981583:C>G	4	0.13110111132294827
chr2:210599415:C>T	4	0.13110111132294827
chr1:40239542:G>A	5	0.2192660634286519
chr1:55146100:C>G	5	0.2192660634286519
chr10:59252980:C>G	5	0.2192660634286519
chr14:31175039:G>A	5	0.2192660634286519
chrX:145822696:C>G	6	-1
