mutation_id	myclone_id	myclone_ccf
chr14:106592675:->TTTCGA	1	0.541002747473364
chr12:52676362:C>T	1	0.541002747473364
chr13:114027869:C>A	1	0.541002747473364
chr17:76287199:T>C	1	0.541002747473364
chr21:42863477:C>T	1	0.541002747473364
chr22:26536355:T>C	1	0.541002747473364
chr22:30370572:G>A	1	0.541002747473364
chr1:81955876:G>C	2	0.43624493447246376
chr14:21081539:C>T	2	0.43624493447246376
chr11:1242849:C>A	3	0.1935398550057706
chr11:124993199:G>T	3	0.1935398550057706
chr15:56464093:C>T	3	0.1935398550057706
chr17:50192999:C>T	3	0.1935398550057706
chr4:73161256:C>T	3	0.1935398550057706
chr16:83998302:TGAGGAACTGCTTCCAGT>GCCCC	4	0.24379022119009497
chr3:132037564:C>A	4	0.24379022119009497
chr5:67134585:G>A	4	0.24379022119009497
