mutation_id	myclone_id	myclone_ccf
chr5:140883547:G>A	1	0.5653238419293397
chr6:143136937:C>T	1	0.5653238419293397
chr1:4712275:G>A	2	1
chr1:29203193:C>A	2	1
chr12:81134992:T>G	2	1
chr3:172647934:G>A	2	1
chr14:85622221:C>A	3	0.7991368131117661
chr16:3791993:G>A	3	0.7991368131117661
chr17:75502019:C>T	3	0.7991368131117661
chr2:166423298:G>T	3	0.7991368131117661
chr6:26056101:T>A	3	0.7991368131117661
chr7:67017899:G>A	3	0.7991368131117661
chr8:22616077:G>A	3	0.7991368131117661
