mutation_id	myclone_id	myclone_ccf
chr17:79781914:A>T	1	0.1096424788782194
chr2:127059098:G>A	2	0.2630092434693514
chr13:26046736:G>A	3	1
chr2:169510145:G>A	3	1
chr3:77644884:G>A	3	1
chr19:34445066:CTA>-	4	0.743245614597429
chr4:150490969:G>A	4	0.743245614597429
chr12:12487112:C>T	5	-1
chr14:106627248:->CCTCCCTACA	6	-1
