mutation_id	myclone_id	myclone_ccf
chr19:14088759:G>A	1	1.0
chr7:132180628:C>T	1	1.0
chr8:132024619:C>A	1	1.0
chr12:112489084:G>T	2	0.1419788920204972
chr7:29990196:C>T	2	0.1419788920204972
chr21:38383756:C>T	2	0.1419788920204972
chr10:116626001:G>A	2	0.1419788920204972
chr8:24397343:G>A	3	0.893950720328334
chr9:76358647:C>T	3	0.893950720328334
chr12:112450354:C>G	4	0.5836667259034618
chr12:128415404:G>A	4	0.5836667259034618
chr2:214410305:C>T	4	0.5836667259034618
chr7:102321614:A>C	4	0.5836667259034618
chr17:11598523:G>A	4	0.5836667259034618
chrX:66599490:G>A	4	0.5836667259034618
chr6:1390676:C>T	5	0.19860144542940866
