mutation_id	myclone_id	myclone_ccf
chr1:240207286:C>G	1	0.0827855762053661
chr3:6861754:C>T	1	0.0827855762053661
chr20:17629856:C>T	2	0.7603492193208904
chr5:128259682:G>T	2	0.7603492193208904
chr17:42207711:T>G	2	0.7603492193208904
chr6:137011365:G>A	2	0.7603492193208904
chr1:110223342:C>T	3	0.9735106973596831
chr12:57568989:C>T	3	0.9735106973596831
chr13:28028243:T>C	3	0.9735106973596831
chr13:51946366:G>A	3	0.9735106973596831
chr14:73613006:C>T	3	0.9735106973596831
chr3:142962637:C>A	4	0.5529786052806338
chr21:32413003:C>T	5	0.4158978523574024
