mutation_id	myclone_id	myclone_ccf
chr11:59477933:C>T	1	0.08806038188312587
chr11:134384123:C>G	1	0.08806038188312587
chr3:65470417:G>C	1	0.08806038188312587
chr19:43461674:G>A	2	1.0
chr21:33555098:G>A	2	1.0
chr4:127820563:G>C	2	1.0
chr9:124540180:T>A	2	1.0
