mutation_id	myclone_id	myclone_ccf
chr14:22449106:CACTGTGA>GTG	1	0.4751381215469612
chr15:82346869:G>A	2	-1
chr8:119569319:C>T	3	-1
chr9:4585336:C>T	4	0.5317272894630191
chrX:70670419:C>T	4	0.5317272894630191
chrX:115190115:C>A	4	0.5317272894630191
chrX:118441532:T>G	4	0.5317272894630191
chrX:153955324:G>A	4	0.5317272894630191
chr10:132922513:G>A	5	-1
chr12:4810436:C>T	5	-1
chr15:90880958:C>T	5	-1
chr16:67538784:C>T	5	-1
chr17:47709306:G>A	5	-1
chr3:44243435:C>T	5	-1
chr3:138304944:G>A	5	-1
chr4:5618661:G>A	5	-1
chr4:99216168:C>T	5	-1
chr5:9629841:G>A	5	-1
chr8:72567969:G>A	5	-1
chr1:228377208:C>T	6	0.15817821680052202
chr11:88567487:G>A	6	0.15817821680052202
chr13:19668490:C>A	6	0.15817821680052202
chr18:36709375:C>T	6	0.15817821680052202
chr2:53787217:G>A	6	0.15817821680052202
chr9:27062633:G>T	6	0.15817821680052202
chr9:124452617:G>-	6	0.15817821680052202
chrY:20579635:G>A	6	0.15817821680052202
chr10:122210473:G>A	7	-1
chr12:11853557:->G	7	-1
chr12:16560470:C>T	7	-1
chr15:62164539:G>A	7	-1
chr15:90088416:C>T	7	-1
chr3:97899194:G>A	7	-1
chr5:13727534:G>A	7	-1
chr5:57214169:C>T	7	-1
chr5:57214170:C>T	7	-1
chr6:152189377:C>T	7	-1
chr8:38417331:G>T	7	-1
chr14:77924529:C>T	8	-1
chr21:44558488:C>T	8	-1
chr21:45987628:G>A	8	-1
chr21:45998405:C>T	8	-1
chr10:37219277:G>A	9	-1
chr10:111078200:C>A	9	-1
chr12:112489084:G>C	9	-1
chr15:33788388:G>A	9	-1
chr16:23215388:G>A	9	-1
chr16:88018557:C>T	9	-1
chr17:7781164:C>A	9	-1
chr17:18146034:C>T	9	-1
chr3:14172958:G>A	9	-1
chr3:48375377:C>T	9	-1
chr3:53811251:G>A	9	-1
chr4:105667638:G>A	9	-1
chr5:33527297:G>A	9	-1
chr5:38370417:G>A	9	-1
chr5:79042470:C>T	9	-1
chr6:31937402:G>A	9	-1
chr6:119078261:G>A	9	-1
chr7:143960830:C>T	9	-1
chr8:76854949:G>A	9	-1
chr14:39247136:G>A	10	-1
chr1:61797342:G>A	11	0.6152651043531752
chr1:67258783:C>T	11	0.6152651043531752
chr11:59124238:AAGA>-	11	0.6152651043531752
chr19:35831316:G>A	11	0.6152651043531752
chr2:198085245:G>T	11	0.6152651043531752
