mutation_id	myclone_id	myclone_ccf
chr16:2178905:G>A	1	0.0822783250316178
chr2:74674579:C>T	2	1.0
chr5:177307935:->CCCGGGC	2	1.0
chr17:81957888:C>T	3	0.8627331394754718
chr18:80202898:C>T	3	0.8627331394754718
chr22:31615195:->C	3	0.8627331394754718
chr3:47084381:->CT	3	0.8627331394754718
chr11:6567572:C>T	4	0.7047148863322263
chr14:74551069:C>T	4	0.7047148863322263
chr15:59207593:G>A	4	0.7047148863322263
chr17:7676041:G>A	4	0.7047148863322263
chr4:72032017:G>A	4	0.7047148863322263
chr17:72121762:C>T	5	0.3482295600929486
chr6:152441135:T>C	5	0.3482295600929486
chr2:38074788:C>T	6	0.190886314864336
chrX:70402596:G>C	7	-1
chrX:50075801:T>G	8	-1
