mutation_id	myclone_id	myclone_ccf
chr12:112450395:C>T	1	0.7423371505259801
chr1:33495100:C>T	2	0.18831804053428441
chr1:114716126:C>T	2	0.18831804053428441
chr16:28320633:G>A	3	1.0
chr16:84016634:C>T	3	1.0
chr2:166406444:G>A	3	1.0
chr6:115968612:G>A	3	1.0
chr12:53975287:G>A	4	0.0950282337367983
chr13:25774939:G>A	4	0.0950282337367983
chr14:37268752:C>A	4	0.0950282337367983
chr6:121126410:G>T	4	0.0950282337367983
chr4:1406143:G>A	4	0.0950282337367983
