mutation_id	myclone_id	myclone_ccf
chr15:75676536:G>A	1	0.8358753315649867
chr7:103728168:G>A	1	0.8358753315649867
chr19:2208936:T>C	1	0.8358753315649867
chr10:47325210:C>T	1	0.8358753315649867
chr9:130880529:G>A	2	0.291970802919708
chr11:111913501:G>A	2	0.291970802919708
chr12:112450362:A>T	2	0.291970802919708
chr14:31107111:T>A	2	0.291970802919708
chr16:16007819:T>C	2	0.291970802919708
chr18:8085783:C>T	2	0.291970802919708
chr2:138671454:G>A	2	0.291970802919708
chr3:133380166:G>A	2	0.291970802919708
chr9:136466334:G>A	3	0.625
chrX:51744809:G>A	3	0.625
chrX:108058079:G>A	4	0.7110091743119265
chrX:3343704:G>A	5	0.13115299302957673
chrX:149932718:G>C	5	0.13115299302957673
chr14:105916827:GC>T	6	0.8900264056898592
chr2:101264889:A>T	6	0.8900264056898592
chr2:233819374:G>A	6	0.8900264056898592
chr4:186083734:A>G	6	0.8900264056898592
