mutation_id	myclone_id	myclone_ccf
chr11:18137255:G>A	1	0.9742873202399496
chr14:95203320:C>T	1	0.9742873202399496
chr18:6956647:G>A	1	0.9742873202399496
chr2:84669507:C>A	1	0.9742873202399496
chr3:169116615:G>T	1	0.9742873202399496
chr13:43322494:C>T	2	0.6317040266963502
chr16:69119853:G>A	2	0.6317040266963502
chr17:6120598:G>A	2	0.6317040266963502
chr2:85349562:A>C	2	0.6317040266963502
chr2:186677218:C>T	2	0.6317040266963502
chrX:119073423:C>T	2	0.6317040266963502
