mutation_id	myclone_id	myclone_ccf
chr14:37795289:C>T	1	0.8685314685314686
chr14:60006469:C>A	2	0.3542390194075586
chr12:25227348:G>T	3	0.10770827768681593
chr14:90316642:C>T	3	0.10770827768681593
chr15:33562953:G>A	3	0.10770827768681593
chr16:4261828:C>T	3	0.10770827768681593
chr17:14207131:G>A	3	0.10770827768681593
chr17:39777681:G>A	3	0.10770827768681593
chr3:77574642:G>A	3	0.10770827768681593
chr6:26124545:C>T	3	0.10770827768681593
chrX:26194107:C>T	4	-1
