mutation_id	myclone_id	myclone_ccf
chr12:57183831:C>T	1	1
chr13:37577791:C>T	1	1
chr13:38687525:G>A	1	1
chr15:40873498:C>T	1	1
chr16:23705084:G>A	1	1
chr5:151342920:G>A	1	1
chr8:50792801:C>A	1	1
chrX:116436726:G>A	1	1
chr1:153679699:C>G	2	0.2714671851846758
chr10:104454506:C>G	2	0.2714671851846758
chr14:106714671:TTCACACTGTGTCTCTCGCACAGTAATACACGGCCG>-	2	0.2714671851846758
chr17:65153436:G>A	2	0.2714671851846758
chr19:36102781:G>A	2	0.2714671851846758
chr19:37476002:C>G	2	0.2714671851846758
chr19:57547907:G>A	2	0.2714671851846758
chr7:157621468:C>G	2	0.2714671851846758
chr14:94088300:G>C	3	0.08671350703948597
chr15:50958786:G>C	3	0.08671350703948597
chr16:3404492:G>A	3	0.08671350703948597
chr16:70571151:C>T	3	0.08671350703948597
chr17:74695134:C>T	3	0.08671350703948597
chr19:10554182:C>G	3	0.08671350703948597
chr19:43873301:C>G	3	0.08671350703948597
chr19:50402710:C>G	3	0.08671350703948597
chr9:81993327:C>G	3	0.08671350703948597
chrX:48791970:C>G	3	0.08671350703948597
