mutation_id	myclone_id	myclone_ccf
chr12:51920888:C>A	1	0.1856888024962404
chr21:38383631:->G	2	0.7292076626152666
chr1:155904494:->GGC	3	0.8507638829666939
chr14:24311364:G>T	3	0.8507638829666939
chr1:111982072:C>T	4	1.0
chr14:74863422:A>C	4	1.0
chr3:13317714:T>C	4	1.0
chr5:9629841:G>A	4	1.0
chr5:21760643:A>G	4	1.0
