mutation_id	myclone_id	myclone_ccf
chr10:19205181:C>T	1	0.2014560646800454
chr22:20991683:C>T	1	0.2014560646800454
chr17:10516222:G>A	1	0.2014560646800454
chr17:19739621:T>G	1	0.2014560646800454
chr13:28034120:T>A	2	0.8317398367634109
chr2:120988975:C>T	2	0.8317398367634109
chr7:1499258:G>A	2	0.8317398367634109
chr15:39582723:G>A	3	1.0
chr16:22146279:T>A	3	1.0
chr9:98290633:C>T	3	1.0
chr12:25245350:C>T	4	0.6432550447717613
chr16:3769257:->GCACAGGT	4	0.6432550447717613
chr19:35903855:G>A	5	0.075618083709944
chr7:128852656:A>G	5	0.075618083709944
