mutation_id	myclone_id	myclone_ccf
chr1:178486781:G>A	1	0.8522829435211959
chr1:228372301:C>T	1	0.8522829435211959
chr13:87675700:C>T	1	0.8522829435211959
chr15:58065588:C>A	1	0.8522829435211959
chr15:74343981:C>T	1	0.8522829435211959
chr16:85909053:->CC	1	0.8522829435211959
chr16:85909055:G>CCC	1	0.8522829435211959
chr17:32721123:G>A	1	0.8522829435211959
chr2:165387008:C>A	1	0.8522829435211959
chr5:140807615:C>T	1	0.8522829435211959
chr7:152181826:G>A	1	0.8522829435211959
chr8:102329282:C>T	1	0.8522829435211959
chr9:5922856:G>A	1	0.8522829435211959
chr1:176594605:G>A	2	0.9999999999999998
chr12:112472981:G>A	2	0.9999999999999998
chr13:28034121:C>A	2	0.9999999999999998
chr17:44464475:G>T	2	0.9999999999999998
chr18:50715163:G>A	2	0.9999999999999998
chr19:1043054:G>A	2	0.9999999999999998
chr2:25750256:C>A	2	0.9999999999999998
chr2:27507994:C>A	2	0.9999999999999998
chr2:140883964:G>T	2	0.9999999999999998
chr2:241872082:G>A	2	0.9999999999999998
chr5:63960865:G>A	2	0.9999999999999998
chrX:23379862:C>T	2	0.9999999999999998
chrX:26193875:G>A	2	0.9999999999999998
chr11:14254567:G>A	2	0.9999999999999998
chr11:62529970:G>A	2	0.9999999999999998
chr11:72015846:C>T	2	0.9999999999999998
chr11:105971990:G>A	2	0.9999999999999998
chr11:119052412:A>T	2	0.9999999999999998
chr6:56477375:C>T	2	0.9999999999999998
chr6:72242428:G>A	2	0.9999999999999998
chr6:142772056:C>T	2	0.9999999999999998
chr11:113412556:C>T	3	0.1366247770267575
chr11:4287543:C>G	4	0.3107471151396635
