mutation_id	myclone_id	myclone_ccf
chr5:7520889:T>C	1	1
chr1:21481614:C>T	2	0.3912518037518037
chr4:17647645:C>A	2	0.3912518037518037
chr12:133202817:A>C	3	-1
