mutation_id	myclone_id	myclone_ccf
chr17:37739440:G>A	1	1.0
chr5:141650366:T>C	1	1.0
chr6:31810846:G>A	1	1.0
chr3:101853677:C>G	2	0.404825618844719
chr5:13737417:A>T	3	0.74405311051877
chr8:24300054:G>C	3	0.74405311051877
chr12:101157316:G>T	4	0.16715542424994545
chr4:42143881:C>T	4	0.16715542424994545
chr9:5078360:A>G	4	0.16715542424994545
chr15:41817032:G>T	5	0.2882831401430958
chr2:11618312:C>T	5	0.2882831401430958
chr2:60461338:TGGT>GAAATA	5	0.2882831401430958
chr9:69516563:G>A	5	0.2882831401430958
chr12:7432589:C>A	6	0.8646265541300608
chr17:3846043:G>A	6	0.8646265541300608
chr3:12168409:G>A	6	0.8646265541300608
chr5:141173865:C>T	6	0.8646265541300608
chrX:154805356:G>A	6	0.8646265541300608
chr4:157363014:C>T	7	0.5862219058173772
chr5:140835508:T>G	7	0.5862219058173772
