mutation_id	myclone_id	myclone_ccf
chr11:114571179:C>T	1	0.4259096881829511
chr15:82666873:G>A	1	0.4259096881829511
chr15:101307214:G>A	1	0.4259096881829511
chr5:152404656:C>T	1	0.4259096881829511
chr10:69005835:C>T	1	0.4259096881829511
chr4:121818117:C>A	1	0.4259096881829511
chr6:26250493:T>C	1	0.4259096881829511
chr3:25580571:G>A	2	0.12
chr13:28034144:A>G	3	0.5801554404145077
chr8:112313927:->T	3	0.5801554404145077
chr15:82892690:C>T	4	1
chr22:38986300:T>C	4	1
chr9:132828655:G>A	4	1
chr17:75616753:G>A	4	1
chr1:192158695:A>C	4	1
chr12:25245347:C>T	5	0.2680841872284703
chr13:28018491:A>T	5	0.2680841872284703
chr16:3757883:T>C	5	0.2680841872284703
chr3:98498381:G>A	5	0.2680841872284703
chr8:142915079:C>T	5	0.2680841872284703
chr17:82033517:C>T	5	0.2680841872284703
