mutation_id	myclone_id	myclone_ccf
chr15:82044427:T>A	1	0.1520540076392384
chr13:98863072:C>T	2	0.6799690804253435
chr9:120798749:G>A	2	0.6799690804253435
chr22:26027500:C>T	3	0.9755136255677783
chr22:41972199:G>A	3	0.9755136255677783
chr4:93626404:G>C	3	0.9755136255677783
chr6:52751592:G>T	3	0.9755136255677783
chr15:93052461:G>A	4	0.8263448256905187
chr16:67952403:G>C	4	0.8263448256905187
chr4:1961074:G>A	4	0.8263448256905187
chr7:123123170:C>T	4	0.8263448256905187
chrX:5893219:C>T	4	0.8263448256905187
