mutation_id	myclone_id	myclone_ccf
chr19:15457385:G>A	1	0.1902564150771072
chr7:86787115:G>A	1	0.1902564150771072
chr1:173914616:G>T	2	0.7497620630225599
chr13:35667555:C>G	2	0.7497620630225599
chr16:23215169:C>T	2	0.7497620630225599
chr16:62021308:C>T	2	0.7497620630225599
chr17:5438845:C>T	2	0.7497620630225599
chr18:26547154:G>C	2	0.7497620630225599
chr19:35119219:C>T	2	0.7497620630225599
chr5:141399480:G>A	2	0.7497620630225599
chr5:151544957:C>G	2	0.7497620630225599
chr7:48234080:C>T	2	0.7497620630225599
chr7:57121054:C>G	2	0.7497620630225599
chr7:100861252:C>G	2	0.7497620630225599
chr8:70681296:C>T	2	0.7497620630225599
chr9:117712575:C>T	2	0.7497620630225599
chr1:219987288:C>T	3	0.5971356228822697
chr11:124249879:C>G	3	0.5971356228822697
chr12:25245328:C>G	3	0.5971356228822697
chr15:51404479:C>A	3	0.5971356228822697
chr16:68808819:C>G	3	0.5971356228822697
chr17:36586091:G>A	3	0.5971356228822697
chr6:47786586:G>A	3	0.5971356228822697
chr7:107236613:C>G	3	0.5971356228822697
chr8:144505328:C>T	3	0.5971356228822697
chr8:144521071:C>T	3	0.5971356228822697
chr10:68337283:G>T	4	0.9384651442396083
chr11:4233785:C>T	4	0.9384651442396083
chr11:40114748:C>T	4	0.9384651442396083
chr14:20429898:->G	4	0.9384651442396083
chr2:185790104:C>T	4	0.9384651442396083
chr2:209820564:A>G	4	0.9384651442396083
chr6:44302888:C>T	4	0.9384651442396083
chr6:129050055:C>T	4	0.9384651442396083
chr7:107919253:C>A	4	0.9384651442396083
chr1:103078785:C>T	5	0.4691406443184183
chr10:63619726:G>A	5	0.4691406443184183
chr10:127042682:G>A	5	0.4691406443184183
chr11:95026409:C>T	5	0.4691406443184183
chr17:58267477:G>A	5	0.4691406443184183
chr2:182953207:C>T	5	0.4691406443184183
chr22:22319226:->TACC	5	0.4691406443184183
chr6:51659731:G>C	5	0.4691406443184183
chr8:144512244:C>T	5	0.4691406443184183
chr9:32632018:G>A	5	0.4691406443184183
chr9:133031103:G>A	5	0.4691406443184183
chrX:106205676:G>A	6	-1
chr14:106592676:->CTCTCATGCGG	7	-1
chrX:73850728:TGGGGGGTGGGGGTGGGGAGTTGGGGGGGT>-	7	-1
