mutation_id	myclone_id	myclone_ccf
chr2:31187767:G>T	1	0.4317260948572298
chr16:88526816:C>G	2	0.5741193124101647
chr18:76878152:G>A	2	0.5741193124101647
chr11:129886408:T>G	3	0.11263554773777647
chr17:7430971:C>T	3	0.11263554773777647
chr17:58357809:C>T	3	0.11263554773777647
chr1:65636311:G>C	4	1.0
chr15:40459344:C>T	4	1.0
chr16:5031820:C>T	4	1.0
chr2:101402504:G>A	4	1.0
chr2:113406870:ATTCACA>GGGC	4	1.0
chr5:181223789:C>T	4	1.0
chr7:47877520:A>G	4	1.0
chr8:27397743:G>A	4	1.0
chr9:130480398:G>A	4	1.0
chrX:40073649:C>T	5	-1
