mutation_id	myclone_id	myclone_ccf
chr22:22031470:TCA>CCATTTTTCCC	1	0.6130548562596952
chr3:58534438:C>T	2	0.2282740591402964
chr1:201208988:G>T	3	0.8407943833418355
chr11:118107773:G>T	3	0.8407943833418355
chr13:38764334:G>A	3	0.8407943833418355
chr9:83850292:C>A	3	0.8407943833418355
chr1:155023411:G>A	4	0.096667518249404
chr2:101421759:C>A	4	0.096667518249404
chr1:59321577:A>G	5	0.9999999999999999
chr12:6912972:G>A	5	0.9999999999999999
chr17:16344695:G>A	5	0.9999999999999999
chr20:42791277:A>G	6	0.918340468777909
