mutation_id	myclone_id	myclone_ccf
chr19:3618946:C>T	1	0.5714872662487666
chr2:191836103:C>T	2	0.0809317926241907
chr22:50744671:C>T	2	0.0809317926241907
chr14:106627248:->CCCCTCGGA	3	1
chr2:199323872:G>T	3	1
chr21:38383755:T>C	3	1
chr3:125013963:C>T	3	1
chr14:22490487:TGTGTATCTAACTTTG>CCT	4	0.8828935631455883
chr19:11248136:G>A	4	0.8828935631455883
chr2:90210529:->CC	4	0.8828935631455883
chr2:232458285:G>A	4	0.8828935631455883
