mutation_id	myclone_id	myclone_ccf
chr12:12244475:TC>-	1	1
chr1:30876678:C>A	2	0.5885492372157766
chr1:37761475:G>A	2	0.5885492372157766
chr12:7817932:C>T	2	0.5885492372157766
chr3:98532186:C>T	2	0.5885492372157766
chr11:380399:C>T	2	0.5885492372157766
chr11:66332566:C>A	2	0.5885492372157766
chr17:7673775:->GGGG	2	0.5885492372157766
chr6:167181845:C>T	2	0.5885492372157766
chr18:48029730:G>A	2	0.5885492372157766
chr21:46334699:C>T	2	0.5885492372157766
chr1:20713528:G>A	3	0.4511687653950938
chr1:114716127:C>T	3	0.4511687653950938
chr3:130397877:G>A	3	0.4511687653950938
chr1:216199737:A>G	3	0.4511687653950938
chr11:78732565:C>T	3	0.4511687653950938
chr4:23889937:G>T	3	0.4511687653950938
chr12:11885962:G>A	4	0.242050799381729
chr2:148949857:G>A	4	0.242050799381729
chrX:120875550:C>T	4	0.242050799381729
chr19:2877816:G>A	5	0.1578292645000776
chr17:63805166:C>T	5	0.1578292645000776
chr4:13627510:C>T	5	0.1578292645000776
chr22:43862253:G>A	6	0.347929817585367
chr1:176934282:C>T	6	0.347929817585367
chr1:230843510:G>A	6	0.347929817585367
chr14:23575809:C>T	6	0.347929817585367
chr4:989117:C>T	6	0.347929817585367
