mutation_id	myclone_id	myclone_ccf
chr2:70165589:A>G	1	0.3042006462532696
chr10:5395389:G>A	1	0.3042006462532696
chr10:50343606:G>A	1	0.3042006462532696
chr10:94403445:C>A	1	0.3042006462532696
chr10:121520166:C>T	1	0.3042006462532696
chr4:153322789:C>T	2	0.10560333315528
chr1:154345802:C>T	3	0.9272352197661591
chr1:235442910:G>A	3	0.9272352197661591
chr11:45252657:C>T	3	0.9272352197661591
chr11:123977592:C>T	3	0.9272352197661591
chr14:106506995:->GGTGCGGAA	3	0.9272352197661591
chr2:88886149:CTC>-	3	0.9272352197661591
chr3:119544586:G>A	3	0.9272352197661591
chr9:35705612:C>T	3	0.9272352197661591
chr12:25245350:C>T	4	0.722154101307128
chr19:3779542:G>A	4	0.722154101307128
chr6:118314119:G>A	5	0.2459316145547631
