mutation_id	myclone_id	myclone_ccf
chr12:49044891:A>-	1	0.7925254035692537
chr15:48520660:G>A	1	0.7925254035692537
chr15:82688801:G>A	1	0.7925254035692537
chr16:1205161:C>G	1	0.7925254035692537
chr2:33347422:C>T	1	0.7925254035692537
chr2:225627110:G>A	1	0.7925254035692537
chr20:46241111:C>T	1	0.7925254035692537
chr22:46365380:C>T	1	0.7925254035692537
chr4:25835219:G>A	1	0.7925254035692537
chrX:11138873:G>A	1	0.7925254035692537
chrX:49067286:G>A	1	0.7925254035692537
chr15:26939253:C>T	2	1
chr11:20630757:C>T	3	0.7075675675675676
chr17:3821321:G>A	3	0.7075675675675676
chr1:99686727:G>A	4	0.563414248589871
chr12:25225713:T>A	4	0.563414248589871
chr12:96298929:C>A	4	0.563414248589871
chr10:101002776:A>T	4	0.563414248589871
