mutation_id	myclone_id	myclone_ccf
chr10:106577548:C>T	1	0.8383774952646611
chr16:64947917:G>A	1	0.8383774952646611
chr18:44950154:A>G	2	1.0
chrX:85108545:G>T	2	1.0
