mutation_id	myclone_id	myclone_ccf
chr13:114015218:G>A	1	0.2260369477831224
chrX:57331764:A>T	1	0.2260369477831224
chrX:84361562:C>A	1	0.2260369477831224
chr21:32316609:C>T	1	0.2260369477831224
chr11:117290627:C>T	2	0.8154471939524284
chr2:118969246:C>A	2	0.8154471939524284
chr3:138474301:G>A	2	0.8154471939524284
chr8:89978301:C>T	2	0.8154471939524284
chr6:110627107:T>C	2	0.8154471939524284
chr11:2668275:A>T	3	1
chr15:28027886:C>T	3	1
chr16:60359260:G>A	3	1
chr17:4533032:G>C	3	1
chr2:98383389:G>A	3	1
chr5:140876728:C>T	3	1
chr22:24076182:G>A	4	0.1407840038854002
chr9:87884009:C>T	4	0.1407840038854002
chr20:7914210:G>A	5	0.7156265173109148
chr22:19505380:T>G	5	0.7156265173109148
chr5:167876156:C>A	5	0.7156265173109148
chr13:28034150:->AATCTTCTG	6	0.531487998539137
