mutation_id	myclone_id	myclone_ccf
chr1:63323850:G>A	1	0.5742337519218774
chr21:44074408:C>T	1	0.5742337519218774
chr12:25245350:C>T	2	0.9703064992312486
chr18:12125830:G>A	2	0.9703064992312486
chr2:100948237:G>A	2	0.9703064992312486
chr20:2795640:C>T	2	0.9703064992312486
chr3:49799002:G>T	2	0.9703064992312486
chr3:51356422:C>T	2	0.9703064992312486
chr4:182789196:C>T	2	0.9703064992312486
chr7:44763276:G>A	2	0.9703064992312486
chr8:27879609:G>A	2	0.9703064992312486
chr9:136979998:C>T	2	0.9703064992312486
