mutation_id	myclone_id	myclone_ccf
chr1:109191778:G>T	1	0.326747617040371
chr12:18723344:C>A	2	0.0939855037680602
chr11:105924543:G>T	3	0.21852343636176041
chr17:64188359:G>A	3	0.21852343636176041
chr1:197143527:C>T	4	0.9741620030143356
chr3:47017714:A>G	4	0.9741620030143356
