mutation_id	myclone_id	myclone_ccf
chr2:131218898:G>C	1	0.6100361352622586
chr2:240932400:G>A	1	0.6100361352622586
chr5:127445534:G>A	1	0.6100361352622586
chr10:133309091:T>C	2	0.9675511251909665
chr15:45363987:G>T	2	0.9675511251909665
chr16:70837734:A>G	2	0.9675511251909665
chr4:42401025:C>T	2	0.9675511251909665
chr14:93928508:C>T	3	0.2050334262943017
chr9:122553583:C>G	3	0.2050334262943017
