mutation_id	myclone_id	myclone_ccf
chr7:120275112:C>T	1	1.0
chr12:85137969:A>C	2	0.4103576751117734
chr3:177026432:A>T	2	0.4103576751117734
chr12:16600825:A>G	3	0.5851485606094007
chr17:63910505:G>T	3	0.5851485606094007
chr5:1210553:C>T	3	0.5851485606094007
chr8:10898664:C>A	3	0.5851485606094007
chr16:72793384:->CCC	4	0.8347907032117559
chr16:84222984:C>T	4	0.8347907032117559
chrX:80442631:G>A	4	0.8347907032117559
chr10:49322675:G>A	5	0.23553490580964245
chr11:117505542:G>A	5	0.23553490580964245
chr12:25225714:T>A	5	0.23553490580964245
chr6:13365424:G>A	5	0.23553490580964245
chr6:46140237:C>T	5	0.23553490580964245
chr8:25480091:A>G	5	0.23553490580964245
chrX:2488821:C>T	5	0.23553490580964245
chr14:106506996:T>G	6	-1
