mutation_id	myclone_id	myclone_ccf
chr14:73261240:G>A	1	0.1496579280567658
chr2:232549770:C>T	1	0.1496579280567658
chr16:50319998:C>T	2	1
chr3:45035727:A>G	2	1
chr14:106714682:TCTCTCGCA>GAAG	3	0.8726500550000589
chr15:54265416:A>T	3	0.8726500550000589
chr2:88886153:T>C	3	0.8726500550000589
chr1:235981674:C>T	4	0.31782304940181644
chr12:121819862:G>A	4	0.31782304940181644
chr17:562730:C>T	4	0.31782304940181644
chr2:102024546:A>T	5	0.22062948955795741
chr2:206757370:T>A	5	0.22062948955795741
chr4:6289084:->CCCGCTGAA	5	0.22062948955795741
chr6:152974906:C>T	5	0.22062948955795741
chr6:75858902:A>G	6	0.5941156749969968
chr10:19327660:G>A	7	0.4337937047024316
chr12:64091335:->T	7	0.4337937047024316
chr12:100600468:C>T	7	0.4337937047024316
chr17:15314086:C>A	7	0.4337937047024316
chr14:106627251:->TCTTGGGTCTCCCCTC	8	-1
chr14:106592676:T>GGC	9	-1
