mutation_id	myclone_id	myclone_ccf
chr17:36105294:T>C	1	0.2718390459434734
chr11:124885224:G>A	1	0.2718390459434734
chr9:34514507:C>T	1	0.2718390459434734
chr1:64681269:C>T	2	0.8427010424247678
chr11:95862306:G>A	2	0.8427010424247678
chr4:183248754:A>T	2	0.8427010424247678
chr9:23731050:C>G	2	0.8427010424247678
chrX:72695744:C>A	2	0.8427010424247678
chr7:38534973:G>A	3	0.5953866060609772
chr12:112450358:G>C	4	1.0
chr15:58887362:C>T	4	1.0
chr19:2207646:T>G	4	1.0
chr2:236214786:G>A	4	1.0
chr20:2613266:G>T	4	1.0
chr3:37325831:T>G	4	1.0
chr1:208045918:C>T	4	1.0
chr2:88886153:->C	5	-1
