mutation_id	myclone_id	myclone_ccf
chr1:240093048:G>A	1	0.24410031216812786
chr19:58396737:C>T	1	0.24410031216812786
chr5:177604304:G>A	1	0.24410031216812786
chr10:95247279:A>C	1	0.24410031216812786
chr11:128970992:C>T	1	0.24410031216812786
chr4:186621591:C>T	1	0.24410031216812786
chrX:154030381:C>G	1	0.24410031216812786
chr16:69336591:G>A	2	0.8723826032921513
chr17:16382578:G>A	2	0.8723826032921513
chr19:4930869:T>A	2	0.8723826032921513
chr3:77635022:C>T	2	0.8723826032921513
chr7:64068967:G>A	2	0.8723826032921513
chr8:43193819:C>T	2	0.8723826032921513
chr4:154797868:G>A	2	0.8723826032921513
chrX:8554036:G>A	2	0.8723826032921513
chr12:82857307:C>G	3	0.5537945748247486
