mutation_id	myclone_id	myclone_ccf
chr9:990643:C>A	1	0.8793854910307456
chr2:46151095:C>A	2	0.1971833895499926
chrX:118974948:A>C	2	0.1971833895499926
chr5:143399654:->AC	3	1.0
chr6:151944270:G>A	3	1.0
chr1:17338107:G>A	4	0.5793838848822029
chr14:35723244:G>T	4	0.5793838848822029
chr14:78957340:G>A	4	0.5793838848822029
chr19:40213651:G>A	5	0.11776811465340414
chr20:63566009:C>T	5	0.11776811465340414
chr9:103005414:G>A	5	0.11776811465340414
chr6:26250523:T>A	6	0.36254908874080854
chr6:27838284:G>A	6	0.36254908874080854
chr7:86786603:G>A	6	0.36254908874080854
chr8:144450541:G>A	6	0.36254908874080854
