mutation_id	myclone_id	myclone_ccf
chr10:26567281:GCCCCCGCC>-	1	0.5401459854014597
chr18:23520284:C>T	2	0.1430120015485868
chr2:233524518:C>T	2	0.1430120015485868
chr12:25245347:C>T	3	0.7125552482838606
chr17:10313261:C>T	3	0.7125552482838606
chr17:57627300:C>T	3	0.7125552482838606
chr6:169776376:G>A	3	0.7125552482838606
chr7:117427452:C>T	3	0.7125552482838606
chr10:42784494:G>A	4	0.8184038832963241
chr2:132782580:G>A	4	0.8184038832963241
chr20:64198893:G>A	4	0.8184038832963241
chr3:179819954:T>A	4	0.8184038832963241
chr6:96976167:A>T	4	0.8184038832963241
chr7:27130267:C>T	4	0.8184038832963241
chr7:31078013:C>T	4	0.8184038832963241
chrX:53534073:C>G	4	0.8184038832963241
chr16:21051794:G>A	5	0.6368715083798884
