mutation_id	myclone_id	myclone_ccf
chr2:219640462:C>T	1	0.255631355111279
chr6:150956021:C>T	1	0.255631355111279
chr16:89552995:G>A	2	1.0
chr19:55182088:G>A	2	1.0
chr2:26460941:C>T	2	1.0
chr3:134925873:C>T	2	1.0
chr5:161686255:G>A	2	1.0
chr18:58920174:G>A	2	1.0
chr6:160043244:G>A	2	1.0
chr1:113980565:C>T	3	0.8938188251425281
chr11:34995107:G>A	3	0.8938188251425281
chr11:62667034:A>G	3	0.8938188251425281
chr12:112489096:C>A	3	0.8938188251425281
chr16:879713:C>T	4	0.7732700544156283
chr17:50078834:C>T	4	0.7732700544156283
chr12:117761035:C>T	5	0.4184743863136795
chr15:23440639:G>A	5	0.4184743863136795
chr18:26546865:G>A	6	0.8335943678392717
chr8:27987552:C>T	6	0.8335943678392717
