mutation_id	myclone_id	myclone_ccf
chr8:47953902:C>T	1	0.2717759706138934
chr14:60646476:G>C	2	0.0657102449958402
chr12:25245345:C>T	3	0.6518161098796639
chr14:32146322:C>G	3	0.6518161098796639
chr14:52653238:C>T	3	0.6518161098796639
chr19:42272140:G>A	3	0.6518161098796639
chr2:203202730:G>C	3	0.6518161098796639
chr2:240576847:G>A	3	0.6518161098796639
chr6:3224862:G>A	3	0.6518161098796639
chr6:138096385:C>G	3	0.6518161098796639
chrX:75060293:C>T	3	0.6518161098796639
chr10:58807156:G>A	4	0.1357438801962921
chr11:66230915:C>A	4	0.1357438801962921
chr4:139511798:C>T	4	0.1357438801962921
chrX:77988305:C>A	4	0.1357438801962921
chr1:180022818:C>T	5	0.8330111428455683
chr14:106578742:TGTCTCGCACAGTAATACATGGC>GCTTCAA	5	0.8330111428455683
chr16:88643364:C>T	5	0.8330111428455683
chr19:4930738:->C	5	0.8330111428455683
chr2:99105670:G>A	5	0.8330111428455683
chr2:210648028:C>G	5	0.8330111428455683
chr4:183208005:G>A	5	0.8330111428455683
chr8:106761381:C>G	5	0.8330111428455683
chrX:47181988:C>G	5	0.8330111428455683
chr1:162778722:G>C	6	0.9767728715915064
chr15:41887422:C>T	6	0.9767728715915064
chr15:89480366:C>T	6	0.9767728715915064
chr19:13813162:C>G	6	0.9767728715915064
chr19:45072202:C>T	6	0.9767728715915064
chr2:174748152:C>T	6	0.9767728715915064
chr2:207767077:C>T	6	0.9767728715915064
chr4:70690082:C>T	6	0.9767728715915064
chr4:151650085:G>A	6	0.9767728715915064
chr6:99613709:G>A	6	0.9767728715915064
chr8:138132727:G>A	6	0.9767728715915064
chr9:5462994:G>C	6	0.9767728715915064
chrX:14853157:G>A	6	0.9767728715915064
chr1:197096101:G>C	7	0.7487420925783703
chr1:242089863:C>T	7	0.7487420925783703
chr10:119058229:G>A	7	0.7487420925783703
chr11:134277854:G>C	7	0.7487420925783703
chr12:52675723:C>T	7	0.7487420925783703
chr19:52438761:G>C	7	0.7487420925783703
chr4:1961074:G>A	7	0.7487420925783703
chr4:47587196:C>T	7	0.7487420925783703
chr6:44276271:C>T	7	0.7487420925783703
