mutation_id	myclone_id	myclone_ccf
chr7:29883883:C>T	1	0.520831076107267
chr19:4531693:C>T	2	1.0
chrX:112822290:C>T	2	1.0
chr3:47116642:G>A	3	0.4061905921332168
chrX:71301822:C>T	3	0.4061905921332168
chr3:47062338:GTTCAGTTGCTAAGGGAAAAGGGTGGTTTGTTTGTT>TGTTCAGTTGCTAAGGGAAAAGGGTGGTTTGTTTG	4	0.307444612097831
chr15:43279852:C>A	5	0.2013966532521172
chr2:206960874:G>A	5	0.2013966532521172
