mutation_id	myclone_id	myclone_ccf
chr20:62322269:G>A	1	0.5659873826345586
chr3:49122260:G>A	1	0.5659873826345586
chr3:102477489:A>C	1	0.5659873826345586
chr1:154992940:A>C	2	0.21369673819899
chr6:30068618:G>A	3	1
chr6:44287639:G>A	3	1
chr14:21634810:G>A	4	0.47006102838881575
chr4:72032017:G>A	4	0.47006102838881575
chrX:47566713:G>A	4	0.47006102838881575
chr13:33061136:C>T	5	0.35708693752453835
chr17:69085064:C>T	5	0.35708693752453835
chr5:72200290:G>A	5	0.35708693752453835
chrX:68433716:G>A	5	0.35708693752453835
