mutation_id	myclone_id	myclone_ccf
chr3:66413003:C>T	1	0.1502239634736612
chr16:633370:C>A	2	0.5113988794690398
chr20:45547303:C>T	2	0.5113988794690398
chr1:114716123:C>T	3	0.9845679339122068
chr1:228371966:C>T	3	0.9845679339122068
chr16:3738616:C>T	3	0.9845679339122068
chr19:35786530:C>T	3	0.9845679339122068
chr19:49958348:C>A	3	0.9845679339122068
chr20:49482454:G>A	3	0.9845679339122068
chr5:155013909:G>A	3	0.9845679339122068
chr11:8985737:C>T	4	0.8470685861573388
chr2:216859934:C>T	4	0.8470685861573388
chr4:967648:C>T	5	0.20479976144396206
