mutation_id	myclone_id	myclone_ccf
chr10:24999481:G>A	1	0.7317934780067301
chr11:64340941:->GAGATTCCTTACCCC	1	0.7317934780067301
chr19:5687569:G>C	2	0.1123909144346047
chr22:43862248:G>T	2	0.1123909144346047
chr2:95277488:G>A	3	1.0
chr5:94692227:A>T	3	1.0
chr6:34035898:G>A	3	1.0
chr6:152233784:G>T	3	1.0
