mutation_id	myclone_id	myclone_ccf
chr10:79942857:T>A	1	0.5743927544761583
chr14:106335080:TCTTTCGCACAGTAATACACA>AG	1	0.5743927544761583
chr16:67375361:G>C	1	0.5743927544761583
chr16:84099294:G>A	1	0.5743927544761583
chr8:31032718:C>-	1	0.5743927544761583
chr1:154429378:G>A	2	1.0
chr10:102837079:C>A	2	1.0
chr15:54013010:G>T	2	1.0
chr17:50741134:G>T	2	1.0
chr19:34430594:G>A	3	0.30405441190568183
chr19:34452096:G>A	3	0.30405441190568183
chr2:237342099:G>A	3	0.30405441190568183
chr8:109480095:T>A	3	0.30405441190568183
chr9:68384479:G>A	3	0.30405441190568183
chr9:104569531:C>T	3	0.30405441190568183
chr19:24127261:C>G	4	0.4034208394491309
chr19:34454520:G>A	4	0.4034208394491309
chr4:2931270:->GT	4	0.4034208394491309
chr4:6333672:C>T	4	0.4034208394491309
chrX:27462648:C>A	4	0.4034208394491309
chr10:117138026:G>C	5	0.11641716318471103
chr14:50872265:G>T	5	0.11641716318471103
chr4:71473121:C>G	5	0.11641716318471103
chr5:150649931:C>T	5	0.11641716318471103
chr6:70300130:C>G	5	0.11641716318471103
chrX:26160847:G>C	5	0.11641716318471103
chrX:118975279:G>C	5	0.11641716318471103
chr12:106501366:C>G	6	0.47815988749398325
chr4:37443974:T>C	6	0.47815988749398325
chr4:44622418:A>G	6	0.47815988749398325
chr5:136357024:C>T	6	0.47815988749398325
chr1:12825056:C>T	7	0.2010979638263727
chr15:43793785:C>T	7	0.2010979638263727
chr17:19714745:C>T	7	0.2010979638263727
chrX:78272876:C>G	7	0.2010979638263727
