mutation_id	myclone_id	myclone_ccf
chr3:62372095:G>A	1	0.09977598032683349
chr7:141764262:G>A	1	0.09977598032683349
chrX:41473838:C>T	1	0.09977598032683349
chr14:19976427:G>A	1	0.09977598032683349
chr14:103581640:G>A	1	0.09977598032683349
chr11:64289356:G>A	2	0.8548084028135383
chr12:82895919:C>-	2	0.8548084028135383
chr15:48470665:G>A	2	0.8548084028135383
chr19:50406416:C>T	2	0.8548084028135383
chr2:188987119:G>A	2	0.8548084028135383
chr5:3599313:->GT	2	0.8548084028135383
chr5:87405003:C>T	2	0.8548084028135383
chr15:55546712:T>G	2	0.8548084028135383
chr16:3749626:C>T	2	0.8548084028135383
chr8:66152526:CT>-	2	0.8548084028135383
chr4:99310874:G>-	2	0.8548084028135383
chrX:135908167:T>C	2	0.8548084028135383
chrX:154485603:C>A	2	0.8548084028135383
chr11:15986301:G>A	3	0.1658569568094026
chr1:4772292:C>T	4	0.977252971970195
chr16:81139558:A>G	4	0.977252971970195
chr20:16379718:C>T	4	0.977252971970195
chr9:13217189:T>C	4	0.977252971970195
chr9:137040534:G>A	4	0.977252971970195
chr17:8500825:C>A	4	0.977252971970195
chr17:45816567:C>T	4	0.977252971970195
chr4:73410315:G>A	4	0.977252971970195
chr6:54941768:G>A	4	0.977252971970195
chr6:75663506:C>T	4	0.977252971970195
chrX:2918120:C>A	4	0.977252971970195
chrX:31182877:C>T	4	0.977252971970195
chrX:79363126:C>T	4	0.977252971970195
chrX:104254420:G>A	4	0.977252971970195
chrX:141905591:T>C	4	0.977252971970195
chr14:33800147:C>T	4	0.977252971970195
chr14:41891717:C>T	4	0.977252971970195
chr14:62707609:G>T	4	0.977252971970195
chr1:114716126:C>G	5	0.38807185421941004
chr11:65539424:G>A	5	0.38807185421941004
chr11:84316889:G>C	5	0.38807185421941004
chr12:25225713:T>A	5	0.38807185421941004
chr13:110458802:C>T	5	0.38807185421941004
chr16:3731323:AGG>-	5	0.38807185421941004
chr8:140435237:G>A	5	0.38807185421941004
chr14:23402596:A>C	5	0.38807185421941004
chr2:165679516:C>T	6	0.5053411040893157
chr9:84285357:C>T	6	0.5053411040893157
chrX:119088587:G>C	7	0.2914071064423658
