mutation_id	myclone_id	myclone_ccf
chrX:114906893:C>T	1	1
chr12:25225627:G>A	2	0.8623127900614069
chr3:41566051:G>A	2	0.8623127900614069
chr6:101686316:C>T	2	0.8623127900614069
chr1:114716123:C>T	3	0.1635387153666723
chr11:115217941:G>A	3	0.1635387153666723
chr17:38297196:A>G	3	0.1635387153666723
