mutation_id	myclone_id	myclone_ccf
chr3:39502808:G>A	1	0.0848639290619234
chr1:244552771:G>C	2	1.0
chr1:247301263:C>T	2	1.0
chr11:61316299:G>A	2	1.0
chr11:121128214:G>A	2	1.0
chr12:112450385:G>A	2	1.0
chr15:29126298:G>A	2	1.0
chr2:66442907:C>T	2	1.0
chr9:18723042:C>T	2	1.0
chr14:93294050:->T	3	0.14316456302773217
chr17:40163544:C>T	3	0.14316456302773217
chr17:81458896:G>A	3	0.14316456302773217
chr6:30724118:C>T	3	0.14316456302773217
chr8:26044799:C>T	3	0.14316456302773217
