mutation_id	myclone_id	myclone_ccf
chr5:121852379:G>A	1	0.0904255319148936
chr1:114716123:C>T	2	0.9367741469270577
chr12:47077980:G>A	2	0.9367741469270577
chr20:50609671:C>T	2	0.9367741469270577
chr6:88047999:G>A	2	0.9367741469270577
chr12:94186445:C>T	3	0.7981093527761801
chr3:138023675:C>T	3	0.7981093527761801
chr7:140753355:C>T	3	0.7981093527761801
chrX:71164294:C>T	4	0.2419354838709676
chr14:94208519:C>T	4	0.2419354838709676
chr12:43772926:T>A	5	0.6151375924940755
chr2:169172040:T>C	5	0.6151375924940755
chr7:13931667:G>A	5	0.6151375924940755
chr21:18315159:A>G	5	0.6151375924940755
chr21:29042471:G>A	5	0.6151375924940755
