mutation_id	myclone_id	myclone_ccf
chr13:113408046:C>T	1	0.4145743577675318
chr14:77931523:->GTCTTACGCCC	2	0.3278181219253276
chr2:1663647:C>A	3	0.1300821526453443
chr20:13785144:C>A	3	0.1300821526453443
chr11:379596:G>A	4	1.0
chr17:41968238:G>T	4	1.0
chr18:3879150:C>T	4	1.0
chr19:5699058:->A	4	1.0
chr22:19361762:C>G	4	1.0
chr4:102802578:G>T	4	1.0
chr6:133483037:G>A	4	1.0
chr7:38276300:TTGAACCAACCAGTGGTATCACACCGGTCTAAGCTTCTACAAAAATCTCAG>CCTGGCGGAGTTTAA	4	1.0
