mutation_id	myclone_id	myclone_ccf
chr13:23660374:G>A	1	1
chr1:114876127:T>C	2	0.0739084293511218
chr1:182527641:A>G	3	0.5957824649925343
chr5:146260782:C>T	3	0.5957824649925343
chr2:186667193:G>T	4	0.1602420439264902
chr10:12761037:A>G	4	0.1602420439264902
chr10:133279867:C>T	4	0.1602420439264902
chr14:19780682:T>C	4	0.1602420439264902
chr1:3496705:G>A	5	0.3712434272969022
chr1:6125832:G>T	5	0.3712434272969022
chr15:29719989:A>T	5	0.3712434272969022
chr16:314669:C>T	5	0.3712434272969022
chr19:41762005:C>T	5	0.3712434272969022
chr3:46833080:G>C	5	0.3712434272969022
chr7:84999592:C>T	5	0.3712434272969022
chrX:37009079:C>A	5	0.3712434272969022
chr10:115171286:C>T	5	0.3712434272969022
