mutation_id	myclone_id	myclone_ccf
chr11:67286422:->C	1	0.7653579985272311
chr2:178729663:C>T	1	0.7653579985272311
chr2:198086200:C>T	1	0.7653579985272311
chr4:1974938:A>G	1	0.7653579985272311
chr4:143543514:C>T	1	0.7653579985272311
chr5:16761498:G>A	1	0.7653579985272311
chr9:85741836:G>C	1	0.7653579985272311
chr9:137521703:C>T	1	0.7653579985272311
chrX:140504070:A>C	1	0.7653579985272311
chr12:130872593:G>C	2	0.9344845667842689
chr19:6306736:C>T	2	0.9344845667842689
chr2:95181300:C>T	2	0.9344845667842689
chr2:105269589:C>T	2	0.9344845667842689
chr2:113006683:C>G	2	0.9344845667842689
chr20:63963792:C>T	2	0.9344845667842689
chr4:173332863:T>C	2	0.9344845667842689
chr7:120275372:G>A	2	0.9344845667842689
chr9:92416882:G>C	2	0.9344845667842689
chrX:154361371:G>A	2	0.9344845667842689
chr11:17570251:C>T	3	1
chr11:66334718:C>T	3	1
chr12:130371505:T>G	3	1
chr2:27577373:G>A	3	1
chr2:237381275:G>A	3	1
chr3:27421685:G>C	3	1
chr3:46830457:C>G	3	1
chr6:73241704:C>T	3	1
chr8:2059223:G>A	3	1
chr11:65778245:G>T	4	0.09580638568503184
chr12:57576338:G>A	4	0.09580638568503184
chr4:78265084:C>A	4	0.09580638568503184
chr6:12749750:G>A	4	0.09580638568503184
