mutation_id	myclone_id	myclone_ccf
chr11:100061268:G>A	1	0.6267962692413771
chr17:2057763:C>T	1	0.6267962692413771
chr6:34062006:C>T	1	0.6267962692413771
chr22:38059340:G>A	2	0.9393535554316733
chr5:45696082:G>A	2	0.9393535554316733
chr8:56441715:C>T	2	0.9393535554316733
chr5:5306613:C>T	3	0.2254323681290886
chr16:3738617:G>A	4	0.3860964567711266
chr17:3610610:C>T	4	0.3860964567711266
chr9:39103832:G>A	4	0.3860964567711266
chr3:152432816:A>T	5	0.0644493756315336
chr9:133473179:C>T	5	0.0644493756315336
chr1:89934366:G>A	6	0.4903594726445728
chr12:25245347:C>T	6	0.4903594726445728
chrX:111253143:C>T	7	0.5460267157785116
chrX:154478895:G>A	8	0.1146772301507354
chrX:17376044:C>T	9	0.2844807923022603
chrX:20209346:T>A	9	0.2844807923022603
