mutation_id	myclone_id	myclone_ccf
chr1:114716123:C>A	1	1.0
chr5:140795148:C>T	1	1.0
chr1:23438762:A>T	2	0.7989160018334049
chr2:165137976:G>A	2	0.7989160018334049
chr3:38620902:G>A	2	0.7989160018334049
chr9:35301013:G>A	2	0.7989160018334049
chrX:25013351:G>A	3	0.8984399245466037
chr18:70325573:C>T	4	0.947372617864657
chr8:27658558:C>T	4	0.947372617864657
