mutation_id	myclone_id	myclone_ccf
chr17:7675088:C>T	1	0.7648179271708682
chr17:11629459:G>T	1	0.7648179271708682
chr5:119167638:T>C	1	0.7648179271708682
chr16:49635816:G>A	2	0.41906873614190665
chr3:149475007:C>A	3	0.9135802469135803
chr19:40532660:G>A	4	0.8412997903563942
chr6:122780367:G>A	4	0.8412997903563942
chr11:70435661:G>A	5	0.9045272559285493
chr11:92969759:G>A	5	0.9045272559285493
chr7:1091944:C>T	6	0.2816901408450705
chr19:38395839:C>T	7	0.1235955056179773
chr15:40813747:G>A	8	0.16235801280086573
chr3:51441758:T>A	8	0.16235801280086573
chr3:51441759:A>G	8	0.16235801280086573
chr20:23440286:A>G	9	0.2961672473867595
