mutation_id	myclone_id	myclone_ccf
chr10:95207274:C>G	1	0.31892914917795046
chr12:25245351:C>G	1	0.31892914917795046
chr3:167790567:A>G	1	0.31892914917795046
chr11:82849145:C>G	2	0.4067412385621469
chr5:141210260:C>T	2	0.4067412385621469
chr1:26473718:G>A	3	0.1704110219585815
chr1:114716126:C>T	3	0.1704110219585815
chr2:80303124:G>A	3	0.1704110219585815
chr5:75350843:C>T	3	0.1704110219585815
chr1:155032759:T>C	4	0.8588720956580055
chr1:237784025:C>A	4	0.8588720956580055
chr11:4999911:T>C	4	0.8588720956580055
chr2:115499546:T>C	4	0.8588720956580055
chr4:155910068:C>T	4	0.8588720956580055
chr6:56608175:T>C	4	0.8588720956580055
chr9:35609188:G>A	4	0.8588720956580055
chr1:13390788:T>A	5	1.0
chr1:116984820:C>T	5	1.0
chr1:240092615:C>T	5	1.0
chr11:45902640:C>T	5	1.0
chr11:78670106:C>T	5	1.0
chr16:791221:G>A	5	1.0
chr19:48473297:G>A	5	1.0
chr20:31997227:C>T	5	1.0
chr6:101626401:G>T	5	1.0
chr6:136279816:T>C	5	1.0
chrX:22274257:T>C	6	0.92
chr2:88861548:TGGCCAAAACTGCACA>CTTGCCC	7	0.9131251201311338
