mutation_id	myclone_id	myclone_ccf
chr11:33645809:G>A	1	1
chr15:81282647:G>A	1	1
chr4:26861365:G>A	1	1
chr5:168711050:C>T	1	1
chr4:122308011:T>G	2	0.6574935386111789
chr4:122308012:T>G	2	0.6574935386111789
chr14:106627249:->ATCTCGAGGGC	3	0.2547458669255562
