mutation_id	myclone_id	myclone_ccf
chr1:39315621:C>T	1	0.6627722305382361
chr1:64846682:A>G	1	0.6627722305382361
chr1:165563547:G>T	1	0.6627722305382361
chr19:31308670:C>A	1	0.6627722305382361
chr10:28682092:C>T	2	0.8659116535715442
chr12:81143111:C>T	2	0.8659116535715442
chr16:27749774:G>T	2	0.8659116535715442
chr16:58284705:G>A	2	0.8659116535715442
chr19:14968459:G>T	2	0.8659116535715442
chr19:40606406:G>A	2	0.8659116535715442
chr2:159282806:C>T	2	0.8659116535715442
chr2:238328707:C>T	2	0.8659116535715442
chr22:27799895:G>A	2	0.8659116535715442
chr5:121852416:C>T	2	0.8659116535715442
chr9:96388335:->T	2	0.8659116535715442
chr1:114421435:C>A	3	0.9928018244632426
chr1:167017936:G>T	3	0.9928018244632426
chr11:47261686:G>A	3	0.9928018244632426
chr14:104955140:C>T	3	0.9928018244632426
chr16:1791548:C>T	3	0.9928018244632426
chr17:69523610:C>A	3	0.9928018244632426
chr17:77482153:C>G	3	0.9928018244632426
chr19:15442743:G>T	3	0.9928018244632426
chr19:30548920:G>A	3	0.9928018244632426
chr22:24847673:G>A	3	0.9928018244632426
chr8:22002126:A>G	3	0.9928018244632426
chr20:34750091:G>A	4	-1
