mutation_id	myclone_id	myclone_ccf
chr2:29071571:G>A	1	0.5489143201242465
chr4:1961074:G>A	1	0.5489143201242465
chr6:28259574:G>A	1	0.5489143201242465
chr7:38353714:->TTGGA	1	0.5489143201242465
chr14:31561542:C>T	2	0.1139424117757579
chr5:151770644:C>T	2	0.1139424117757579
chr11:18719872:C>T	3	0.978731002684234
chr18:6982567:G>A	3	0.978731002684234
chr18:46569509:T>A	3	0.978731002684234
chr2:45976483:G>A	3	0.978731002684234
chr22:38699814:C>T	3	0.978731002684234
chr4:41014268:G>A	3	0.978731002684234
chr4:150325879:C>T	3	0.978731002684234
chr6:17282875:A>C	3	0.978731002684234
chr6:26056374:G>T	3	0.978731002684234
chr9:135119952:C>T	3	0.978731002684234
chr1:17373128:G>A	4	0.7922813574461323
chr2:182935327:G>A	4	0.7922813574461323
chr3:49812154:->CGCAAGTATTC	4	0.7922813574461323
chr8:64615123:G>A	4	0.7922813574461323
chr2:90221377:TTCCCTC>-	5	-1
