mutation_id	myclone_id	myclone_ccf
chr6:27248006:G>T	1	0.6168541706251705
chr6:44275470:G>A	1	0.6168541706251705
chr8:109504485:G>A	1	0.6168541706251705
chr10:15558167:G>A	2	0.8872195689349511
chr10:105105463:G>A	2	0.8872195689349511
chr11:2620753:G>C	2	0.8872195689349511
chr12:130437148:G>A	2	0.8872195689349511
chr11:70661738:C>T	3	0.3883754474406708
chr15:44573679:C>T	3	0.3883754474406708
chr5:176868189:G>A	3	0.3883754474406708
chr7:30662713:G>C	3	0.3883754474406708
chr7:139109163:C>T	3	0.3883754474406708
