mutation_id	myclone_id	myclone_ccf
chr11:85650281:A>G	1	0.5765886566557046
chr13:45596448:C>T	2	0.8199661155214737
chr9:35617150:->GG	2	0.8199661155214737
chr15:28274972:G>A	3	0.16423597862082667
chr7:94664768:C>T	3	0.16423597862082667
chr9:74775992:C>A	3	0.16423597862082667
chr12:65056106:G>A	4	0.9781175266697986
chr12:107610287:C>T	4	0.9781175266697986
chr13:42155730:C>T	4	0.9781175266697986
chr19:55659320:G>A	4	0.9781175266697986
chr22:26027418:C>T	4	0.9781175266697986
chr4:64409182:G>A	4	0.9781175266697986
chr7:137609049:G>A	4	0.9781175266697986
