mutation_id	myclone_id	myclone_ccf
chr13:26046674:G>T	1	0.4228444808112716
chr15:78463044:G>A	2	0.1047601899481934
chr11:90086138:T>A	3	1
chr22:19177800:C>T	3	1
chr22:30741249:C>A	3	1
chr3:140562837:C>T	3	1
chr3:171211135:C>A	3	1
chr14:106506996:TAT>-	4	-1
