mutation_id	myclone_id	myclone_ccf
chr2:113406854:AGGATTATACTACCCCATTCACAGTGTTACAAGCCATAA>TTGGGGG	1	1
chr14:106627242:CACTGTGTCTC>GGAGG	2	0.4486578928636989
chr8:38114244:G>C	2	0.4486578928636989
chr16:77293126:G>A	3	0.6831040536137656
chr16:81174721:T>C	3	0.6831040536137656
chr7:143382907:C>G	3	0.6831040536137656
chr14:22875743:C>G	4	0.0718497488534614
chr10:56361214:G>A	5	0.1448070333616075
chr8:75543902:C>A	5	0.1448070333616075
chr1:95246774:C>T	6	0.3508969440206201
chr17:7674220:C>T	6	0.3508969440206201
chr19:38920102:C>T	7	0.7989008056105313
chr5:32000197:G>A	7	0.7989008056105313
chr7:86947815:C>T	7	0.7989008056105313
chrX:6151037:C>A	8	-1
