mutation_id	myclone_id	myclone_ccf
chr3:47113874:->GTAAC	1	0.8011243833015044
chr6:13632377:->T	1	0.8011243833015044
chr12:102396908:G>A	2	0.9999999999999999
chr20:49513168:C>T	2	0.9999999999999999
