mutation_id	myclone_id	myclone_ccf
chr15:23644917:G>A	1	1.0
chr14:88479752:G>A	1	1.0
chr7:64077701:C>A	2	0.2545599635202918
chr1:36286628:G>A	3	0.12506454145537269
chr17:11937475:C>T	3	0.12506454145537269
