mutation_id	myclone_id	myclone_ccf
chr20:57565105:T>C	1	0.554273482922921
chr21:41740957:G>A	1	0.554273482922921
chr20:36446809:G>A	2	0.3336658807020283
chr6:154107789:G>A	2	0.3336658807020283
chr9:37002705:C>T	2	0.3336658807020283
chr3:46265824:C>A	3	0.2602171439047404
chr4:157359977:G>A	4	0.14932089008718152
chr7:14338586:C>T	4	0.14932089008718152
chr22:20113726:A>G	5	0.9728632585385397
chr3:113608430:T>C	5	0.9728632585385397
chr4:9782282:G>A	5	0.9728632585385397
chr6:32369912:G>A	5	0.9728632585385397
chr2:237763466:G>A	6	0.785485209127511
chr6:158096339:T>C	6	0.785485209127511
chr12:10386950:C>T	6	0.785485209127511
chr12:20715138:G>T	6	0.785485209127511
chr9:37020750:A>G	6	0.785485209127511
