mutation_id	myclone_id	myclone_ccf
chr13:24789366:T>C	1	0.5575480060961466
chr4:182754581:C>A	1	0.5575480060961466
chrX:114731488:C>A	1	0.5575480060961466
chr9:101477056:G>A	2	0.3085642508428618
chr1:156920901:C>A	3	0.9424519939038534
chr13:28035621:C>G	3	0.9424519939038534
chr1:150627525:G>A	4	0.16111413277176104
chr19:36236911:A>G	4	0.16111413277176104
chr2:186762476:A>T	4	0.16111413277176104
chr20:58668099:T>C	4	0.16111413277176104
chr5:140857746:G>A	4	0.16111413277176104
chr6:21595280:C>A	4	0.16111413277176104
chr6:137001819:C>T	4	0.16111413277176104
