mutation_id	myclone_id	myclone_ccf
chr12:3020700:G>A	1	0.2570731117391752
chr1:114716123:C>T	2	0.8524020753746175
chr11:117776830:C>T	2	0.8524020753746175
chr11:100271217:C>T	3	1.0
chr2:11640438:C>T	3	1.0
chr10:116679618:T>-	3	1.0
chr4:163472364:C>T	3	1.0
chr12:39358320:G>A	4	0.0938865950977992
chrX:49345896:C>G	4	0.0938865950977992
