mutation_id	myclone_id	myclone_ccf
chr1:239907474:C>T	1	0.4003943058689007
chr11:134185344:T>C	1	0.4003943058689007
chr19:38846015:C>G	1	0.4003943058689007
chr3:49804409:T>C	1	0.4003943058689007
chr6:129148978:G>A	1	0.4003943058689007
chr12:131728358:T>C	2	1.0
chr9:33469329:C>T	2	1.0
chr1:1815801:C>T	3	0.29543699558934594
chr1:197200190:T>C	3	0.29543699558934594
chr11:117206200:C>G	3	0.29543699558934594
chr14:21979120:->AGGCC	3	0.29543699558934594
chr9:13125215:C>T	3	0.29543699558934594
chr11:17117665:G>C	4	0.17897501800521712
chr12:104331639:G>C	4	0.17897501800521712
chr12:104331640:A>T	4	0.17897501800521712
chr14:31107126:C>G	4	0.17897501800521712
chr17:11632593:G>C	4	0.17897501800521712
chr2:37228061:C>G	4	0.17897501800521712
chr2:75664763:A>T	4	0.17897501800521712
chr3:15258952:C>T	4	0.17897501800521712
chr3:97788105:A>C	4	0.17897501800521712
chr7:1746263:C>G	4	0.17897501800521712
chrX:1352129:C>G	4	0.17897501800521712
chr1:21874650:G>C	5	0.09812289292183687
chr11:4914833:G>T	5	0.09812289292183687
chr11:4915010:G>C	5	0.09812289292183687
chr14:54760304:G>A	5	0.09812289292183687
chr17:50078048:G>T	5	0.09812289292183687
chr17:50078049:G>C	5	0.09812289292183687
chr21:45222136:C>T	5	0.09812289292183687
chr3:127660401:G>C	5	0.09812289292183687
chr6:43338696:C>T	5	0.09812289292183687
chr7:2525298:C>G	5	0.09812289292183687
chr7:44074143:G>C	5	0.09812289292183687
chr7:44843312:T>C	5	0.09812289292183687
chr9:122990179:G>C	5	0.09812289292183687
chr14:22439014:->G	6	-1
chr14:106470257:ACTGTGTATCTT>GGAA	6	-1
