mutation_id	myclone_id	myclone_ccf
chr11:133845181:C>T	1	1
chr12:8222192:G>A	2	0.1551294739252764
chr8:67238744:T>A	2	0.1551294739252764
chr1:114716126:C>T	3	0.6116597087048142
chr5:159158810:G>A	3	0.6116597087048142
chrX:69505826:G>A	3	0.6116597087048142
