mutation_id	myclone_id	myclone_ccf
chr4:176131597:A>-	1	0.5504388032283022
chr15:33867715:G>A	2	0.0859452813344543
chr4:13627510:C>T	2	0.0859452813344543
chr1:23798628:C>T	3	0.8549090622001158
chr10:283411:A>T	3	0.8549090622001158
chr15:30925218:A>-	3	0.8549090622001158
chr6:76011184:A>T	3	0.8549090622001158
chrX:11664822:C>T	3	0.8549090622001158
chr10:21556823:C>T	4	0.9941927323035744
chr18:59338805:C>T	4	0.9941927323035744
chr2:27375656:C>T	4	0.9941927323035744
chr3:47106061:C>T	4	0.9941927323035744
chr5:122152182:G>T	4	0.9941927323035744
chr5:147509787:G>A	4	0.9941927323035744
chr8:72936804:C>T	4	0.9941927323035744
chr8:102551814:C>T	4	0.9941927323035744
chr8:127739019:G>A	4	0.9941927323035744
chr2:89176355:AT>GGAG	5	-1
