mutation_id	myclone_id	myclone_ccf
chr14:73946463:C>T	1	0.1085522367263822
chr12:25245350:C>T	2	0.2892897007531208
chr17:36254514:C>T	2	0.2892897007531208
chr5:141344087:G>A	2	0.2892897007531208
chr19:31278959:C>T	3	0.1916072621382861
chr20:59944447:G>T	3	0.1916072621382861
chr1:152218967:C>T	4	1
chr10:124696157:C>T	4	1
chr12:84886026:C>T	4	1
chr15:52383128:G>A	4	1
chr16:3731352:G>A	4	1
chr19:2207634:C>T	4	1
chr20:47672222:G>A	4	1
chr6:31631300:T>C	4	1
chr6:33264428:G>T	4	1
chr9:32634819:C>A	4	1
chr9:95447075:C>T	4	1
chr4:103057958:A>C	4	1
chr4:73869491:C>T	4	1
chr4:103057957:G>A	4	1
chr1:114716126:C>T	5	0.608853190184634
chr11:64740915:->C	5	0.608853190184634
chr9:138120721:G>A	5	0.608853190184634
chr22:41177084:C>G	6	0.7185031769009204
