mutation_id	myclone_id	myclone_ccf
chr6:75194833:G>A	1	0.7609756097560976
chr1:81943164:C>A	2	0.3962508080155138
chr5:111482926:C>T	2	0.3962508080155138
chr17:46171794:G>T	3	0.09849250725644759
chr17:46171795:A>T	3	0.09849250725644759
chr2:21137720:A>G	3	0.09849250725644759
chr6:26124477:G>T	3	0.09849250725644759
chr1:248294907:C>T	4	0.8588807785888081
