mutation_id	myclone_id	myclone_ccf
chr13:20003062:TT>-	1	0.6084823709186435
chr19:38740180:C>G	2	0.3251678278454126
chr3:40487256:G>A	3	1.0
chrX:22245368:A>G	3	1.0
