mutation_id	myclone_id	myclone_ccf
chr1:114716123:C>T	1	0.3989361535104434
chr12:25245350:C>T	1	0.3989361535104434
chr2:113406872:->CCC	1	0.3989361535104434
chr5:90644709:T>G	1	0.3989361535104434
chr1:119514610:C>T	2	0.5312105771964373
chr7:108098402:C>T	2	0.5312105771964373
chr15:50569975:A>-	3	0.2110197673954328
chr1:197427963:A>T	4	1.0
chr12:125654540:A>G	4	1.0
chr19:55455752:G>A	4	1.0
chr19:58206956:C>T	4	1.0
chr9:21971201:->CC	4	1.0
chr18:36653398:G>A	5	-1
chr17:50624525:G>A	6	-1
chrX:3322382:A>G	7	0.4742072642834354
