mutation_id	myclone_id	myclone_ccf
chr1:17259716:C>T	1	0.3048959940657512
chr10:122579736:G>T	1	0.3048959940657512
chr1:56917690:C>T	2	0.9609220220785885
chr17:20580525:G>T	2	0.9609220220785885
chr18:62369334:G>A	2	0.9609220220785885
chr19:56664278:C>T	2	0.9609220220785885
chr4:25671627:G>A	2	0.9609220220785885
chr5:176584585:C>T	2	0.9609220220785885
chr1:21599563:C>T	3	0.6172339337642374
chrX:50634295:C>T	4	-1
chrX:3112493:A>T	5	-1
