mutation_id	myclone_id	myclone_ccf
chr2:15945862:ACATCCT>-	1	1.0
chr1:40489617:C>T	2	0.16193474056948826
chr1:248203286:C>T	2	0.16193474056948826
chr19:42907662:G>A	2	0.16193474056948826
chr8:70066397:C>A	2	0.16193474056948826
chr1:20191206:C>T	3	0.09752667900383273
chr19:8111075:T>C	3	0.09752667900383273
chr19:58509962:C>T	3	0.09752667900383273
chr9:133255642:C>T	3	0.09752667900383273
chrX:47241339:C>T	3	0.09752667900383273
chr12:117484492:C>T	4	0.3745422354750034
chr22:22031470:TCA>CCCCCC	4	0.3745422354750034
chr12:11884467:->GG	5	-1
