mutation_id	myclone_id	myclone_ccf
chr4:176139944:G>C	1	0.1553345200411834
chr4:186618536:C>G	1	0.1553345200411834
chr14:37749120:G>T	2	0.30685102991628616
chr18:46969279:C>T	2	0.30685102991628616
chr2:130500604:T>G	2	0.30685102991628616
chr2:130620083:A>C	2	0.30685102991628616
chr21:31974606:G>A	2	0.30685102991628616
chr7:95302332:G>C	2	0.30685102991628616
chr9:76095904:C>A	2	0.30685102991628616
chr10:103403166:G>A	3	0.7213570203630939
chr10:133268108:G>A	3	0.7213570203630939
chr11:62977255:G>A	3	0.7213570203630939
chr12:52547956:G>T	3	0.7213570203630939
chr14:92155243:C>G	3	0.7213570203630939
chr16:66988805:C>G	3	0.7213570203630939
chr19:12464271:C>T	3	0.7213570203630939
chr19:12464523:C>T	3	0.7213570203630939
chr2:98563523:G>A	3	0.7213570203630939
chr7:156676512:G>A	3	0.7213570203630939
chr7:156684149:G>C	3	0.7213570203630939
chr10:27860647:A>T	4	1
chr11:130208489:C>T	4	1
chr12:76031492:C>G	4	1
chr14:66490748:G>A	4	1
chr17:4533285:C>T	4	1
chr17:39715855:G>A	4	1
chr17:40751186:C>T	4	1
chr22:28773767:G>A	4	1
chr4:1375366:C>A	4	1
chr4:1961074:G>A	4	1
chr5:153494033:A>G	4	1
chr6:38842463:A>C	4	1
chr6:122803774:G>A	4	1
chr7:140754187:T>G	4	1
