mutation_id	myclone_id	myclone_ccf
chr13:28018498:ATG>-	1	1.0
chr15:96784208:T>A	1	1.0
chr18:22416991:T>A	1	1.0
chrX:48983323:C>G	1	1.0
chr10:122087689:C>T	2	0.3766312429555951
chr15:79457500:A>C	2	0.3766312429555951
chr16:3736790:A>G	2	0.3766312429555951
chr19:6375608:G>A	2	0.3766312429555951
chr5:90683819:G>A	2	0.3766312429555951
chr6:70283800:C>T	2	0.3766312429555951
chr6:73354174:C>T	2	0.3766312429555951
chr6:117566908:C>T	2	0.3766312429555951
chr5:140697995:G>C	3	0.1495196278972808
chr6:13326871:G>A	3	0.1495196278972808
chr11:1255219:C>T	4	0.2375636111208418
