mutation_id	myclone_id	myclone_ccf
chr16:371991:G>A	1	0.1925073885195074
chr1:20323523:C>A	2	0.780741520792911
chr2:88897784:->CCC	2	0.780741520792911
chr22:28796136:->CGCGTAGTCGTGATCC	2	0.780741520792911
chrX:16693417:G>A	2	0.780741520792911
chr11:94971349:A>T	3	0.3659168256150183
chr17:82056922:C>-	3	0.3659168256150183
chr3:54846396:G>T	3	0.3659168256150183
chr10:122592437:C>T	4	0.9719209410365832
chr13:28018483:T>C	4	0.9719209410365832
chr19:42924607:C>T	4	0.9719209410365832
chr2:32607552:G>A	4	0.9719209410365832
chr3:126989026:G>A	4	0.9719209410365832
chrX:81277132:T>A	4	0.9719209410365832
chr8:109087561:C>T	5	0.8397326084314458
