mutation_id	myclone_id	myclone_ccf
chr10:85647267:G>A	1	0.3103772042637749
chr2:53970707:G>A	1	0.3103772042637749
chr3:11259976:G>A	1	0.3103772042637749
chr3:47411565:->C	1	0.3103772042637749
chr3:51715544:C>T	1	0.3103772042637749
chr4:7014477:A>G	1	0.3103772042637749
chr6:165392773:C>T	1	0.3103772042637749
chr9:76296793:G>A	1	0.3103772042637749
chr13:38848564:G>A	2	0.9999999999999997
chr15:39591519:C>T	2	0.9999999999999997
chr16:3565013:C>T	2	0.9999999999999997
chr16:20964030:G>A	2	0.9999999999999997
chr3:185248515:G>A	2	0.9999999999999997
chr5:140858261:T>C	2	0.9999999999999997
chr1:152311392:A>G	3	0.09968511727970013
chr11:64736802:C>A	3	0.09968511727970013
chr11:118472762:G>C	3	0.09968511727970013
chr11:118473238:G>A	3	0.09968511727970013
chr12:53939332:G>C	3	0.09968511727970013
chr17:1725587:C>T	3	0.09968511727970013
chr2:161424055:C>G	3	0.09968511727970013
chr22:36871693:C>A	3	0.09968511727970013
chr4:870895:C>T	3	0.09968511727970013
chr5:150379697:G>A	3	0.09968511727970013
chr6:26189019:G>A	3	0.09968511727970013
chr8:55751098:C>G	3	0.09968511727970013
chr1:93546878:G>A	4	0.49589557104359505
chr14:32821708:G>A	4	0.49589557104359505
chr16:81133692:C>A	4	0.49589557104359505
chr12:25245351:C>T	5	-1
