mutation_id	myclone_id	myclone_ccf
chr1:181050205:C>G	1	0.8739804426371702
chr10:122618196:G>T	1	0.8739804426371702
chr12:8032839:C>T	1	0.8739804426371702
chr19:34445120:A>T	1	0.8739804426371702
chr19:37885083:G>A	1	0.8739804426371702
chr4:1799355:C>A	1	0.8739804426371702
chr7:108564750:G>C	1	0.8739804426371702
chr8:24339568:A>G	1	0.8739804426371702
chr1:40831265:C>T	2	1
chr1:93997886:G>A	2	1
chr11:92761869:A>G	2	1
chr13:113087300:G>A	2	1
chr17:37019026:C>T	2	1
chr3:119402100:A>G	2	1
chr5:140929233:C>T	2	1
chr5:176882021:G>A	2	1
chr12:98773161:C>G	3	0.21389198899984418
chr15:29108342:C>T	3	0.21389198899984418
chr16:425821:G>T	3	0.21389198899984418
chr17:63948058:G>A	3	0.21389198899984418
chr19:51993912:G>A	3	0.21389198899984418
chr3:75741670:C>T	3	0.21389198899984418
chr3:100993324:C>A	3	0.21389198899984418
chr5:141399681:C>T	3	0.21389198899984418
chr5:148088550:G>A	3	0.21389198899984418
chr8:69832416:C>T	3	0.21389198899984418
chr9:127738784:G>T	3	0.21389198899984418
chr11:56290704:T>A	4	0.345595762772631
chr11:123603525:G>A	4	0.345595762772631
chr13:35793445:G>A	4	0.345595762772631
chr5:140801460:C>T	4	0.345595762772631
chr6:107069472:G>T	4	0.345595762772631
chr8:39729915:C>G	4	0.345595762772631
chr9:120471875:G>A	4	0.345595762772631
chr11:116876313:C>T	5	0.5941343230744841
chr15:48996546:C>G	5	0.5941343230744841
chr17:29166051:C>T	5	0.5941343230744841
chr19:9160926:C>T	5	0.5941343230744841
chr19:54455480:C>T	5	0.5941343230744841
chr2:197402635:C>G	5	0.5941343230744841
chr7:111767079:C>G	5	0.5941343230744841
chr7:122416112:C>A	5	0.5941343230744841
chr1:46029914:C>T	6	0.12724506579756015
chr1:109490324:C>T	6	0.12724506579756015
chr1:186327462:C>A	6	0.12724506579756015
chr12:132847060:C>G	6	0.12724506579756015
chr19:54254027:G>A	6	0.12724506579756015
chr3:44735024:G>A	6	0.12724506579756015
chr3:51703840:G>A	6	0.12724506579756015
chr3:120167871:C>T	6	0.12724506579756015
chr5:146650616:C>T	6	0.12724506579756015
chr6:157174103:G>A	6	0.12724506579756015
chr6:169237744:G>A	6	0.12724506579756015
chr7:31643739:C>T	6	0.12724506579756015
chr7:98171589:G>A	6	0.12724506579756015
chr7:99403439:G>C	6	0.12724506579756015
chr9:127735255:G>A	6	0.12724506579756015
chrX:133217871:C>G	7	-1
chrX:24055011:C>G	8	-1
chr14:106639113:ACTGTGTCT>GGAGA	9	-1
chrX:102937627:G>A	10	-1
chrX:102937628:G>A	10	-1
