mutation_id	myclone_id	myclone_ccf
chr1:26780559:C>T	1	1
chr11:56159946:C>A	2	0.3398989807110025
chr17:10630404:C>G	2	0.3398989807110025
chr17:16567491:C>G	2	0.3398989807110025
chr19:34428509:G>A	2	0.3398989807110025
chr8:25310478:G>C	2	0.3398989807110025
chr9:122039287:C>T	2	0.3398989807110025
chr1:15942046:G>A	3	0.23341739891903296
chr10:87862306:A>G	3	0.23341739891903296
chr13:41691436:C>T	3	0.23341739891903296
chr6:26197014:G>A	3	0.23341739891903296
chr10:60069500:G>A	4	0.11507571411808044
chr12:93573008:G>T	4	0.11507571411808044
chr14:38255342:G>C	4	0.11507571411808044
chr16:72797210:C>T	4	0.11507571411808044
chr3:32891335:G>A	4	0.11507571411808044
chr3:169768059:G>A	4	0.11507571411808044
chr4:2208241:G>C	4	0.11507571411808044
chr4:122315640:C>T	4	0.11507571411808044
chr4:188147241:G>C	4	0.11507571411808044
chr7:12581076:C>T	4	0.11507571411808044
chr7:81994870:C>G	4	0.11507571411808044
chrX:85107758:G>C	5	-1
chrX:132958364:C>T	6	-1
