mutation_id	myclone_id	myclone_ccf
chr1:111766480:GAA>TCTGAACG	1	0.5765121695638735
chr14:104883087:C>A	1	0.5765121695638735
chr11:32614498:A>T	2	0.9999999999999999
chr22:50170798:A>G	2	0.9999999999999999
chr4:93216746:C>T	2	0.9999999999999999
chr12:104103019:G>T	3	0.1648828209994004
chr4:154235483:C>T	3	0.1648828209994004
chr1:22576560:C>T	4	0.8354274268086556
chr16:72787483:G>-	4	0.8354274268086556
chr12:112446385:A>G	5	0.4344822001377204
chr12:117860335:G>A	5	0.4344822001377204
chr14:102870340:G>A	5	0.4344822001377204
chr2:55025248:->TG	5	0.4344822001377204
