mutation_id	myclone_id	myclone_ccf
chr19:19544016:G>A	1	1.0
chr2:106843319:C>T	1	1.0
chr2:238131184:C>T	1	1.0
chr3:139578871:C>A	1	1.0
chr9:13188783:C>T	1	1.0
chr9:18753447:C>T	1	1.0
chr11:1164522:C>G	2	0.8990175537704473
chr12:827095:G>A	2	0.8990175537704473
chr15:33838072:G>A	2	0.8990175537704473
chr20:63313796:G>A	2	0.8990175537704473
chr5:113122718:G>A	2	0.8990175537704473
chr7:73831236:C>T	2	0.8990175537704473
chr9:15214149:G>A	2	0.8990175537704473
chr11:102721428:C>T	3	0.7747405216342528
chr12:20752393:T>C	3	0.7747405216342528
chr12:112450407:A>G	3	0.7747405216342528
chr16:68564413:A>T	3	0.7747405216342528
chr2:165092477:AA>-	3	0.7747405216342528
chr5:2748958:G>A	3	0.7747405216342528
chr5:129029690:C>T	3	0.7747405216342528
chr1:147758979:G>A	4	0.1080026668989046
chr2:11640364:C>T	4	0.1080026668989046
chr10:61940232:TGGTCAAGTGG>-	4	0.1080026668989046
chrX:35989358:C>T	4	0.1080026668989046
chr10:48450360:C>T	4	0.1080026668989046
chr4:25012356:G>A	4	0.1080026668989046
chr6:27867220:C>T	4	0.1080026668989046
chr14:23348214:C>T	5	0.16370940635746056
chr14:77327994:G>A	5	0.16370940635746056
chr6:49968737:C>T	5	0.16370940635746056
