mutation_id	myclone_id	myclone_ccf
chr12:25245350:C>T	1	0.6514112656466148
chr1:54758480:C>A	2	0.10223909999018048
chr19:31277796:C>G	2	0.10223909999018048
chr9:35679922:G>A	2	0.10223909999018048
chr1:101240115:C>T	3	1.0
chr12:6374674:G>A	3	1.0
chr12:58877793:C>T	3	1.0
chr15:41886168:G>A	3	1.0
chr5:139813447:C>T	3	1.0
chrX:32362806:G>C	3	1.0
chr2:176189031:C>T	4	0.22031662024114085
chr2:231925631:C>T	4	0.22031662024114085
chr20:45304473:G>A	4	0.22031662024114085
chr17:4896015:G>A	4	0.22031662024114085
chr4:127730729:C>T	5	0.2961765627013812
