mutation_id	myclone_id	myclone_ccf
chr8:24955795:C>T	1	0.2547173726375424
chr10:132937051:C>T	1	0.2547173726375424
chr18:32270243:G>A	1	0.2547173726375424
chr14:79861092:A>G	2	0.7677489459664903
chr17:36064355:G>T	2	0.7677489459664903
chr11:5820742:C>T	3	1.0
chr12:25245350:C>A	3	1.0
chr2:99337585:G>C	3	1.0
chr2:113406871:T>G	3	1.0
chr2:113406872:T>C	3	1.0
chr8:106769948:C>T	3	1.0
chr9:32631372:G>A	3	1.0
chr22:41327214:->GAGAAGGCGCTGGAGGACAGC	4	0.6062220068905034
