mutation_id	myclone_id	myclone_ccf
chr9:124458686:G>A	1	1.0
chr1:114716126:C>T	2	0.6264455693069777
chr4:145137729:C>T	2	0.6264455693069777
chr21:36461379:C>T	2	0.6264455693069777
chr14:49586340:G>A	2	0.6264455693069777
chr11:65188013:T>A	3	0.7635518145408327
chr13:98461870:->C	3	0.7635518145408327
chr14:20584062:T>C	3	0.7635518145408327
chr1:220615989:T>A	4	0.20032946192065948
chr15:45172276:C>T	4	0.20032946192065948
chr3:126418457:G>C	4	0.20032946192065948
chr22:38708930:C>A	4	0.20032946192065948
chr7:124476775:C>T	5	0.4249992076823122
chr21:44646503:C>A	5	0.4249992076823122
chr12:10997479:C>T	6	0.0960521905056598
chr1:979035:G>A	7	0.5110112123632006
chr19:10712586:T>C	7	0.5110112123632006
chr6:46690069:C>T	7	0.5110112123632006
chr14:39247148:G>A	8	1.054059194056368
