mutation_id	myclone_id	myclone_ccf
chr3:47005842:G>A	1	0.4212860310421286
chr12:130437193:G>A	2	0.2666666666666664
chr16:2185132:G>A	3	-1
chr10:59654077:->TGTTG	4	0.2335217946400009
chr11:2587631:G>A	4	0.2335217946400009
chr17:41460119:G>A	4	0.2335217946400009
chr19:47545159:G>A	4	0.2335217946400009
chr4:163528970:G>A	4	0.2335217946400009
