mutation_id	myclone_id	myclone_ccf
chr2:27577340:G>A	1	1
chr2:127193210:G>A	2	0.72
chr1:154056928:C>T	2	0.72
chr3:52332253:G>A	3	0.08539468181498376
chr5:141194610:C>A	3	0.08539468181498376
chr12:47992879:G>A	3	0.08539468181498376
chr12:95533851:C>A	3	0.08539468181498376
chr12:120346274:C>T	3	0.08539468181498376
chr19:48847962:G>T	3	0.08539468181498376
chr19:51416111:A>G	3	0.08539468181498376
chr20:46725692:T>C	3	0.08539468181498376
chr10:70600756:G>A	3	0.08539468181498376
chr4:170087131:T>C	3	0.08539468181498376
chr6:168081406:G>A	3	0.08539468181498376
chr10:86942970:C>T	3	0.08539468181498376
chr1:31800041:G>C	4	0.5685379918588873
chr3:192799248:C>T	4	0.5685379918588873
chr6:3850204:C>T	5	0.1943765281173594
chr18:6912099:T>A	6	0.4016393442622948
