mutation_id	myclone_id	myclone_ccf
chr3:139020550:C>T	1	0.0657082924593232
chr12:100974864:C>G	2	1.0
chr19:5220037:C>T	2	1.0
chr20:9566045:C>A	2	1.0
chr1:53092571:C>T	3	0.6655697333172496
chr12:25245350:C>T	3	0.6655697333172496
chr3:97945330:G>A	3	0.6655697333172496
chr5:11236743:G>A	4	0.12848683582823073
