mutation_id	myclone_id	myclone_ccf
chr7:128838273:G>A	1	1
chr4:71450441:G>C	2	0.11324200913242
chr1:197477826:C>T	3	0.7227609604455065
chr15:40338897:G>A	3	0.7227609604455065
chr8:28520706:T>C	3	0.7227609604455065
chr8:35766918:G>A	3	0.7227609604455065
chr19:11378060:G>A	4	0.5664551284129673
chr22:22899618:TGT>-	4	0.5664551284129673
chr5:52947378:G>C	4	0.5664551284129673
chr9:110408886:G>A	4	0.5664551284129673
chrX:115188297:T>A	5	-1
