mutation_id	myclone_id	myclone_ccf
chr10:122336511:C>A	1	1
chr12:25245350:C>G	2	0.5255146168482961
chr18:54361798:C>T	3	0.43140930674263994
