mutation_id	myclone_id	myclone_ccf
chr1:3497055:C>T	1	0.8719397200210978
chr1:153770712:T>C	1	0.8719397200210978
chr1:246541146:T>C	1	0.8719397200210978
chr11:94380459:C>T	1	0.8719397200210978
chr12:25225628:C>T	1	0.8719397200210978
chrX:15425974:C>T	1	0.8719397200210978
chr21:32317026:C>T	1	0.8719397200210978
chr18:79396335:G>T	2	0.9994362466122686
chr6:16327369:C>T	2	0.9994362466122686
