mutation_id	myclone_id	myclone_ccf
chr14:67397783:C>T	1	0.5827381384992504
chr7:1746722:G>A	2	0.4123537893745964
chr12:69370911:G>A	3	1
chr17:41505287:G>T	3	1
chr4:109729784:A>G	3	1
