mutation_id	myclone_id	myclone_ccf
chr4:94302244:C>T	1	0.504913554987465
chr5:1212461:C>T	2	0.10670795846641801
chrX:73831203:C>T	2	0.10670795846641801
chr16:1256835:G>A	3	0.7323357793928444
chr2:89937674:TGGCCTCCCACA>CAGAGG	3	0.7323357793928444
chr17:51260692:C>T	4	1.0
chr2:27571640:G>A	4	1.0
chr6:151468626:A>G	4	1.0
chr8:51408244:A>G	4	1.0
chr14:78645237:G>A	5	0.8977324243802371
chr15:70669172:C>A	5	0.8977324243802371
chr17:16058057:->GGGGG	5	0.8977324243802371
chr19:37738825:T>C	5	0.8977324243802371
chr2:166199665:G>A	5	0.8977324243802371
chr3:89472594:G>A	5	0.8977324243802371
chr4:128162274:G>A	5	0.8977324243802371
chr7:44539689:C>T	5	0.8977324243802371
chr14:22423024:CTACTGTGCCTGTGACACCCACCCTGCT>AGG	6	-1
