mutation_id	myclone_id	myclone_ccf
chr17:15629044:C>G	1	0.342049419286322
chr10:102833045:G>A	2	0.1167483670341539
chr6:70180514:A>G	2	0.1167483670341539
chr11:118505184:CCAAAT>GGCCGGGG	3	0.839785101295089
chr15:26883197:C>T	3	0.839785101295089
chr15:75362426:G>A	3	0.839785101295089
chr15:101347022:A>-	3	0.839785101295089
chr19:52952733:G>T	3	0.839785101295089
chr20:39006312:G>A	3	0.839785101295089
chr3:51955777:C>T	3	0.839785101295089
chr1:216097196:G>A	4	1.0
chr10:65988769:C>T	4	1.0
chr12:95210886:A>G	4	1.0
chr18:37273037:C>T	4	1.0
chr2:94874924:G>A	4	1.0
chr2:218814624:G>A	4	1.0
chr3:113304085:G>A	4	1.0
chrX:130184505:A>C	4	1.0
