mutation_id	myclone_id	myclone_ccf
chr1:248022624:G>A	1	0.8551554477995
chr12:46209079:G>A	1	0.8551554477995
chr12:81174891:G>A	1	0.8551554477995
chr12:100600416:G>A	1	0.8551554477995
chr17:40022731:G>A	1	0.8551554477995
chr18:26459719:G>A	1	0.8551554477995
chr18:53391706:C>A	1	0.8551554477995
chr4:125408545:C>T	1	0.8551554477995
chr4:186619188:T>A	1	0.8551554477995
chr1:209675866:C>T	2	0.10180854177970894
chr10:104641511:C>T	2	0.10180854177970894
chr4:99651719:C>T	2	0.10180854177970894
chr1:16232147:G>A	3	0.9963462817713115
chr1:151288600:C>T	3	0.9963462817713115
chr1:155248089:G>A	3	0.9963462817713115
chr10:26168759:G>A	3	0.9963462817713115
chr10:113152430:G>A	3	0.9963462817713115
chr13:26685763:C>T	3	0.9963462817713115
chr14:69953450:G>A	3	0.9963462817713115
chr15:88874419:C>T	3	0.9963462817713115
chr16:8895054:G>A	3	0.9963462817713115
chr17:8319371:C>A	3	0.9963462817713115
chr17:48789990:G>A	3	0.9963462817713115
chr19:38595492:G>A	3	0.9963462817713115
chr2:1648395:G>A	3	0.9963462817713115
chr2:54628097:G>A	3	0.9963462817713115
chr3:126654887:C>T	3	0.9963462817713115
chr7:144266959:G>A	3	0.9963462817713115
chr9:69013132:C>T	3	0.9963462817713115
