mutation_id	myclone_id	myclone_ccf
chr22:31716039:G>A	1	0.0789611119571382
chr1:219915634:C>T	2	0.17332525606531488
chr10:26147446:G>A	2	0.17332525606531488
chr18:3879337:G>A	2	0.17332525606531488
chr10:30451638:CTA>AG	3	0.8393527607285587
chr2:21139193:T>C	3	0.8393527607285587
chr2:21139978:C>T	3	0.8393527607285587
chr2:113406871:TTCAC>G	3	0.8393527607285587
chr3:55004821:G>A	3	0.8393527607285587
chr5:140697621:C>T	3	0.8393527607285587
chr1:18883313:G>A	4	1.0
chr17:81547512:T>G	4	1.0
chr19:35505975:C>T	4	1.0
chr3:45030924:G>A	4	1.0
chr4:3493039:C>A	4	1.0
chr6:118275524:G>A	4	1.0
chr6:152321245:C>T	4	1.0
