mutation_id	myclone_id	myclone_ccf
chr19:35142498:G>A	1	0.0757147978748982
chr18:7117708:C>T	2	0.7660043884924788
chr11:103154605:C>T	3	0.1429580099735842
chr11:30012517:G>A	4	0.9999999999999999
chr14:102015964:C>T	4	0.9999999999999999
chr3:119619622:C>A	4	0.9999999999999999
chr6:56493001:G>T	4	0.9999999999999999
chr17:47347893:G>C	5	0.6383719965519076
chrX:38299070:G>C	6	-1
chr14:106622361:->TTTTTCCTCT	7	-1
