mutation_id	myclone_id	myclone_ccf
chr20:32434789:C>T	1	0.1991835154184118
chr11:63229384:C>T	1	0.1991835154184118
chr13:113800847:C>T	2	1.0
chr20:42791204:A>T	2	1.0
chr4:102799456:C>G	2	1.0
chr8:10611606:G>A	2	1.0
chr8:101666619:C>T	2	1.0
