mutation_id	myclone_id	myclone_ccf
chr10:22573382:C>G	1	0.5337495167301757
chr12:21845739:G>A	1	0.5337495167301757
chr18:31413449:G>A	1	0.5337495167301757
chr2:108753052:C>T	1	0.5337495167301757
chr9:21481448:C>T	1	0.5337495167301757
chr10:122489540:G>T	2	0.9555027381219869
chr11:56211424:C>T	2	0.9555027381219869
chr13:95433873:G>A	2	0.9555027381219869
chr19:6147490:C>T	2	0.9555027381219869
chr3:167465573:G>C	2	0.9555027381219869
chr3:190656181:G>C	2	0.9555027381219869
chr4:56315607:G>A	2	0.9555027381219869
chr7:98856031:G>A	2	0.9555027381219869
chr7:144095659:C>G	2	0.9555027381219869
chrX:13736538:C>A	2	0.9555027381219869
chrX:49281432:A>G	2	0.9555027381219869
