mutation_id	myclone_id	myclone_ccf
chr19:7677719:G>A	1	1
chr12:49031216:->AG	2	0.577612284157398
chr16:58038388:C>A	2	0.577612284157398
chr5:140883441:G>A	2	0.577612284157398
chr6:87415712:G>A	2	0.577612284157398
chrX:15288020:C>T	2	0.577612284157398
chr1:151342983:C>T	3	0.2962933937527415
chr14:106714681:GTCTCT>ACCCTC	3	0.2962933937527415
chr2:53854159:C>T	3	0.2962933937527415
chr4:109959417:G>A	3	0.2962933937527415
chr8:85328607:G>A	3	0.2962933937527415
chrX:153057663:G>A	3	0.2962933937527415
chr12:112450406:G>C	4	0.4241941528472495
chr2:137450897:C>T	4	0.4241941528472495
chr3:48990883:C>T	4	0.4241941528472495
chr3:122856348:C>T	4	0.4241941528472495
chr6:27133379:->C	4	0.4241941528472495
chr17:7673772:->CCCCT	5	-1
