mutation_id	myclone_id	myclone_ccf
chr12:53276793:G>A	1	1.0
chr11:66216713:G>A	2	0.13543274013225184
chr11:124570607:T>A	2	0.13543274013225184
chr17:36537947:G>C	2	0.13543274013225184
chr6:128184598:C>T	2	0.13543274013225184
chr7:100892703:C>T	2	0.13543274013225184
chr1:244856568:G>C	3	0.6869175491634696
chr14:88627745:T>G	3	0.6869175491634696
chr3:159262556:G>A	3	0.6869175491634696
chr5:155014626:G>A	3	0.6869175491634696
chr14:67584076:C>T	4	0.800984895529445
chr2:108486624:A>G	4	0.800984895529445
chr9:72917066:A>G	4	0.800984895529445
chrX:102154041:C>T	5	-1
chr22:22031471:->A	6	-1
chrX:23675000:T>C	7	-1
