mutation_id	myclone_id	myclone_ccf
chrX:108620324:C>T	1	0.2746925189275146
chr10:48479639:C>T	2	0.1532127230252192
chr19:48757004:G>A	3	0.3903381474558216
chr1:3402822:C>T	4	0.9773940502234609
chr19:8962887:C>A	4	0.9773940502234609
chr2:223777738:C>T	4	0.9773940502234609
chr20:38324026:A>T	4	0.9773940502234609
chr5:13850715:G>A	4	0.9773940502234609
chrX:119087812:C>T	4	0.9773940502234609
chr1:156984426:G>A	5	0.6722684142662365
chr11:101944281:C>T	5	0.6722684142662365
chr12:6831834:C>T	5	0.6722684142662365
chr18:58517089:G>A	5	0.6722684142662365
chr2:90100737:CTCCCACAGTGTT>GG	5	0.6722684142662365
chr2:88860921:->GCGCTCAG	6	0.33758904730466155
