mutation_id	myclone_id	myclone_ccf
chr6:132692237:G>A	1	0.2003114389157429
chr8:22920189:C>T	1	0.2003114389157429
chrX:143628178:G>A	1	0.2003114389157429
chr1:18634326:C>T	2	0.9999999999999999
chr13:36695324:C>T	2	0.9999999999999999
chr21:41801596:C>T	2	0.9999999999999999
chr7:122886337:T>G	2	0.9999999999999999
chr10:52271408:A>T	3	0.08015474909961137
chr11:117481235:G>A	3	0.08015474909961137
chr19:48703500:C>A	3	0.08015474909961137
chr22:26670370:C>T	3	0.08015474909961137
chrX:43795787:C>G	3	0.08015474909961137
chr1:114709583:C>T	4	0.7966343020513595
chr1:156652855:C>T	4	0.7966343020513595
chr11:124015674:G>A	4	0.7966343020513595
chr15:32900040:C>T	4	0.7966343020513595
chr17:3714861:C>G	4	0.7966343020513595
chr19:16377140:G>A	4	0.7966343020513595
chr21:39181871:G>A	4	0.7966343020513595
chr3:119383140:G>A	4	0.7966343020513595
chr4:186197579:C>T	4	0.7966343020513595
