mutation_id	myclone_id	myclone_ccf
chr15:55588816:C>T	1	1.0
chr2:178868198:C>T	1	1.0
chr22:21445625:G>A	2	0.143897917684046
chrX:120875437:G>A	2	0.143897917684046
chr16:28063200:G>T	3	0.727391936856213
chr2:143040565:G>A	3	0.727391936856213
chr22:22899617:->C	3	0.727391936856213
chr2:88860604:->CGC	4	-1
