mutation_id	myclone_id	myclone_ccf
chr1:152351723:C>G	1	0.1233204085842011
chr14:18601827:G>C	1	0.1233204085842011
chr13:49482806:C>G	2	1.0
chr19:7478325:C>T	2	1.0
chr19:15644006:C>T	2	1.0
chr5:149830869:C>T	2	1.0
chr13:102742500:G>C	3	0.7287886422688683
chr19:813697:TCT>-	3	0.7287886422688683
chr20:35303945:TCG>-	3	0.7287886422688683
chr4:23814441:C>G	3	0.7287886422688683
chr4:41619198:C>T	3	0.7287886422688683
chr4:121804717:C>T	3	0.7287886422688683
chr4:122274342:G>C	3	0.7287886422688683
chr1:70038682:G>A	4	0.23145848043102574
chr1:149910910:C>A	4	0.23145848043102574
chr10:32293158:C>G	4	0.23145848043102574
chr11:6027345:G>C	4	0.23145848043102574
chr15:99105577:G>A	4	0.23145848043102574
chr22:41150098:C>T	4	0.23145848043102574
chrX:102602916:C>T	4	0.23145848043102574
chr1:37880143:C>T	5	0.3882864128997895
chr12:122279051:C>T	5	0.3882864128997895
chr13:79366854:C>G	5	0.3882864128997895
chr19:5720055:G>T	5	0.3882864128997895
chr3:40532178:C>T	5	0.3882864128997895
chr6:46883610:C>T	5	0.3882864128997895
chrX:12921564:G>T	5	0.3882864128997895
chr21:28936539:C>A	6	0.6432286743626625
