mutation_id	myclone_id	myclone_ccf
chr3:44901819:C>T	1	0.1494175826162106
chr1:210242227:G>A	2	0.9603762836901466
chr10:43109149:C>T	2	0.9603762836901466
chr15:62737041:C>G	2	0.9603762836901466
chr16:2519689:G>A	2	0.9603762836901466
chr2:43851716:G>A	2	0.9603762836901466
chr5:113488274:G>T	2	0.9603762836901466
chr6:64388818:C>T	2	0.9603762836901466
chr7:93353694:C>T	2	0.9603762836901466
chr8:53229710:C>T	2	0.9603762836901466
chr8:144053108:G>A	2	0.9603762836901466
chr9:72241191:T>C	2	0.9603762836901466
chr2:137233085:G>A	3	0.6464066933172354
chr5:93585055:C>T	3	0.6464066933172354
chr14:106639119:T>GC	4	-1
chr14:106657722:GTCTCT>AGGA	4	-1
