mutation_id	myclone_id	myclone_ccf
chr12:38321038:G>A	1	0.8027353380401421
chr12:119782594:T>C	1	0.8027353380401421
chr14:104886928:G>A	1	0.8027353380401421
chr19:3907776:G>A	1	0.8027353380401421
chr3:184577020:G>A	1	0.8027353380401421
chr11:9858280:->GGTGTCC	2	0.5129866237398908
chr13:36125992:G>A	2	0.5129866237398908
chr14:90270251:C>T	2	0.5129866237398908
chr7:50382593:A>T	2	0.5129866237398908
chr17:10400617:G>A	3	0.9555185184150377
chr5:129461248:G>A	3	0.9555185184150377
chrX:86695142:C>A	3	0.9555185184150377
