mutation_id	myclone_id	myclone_ccf
chr1:12135612:C>T	1	0.8928485905736894
chr12:85057182:C>A	1	0.8928485905736894
chr16:67616851:->G	1	0.8928485905736894
chr2:89176314:TGTACCACTGTGTGAGGAAATTG>CCTCT	1	0.8928485905736894
chr7:140102102:C>T	1	0.8928485905736894
chr4:125490955:G>A	1	0.8928485905736894
chr8:119797747:G>A	1	0.8928485905736894
chr8:144116110:C>G	1	0.8928485905736894
chr11:4999775:C>T	2	1.0
chr15:41669172:C>T	2	1.0
chr16:75478883:G>A	2	1.0
chr19:9980853:G>A	2	1.0
chr7:100991552:C>T	2	1.0
chr9:93035390:C>T	2	1.0
chr21:26844600:C>T	2	1.0
chr21:45492543:C>T	2	1.0
chr14:105143149:C>T	3	0.065098252457509
chr16:75243087:C>T	4	0.4617717160303676
chr1:114716123:C>T	5	0.6495931035854771
chr11:32702937:AG>-	5	0.6495931035854771
chr1:114716126:C>T	6	0.2346012544549748
chr14:67729230:T>C	6	0.2346012544549748
chr16:87711365:G>C	6	0.2346012544549748
chr19:49701413:C>T	6	0.2346012544549748
chr3:142962297:G>A	6	0.2346012544549748
chr6:39907044:C>A	6	0.2346012544549748
chr6:117270988:G>A	7	0.30303410834782685
chr8:132100077:G>A	7	0.30303410834782685
chrX:153794719:C>T	7	0.30303410834782685
