mutation_id	myclone_id	myclone_ccf
chr22:35265439:G>A	1	1.0
chr1:18483139:G>A	2	0.7944268829026937
chr12:112450406:G>A	2	0.7944268829026937
chr19:22975542:T>C	3	0.11242414912872335
chr2:96500775:G>A	3	0.11242414912872335
chr5:167876007:C>T	3	0.11242414912872335
chr9:90874828:A>G	3	0.11242414912872335
chr12:94247922:C>T	4	0.6675340750847482
chr7:115015818:G>-	4	0.6675340750847482
chr14:56801837:G>C	4	0.6675340750847482
chr4:24819950:G>A	4	0.6675340750847482
chr17:81123251:C>T	5	0.8806334170807854
chr18:23842495:C>T	5	0.8806334170807854
chr4:8612038:G>T	5	0.8806334170807854
