mutation_id	myclone_id	myclone_ccf
chr19:47747016:G>T	1	0.3202242656726414
chr1:156053646:G>A	2	1
chr20:57563631:G>A	2	1
chr1:24354455:C>T	3	0.6157816022789266
chr11:47359885:->GG	3	0.6157816022789266
chr12:111446977:->G	3	0.6157816022789266
chr1:150964290:G>A	4	0.9359965786998256
chr10:112668941:G>A	4	0.9359965786998256
chr15:43776512:->C	4	0.9359965786998256
chr5:38958466:G>A	4	0.9359965786998256
chr5:136226110:A>G	4	0.9359965786998256
chr11:95049553:C>T	5	0.131573627677995
chrX:153536406:C>T	5	0.131573627677995
chr14:88263466:C>T	6	-1
