mutation_id	myclone_id	myclone_ccf
chr10:133129180:C>T	1	0.8645955132610919
chr12:26436312:G>C	1	0.8645955132610919
chr22:24886611:G>T	1	0.8645955132610919
chr6:29673072:C>A	1	0.8645955132610919
chr1:24134379:G>T	2	0.7059845902678021
chr11:73234340:C>T	2	0.7059845902678021
chr15:90999696:C>T	2	0.7059845902678021
chrX:23001621:A>T	2	0.7059845902678021
chr12:111446802:G>A	3	1.0
chr17:10497786:C>G	3	1.0
chr5:122070110:C>T	3	1.0
chr1:43364101:A>G	4	0.0864841638176222
chr8:91960434:G>T	4	0.0864841638176222
chrX:37686106:G>A	4	0.0864841638176222
chr10:100063640:C>T	5	0.19888404071512675
chr11:1086740:G>T	5	0.19888404071512675
chr16:67543460:C>A	5	0.19888404071512675
chr19:15187207:C>T	5	0.19888404071512675
chr22:22921408:G>A	5	0.19888404071512675
chr4:70249334:C>T	5	0.19888404071512675
chr5:140857657:C>T	5	0.19888404071512675
