mutation_id	myclone_id	myclone_ccf
chr1:222543937:G>A	1	0.30780964425359736
chr17:41026778:CTCCACACGACTGTCTGGGCGGCACCACCTGATACGGGTGCTCACAG>-	1	0.30780964425359736
chr1:156671815:A>C	2	0.5779993054666065
chr6:159215091:C>T	2	0.5779993054666065
chr12:112071927:C>T	3	0.8534003668386295
chr16:77193561:T>A	3	0.8534003668386295
chr17:41347188:C>T	3	0.8534003668386295
chr13:110195039:G>A	4	1
chr15:32968750:G>T	4	1
chr15:55638653:T>G	4	1
chr19:38367708:G>A	4	1
chr2:227699221:G>A	4	1
chr22:37570326:G>A	4	1
chr4:8581252:G>A	4	1
