mutation_id	myclone_id	myclone_ccf
chr2:218828568:G>A	1	1
chr12:15109140:A>G	2	0.8003564986737401
chr21:29651148:G>A	2	0.8003564986737401
chr1:12277757:G>A	3	0.2062402439762544
chr4:69596356:G>A	3	0.2062402439762544
chrX:154032448:C>T	3	0.2062402439762544
chr13:110462297:C>T	4	-1
chr14:106005095:TCTCTCGCACAGTAATA>GTCCGGG	5	-1
