mutation_id	myclone_id	myclone_ccf
chrX:31071485:G>A	1	0.1250342614074062
chr2:84762944:C>T	2	0.5538798421994752
chr1:3632214:G>A	3	0.8365484259697156
chr16:3731323:AGG>-	3	0.8365484259697156
chr12:112477720:A>G	4	0.9461201578005249
chrX:80704678:CTT>-	4	0.9461201578005249
