mutation_id	myclone_id	myclone_ccf
chr1:68159154:C>T	1	0.8815693838632928
chr1:114713911:C>T	1	0.8815693838632928
chr16:20359421:G>A	1	0.8815693838632928
chr16:31485770:C>T	1	0.8815693838632928
chr8:112311118:C>T	1	0.8815693838632928
chr4:79325569:G>A	1	0.8815693838632928
chrX:66615981:G>A	1	0.8815693838632928
chr22:42807110:C>G	2	1
chr14:59521605:G>A	2	1
chr14:106639118:->CCTCTTCCGA	2	1
chrX:51408236:G>A	2	1
chrX:111847144:C>T	2	1
chrX:119903389:G>T	2	1
chr21:25603827:AAAGTAAGAA>-	2	1
