mutation_id	myclone_id	myclone_ccf
chr9:67900712:C>T	1	0.15443799611882
chr11:7089469:G>A	2	1.0
chr12:827228:C>A	2	1.0
chr15:48470752:A>T	2	1.0
chr5:140835736:C>T	2	1.0
chr7:87408198:C>T	2	1.0
chr7:98988769:G>A	2	1.0
chr7:101041120:C>G	2	1.0
chrX:34131495:G>A	2	1.0
chr14:74239789:G>A	2	1.0
chr6:121447258:C>T	2	1.0
chr13:28035621:C>G	3	0.3235345139031554
chr6:24145812:C>A	4	0.3810439350682377
