mutation_id	myclone_id	myclone_ccf
chr2:113406851:TACAGGATTATACTACCCCATT>CTATCCCC	1	0.4417405978392126
chr16:66969748:T>A	2	0.6383467740192128
chr20:10645355:C>T	3	1.0
chr6:28326429:C>A	3	1.0
chr8:141218283:G>A	3	1.0
chr14:94446580:C>T	4	0.23441916781360528
chr15:84839822:G>T	4	0.23441916781360528
chr18:78993357:C>T	4	0.23441916781360528
chr8:1945576:G>A	4	0.23441916781360528
chr12:40335086:T>G	5	0.10164530396117176
chr17:4738854:G>T	5	0.10164530396117176
chr17:62679893:C>T	5	0.10164530396117176
chr6:166167489:C>T	5	0.10164530396117176
