mutation_id	myclone_id	myclone_ccf
chr11:1565689:G>A	1	0.2672954476150611
chr12:112489080:T>C	1	0.2672954476150611
chr5:128990442:G>A	1	0.2672954476150611
chr12:25245347:C>T	2	0.7517616279202959
chr2:98396219:G>A	2	0.7517616279202959
chr3:46448996:C>T	2	0.7517616279202959
chr7:4762220:C>T	2	0.7517616279202959
chr10:132812870:G>T	2	0.7517616279202959
chr14:23415225:C>T	2	0.7517616279202959
chr1:230747555:G>A	3	0.9852319309580388
chr14:105864246:CCAGTAGTCAAAGTAGTCA>GACAC	3	0.9852319309580388
chr16:9092177:G>A	3	0.9852319309580388
chr3:190409955:C>T	4	0.5764438457352378
