mutation_id	myclone_id	myclone_ccf
chr2:218812572:G>A	1	0.8219541800034768
chr4:103719337:G>T	1	0.8219541800034768
chr16:67616876:G>C	2	1.0
chr2:209877962:C>T	2	1.0
chr19:7872196:G>T	3	0.5297479054470754
chr1:109669533:C>T	4	0.4341128865998244
chr4:77020552:C>T	5	0.2582608602583673
chr21:45495362:G>A	6	0.6081883838800443
