mutation_id	myclone_id	myclone_ccf
chr10:43556798:C>G	1	1.0
chr17:3528853:C>T	1	1.0
chr2:108252489:A>G	1	1.0
chr1:170167497:G>A	2	0.7037294442565406
chr12:39332913:C>T	2	0.7037294442565406
chr15:101024806:G>A	2	0.7037294442565406
chr1:17627473:G>C	3	0.0779448651988137
chrX:119073815:C>T	3	0.0779448651988137
chr1:114405639:C>T	4	0.8770571419357758
chr11:66422141:C>T	4	0.8770571419357758
chr17:35553318:G>C	4	0.8770571419357758
chr15:82750724:C>G	5	0.3697374206677737
chr16:64972059:G>A	5	0.3697374206677737
chr2:132417174:C>T	5	0.3697374206677737
chr5:72200037:G>A	5	0.3697374206677737
chr9:136839467:C>A	5	0.3697374206677737
chr9:136840779:C>T	5	0.3697374206677737
chr9:136855271:G>A	5	0.3697374206677737
chr11:58617581:G>C	6	0.2862066547121124
chr16:18815252:G>C	6	0.2862066547121124
chr17:10803793:G>A	6	0.2862066547121124
chr9:136833941:C>T	6	0.2862066547121124
chr9:136846631:C>T	6	0.2862066547121124
chr9:136847150:C>T	6	0.2862066547121124
chr9:136853835:G>A	6	0.2862066547121124
