mutation_id	myclone_id	myclone_ccf
chr11:65856054:G>A	1	0.7778299874739918
chr3:9015699:G>A	1	0.7778299874739918
chr3:193331207:C>G	1	0.7778299874739918
chr4:65490482:C>T	1	0.7778299874739918
chr4:99048836:C>T	1	0.7778299874739918
chr3:52492182:C>T	2	0.1471609296852015
chr7:105117878:G>A	2	0.1471609296852015
chr19:51153164:C>T	3	0.5971283735520436
chr4:125398878:C>T	3	0.5971283735520436
chr9:104605499:A>G	3	0.5971283735520436
chr14:21405768:C>T	3	0.5971283735520436
chrX:50194360:A>G	4	0.872093023255814
chr6:26197171:C>G	5	0.7208588957055215
chr14:106714674:ACACTGTGTCTCTCGCACAGTAAT>CTTCC	6	0.3333333333333333
