mutation_id	myclone_id	myclone_ccf
chr11:94478749:G>A	1	0.7049781086849579
chr21:30215661:C>T	1	0.7049781086849579
chr6:112216386:G>A	1	0.7049781086849579
chr14:106506996:T>G	2	0.5771980879936728
chr19:36627318:G>A	2	0.5771980879936728
chr2:162020596:G>T	2	0.5771980879936728
chr20:64073938:C>G	2	0.5771980879936728
chr3:154427532:C>T	2	0.5771980879936728
chr4:13627510:C>T	2	0.5771980879936728
chr16:31084791:C>T	3	0.8734261829468523
chr17:18120232:C>T	3	0.8734261829468523
chr17:40884947:C>T	3	0.8734261829468523
chr19:49832346:C>T	3	0.8734261829468523
chr6:100390550:C>A	3	0.8734261829468523
chrX:11169540:G>T	4	-1
