mutation_id	myclone_id	myclone_ccf
chr1:1455881:G>A	1	0.6491714761225058
chr15:89642221:C>T	1	0.6491714761225058
chr2:191146640:A>G	1	0.6491714761225058
chr12:108518187:G>A	2	0.9748901554297676
chr13:66304791:T>C	2	0.9748901554297676
chr15:47765952:C>G	2	0.9748901554297676
chr17:47709137:C>T	2	0.9748901554297676
chr3:113953892:C>G	2	0.9748901554297676
chr6:44140332:C>T	2	0.9748901554297676
