mutation_id	myclone_id	myclone_ccf
chr13:26046568:G>C	1	0.6157667150421944
chr20:3706612:G>A	1	0.6157667150421944
chr1:74470400:T>C	2	0.251376853043857
chr14:103965475:G>A	2	0.251376853043857
chr16:77367581:C>T	2	0.251376853043857
chr11:56346320:C>A	3	0.36522648467412044
chr14:60461577:G>C	3	0.36522648467412044
chr16:72122985:G>A	3	0.36522648467412044
chr21:17565633:C>T	3	0.36522648467412044
chr14:106627249:T>GGGGG	4	1
chrX:29396287:T>C	5	-1
