mutation_id	myclone_id	myclone_ccf
chr3:138734633:C>G	1	0.1313503082677756
chr8:60848514:G>T	1	0.1313503082677756
chr14:33800992:G>A	2	1.0
chr20:35303937:A>G	2	1.0
chr21:45992041:G>A	2	1.0
chr22:22031472:A>TCGCCT	2	1.0
chr3:48927736:C>T	2	1.0
chr3:147410160:C>A	2	1.0
chr4:57023516:C>T	2	1.0
chr7:77262197:A>C	2	1.0
chr9:136199013:C>A	2	1.0
chr1:43172315:C>T	3	0.8788984630073091
chr1:233379284:C>T	3	0.8788984630073091
chr12:84867189:G>T	3	0.8788984630073091
chr14:93937708:C>T	3	0.8788984630073091
chr19:57876980:A>C	3	0.8788984630073091
chr22:22031470:->CTCGC	3	0.8788984630073091
chr22:37086367:C>T	3	0.8788984630073091
chr22:41176908:CTGAGT>GC	3	0.8788984630073091
chr5:141371927:C>T	3	0.8788984630073091
chr6:48008869:C>T	3	0.8788984630073091
chr6:122809146:T>C	3	0.8788984630073091
chr7:34058138:G>A	3	0.8788984630073091
chr7:103472838:G>A	3	0.8788984630073091
chr1:34784857:G>A	4	0.7484117645672296
chr12:25245350:C>T	4	0.7484117645672296
chr12:120579788:G>A	4	0.7484117645672296
chr1:152216328:G>T	5	0.3889254493059396
chr8:12133909:C>T	5	0.3889254493059396
chr2:88966262:AGGGTAATTGTA>GTC	6	-1
