mutation_id	myclone_id	myclone_ccf
chr11:92353040:G>A	1	0.7386894204640302
chr11:115238584:C>T	1	0.7386894204640302
chr12:51770541:G>A	1	0.7386894204640302
chr16:86568257:G>A	1	0.7386894204640302
chr5:170812122:G>A	1	0.7386894204640302
chr11:17548200:C>T	2	0.21214816366723938
chr11:64118010:C>T	2	0.21214816366723938
chr12:106732962:G>A	2	0.21214816366723938
chr12:123584807:C>T	2	0.21214816366723938
chr17:63340188:C>T	2	0.21214816366723938
chr7:95589666:G>A	2	0.21214816366723938
chr8:40153611:T>G	2	0.21214816366723938
chr1:114716097:G>T	3	0.5504348386265542
chr6:167157638:G>A	3	0.5504348386265542
chr7:31864943:G>A	3	0.5504348386265542
chr10:93612973:C>A	4	0.14587221060500424
chrX:34943502:G>A	5	0.3530867951548212
chr21:33550785:G>T	6	0.08287581787947818
chrX:71603847:C>T	6	0.08287581787947818
