mutation_id	myclone_id	myclone_ccf
chr1:216677440:C>T	1	0.961144781691318
chr11:7089870:C>T	1	0.961144781691318
chr15:65077467:C>T	1	0.961144781691318
chr16:1218537:C>T	1	0.961144781691318
chr2:232482445:G>A	1	0.961144781691318
chr9:114323722:G>A	1	0.961144781691318
chr1:248203579:C>G	2	0.2587068676516166
chr12:80889311:C>A	2	0.2587068676516166
chr19:38916237:C>T	2	0.2587068676516166
chr3:44571230:T>A	2	0.2587068676516166
chr4:186621433:G>A	2	0.2587068676516166
chr7:94664368:C>T	2	0.2587068676516166
chr15:23610630:T>A	3	0.5155232397844915
chr15:78111266:G>A	3	0.5155232397844915
chr6:157184392:C>T	3	0.5155232397844915
chr14:106578734:TCACTGTGTGTCTC>CCCGTCAGGG	4	-1
chrX:27463207:G>T	5	-1
chr2:88947286:GTGTAACACTGTGGGAGAA>AAGG	6	-1
