mutation_id	myclone_id	myclone_ccf
chr7:5351834:C>A	1	0.7661290322580644
chr6:99613336:C>T	2	0.192307692307692
chr1:114716126:C>G	3	0.5063886381870669
chr12:40944085:C>A	3	0.5063886381870669
chr13:113667540:G>A	3	0.5063886381870669
chr19:19257945:C>T	3	0.5063886381870669
chr2:167250784:G>A	3	0.5063886381870669
chr8:127738438:C>A	3	0.5063886381870669
chr5:1221881:A>G	4	-1
chr19:39100779:G>A	5	0.9305816135084428
chr1:205844135:C>-	6	-1
chr9:2115841:G>A	6	-1
chr16:1079714:C>T	7	0.6857921594763701
chr3:186742074:T>G	7	0.6857921594763701
chr1:247532184:C>G	8	-1
chr11:62524856:G>A	9	0.4560066624552072
chr19:55178294:G>A	9	0.4560066624552072
chr2:144389881:T>C	9	0.4560066624552072
chr3:47113962:->AGG	9	0.4560066624552072
chr14:44505621:T>C	10	0.5175600739371531
