mutation_id	myclone_id	myclone_ccf
chr19:56221802:T>C	1	0.4084758547436154
chr12:57465826:->GA	2	1.0
chr8:22618652:C>T	2	1.0
chr2:164729968:T>G	3	0.2262721059033925
chr4:172952243:T>G	3	0.2262721059033925
