mutation_id	myclone_id	myclone_ccf
chr14:33676238:G>A	1	0.70588830448911
chr16:3767781:TTCTT>-	1	0.70588830448911
chr17:28689553:G>A	1	0.70588830448911
chr8:138152964:->T	1	0.70588830448911
chr1:86579577:T>C	2	0.8281847685995709
chr10:50127175:G>A	2	0.8281847685995709
chr19:48499404:G>A	2	0.8281847685995709
chr5:5140715:G>A	2	0.8281847685995709
chr6:52076317:G>A	2	0.8281847685995709
chr1:152351779:C>A	3	0.9609036387046305
chr11:1000436:C>T	3	0.9609036387046305
chr11:47590382:C>T	3	0.9609036387046305
chr14:21092337:G>T	3	0.9609036387046305
chr14:67562662:G>A	3	0.9609036387046305
chr18:22177107:C>A	3	0.9609036387046305
chr3:141066541:G>A	3	0.9609036387046305
chr2:106496236:G>A	4	0.6063348416289592
chr21:17797040:G>T	5	1.022605083088954
chr21:45475500:C>T	5	1.022605083088954
