mutation_id	myclone_id	myclone_ccf
chr11:17610035:C>G	1	0.7568296453444311
chr12:111744879:G>A	1	0.7568296453444311
chr17:36990786:C>G	1	0.7568296453444311
chr7:150959678:G>A	1	0.7568296453444311
chr7:151019160:C>A	1	0.7568296453444311
