mutation_id	myclone_id	myclone_ccf
chr1:18854909:G>A	1	0.6373844583350812
chr3:48641917:G>A	2	0.2626534953767086
chr11:56122604:G>A	3	0.43721259567155396
chr14:106627248:->TCTCTCCA	3	0.43721259567155396
chr9:74755418:T>C	3	0.43721259567155396
chr11:46378489:G>A	4	0.08961449146282707
chr11:124921303:C>A	4	0.08961449146282707
chr2:144389881:T>C	4	0.08961449146282707
chr11:26599702:G>A	5	0.8989229908870691
chr15:26883503:C>T	5	0.8989229908870691
chr2:74534645:C>A	5	0.8989229908870691
chr2:169320863:C>T	5	0.8989229908870691
chr3:10142105:C>T	5	0.8989229908870691
chr4:48565648:G>C	5	0.8989229908870691
chr4:48565650:G>A	5	0.8989229908870691
chr4:140559982:A>C	5	0.8989229908870691
chr7:152183078:G>A	5	0.8989229908870691
chrX:125320503:G>A	5	0.8989229908870691
