mutation_id	myclone_id	myclone_ccf
chr8:144247592:C>T	1	1.0
chr17:4597225:C>T	2	0.7818203272498426
chr17:28580094:A>G	3	0.4088235294117646
chr2:113406872:->TC	4	0.5696229476473302
chr3:150546077:->GGGG	4	0.5696229476473302
