mutation_id	myclone_id	myclone_ccf
chr1:216418567:C>T	1	1.0
chr4:182799939:G>A	1	1.0
chr9:101594449:C>T	1	1.0
chr5:14690073:C>G	2	0.1154059231358214
chr7:98971845:C>T	2	0.1154059231358214
chr10:110887798:T>G	3	0.8487711588371937
chr11:120905344:C>T	3	0.8487711588371937
chr13:98395391:C>T	3	0.8487711588371937
chr16:81270221:C>T	3	0.8487711588371937
chr6:10995096:G>A	3	0.8487711588371937
chr6:128397635:A>C	3	0.8487711588371937
chr12:25245351:C>G	4	0.6095037727013274
chr17:35353438:A>G	4	0.6095037727013274
chr2:89937679:->CCCCCTC	4	0.6095037727013274
chr2:90221382:T>-	5	0.35789508356568445
