mutation_id	myclone_id	myclone_ccf
chr12:25225627:G>A	1	0.8944937439525751
chr2:215406311:G>C	1	0.8944937439525751
chr12:104123242:A>C	2	0.6882645642174624
chr10:106667786:G>A	3	0.26036356692017465
chr6:51744531:C>A	4	0.6137833195591662
chr6:51744532:C>A	4	0.6137833195591662
