mutation_id	myclone_id	myclone_ccf
chr19:57130490:A>T	1	1.0
chr7:149848116:C>T	1	1.0
chr1:86126054:G>A	2	0.8271827859512236
chr1:86567595:C>G	2	0.8271827859512236
chr17:7583912:T>A	2	0.8271827859512236
chr2:178748240:A>G	2	0.8271827859512236
chr11:94997617:G>A	3	0.08377592044657632
chr14:24259725:G>C	3	0.08377592044657632
chr15:23361432:G>A	3	0.08377592044657632
chr16:28063134:G>C	3	0.08377592044657632
chr16:88892253:C>T	3	0.08377592044657632
chr2:219557494:G>A	3	0.08377592044657632
chr4:15936134:C>G	3	0.08377592044657632
chr8:142879467:C>A	3	0.08377592044657632
chr1:61700226:C>A	4	0.6505856457414662
chr1:224681025:C>T	4	0.6505856457414662
chr12:57194687:G>A	4	0.6505856457414662
chr14:29597684:G>A	4	0.6505856457414662
chr21:45175859:G>A	4	0.6505856457414662
chr6:43777637:C>T	4	0.6505856457414662
chr6:139288595:C>T	4	0.6505856457414662
chr6:158504079:G>A	4	0.6505856457414662
chr6:160650337:C>T	4	0.6505856457414662
chr10:133199180:C>T	5	0.18313188108876977
chr14:99174583:G>T	5	0.18313188108876977
chr19:6312235:G>A	5	0.18313188108876977
chr5:79079372:G>A	5	0.18313188108876977
chr7:158316858:G>A	5	0.18313188108876977
chrX:151672348:C>G	5	0.18313188108876977
chr11:117465159:G>A	6	0.41666467517818423
chr12:25225628:C>G	6	0.41666467517818423
chr2:178590701:C>T	6	0.41666467517818423
chr2:178591032:C>G	6	0.41666467517818423
chr6:152220913:C>G	6	0.41666467517818423
chr6:160578661:G>A	6	0.41666467517818423
chr14:106324254:TT>-	7	0.5977808784301725
