mutation_id	myclone_id	myclone_ccf
chr7:55160161:G>A	1	0.5149266609145814
chr3:64099880:C>T	2	0.9999999999999998
chr11:113399715:C>T	3	0.3204595581502917
chr15:63983715:G>C	3	0.3204595581502917
