mutation_id	myclone_id	myclone_ccf
chr11:118203582:C>T	1	1.0
chr12:57184923:C>T	1	1.0
chr16:1079174:G>A	1	1.0
chr17:29608970:C>T	1	1.0
chr2:240965409:G>A	1	1.0
chr3:183982904:C>T	1	1.0
chr3:192335416:C>T	1	1.0
chr7:290659:C>T	1	1.0
chr1:155016445:->CGGC	2	0.8693471009466359
chr1:156978351:G>A	2	0.8693471009466359
chr11:17779466:G>A	2	0.8693471009466359
chr11:31094177:G>A	2	0.8693471009466359
chr11:49192821:C>G	2	0.8693471009466359
chr16:57957361:C>T	2	0.8693471009466359
chr16:58038359:C>T	2	0.8693471009466359
chr17:18735001:C>T	2	0.8693471009466359
chr2:201761329:G>A	2	0.8693471009466359
chr5:140929249:G>A	2	0.8693471009466359
chr10:49107741:C>T	2	0.8693471009466359
chr10:49107742:C>T	2	0.8693471009466359
chr10:127552570:G>A	2	0.8693471009466359
chr14:22423042:->GAT	2	0.8693471009466359
chr4:118352579:G>A	2	0.8693471009466359
chr4:125448534:G>A	2	0.8693471009466359
chr4:148435515:G>A	2	0.8693471009466359
chrX:34130781:G>A	2	0.8693471009466359
chrX:50911007:G>A	2	0.8693471009466359
chrX:88753805:C>T	2	0.8693471009466359
chr12:11885989:ATT>-	3	0.2098824003210208
chr2:21011759:G>A	3	0.2098824003210208
chr21:36293415:C>T	3	0.2098824003210208
chr12:25225713:T>A	4	0.429602165568623
chr13:28018498:ATG>-	4	0.429602165568623
chr16:3793493:->GAAT	4	0.429602165568623
chr17:40555382:C>T	4	0.429602165568623
chr3:161085900:T>A	4	0.429602165568623
chr20:96129:A>T	5	0.577818849645929
chr4:95202825:C>T	5	0.577818849645929
chr6:39879414:G>A	5	0.577818849645929
chr6:50715539:G>A	5	0.577818849645929
chr8:32764345:A>G	5	0.577818849645929
chrX:43731852:G>A	5	0.577818849645929
chrX:43731853:G>A	5	0.577818849645929
chr4:1961074:G>A	5	0.577818849645929
chr6:75841376:C>T	6	0.3604338106122989
