mutation_id	myclone_id	myclone_ccf
chr12:132625715:G>A	1	0.0903664194245886
chr1:114716123:C>T	2	0.8995023064336465
chr12:19365986:G>A	2	0.8995023064336465
chr19:5231387:C>T	2	0.8995023064336465
chr5:17611475:G>T	2	0.8995023064336465
chr9:111527656:G>A	2	0.8995023064336465
chr12:112450509:A>C	3	1.0
chr2:218993071:C>T	3	1.0
chr22:41925437:G>A	3	1.0
chrX:41474131:C>T	3	1.0
chr1:154571483:G>A	3	1.0
chr14:33800803:G>A	3	1.0
chr14:81277500:A>G	3	1.0
chr6:6002496:C>T	3	1.0
chr6:79673733:G>A	3	1.0
chr6:119189848:G>A	3	1.0
chr14:104744885:G>A	4	0.16393664641642935
chr22:22099208:->T	5	0.5200633534801121
