mutation_id	myclone_id	myclone_ccf
chr12:49027256:G>A	1	1.0
chr8:142875811:C>T	1	1.0
chr12:114674211:G>A	2	0.2685455600367661
chr5:141346124:G>A	2	0.2685455600367661
chr9:133475022:G>A	2	0.2685455600367661
chr10:27208377:G>A	2	0.2685455600367661
chr17:28381347:C>T	2	0.2685455600367661
chr21:26965393:G>A	2	0.2685455600367661
chr4:4226841:G>A	2	0.2685455600367661
chr6:7845243:C>A	2	0.2685455600367661
chr13:101068007:A>G	3	0.5268508244179313
chr2:149011586:C>T	3	0.5268508244179313
chr14:81143884:G>A	3	0.5268508244179313
chr6:16327108:A>T	3	0.5268508244179313
chr17:10447036:G>A	3	0.5268508244179313
chr4:25676556:G>A	3	0.5268508244179313
chr6:35797245:G>A	3	0.5268508244179313
chr6:56179767:C>T	3	0.5268508244179313
chrX:115191868:C>T	3	0.5268508244179313
chrX:153770094:C>A	3	0.5268508244179313
chr12:49051975:A>C	4	0.7163883787215207
chr12:112477719:A>G	4	0.7163883787215207
chr4:575565:G>T	4	0.7163883787215207
chr1:114716123:C>T	5	0.3515761645276781
chr15:55192775:C>G	5	0.3515761645276781
chr21:39274441:G>A	6	0.44268719060086664
