mutation_id	myclone_id	myclone_ccf
chr15:93088924:C>T	1	0.0688491888416148
chr12:112489081:C>T	2	0.9478855790244248
chr18:694282:G>A	2	0.9478855790244248
chr9:36966662:G>A	2	0.9478855790244248
chr9:36966663:C>T	2	0.9478855790244248
chrX:103079791:T>C	2	0.9478855790244248
chr12:80619461:A>G	3	0.8311555636967862
chr15:96334103:C>A	3	0.8311555636967862
chr15:98891416:C>T	3	0.8311555636967862
chr2:26940149:A>G	3	0.8311555636967862
chr5:141365066:G>A	3	0.8311555636967862
chr7:5072933:G>C	3	0.8311555636967862
chr7:100313220:G>A	3	0.8311555636967862
chr9:35738341:C>T	3	0.8311555636967862
chrX:48988124:A>G	3	0.8311555636967862
