mutation_id	myclone_id	myclone_ccf
chr4:176120055:G>T	1	0.6861924686192468
chr11:22239584:C>T	2	0.90043444363206
chr17:28693732:C>A	2	0.90043444363206
chr7:91266478:->C	2	0.90043444363206
chr2:27568651:G>A	3	0.4515834428254809
chr2:118974545:C>T	3	0.4515834428254809
chr5:53483508:G>A	3	0.4515834428254809
chr8:27921866:G>A	3	0.4515834428254809
