mutation_id	myclone_id	myclone_ccf
chr14:22528527:GGT>A	1	0.5781740647958052
chr1:114716123:C>T	2	0.2800050219207738
chr12:25225628:C>T	2	0.2800050219207738
chr11:1081673:C>A	3	0.12893221074344513
chr13:20704057:C>T	3	0.12893221074344513
chr16:2179134:C>T	3	0.12893221074344513
chr16:12902175:C>T	3	0.12893221074344513
chr18:23532224:C>T	3	0.12893221074344513
chr3:154429547:C>T	3	0.12893221074344513
chr4:133151578:G>A	3	0.12893221074344513
chr6:32096482:G>A	3	0.12893221074344513
chr8:138688958:G>A	3	0.12893221074344513
chr1:213997242:G>A	4	1.0
chr11:69005817:C>T	4	1.0
chr13:52847597:G>A	4	1.0
chr19:1233521:C>T	4	1.0
chr1:228425063:G>A	5	0.8774732411225415
chr1:248453410:G>A	5	0.8774732411225415
chr18:48859457:G>A	5	0.8774732411225415
chr2:178719351:C>T	5	0.8774732411225415
chr5:150061760:G>C	5	0.8774732411225415
chr7:13895982:G>A	5	0.8774732411225415
