mutation_id	myclone_id	myclone_ccf
chr20:36432588:C>T	1	0.6480264371446931
chr4:8441220:->GCCC	1	0.6480264371446931
chr4:99582015:C>T	1	0.6480264371446931
chr11:46876614:C>T	2	0.5128667800733842
chr14:23526866:C>T	2	0.5128667800733842
chr11:85912669:G>T	3	0.8090471979115987
chr4:55125282:C>T	3	0.8090471979115987
chr16:3738616:C>T	4	1
chr17:68902789:A>G	4	1
chr2:186847751:C>T	4	1
chr6:148487646:G>A	4	1
