mutation_id	myclone_id	myclone_ccf
chr1:31740488:C>T	1	1
chr1:43669113:C>T	1	1
chr1:154571797:C>T	1	1
chr1:162498060:G>A	1	1
chr11:65355812:G>A	1	1
chr11:123605439:C>T	1	1
chr12:47740704:A>G	1	1
chr3:191375123:C>T	1	1
chr4:17709468:G>A	1	1
chr5:141364402:C>T	1	1
chr5:149026680:G>T	1	1
chr7:140601422:T>C	1	1
chr9:5078360:A>G	1	1
chr9:37014995:->CCCGTG	1	1
chr21:44525659:G>A	1	1
chr2:164695223:T>C	2	0.8136071013431708
chr17:50840592:C>T	3	1.062852820536372
