mutation_id	myclone_id	myclone_ccf
chr11:62977352:C>T	1	0.7263670832630764
chr12:121809965:C>T	1	0.7263670832630764
chr16:71027638:A>T	1	0.7263670832630764
chr2:226796519:G>A	1	0.7263670832630764
chr11:62981068:G>A	2	0.17375034762202501
chr3:146595071:T>C	2	0.17375034762202501
chr10:102067781:G>T	2	0.17375034762202501
chr6:72183080:G>T	2	0.17375034762202501
chr9:127336161:G>A	2	0.17375034762202501
chr9:87885310:G>A	2	0.17375034762202501
chr18:26459809:G>A	3	0.2863252032520327
chr17:3514613:G>A	4	0.08521473778721722
chr4:23802279:G>A	4	0.08521473778721722
