mutation_id	myclone_id	myclone_ccf
chr10:122085806:C>T	1	0.4541594389142716
chr1:114716127:C>G	2	0.2727444380116082
chr14:50920571:G>A	2	0.2727444380116082
chr15:28175646:C>T	3	0.847613201890645
chr18:12125513:G>A	3	0.847613201890645
chr19:50876878:G>A	3	0.847613201890645
chr19:54829933:G>T	3	0.847613201890645
chr2:26310014:C>A	3	0.847613201890645
chr2:90005628:C>G	3	0.847613201890645
chr7:107748993:C>T	3	0.847613201890645
chr9:36080604:G>A	3	0.847613201890645
chr2:11785061:C>G	4	1.0
chr5:138424292:G>A	4	1.0
chr6:152367263:C>T	4	1.0
chrX:10567390:G>A	5	0.5398330656724958
