mutation_id	myclone_id	myclone_ccf
chr16:70901177:G>A	1	0.6025678410009273
chr19:44172125:C>T	1	0.6025678410009273
chr10:105214536:C>A	2	0.9843353049800445
chr10:132924838:C>T	2	0.9843353049800445
chr13:98440038:C>T	2	0.9843353049800445
chr13:102616409:A>G	2	0.9843353049800445
chr4:1961074:G>A	2	0.9843353049800445
chr6:30898279:G>A	2	0.9843353049800445
chr6:152428253:G>A	2	0.9843353049800445
chr9:135484605:C>T	2	0.9843353049800445
