mutation_id	myclone_id	myclone_ccf
chr8:90063433:C>T	1	0.4702667927580934
chr8:90063434:C>T	1	0.4702667927580934
chr1:156908815:G>A	2	0.7882346688690589
chr3:100824911:G>A	2	0.7882346688690589
chr11:6616041:C>T	3	0.9095429772151634
chr11:64910654:G>A	3	0.9095429772151634
chr15:41841094:C>T	3	0.9095429772151634
chr15:84840507:G>A	3	0.9095429772151634
chr16:3204619:G>A	3	0.9095429772151634
chrX:111518908:T>A	3	0.9095429772151634
chr1:206934574:G>A	4	1.0
chr17:35773228:A>G	4	1.0
chr2:219575389:C>A	4	1.0
chr5:76701118:C>T	4	1.0
chr4:25676245:C>A	4	1.0
