mutation_id	myclone_id	myclone_ccf
chr12:25245350:C>T	1	0.5404874463773808
chr15:65077345:T>C	1	0.5404874463773808
chr2:161905855:G>C	1	0.5404874463773808
chr2:178014351:G>A	1	0.5404874463773808
chr2:178552237:G>T	1	0.5404874463773808
chr14:106335072:TCACTGTGTCTTTCGCACAGTAATACAC>CCTTCAA	1	0.5404874463773808
chr6:56508690:T>A	1	0.5404874463773808
chr11:130238483:G>T	2	0.9475672253694013
chr14:106037901:->CA	2	0.9475672253694013
chr16:20431051:C>T	2	0.9475672253694013
chr19:55541400:A>G	2	0.9475672253694013
chr7:117542062:C>T	2	0.9475672253694013
chr14:106373663:->CCGAGTAGAA	3	0.750533798413891
chr1:114716126:C>T	4	0.27826487377697834
chr2:50623318:C>T	4	0.27826487377697834
chr8:24352046:C>A	4	0.27826487377697834
chr14:64803614:C>T	4	0.27826487377697834
chr14:106349274:CTCATTGTGTCTCTGGCACAGTAA>TCTGTGGTAGG	4	0.27826487377697834
chr10:75399223:G>A	5	0.20919516364680357
chr17:10501429:C>T	5	0.20919516364680357
