mutation_id	myclone_id	myclone_ccf
chr19:50451960:C>T	1	1.0
chr10:117374458:G>A	2	0.7978977059191589
chr19:7932892:G>A	2	0.7978977059191589
chr9:132327562:G>A	2	0.7978977059191589
chr1:248681645:G>A	3	0.11643489095887742
chr10:93408906:G>A	3	0.11643489095887742
chr19:12734627:G>T	3	0.11643489095887742
chr3:73384686:G>A	3	0.11643489095887742
chr3:154124440:G>C	3	0.11643489095887742
chr8:32647993:C>T	3	0.11643489095887742
chr1:228395232:C>T	4	0.21847518551132034
chr1:241959010:T>A	4	0.21847518551132034
chr17:1659419:C>T	4	0.21847518551132034
chr6:33321049:C>T	4	0.21847518551132034
chr6:159233550:C>T	4	0.21847518551132034
chr19:18167305:G>A	5	0.3255519186483225
chr5:33936961:C>T	5	0.3255519186483225
chr5:81094881:G>T	5	0.3255519186483225
chr8:143276761:G>A	5	0.3255519186483225
chrX:54465766:C>T	6	-1
chrX:120254838:C>T	7	-1
