mutation_id	myclone_id	myclone_ccf
chr2:186505560:G>A	1	0.9409135287248507
chr6:24596455:G>A	1	0.9409135287248507
chr19:47131019:C>T	2	0.5645491503772034
chr7:100892377:C>T	2	0.5645491503772034
chr8:26770164:G>A	2	0.5645491503772034
chr15:40812866:C>T	3	-1
