mutation_id	myclone_id	myclone_ccf
chr15:41990171:A>G	1	1
chr2:124524397:G>A	1	1
chr5:26881546:C>T	1	1
chrX:105767317:G>A	1	1
chr10:96480459:G>A	1	1
chr11:62796539:G>A	2	0.8664774681416848
chr12:25225628:C>T	2	0.8664774681416848
chr12:120346231:G>A	2	0.8664774681416848
chr16:15598912:G>A	2	0.8664774681416848
chr5:7835463:C>T	2	0.8664774681416848
chr2:102708424:C>T	3	0.2036941058483202
chr8:112921678:G>A	3	0.2036941058483202
chr17:49506468:C>T	3	0.2036941058483202
chr4:7793774:G>A	3	0.2036941058483202
chr18:21499919:G>A	4	1.0524285163128688
chr18:8069952:C>T	5	-0.0050258154977626535
