mutation_id	myclone_id	myclone_ccf
chr2:140442608:G>A	1	0.6650845138982432
chr20:31368681:C>T	1	0.6650845138982432
chr5:180792933:G>A	1	0.6650845138982432
chr1:26346575:G>A	2	1.0
chr17:10635462:C>A	2	1.0
chr17:55320723:C>T	2	1.0
chr2:237376910:C>T	2	1.0
chr1:37840074:G>A	3	0.10482799727109443
chr10:93600490:G>A	3	0.10482799727109443
chr10:100274945:G>T	3	0.10482799727109443
chr11:4587824:C>G	3	0.10482799727109443
chr11:60933649:G>A	3	0.10482799727109443
chr11:65131561:G>A	3	0.10482799727109443
chr11:77203078:G>A	3	0.10482799727109443
chr17:82178492:G>A	3	0.10482799727109443
chr21:36072826:G>C	3	0.10482799727109443
chr22:41356795:C>T	3	0.10482799727109443
chr3:134360252:C>T	3	0.10482799727109443
chr6:26271093:C>T	3	0.10482799727109443
chr8:138635030:G>C	3	0.10482799727109443
chrX:106773117:C>T	4	-1
chrX:152652694:C>G	4	-1
