mutation_id	myclone_id	myclone_ccf
chr16:3738617:G>A	1	1
chr1:219611187:G>A	2	0.5747780260575536
chr13:101916640:G>A	2	0.5747780260575536
chr17:76043913:G>A	2	0.5747780260575536
chr1:200873103:C>T	3	0.1371648820455192
chr11:65206551:G>A	3	0.1371648820455192
chr3:165188393:T>C	3	0.1371648820455192
chr7:122615249:A>C	3	0.1371648820455192
