mutation_id	myclone_id	myclone_ccf
chr3:100609870:G>A	1	0.1001740498927396
chr1:16029255:C>T	2	1
chr11:73234320:C>T	2	1
chr12:57595957:C>T	2	1
chr18:63637835:C>T	2	1
chr4:147542589:C>T	2	1
chr5:171785967:C>T	2	1
chr1:225207109:C>T	3	0.8659216125747251
chr2:77519060:G>A	3	0.8659216125747251
chr5:136992531:T>A	4	0.1838788068370118
chr6:79518792:G>A	4	0.1838788068370118
chr21:34707355:G>A	4	0.1838788068370118
chr1:114716126:C>T	5	0.581076718401183
chr12:24881323:->A	5	0.581076718401183
chr12:88102852:A>G	5	0.581076718401183
chr13:37745947:C>T	5	0.581076718401183
chr7:27147710:G>A	5	0.581076718401183
chr14:98716280:G>A	5	0.581076718401183
chr21:33027124:T>G	5	0.581076718401183
chr1:180031380:G>A	6	0.39567550221079595
chr15:100341399:G>A	6	0.39567550221079595
chr17:35444743:A>-	6	0.39567550221079595
chr3:125975619:G>A	6	0.39567550221079595
chr12:25245350:C>A	7	0.32787578485237756
chr20:25774963:C>T	7	0.32787578485237756
chr3:99795140:A>G	7	0.32787578485237756
chr5:96423363:C>T	7	0.32787578485237756
chrX:153182741:C>T	7	0.32787578485237756
