mutation_id	myclone_id	myclone_ccf
chr1:33652360:C>T	1	0.7584202712673491
chr1:114716123:C>T	1	0.7584202712673491
chr2:48963363:A>T	1	0.7584202712673491
chr2:233960921:C>T	1	0.7584202712673491
chr2:240750444:C>T	1	0.7584202712673491
chr20:35267209:C>A	1	0.7584202712673491
chr5:850400:C>T	1	0.7584202712673491
chr14:93263790:G>-	1	0.7584202712673491
chr17:43492802:C>T	1	0.7584202712673491
chr6:77462917:G>A	1	0.7584202712673491
chr8:112976056:C>A	1	0.7584202712673491
chr18:36372682:G>A	2	0.2365895157464509
chr14:106592675:->GGGTA	3	0.5304889975550124
