mutation_id	myclone_id	myclone_ccf
chr19:47260422:G>A	1	0.9213506910486284
chr5:140787844:C>T	1	0.9213506910486284
chr11:47420292:G>C	2	0.6429867493013017
chr11:94486003:A>T	2	0.6429867493013017
chr5:41201626:A>C	2	0.6429867493013017
