mutation_id	myclone_id	myclone_ccf
chr16:23148938:G>T	1	0.5316323471675585
chr16:75545826:G>A	1	0.5316323471675585
chr20:49230258:G>A	2	0.1077174544503383
chr9:127397281:C>T	2	0.1077174544503383
chr12:25245347:C>T	3	0.9801573094961852
chr13:101061979:G>A	3	0.9801573094961852
chr14:23387555:G>T	3	0.9801573094961852
chr3:51391547:C>A	3	0.9801573094961852
chr3:158592465:C>T	3	0.9801573094961852
chr4:25277163:G>A	3	0.9801573094961852
chr5:136274756:C>T	3	0.9801573094961852
chrX:19351353:G>A	3	0.9801573094961852
chr2:88861921:->AA	4	-1
chr2:88861923:C>AAT	4	-1
