mutation_id	myclone_id	myclone_ccf
chr1:114716126:C>T	1	0.4582084582084582
chr16:633754:C>T	2	0.0942180732997438
chr1:54139782:C>T	3	0.3751062362694632
chr3:138572913:G>A	4	0.823948308700243
chr3:165190221:G>A	4	0.823948308700243
chr1:186088271:G>A	5	1.0
chr18:57360109:A>G	5	1.0
chr3:13819288:C>T	5	1.0
