mutation_id	myclone_id	myclone_ccf
chr15:35084380:C>T	1	0.14243587172032268
chrX:73850010:T>G	1	0.14243587172032268
chr1:205338545:T>A	2	1
chr19:48498867:G>T	2	1
chr7:90352897:G>A	2	1
chr11:86068690:T>C	3	0.7649204553354789
chr12:25225713:T>A	3	0.7649204553354789
chr17:1479645:C>T	3	0.7649204553354789
chr2:207124134:C>T	3	0.7649204553354789
chr3:108553700:TTC>-	3	0.7649204553354789
chr5:140856650:G>A	3	0.7649204553354789
chrX:45083511:->GGCATCT	3	0.7649204553354789
