mutation_id	myclone_id	myclone_ccf
chr11:2661075:C>A	1	1
chr1:162773494:T>C	1	1
chr17:28956207:G>A	1	1
chr4:139704049:G>A	1	1
chr12:51365549:->CGAACAC	2	0.8317262267353914
chr2:227724644:G>-	2	0.8317262267353914
chr7:128847786:C>A	2	0.8317262267353914
chr1:202150360:G>A	2	0.8317262267353914
chr4:186082340:C>T	2	0.8317262267353914
chr12:112450359:G>T	3	0.4019714826131238
chr15:27990616:C>T	4	0.2407836446360152
chr5:151325406:G>T	4	0.2407836446360152
chr18:32310297:G>A	4	0.2407836446360152
chr18:48029320:G>A	4	0.2407836446360152
chr1:114716126:C>T	5	0.1595580882499022
chr12:13563326:G>A	5	0.1595580882499022
chr11:134261166:G>A	5	0.1595580882499022
chr18:74634525:A>G	5	0.1595580882499022
chr4:153466450:C>T	5	0.1595580882499022
chr14:22449102:GTAGCACTGTGACTGGGGGATACGC>-	6	-1
chr4:125489980:C>A	7	0.45387592363790297
