mutation_id	myclone_id	myclone_ccf
chr12:58877532:C>T	1	1.0
chr12:101354947:C>T	1	1.0
chr12:101354948:C>T	1	1.0
chr2:148458837:C>T	2	0.5618434180457768
chr20:56525838:T>C	2	0.5618434180457768
chr12:21828977:C>T	3	0.7995392008554699
chr20:38309023:G>A	3	0.7995392008554699
chr5:139480857:C>A	3	0.7995392008554699
chr7:124747257:G>A	3	0.7995392008554699
chr1:154970518:G>A	4	0.9243357452800538
chr19:35560390:C>T	4	0.9243357452800538
chr21:46273552:G>A	5	-1
