mutation_id	myclone_id	myclone_ccf
chr11:62979591:A>G	1	1.0
chr13:32357749:C>T	1	1.0
chr3:43033531:C>T	1	1.0
chrX:14845010:A>G	1	1.0
chr4:166039358:C>T	1	1.0
chr16:69109992:G>A	2	0.8757471263281523
chr19:18667852:G>A	2	0.8757471263281523
chr5:76733086:G>A	2	0.8757471263281523
chr9:76850561:G>A	2	0.8757471263281523
chr9:85021399:G>T	2	0.8757471263281523
chr8:70157029:C>T	2	0.8757471263281523
chr13:28018507:C>T	3	0.2258308685419654
chrX:139965494:C>T	3	0.2258308685419654
chr1:114716126:C>T	4	0.5750941116075923
chr7:15626910:C>A	4	0.5750941116075923
chr4:169753710:C>A	5	0.395371501737172
