mutation_id	myclone_id	myclone_ccf
chr12:52601416:G>A	1	0.1851943276063144
chr3:47106062:G>A	2	0.4936951096404002
chr17:80891776:C>G	2	0.4936951096404002
chr1:225392425:C>A	3	1
chr12:52573636:G>A	3	1
chr20:3234572:C>T	3	1
chr20:33679948:G>A	3	1
chr5:132487055:A>G	3	1
chr5:139392865:C>G	3	1
chr17:82163331:C>T	3	1
chr8:106706459:C>G	3	1
chrX:54446125:G>T	3	1
chr12:89349401:GTTAGGGGATATGTTGGATTTTTTCATTTTGACAATGT>CC	4	0.8254240096541167
chr12:121229048:G>A	4	0.8254240096541167
chr19:52438424:G>T	4	0.8254240096541167
chr20:63693257:G>A	4	0.8254240096541167
chr7:99454045:G>A	4	0.8254240096541167
chr9:72754875:C>T	4	0.8254240096541167
chr17:69032208:C>A	4	0.8254240096541167
chr6:10963781:G>A	4	0.8254240096541167
chr8:119793426:T>A	4	0.8254240096541167
