mutation_id	myclone_id	myclone_ccf
chr1:46613165:C>T	1	1.0
chr11:58214909:C>T	1	1.0
chr15:23647502:G>T	1	1.0
chr19:58053675:G>A	1	1.0
chr2:54866768:T>G	1	1.0
chr4:133151073:G>C	1	1.0
chr5:44809286:C>A	1	1.0
chr5:168431311:G>A	2	0.336973390499416
chr8:124562794:C>T	2	0.336973390499416
chr17:82015135:G>A	2	0.336973390499416
chr4:157361587:G>C	2	0.336973390499416
chr1:186086289:C>T	2	0.336973390499416
chr12:10010781:G>A	2	0.336973390499416
chrX:73213735:G>T	2	0.336973390499416
chr6:84744268:G>A	2	0.336973390499416
chr10:7797127:C>T	2	0.336973390499416
chr13:102768310:T>C	3	0.7694403569413147
chr5:128361791:G>A	3	0.7694403569413147
chr7:122386299:T>G	3	0.7694403569413147
chr8:66948090:T>C	3	0.7694403569413147
chr10:116591826:C>T	4	0.14484419399487528
chr17:66880652:C>T	4	0.14484419399487528
chr5:11903824:C>G	4	0.14484419399487528
chr2:210436346:T>C	5	0.503215226557887
