mutation_id	myclone_id	myclone_ccf
chr2:90100738:TCCCACAGTGTTACAC>GCCA	1	0.32842287098800094
chr6:32046324:G>A	1	0.32842287098800094
chrX:73825597:T>A	1	0.32842287098800094
chr16:50729836:C>T	2	0.6465445971753999
chr21:44895008:G>A	2	0.6465445971753999
chr5:90653548:C>T	2	0.6465445971753999
chr1:26573316:G>A	3	0.9638561014133536
chr18:8244074:C>T	3	0.9638561014133536
chr19:38459229:G>A	3	0.9638561014133536
chr22:22409837:C>T	3	0.9638561014133536
chr3:179653241:G>A	3	0.9638561014133536
chr8:72568265:G>A	3	0.9638561014133536
chr3:179653242:C>A	4	0.8541368902322384
chr6:10902886:T>C	4	0.8541368902322384
chr6:10902887:T>G	4	0.8541368902322384
chrX:80677015:C>T	4	0.8541368902322384
chr1:24108624:G>A	5	0.10082897659516074
chr4:69596285:G>C	5	0.10082897659516074
chr4:99653403:G>C	5	0.10082897659516074
chr5:102291430:C>A	5	0.10082897659516074
chr1:153689194:G>A	6	0.20420507846683758
chr1:228272093:C>T	6	0.20420507846683758
chr11:94111604:C>T	6	0.20420507846683758
chr16:67621570:A>G	6	0.20420507846683758
chr20:59755283:C>A	6	0.20420507846683758
chr3:15262278:C>T	6	0.20420507846683758
chr7:152249903:G>A	6	0.20420507846683758
