mutation_id	myclone_id	myclone_ccf
chr13:19178260:G>A	1	0.5288316367492603
chr17:81461497:->AGGGAGAGCGGCATGCCTGGGCCCATC	1	0.5288316367492603
chr21:33283119:T>G	2	0.0921703641647808
chr5:141247435:G>A	2	0.0921703641647808
chr10:92474934:C>-	3	0.9824174506353046
chr12:82965620:G>A	3	0.9824174506353046
chr15:62650173:C>T	3	0.9824174506353046
chr17:32721122:C>T	3	0.9824174506353046
chr3:77622384:G>T	3	0.9824174506353046
chr9:135945046:->TATGG	3	0.9824174506353046
chr12:2606654:C>T	4	-1
chr7:38317017:CAC>AAAAATCGAACCCGGCCGG	4	-1
