mutation_id	myclone_id	myclone_ccf
chr2:20624731:C>T	1	1
chr16:31916425:AA>-	2	0.6666666666666666
chr8:39767032:T>-	2	0.6666666666666666
chr9:74788653:G>A	2	0.6666666666666666
chr12:123937547:G>C	3	0.15919070458690798
chr20:44418451:C>T	3	0.15919070458690798
chr1:22638907:G>A	4	0.0767686544815606
chr1:74470147:C>G	4	0.0767686544815606
chr11:18599946:G>A	4	0.0767686544815606
chr3:88156579:G>A	4	0.0767686544815606
chr5:141370544:C>G	4	0.0767686544815606
chr11:18701764:C>T	5	0.8354988007369732
chr11:66267284:C>G	5	0.8354988007369732
chr22:31137919:C>T	5	0.8354988007369732
chr5:181205081:G>A	5	0.8354988007369732
chr7:21702774:G>A	5	0.8354988007369732
chr1:41002246:->T	6	0.23853089960170717
chr10:93797704:C>T	6	0.23853089960170717
chr15:82345171:C>T	6	0.23853089960170717
chr17:43493518:G>A	6	0.23853089960170717
chr3:149846089:C>G	6	0.23853089960170717
chrX:77853925:C>G	6	0.23853089960170717
chr1:12004527:G>A	7	0.43169957644838863
chr11:117994010:G>A	7	0.43169957644838863
chr13:20142056:G>C	7	0.43169957644838863
chr16:67179436:C>T	7	0.43169957644838863
chr16:67256667:C>A	7	0.43169957644838863
chr16:67626673:G>A	7	0.43169957644838863
chr16:67657817:G>A	7	0.43169957644838863
chr17:11640289:G>C	7	0.43169957644838863
chr6:83560143:C>T	7	0.43169957644838863
chrX:135905334:A>G	8	0.7290322580645161
