mutation_id	myclone_id	myclone_ccf
chr8:67045860:G>A	1	1.0
chr14:105601189:C>T	2	0.2360453594627324
chr17:8269037:G>C	3	0.477565567029151
chr6:32761680:C>T	4	0.1440860215053762
chr12:25209894:G>C	5	0.3595365777295096
chr4:73500153:C>T	5	0.3595365777295096
chr9:37002674:TCGGCGCTGGGGGACGT>GCCTTTTCCTTC	5	0.3595365777295096
