mutation_id	myclone_id	myclone_ccf
chr15:22462386:G>A	1	0.741561479572054
chr3:48591909:C>T	1	0.741561479572054
chr11:70487143:G>T	2	0.5557230248677376
chr8:27605073:C>T	2	0.5557230248677376
chr1:196713890:G>A	3	0.1848286784605059
chr11:66708250:C>T	3	0.1848286784605059
chr2:218638712:G>T	3	0.1848286784605059
chr15:29718892:C>T	4	0.9999999999999999
chr18:49894996:G>A	4	0.9999999999999999
chr2:54255487:G>T	4	0.9999999999999999
chr19:38831130:G>C	5	0.3586167533636818
chrX:32823305:A>C	6	-1
