mutation_id	myclone_id	myclone_ccf
chr2:164915958:G>A	1	1
chr16:89185211:G>A	2	0.6293240726572644
chr2:17773290:A>T	2	0.6293240726572644
chr2:180982135:->C	2	0.6293240726572644
chr9:37020778:C>A	2	0.6293240726572644
chr9:136844701:C>T	2	0.6293240726572644
