mutation_id	myclone_id	myclone_ccf
chr12:49026941:C>T	1	0.8685200073296145
chr19:45179305:C>T	1	0.8685200073296145
chr2:144389881:T>C	1	0.8685200073296145
chr17:44320721:C>A	2	0.7425050706872326
chr2:218814972:G>A	2	0.7425050706872326
chr9:136791417:A>T	2	0.7425050706872326
chr7:156969662:G>A	3	1.0004664179104479
