mutation_id	myclone_id	myclone_ccf
chr1:241098754:G>A	1	0.5093255046637994
chr20:17453865:G>A	2	1
chr5:146000248:C>T	2	1
chr9:35752074:T>C	2	1
chr1:19978381:G>A	3	0.6873124105326734
chr16:20337384:G>A	3	0.6873124105326734
chr5:136992580:G>A	3	0.6873124105326734
chr10:97334254:G>A	4	0.8406398793882296
chr19:34438711:C>T	4	0.8406398793882296
chr4:99581967:G>T	4	0.8406398793882296
chr8:13567511:A>G	4	0.8406398793882296
chr8:51409336:G>A	4	0.8406398793882296
chr16:57996793:G>A	5	0.9397742277895155
chr5:121852370:G>A	5	0.9397742277895155
chr7:15685970:C>T	5	0.9397742277895155
chr11:108365457:A>T	6	0.18127276946472867
chr13:101065433:G>A	6	0.18127276946472867
chr16:72104126:C>T	6	0.18127276946472867
chr19:13371771:G>A	6	0.18127276946472867
chr2:38591598:A>G	6	0.18127276946472867
chr22:31619745:C>G	6	0.18127276946472867
chr4:99651792:C>T	6	0.18127276946472867
chr6:63788233:T>A	6	0.18127276946472867
chr7:117792585:T>A	6	0.18127276946472867
