mutation_id	myclone_id	myclone_ccf
chr16:2054303:G>A	1	0.8452226904550082
chr4:44175169:C>T	1	0.8452226904550082
chr5:33954395:G>C	1	0.8452226904550082
chr6:10907654:C>A	1	0.8452226904550082
chr1:114713907:T>G	2	0.27163231528693815
chr11:84316845:C>T	2	0.27163231528693815
chr7:2712549:G>A	2	0.27163231528693815
chr1:2800564:C>T	3	1
chr11:58180216:T>A	3	1
chr19:42249346:G>A	3	1
chr2:190659527:T>C	3	1
chr12:25245350:C>T	4	0.5744678765544622
chr15:23566761:C>T	4	0.5744678765544622
chrX:93709640:A>-	5	-1
