mutation_id	myclone_id	myclone_ccf
chr8:124475119:G>C	1	0.09914905762622
chr6:146159440:G>A	2	0.5896366801710325
chr1:114716123:C>T	3	0.46566008356329336
chr12:121005027:C>T	3	0.46566008356329336
chr10:80289334:C>T	4	0.2441438897555219
chr3:134620779:C>T	4	0.2441438897555219
chr16:2464229:G>T	5	0.32658030025556145
chr4:7718157:G>A	5	0.32658030025556145
chr7:51025140:C>T	5	0.32658030025556145
chrX:3317221:G>A	5	0.32658030025556145
chr1:171199468:C>A	6	1.0
chr1:240093048:G>A	6	1.0
chr12:85882348:A>T	6	1.0
chr13:83881062:G>T	6	1.0
chr16:27449208:->C	6	1.0
chr16:28317550:C>T	6	1.0
chr16:70918352:C>T	6	1.0
chr17:7818091:G>A	6	1.0
chr17:37458581:G>A	6	1.0
chr19:45071667:G>A	6	1.0
chr22:45548732:C>T	6	1.0
chr3:165009298:T>G	6	1.0
chr6:31116860:G>A	6	1.0
chr6:148543977:G>A	6	1.0
