mutation_id	myclone_id	myclone_ccf
chr11:36227222:C>T	1	0.1088559692224692
chr19:31277519:C>T	1	0.1088559692224692
chr3:147395960:G>C	1	0.1088559692224692
chr1:241958882:C>G	2	0.8354166579325227
chr11:63996647:C>T	2	0.8354166579325227
chr12:25245347:C>T	2	0.8354166579325227
chr2:85344639:G>A	2	0.8354166579325227
chr20:45309607:C>T	2	0.8354166579325227
chr7:99011404:G>T	2	0.8354166579325227
chr1:74249496:C>T	3	0.6476923076923078
chr3:154429607:T>C	3	0.6476923076923078
chrX:18174074:C>T	4	-1
chr4:175634925:G>A	5	-1
chr17:68278221:C>T	6	-1
chrX:40072646:G>A	7	-1
