mutation_id	myclone_id	myclone_ccf
chr12:8930473:T>C	1	1.0
chr3:89210138:C>A	1	1.0
chr6:7575433:A>G	1	1.0
chr6:27867222:C>T	1	1.0
chr11:108513683:T>C	2	0.09895364301331161
chr16:70465086:G>T	2	0.09895364301331161
chr20:23986119:G>A	2	0.09895364301331161
chr12:65068845:C>-	3	0.844897636802647
chr2:3388572:C>T	3	0.844897636802647
chr20:35732068:G>A	3	0.844897636802647
