mutation_id	myclone_id	myclone_ccf
chr12:25225628:C>T	1	0.4241551035801252
chr18:66572060:G>A	2	0.7595853854213706
chr2:211430973:T>A	2	0.7595853854213706
chr6:34040739:C>T	2	0.7595853854213706
chr2:79909753:G>A	3	1.0
chr7:99547482:A>G	3	1.0
chr8:32763828:C>T	3	1.0
chr8:142912722:C>A	3	1.0
chr1:94824528:C>T	4	0.8574508025965494
chr16:3731304:G>A	4	0.8574508025965494
chr2:159977397:T>C	4	0.8574508025965494
chr1:103620622:G>A	5	0.17150423720220193
chr11:33656108:C>T	5	0.17150423720220193
chr12:130437178:G>A	5	0.17150423720220193
chr19:54074193:G>A	5	0.17150423720220193
chr9:94318965:G>A	5	0.17150423720220193
chrX:154030499:G>A	5	0.17150423720220193
chr9:127925251:C>T	6	0.62375750526489
chr7:73840418:C>T	7	0.0898010134925592
chrX:86812961:C>G	8	0.5723503635393751
