mutation_id	myclone_id	myclone_ccf
chr11:55819692:C>T	1	0.20453969701575708
chr16:9763295:G>A	1	0.20453969701575708
chr13:113633217:A>G	2	0.2893643031784841
chrX:51407885:G>A	2	0.2893643031784841
chr4:69754701:C>T	3	0.10581070355080699
chr8:50536771:C>T	3	0.10581070355080699
chr9:990618:C>T	3	0.10581070355080699
chr5:141096892:C>T	3	0.10581070355080699
chrX:14690826:G>A	3	0.10581070355080699
chr21:42416532:C>T	3	0.10581070355080699
chr11:57308473:T>C	4	0.47099554259473153
chr11:89295188:C>T	4	0.47099554259473153
chr15:92953565:AGAAATACGGTGTGTAA>GGGG	4	0.47099554259473153
chr18:36625589:G>A	4	0.47099554259473153
chr8:58146378:G>A	4	0.47099554259473153
chr17:50596579:C>T	5	0.6197747480735032
chr3:165032687:T>C	5	0.6197747480735032
chr21:21509033:G>A	6	0.3434343434343432
