mutation_id	myclone_id	myclone_ccf
chr1:10648027:G>A	1	0.2944324102962269
chr10:60072222:C>T	1	0.2944324102962269
chr10:95968899:G>C	1	0.2944324102962269
chr11:56093981:T>C	1	0.2944324102962269
chr12:25245351:C>T	1	0.2944324102962269
chr14:24376867:C>T	1	0.2944324102962269
chr14:65561738:G>A	1	0.2944324102962269
chr15:74655820:G>A	1	0.2944324102962269
chr17:41968523:G>A	1	0.2944324102962269
chr19:36891692:G>A	1	0.2944324102962269
chr19:39825991:G>A	1	0.2944324102962269
chr20:62065372:CGA>-	1	0.2944324102962269
chr9:72901222:G>C	1	0.2944324102962269
chr1:21577543:C>T	2	0.13976623177352343
chr10:116592515:G>A	2	0.13976623177352343
chr12:25225628:C>T	2	0.13976623177352343
chr12:45852279:G>T	2	0.13976623177352343
chr12:57631985:C>T	2	0.13976623177352343
chr16:83809384:G>A	2	0.13976623177352343
chr2:223598097:C>T	2	0.13976623177352343
chr4:87114481:G>A	2	0.13976623177352343
chr5:122077781:G>A	2	0.13976623177352343
chr5:145938174:C>T	2	0.13976623177352343
chr5:151347421:C>T	2	0.13976623177352343
chr7:122737018:G>A	2	0.13976623177352343
chr1:217610361:G>A	2	0.13976623177352343
chr2:20667362:->GGCGTC	3	0.5585556082115086
chr2:89142573:->TGGA	3	0.5585556082115086
chr1:42762453:A>G	4	0.9765777567153968
chr10:60074822:G>T	4	0.9765777567153968
chr20:62172801:G>A	4	0.9765777567153968
chr3:64541865:G>A	4	0.9765777567153968
chr9:77428946:C>G	4	0.9765777567153968
chr19:20793864:T>C	5	0.8349575605925577
chr3:49662438:C>G	5	0.8349575605925577
chr3:49663319:A>C	5	0.8349575605925577
chr3:89395843:C>T	5	0.8349575605925577
chrX:27821810:G>A	6	0.19777945176338455
chrX:53201958:G>T	7	0.3967139497410206
