mutation_id	myclone_id	myclone_ccf
chr10:96982726:G>T	1	0.8499595261192328
chr19:40565721:C>T	1	0.8499595261192328
chr9:111384526:C>T	2	0.1621627561174884
chr1:223223317:T>A	3	1.0
chr8:13092767:G>A	3	1.0
