mutation_id	myclone_id	myclone_ccf
chr1:248626374:G>A	1	0.921192549649694
chr2:132725729:C>A	1	0.921192549649694
chr9:12702328:T>C	1	0.921192549649694
chr9:91724113:G>A	1	0.921192549649694
chr1:21878206:C>T	2	1
chr11:70433275:G>A	2	1
chr3:128650648:G>T	2	1
chr9:32631966:C>T	2	1
chrX:27747917:C>T	2	1
chr21:38383756:C>T	2	1
chr1:114716127:C>T	3	0.7026433330504158
chr11:19892531:A>G	3	0.7026433330504158
chr7:143756950:C>G	3	0.7026433330504158
chrX:18201826:G>A	3	0.7026433330504158
