mutation_id	myclone_id	myclone_ccf
chr1:1479070:C>T	1	0.0554940450125238
chr11:7509665:A>T	2	0.9999999999999998
chr14:104746310:G>A	2	0.9999999999999998
chr14:106622389:G>A	2	0.9999999999999998
chr5:151770455:G>C	2	0.9999999999999998
chr9:69388256:C>T	2	0.9999999999999998
chr3:171734933:G>A	3	0.1482137182611301
chr4:125415157:T>C	3	0.1482137182611301
chrX:41346262:C>T	3	0.1482137182611301
chr15:23566040:G>A	4	0.8908912176086958
chr2:185804566:A>C	4	0.8908912176086958
chr2:211431076:G>A	4	0.8908912176086958
chr5:151507506:G>A	4	0.8908912176086958
chr12:7143263:G>A	4	0.8908912176086958
chr14:59525381:->T	5	0.3519808728040223
chr18:54224156:C>A	5	0.3519808728040223
chr19:34458887:ATGTCC>-	5	0.3519808728040223
chr6:157207351:GGGACCCAACTCG>-	5	0.3519808728040223
chr7:144051195:G>A	5	0.3519808728040223
chrX:41346946:C>T	6	0.424968506867218
