mutation_id	myclone_id	myclone_ccf
chr14:105904681:GTTATAA>AG	1	0.5652173913043478
chr11:1239885:G>C	2	0.42511886236339014
chr11:69810517:G>A	2	0.42511886236339014
chr12:25245347:C>T	2	0.42511886236339014
chr12:119125435:G>A	2	0.42511886236339014
chr19:37889706:C>A	2	0.42511886236339014
chr20:62880384:C>T	2	0.42511886236339014
chr3:155481057:C>T	2	0.42511886236339014
chr5:168692690:G>A	2	0.42511886236339014
chr7:151192367:G>A	2	0.42511886236339014
chr8:17373182:A>G	2	0.42511886236339014
chr9:90613803:G>A	2	0.42511886236339014
chrX:47054363:C>T	2	0.42511886236339014
chr3:134361555:C>T	3	0.3235411899122268
chr5:141179590:C>T	3	0.3235411899122268
chr17:69027095:G>A	4	-1
chr17:73206189:T>C	4	-1
chr4:1406170:G>T	4	-1
chr4:69112521:C>T	4	-1
chr6:35081055:G>A	4	-1
chr6:121090898:G>A	4	-1
