mutation_id	myclone_id	myclone_ccf
chr1:47994319:G>A	1	0.9525846657116933
chr19:11021837:C>T	1	0.9525846657116933
chr6:107772290:C>T	1	0.9525846657116933
chr15:82662895:G>A	2	0.5585172551034784
chr19:7467568:C>T	2	0.5585172551034784
chr3:24152425:A>T	2	0.5585172551034784
chr5:179135978:G>A	2	0.5585172551034784
chr6:130440480:G>T	2	0.5585172551034784
