mutation_id	myclone_id	myclone_ccf
chr22:24433550:C>T	1	0.9999999999999999
chr5:55269430:C>T	1	0.9999999999999999
chr8:24956492:C>A	1	0.9999999999999999
chr1:23971921:->AC	2	0.6154577033072618
chr13:52474915:->TTCC	2	0.6154577033072618
chr1:153056647:G>A	3	0.7444470239117932
chr11:19234810:T>G	3	0.7444470239117932
chr15:61868712:C>A	3	0.7444470239117932
chr12:18683304:A>G	4	0.8755843172542686
chr12:25245351:C>T	4	0.8755843172542686
chr12:125025058:G>A	4	0.8755843172542686
chr17:78803698:T>C	4	0.8755843172542686
chr2:65268595:G>A	4	0.8755843172542686
chr20:10663989:G>A	4	0.8755843172542686
chr6:129460215:C>T	4	0.8755843172542686
chr9:14720209:C>T	4	0.8755843172542686
