mutation_id	myclone_id	myclone_ccf
chr16:3731381:C>A	1	0.0872713382064868
chr10:113620632:G>A	1	0.0872713382064868
chr6:7571877:C>T	1	0.0872713382064868
chrX:49215381:G>A	1	0.0872713382064868
chr10:21556910:GTC>ACCAGTCG	1	0.0872713382064868
chr14:44506420:T>C	1	0.0872713382064868
chr12:55957654:C>T	2	1
chr19:48450437:G>A	2	1
chr1:56874950:A>C	3	0.6339679193246249
chr1:94001071:C>T	3	0.6339679193246249
chr12:25245350:C>T	3	0.6339679193246249
chr16:24790624:G>T	3	0.6339679193246249
chr19:472409:G>A	3	0.6339679193246249
chr8:41706170:G>A	3	0.6339679193246249
chr8:142700567:C>T	3	0.6339679193246249
chr14:80202940:G>A	3	0.6339679193246249
chr8:68331033:G>A	4	0.2318125421400678
chr13:20223343:G>A	5	0.810092743067524
chr9:34725943:A>G	5	0.810092743067524
chrX:106206570:C>T	5	0.810092743067524
chr12:25225628:C>T	6	0.34928855789668706
chr13:32732140:->C	6	0.34928855789668706
chr19:2389871:C>T	6	0.34928855789668706
chr14:74358300:G>A	6	0.34928855789668706
chrX:135911200:G>A	6	0.34928855789668706
chrX:130013293:T>C	7	0.7452890949316181
