mutation_id	myclone_id	myclone_ccf
chr19:40613455:T>-	1	0.2818650744022012
chr1:158766457:C>A	2	0.9761101513128643
chr12:117242666:C>T	2	0.9761101513128643
chr12:121827834:G>A	2	0.9761101513128643
chr20:45253059:G>A	2	0.9761101513128643
chr22:29206120:G>C	2	0.9761101513128643
chr6:165302157:G>A	2	0.9761101513128643
chr12:4370459:C>T	2	0.9761101513128643
chr11:16871144:G>A	3	0.5930004992726536
chr19:34458893:ATAAAGT>CCCG	3	0.5930004992726536
chr11:68914832:T>-	4	0.8051549864592489
chr11:124038885:C>G	4	0.8051549864592489
chr3:48414998:C>T	4	0.8051549864592489
chrX:41346946:C>T	5	-1
chr14:106627249:T>GGGGTTCG	6	-1
