mutation_id	myclone_id	myclone_ccf
chr15:73325403:C>T	1	0.947867298578199
chr1:114716123:C>T	2	0.7172065972050186
chr2:141013701:C>T	2	0.7172065972050186
chr4:6062374:G>A	2	0.7172065972050186
chrX:136548831:C>A	2	0.7172065972050186
chr17:37731639:G>T	3	0.2503959408362233
chr19:16744563:C>T	3	0.2503959408362233
chr19:51081599:G>A	3	0.2503959408362233
chr5:94473370:C>A	3	0.2503959408362233
chr12:80707881:C>T	4	0.09306667764960985
chr20:43540296:G>T	4	0.09306667764960985
chr8:129752716:C>T	4	0.09306667764960985
chr2:89244780:GAGGCCA>-	5	0.584775557820382
chrX:22273935:C>T	5	0.584775557820382
chrX:151397333:C>A	5	0.584775557820382
