mutation_id	myclone_id	myclone_ccf
chr6:87015418:T>C	1	0.0884545316157018
chr1:237788022:G>A	2	0.3000859743512501
chr11:89440693:G>A	2	0.3000859743512501
chr1:233666783:G>A	3	0.9375487053870918
chr14:22539072:->GCC	3	0.9375487053870918
chr19:49889887:G>A	3	0.9375487053870918
chr2:118843218:T>A	3	0.9375487053870918
chr7:41966008:G>A	3	0.9375487053870918
chr18:58919184:G>A	4	0.16544162497030068
chr19:2207673:G>A	4	0.16544162497030068
chr10:122514213:G>A	5	0.6081992366585915
chr12:6057857:G>A	5	0.6081992366585915
chr21:37151942:->A	5	0.6081992366585915
chr3:136948429:->TCCC	5	0.6081992366585915
chr8:23256532:C>T	5	0.6081992366585915
chr9:5089753:T>C	5	0.6081992366585915
