mutation_id	myclone_id	myclone_ccf
chr1:237660928:G>A	1	0.26770463462608857
chr6:43285135:C>T	1	0.26770463462608857
chr1:34761547:G>A	2	0.7038780889728784
chr10:123780171:C>T	2	0.7038780889728784
chr12:39370168:A>C	2	0.7038780889728784
chr12:88136714:A>G	2	0.7038780889728784
chr14:103337178:G>C	2	0.7038780889728784
chr2:121448321:G>A	2	0.7038780889728784
chr4:56338574:G>C	2	0.7038780889728784
chr9:37708489:T>C	2	0.7038780889728784
chr17:16143654:C>T	3	0.19012910291243168
chr8:99853853:G>C	3	0.19012910291243168
chr9:137279697:G>A	3	0.19012910291243168
chr1:46610173:G>T	4	1
chr10:49745931:G>A	4	1
chr22:19222773:C>T	4	1
chr7:86839787:C>T	4	1
chr1:17627374:G>A	5	0.8968023497939297
chr10:86912281:G>A	5	0.8968023497939297
chr2:181565488:C>T	5	0.8968023497939297
chr3:3104948:C>A	5	0.8968023497939297
chr3:12817661:G>C	5	0.8968023497939297
chr14:106639121:->CCTTAACC	6	-1
chr14:22132808:A>G	7	0.7838945312200014
chr14:106627248:->GACCCCC	8	-1
chr2:90100734:ACCCTC>CTGAAG	9	-1
