mutation_id	myclone_id	myclone_ccf
chr10:101009255:G>A	1	0.4138201009328745
chr12:25225627:G>A	1	0.4138201009328745
chr22:38097133:C>G	1	0.4138201009328745
chr6:56598701:C>T	1	0.4138201009328745
chr6:128883253:G>A	1	0.4138201009328745
chr9:13221445:C>G	1	0.4138201009328745
chr9:127749365:C>T	1	0.4138201009328745
chr10:119672601:C>T	2	0.8529737396509863
chr12:124483754:G>A	2	0.8529737396509863
chrX:153398363:C>T	2	0.8529737396509863
chr10:24544340:T>A	3	1.0
chr19:41902300:C>T	3	1.0
chr6:96799462:G>A	3	1.0
chr1:29201971:C>G	4	0.10351674448462905
chr1:152108032:C>A	4	0.10351674448462905
chr1:152108491:C>G	4	0.10351674448462905
chr1:158607140:G>C	4	0.10351674448462905
chr10:21556671:C>T	4	0.10351674448462905
chr11:34131443:G>C	4	0.10351674448462905
chr11:74298268:C>G	4	0.10351674448462905
chr11:74304282:C>A	4	0.10351674448462905
chr11:82838518:T>A	4	0.10351674448462905
chr11:114705963:C>G	4	0.10351674448462905
chr11:133919893:G>C	4	0.10351674448462905
chr14:31315810:G>C	4	0.10351674448462905
chr19:48715762:C>T	4	0.10351674448462905
chr19:48720893:C>T	4	0.10351674448462905
chr2:44304168:G>C	4	0.10351674448462905
chr2:210599552:C>G	4	0.10351674448462905
chr3:31622161:G>C	4	0.10351674448462905
chr3:157470461:G>C	4	0.10351674448462905
chr4:87981635:C>T	4	0.10351674448462905
chr4:95840533:C>T	4	0.10351674448462905
chr6:31967834:C>T	4	0.10351674448462905
chr7:88114617:C>G	4	0.10351674448462905
chr7:134564754:T>C	4	0.10351674448462905
chr7:144004339:C>T	4	0.10351674448462905
chr8:98136641:G>C	4	0.10351674448462905
chr8:138877775:G>C	4	0.10351674448462905
chr9:37086774:C>T	4	0.10351674448462905
chrX:26161231:G>C	4	0.10351674448462905
chrX:36000388:G>C	4	0.10351674448462905
chrX:46574952:C>G	4	0.10351674448462905
chrX:51897846:C>G	4	0.10351674448462905
chrX:84104603:C>T	4	0.10351674448462905
chrX:152197694:G>A	4	0.10351674448462905
chr11:236080:C>T	5	0.2980175150894201
chr11:123994768:C>G	5	0.2980175150894201
chr11:124619646:G>A	5	0.2980175150894201
chr14:21091909:G>A	5	0.2980175150894201
chr15:48136833:G>A	5	0.2980175150894201
chr15:70963808:C>G	5	0.2980175150894201
chr5:74722487:G>C	5	0.2980175150894201
chr7:21744597:G>C	5	0.2980175150894201
chr12:11752496:->C	6	0.17234024573780055
chr12:11752498:G>CC	6	0.17234024573780055
