mutation_id	myclone_id	myclone_ccf
chr2:209813720:G>A	1	0.577185304289061
chr4:65601732:T>C	2	0.12019329388841181
chr5:14381135:G>A	2	0.12019329388841181
chr9:79720175:A>T	2	0.12019329388841181
chr1:114716126:C>T	3	0.8316769927937894
chr11:6241467:C>T	3	0.8316769927937894
chr11:78658216:G>A	3	0.8316769927937894
chr12:101094267:A>C	4	0.239414844431284
chr2:64636341:C>T	4	0.239414844431284
chr1:155480406:C>T	5	1.0
chr18:44951105:C>T	5	1.0
chr5:140877725:G>A	5	1.0
