mutation_id	myclone_id	myclone_ccf
chr7:111872310:C>A	1	0.1736056387211472
chr12:122855384:G>C	2	0.0740418232994876
chr1:152353963:T>C	3	1
chr12:25245347:C>T	3	1
chr7:4762242:G>A	3	1
chr7:100677377:G>A	3	1
