mutation_id	myclone_id	myclone_ccf
chr10:79292259:CAGTGGCAGCAGCAGCAGCCACAGCTACAGCCACAGCCACGGCCA>-	1	0.702763206517919
chr2:187385585:T>A	1	0.702763206517919
chr11:67421076:G>T	2	1.0
chr12:44523439:G>C	2	1.0
chr2:64455411:G>A	2	1.0
chr20:51791889:C>T	2	1.0
chr7:138869707:G>A	2	1.0
