mutation_id	myclone_id	myclone_ccf
chr10:122086220:C>A	1	1
chr11:66700565:C>A	1	1
chr11:101489008:G>A	1	1
chr12:7328314:A>G	1	1
chr12:25245347:C>T	1	1
chr15:27480833:C>A	1	1
chr19:50210375:G>A	1	1
chr2:106101079:G>A	1	1
chr9:36840607:G>A	1	1
chr17:56510639:C>T	1	1
chr17:74920492:C>T	1	1
chr4:41014343:G>A	1	1
chr1:219173918:C>T	2	0.7940052491304991
chr5:111446762:C>A	2	0.7940052491304991
chr17:6471219:G>A	3	0.24409262829956396
