mutation_id	myclone_id	myclone_ccf
chr11:62606144:G>A	1	1
chr16:2761884:G>T	1	1
chr1:114716123:C>T	2	0.9348403789637425
chr1:237610933:G>T	2	0.9348403789637425
chr1:240930753:G>A	2	0.9348403789637425
chr15:25714076:C>T	2	0.9348403789637425
chr15:73343605:G>A	2	0.9348403789637425
chr3:48674602:C>T	2	0.9348403789637425
chr7:38276314:GGTATCACACCGGTCTA>CCGAGG	2	0.9348403789637425
chr17:75817357:C>T	2	0.9348403789637425
chr6:27139554:C>T	2	0.9348403789637425
chr8:1956892:G>A	2	0.9348403789637425
chr3:194604369:G>A	3	0.6300104369411299
chr4:139370353:T>G	3	0.6300104369411299
