mutation_id	myclone_id	myclone_ccf
chr1:114716127:C>T	1	0.3394506502861362
chr14:106592676:->CTCCTAGGGCCGA	2	0.21605444199887341
chr5:71470480:A>G	2	0.21605444199887341
chr16:51139546:G>T	2	0.21605444199887341
chr13:25837166:T>C	3	0.8086180890547573
chr6:43355904:T>G	3	0.8086180890547573
chr8:24489247:C>A	3	0.8086180890547573
chr11:58837320:G>C	4	0.9999999999999999
chr15:59081178:A>G	4	0.9999999999999999
chr3:100748148:G>A	4	0.9999999999999999
chr19:12754612:C>T	5	0.09988487269111966
chr3:154429028:G>A	5	0.09988487269111966
chr7:95528216:C>T	5	0.09988487269111966
chr8:86151536:G>A	5	0.09988487269111966
