mutation_id	myclone_id	myclone_ccf
chr1:22601634:C>T	1	0.19903837839819788
chr3:38697972:T>C	1	0.19903837839819788
chr2:219420576:G>A	2	0.787123780690305
chr1:223622815:T>C	3	1.0
chr14:50770943:G>A	3	1.0
chr16:24113056:G>C	4	0.5288212058243328
chr20:32161356:C>A	4	0.5288212058243328
chr5:151473743:C>T	4	0.5288212058243328
chr20:34098614:T>A	5	0.0853734772725161
chr8:144807708:C>T	5	0.0853734772725161
chr10:87232690:G>A	6	0.31980952750025166
chr11:61863736:CTT>-	6	0.31980952750025166
chr8:143920370:G>A	6	0.31980952750025166
