mutation_id	myclone_id	myclone_ccf
chr17:81952970:G>A	1	0.7341453733350203
chr2:219636334:G>T	1	0.7341453733350203
chr3:165188792:C>T	2	0.1479873192596223
chr8:142879139:G>A	2	0.1479873192596223
chr3:177051670:->AA	3	1.0
chr3:177051672:C>AAG	3	1.0
chr8:72936780:C>T	3	1.0
chr1:237792207:G>A	4	0.5369507032510007
chr11:108173302:->CC	4	0.5369507032510007
chr12:57747095:C>G	4	0.5369507032510007
