mutation_id	myclone_id	myclone_ccf
chr11:35176739:A>G	1	1.0
chr16:49636332:G>A	1	1.0
chr14:93690152:G>A	1	1.0
chr5:666048:TT>-	1	1.0
chr6:97162133:G>T	1	1.0
chr2:238130491:T>C	2	0.1329553815166824
chr20:34994147:G>A	3	0.27816424832061437
chr3:77550905:C>T	3	0.27816424832061437
chr4:77020592:G>A	3	0.27816424832061437
chr19:1059056:C>T	4	0.8772192568980435
chr2:105242390:C>T	4	0.8772192568980435
chr11:10530749:G>A	5	0.7275926916474384
chr11:18021164:C>A	6	0.21453539409157715
chr11:115176545:C>T	6	0.21453539409157715
chr19:18009888:G>A	6	0.21453539409157715
chr7:120741600:C>T	6	0.21453539409157715
chr1:115685315:G>T	7	0.38257807363526897
chr12:128957585:C>A	7	0.38257807363526897
chr2:84821916:G>A	7	0.38257807363526897
chr7:100620906:G>T	7	0.38257807363526897
chr6:146030131:T>C	8	0.6233674506018757
