mutation_id	myclone_id	myclone_ccf
chr16:19872286:C>T	1	1.0
chr21:38383743:C>T	1	1.0
chr1:33096786:G>A	2	0.5443515766645756
chr19:19337213:A>T	2	0.5443515766645756
chr6:77923218:A>T	2	0.5443515766645756
chr15:41697003:TT>-	3	0.6411857627397906
chr19:44176737:C>T	3	0.6411857627397906
chr1:156912847:G>A	4	0.7498761443818455
chr12:54252185:A>G	4	0.7498761443818455
chr15:41727198:CTG>GACCCCCCACACTGGGT	4	0.7498761443818455
chr20:64074525:->CC	4	0.7498761443818455
chr12:132672316:->AGGTCCTCCGCGG	5	0.2099333365146997
chr19:15110667:C>T	5	0.2099333365146997
chr5:84106781:T>G	5	0.2099333365146997
chr7:45703739:T>C	5	0.2099333365146997
chr11:70163320:C>T	6	0.13301033980930208
chr15:67336985:C>T	6	0.13301033980930208
chr19:1004887:G>A	6	0.13301033980930208
chr2:144389882:G>T	6	0.13301033980930208
chr5:141193933:C>T	6	0.13301033980930208
chr5:141383969:C>A	6	0.13301033980930208
chrX:31968357:A>T	7	-1
