mutation_id	myclone_id	myclone_ccf
chr1:216199675:T>G	1	0.8471781977926235
chr16:29695131:C>T	1	0.8471781977926235
chr19:618558:C>T	1	0.8471781977926235
chr3:1383032:G>-	1	0.8471781977926235
chr19:16157343:T>G	2	1.0
chr9:114049675:G>A	2	1.0
chr12:49041113:->TACTAACGTACT	3	0.6247230283236921
chr16:87891882:->GGGG	3	0.6247230283236921
chr19:40669994:C>T	3	0.6247230283236921
chr22:38751348:T>A	3	0.6247230283236921
chr8:23303376:->ACCCCCTAGGGAGGGGG	3	0.6247230283236921
chr10:75399442:C>T	4	0.464537839922703
chr12:25245350:C>T	4	0.464537839922703
chr19:6222592:G>A	4	0.464537839922703
chr21:42313586:C>T	4	0.464537839922703
chr3:65379403:G>T	4	0.464537839922703
chr7:57468802:G>T	4	0.464537839922703
