mutation_id	myclone_id	myclone_ccf
chr10:133084844:C>T	1	0.170440365562619
chr12:70571195:A>T	2	0.8350008640810074
chr13:77559817:G>T	2	0.8350008640810074
chr16:3356340:G>A	2	0.8350008640810074
chr16:67611349:->GA	2	0.8350008640810074
chr2:219606779:A>C	2	0.8350008640810074
chr20:62216479:C>A	2	0.8350008640810074
chr5:141095437:C>T	2	0.8350008640810074
chr9:32635511:C>T	2	0.8350008640810074
chr1:114716123:C>T	3	0.5930537534126902
chr11:72434313:C>-	3	0.5930537534126902
chr18:6978302:G>A	3	0.5930537534126902
chr4:1315583:C>T	3	0.5930537534126902
chr4:61948144:C>T	3	0.5930537534126902
chr17:76307777:G>A	3	0.5930537534126902
chr5:72198566:C>T	4	0.713163737256181
chrX:71556991:A>C	4	0.713163737256181
chr17:41524444:G>A	5	0.5087757640722288
