mutation_id	myclone_id	myclone_ccf
chr1:114716127:C>T	1	0.5057404378303108
chr22:45199964:C>T	1	0.5057404378303108
chr3:40532661:C>G	1	0.5057404378303108
chr6:49550867:C>G	1	0.5057404378303108
chr8:112921688:G>A	1	0.5057404378303108
chr9:81932660:G>C	1	0.5057404378303108
chr9:114504249:C>T	1	0.5057404378303108
chr15:43635800:C>G	2	0.715845864466005
chr2:178712038:G>A	2	0.715845864466005
chr6:41936007:->G	2	0.715845864466005
chr6:63694623:G>C	2	0.715845864466005
chr8:47807194:C>T	2	0.715845864466005
chr10:75095639:G>A	3	0.8428808555443998
chr11:3702559:C>T	3	0.8428808555443998
chr11:88337509:G>C	3	0.8428808555443998
chr12:123161147:C>G	3	0.8428808555443998
chr18:5489126:G>A	3	0.8428808555443998
chr19:53266894:G>C	3	0.8428808555443998
chr1:111982716:C>T	4	0.09860202498078824
chr1:183648466:C>T	4	0.09860202498078824
chr10:97895309:C>G	4	0.09860202498078824
chr11:76451893:C>T	4	0.09860202498078824
chr13:26758985:G>C	4	0.09860202498078824
chr15:62647428:G>C	4	0.09860202498078824
chr17:1616579:C>G	4	0.09860202498078824
chr19:50362056:G>C	4	0.09860202498078824
chr19:57978399:C>G	4	0.09860202498078824
chr19:58562644:C>G	4	0.09860202498078824
chr2:110125307:G>C	4	0.09860202498078824
chr22:39017997:C>T	4	0.09860202498078824
chr5:156850854:G>C	4	0.09860202498078824
chr6:25915764:G>C	4	0.09860202498078824
chr6:29427342:G>C	4	0.09860202498078824
chr6:143536997:G>C	4	0.09860202498078824
chr6:165298041:G>A	4	0.09860202498078824
chr7:82916742:C>G	4	0.09860202498078824
chrX:47413506:C>A	5	-1
chrX:83508483:C>T	6	-1
