mutation_id	myclone_id	myclone_ccf
chrX:155773918:A>T	1	0.1941621777260566
chr1:227735226:C>T	2	0.09980119284294209
chr12:19440355:T>C	3	0.28360477610234425
chr17:42543359:C>T	3	0.28360477610234425
chr19:45901587:T>A	3	0.28360477610234425
chr2:132782897:G>A	3	0.28360477610234425
chr6:32949787:A>C	3	0.28360477610234425
