mutation_id	myclone_id	myclone_ccf
chr5:176862820:C>T	1	0.182806279038664
chr2:186743514:G>A	2	0.08693924087061419
chr2:240598388:C>T	2	0.08693924087061419
chr15:44767236:T>C	3	1
chr16:75479210:C>T	3	1
chr17:16709316:A>C	3	1
chr2:200479563:G>A	3	1
chr22:29060805:G>A	3	1
chr3:9653704:C>T	3	1
chr3:48660519:C>T	3	1
chr5:31983429:G>A	3	1
chr5:147620710:C>T	3	1
chr6:564659:C>T	3	1
chr6:17783691:G>A	3	1
chr8:66576304:G>A	3	1
chr13:28028256:T>C	4	0.8360487471884399
chr2:73080444:G>A	4	0.8360487471884399
chr20:20288673:G>T	4	0.8360487471884399
chr5:75068653:C>T	4	0.8360487471884399
chr11:34451059:G>A	5	-1
