mutation_id	myclone_id	myclone_ccf
chr12:25245347:C>T	1	0.1588673453265456
chr11:59655734:G>A	2	1
chr15:82549521:G>A	2	1
chr16:3736751:G>A	2	1
chr19:3827508:G>T	2	1
chr2:208145954:G>T	2	1
chr4:68945306:C>A	2	1
chr4:118114903:C>A	2	1
chr9:14722530:T>A	2	1
chr2:222623730:A>G	3	0.6490081065882278
chr8:109461835:T>A	3	0.6490081065882278
chr14:95213292:C>T	3	0.6490081065882278
chr6:121447845:A>T	3	0.6490081065882278
