mutation_id	myclone_id	myclone_ccf
chr1:22576375:C>T	1	0.0731938978306017
chr9:990499:C>A	1	0.0731938978306017
chr12:56096820:C>T	2	0.8384876066808152
chr19:56647578:G>T	2	0.8384876066808152
chr2:43225170:A>G	2	0.8384876066808152
chr11:5754797:C>G	3	1
chr11:64844454:C>G	3	1
chr15:79004127:G>A	3	1
chr19:18614004:G>A	3	1
chr6:117324382:A>G	3	1
chr9:27217688:G>T	3	1
chr9:98081030:T>C	3	1
chrX:45083583:->GGC	4	-1
chrX:73213543:G>T	5	-1
