mutation_id	myclone_id	myclone_ccf
chr17:41968573:C>T	1	0.899368303012018
chr19:37484713:G>T	1	0.899368303012018
chr8:144262665:G>A	1	0.899368303012018
chr13:91693754:C>T	2	1.0
chr17:81694850:T>C	2	1.0
chr19:8949257:C>T	2	1.0
