mutation_id	myclone_id	myclone_ccf
chr1:56707553:C>A	1	0.41937914546000726
chr11:5200105:G>T	1	0.41937914546000726
chr18:57607651:A>C	1	0.41937914546000726
chr6:10703457:A>C	1	0.41937914546000726
chr7:5321105:G>A	1	0.41937914546000726
chrX:91878298:A>G	1	0.41937914546000726
chr15:82344746:G>A	2	0.10621309188354465
chr17:623582:C>T	2	0.10621309188354465
chr3:42875091:C>G	2	0.10621309188354465
chr4:103161244:A>G	2	0.10621309188354465
chr4:172952046:C>T	2	0.10621309188354465
chr4:183693027:G>A	2	0.10621309188354465
chr4:186707339:T>C	2	0.10621309188354465
chr12:25245351:C>T	3	0.1916890247706968
chr14:102102033:G>T	3	0.1916890247706968
chr19:10759794:T>C	3	0.1916890247706968
chr2:96827744:C>T	3	0.1916890247706968
chr21:34859495:C>T	3	0.1916890247706968
chr1:159714429:C>A	3	0.1916890247706968
chr1:10117523:T>A	4	1
chr1:38875577:T>C	4	1
chr1:48237721:C>A	4	1
chr11:117437256:C>T	4	1
chr11:119311880:A>T	4	1
chr12:4912360:C>A	4	1
chr17:80146936:G>T	4	1
chr18:25227047:C>T	4	1
chr19:9811102:G>A	4	1
chr19:55616307:G>T	4	1
chr2:176189285:C>A	4	1
chr3:52826006:G>A	4	1
chr4:122412581:C>T	4	1
chr4:133150970:C>A	4	1
chr5:31322894:A>G	4	1
chr6:146543898:C>T	4	1
chr7:103498236:C>T	4	1
chr7:150955481:G>A	4	1
chrX:64919161:C>T	4	1
chr1:89149466:G>A	5	0.8315287884637413
chr11:64607204:A>T	5	0.8315287884637413
chr17:11793587:C>T	5	0.8315287884637413
chr19:29615248:C>-	5	0.8315287884637413
chr2:152656374:C>T	5	0.8315287884637413
chr20:2658080:->GG	5	0.8315287884637413
chr4:143214534:C>A	5	0.8315287884637413
chr5:43492823:C>T	5	0.8315287884637413
chrX:3084620:C>T	5	0.8315287884637413
chrX:136322834:G>A	5	0.8315287884637413
chr11:5856823:G>T	6	0.26501605615808876
chr19:49427540:G>T	6	0.26501605615808876
chr3:3845136:C>A	6	0.26501605615808876
chr18:22172238:G>A	7	0.509283677933607
chr2:120019148:C>T	7	0.509283677933607
chr5:3599860:C>T	7	0.509283677933607
chr7:124897164:C>G	7	0.509283677933607
chr1:150839632:G>A	7	0.509283677933607
chr20:44116009:G>A	8	-1
chr17:31226459:->C	9	-1
