mutation_id	myclone_id	myclone_ccf
chr1:11130553:C>G	1	0.9429420272596305
chr12:123813400:G>A	1	0.9429420272596305
chr17:79047750:G>A	1	0.9429420272596305
chr18:37565640:A>T	1	0.9429420272596305
chr2:43428211:C>T	1	0.9429420272596305
chr2:211430974:C>T	1	0.9429420272596305
chr6:43061465:C>T	1	0.9429420272596305
chr10:26217956:A>G	2	0.1154657159788484
chr10:60075133:G>A	2	0.1154657159788484
chr19:4343891:G>A	2	0.1154657159788484
chr20:63537161:C>T	2	0.1154657159788484
chr9:93079475:G>C	2	0.1154657159788484
chr11:977177:G>A	3	0.675471675283802
chr12:81362741:T>C	3	0.675471675283802
chr16:2964521:A>C	3	0.675471675283802
chr16:30083718:G>A	3	0.675471675283802
chr16:53255745:T>C	3	0.675471675283802
chr2:178620221:T>G	3	0.675471675283802
chr22:45386946:A>C	3	0.675471675283802
chr3:11358583:C>T	3	0.675471675283802
chr7:122304123:C>T	3	0.675471675283802
chr9:79718893:G>A	3	0.675471675283802
chr21:10567672:G>T	3	0.675471675283802
chr1:145788910:G>A	4	0.37807231929008484
chr5:141179595:G>C	4	0.37807231929008484
chr6:70240712:C>T	4	0.37807231929008484
chr21:46112271:C>T	4	0.37807231929008484
chr10:117290303:G>A	5	0.7935139652631283
chr11:92797848:A>C	5	0.7935139652631283
chr16:15635923:G>T	5	0.7935139652631283
chr17:16064892:G>T	5	0.7935139652631283
chr2:128134933:A>C	5	0.7935139652631283
chr5:160394741:T>G	5	0.7935139652631283
chr7:120274677:G>A	5	0.7935139652631283
chr14:106592680:TCGCACAGTA>CCCCCGCACAGTATG	6	-1
chr14:106714676:ACTGTGTCT>CC	6	-1
