mutation_id	myclone_id	myclone_ccf
chr14:23576360:C>T	1	0.227967425981007
chr15:23686582:G>A	1	0.227967425981007
chr1:31733101:C>T	2	1
chr1:176702654:C>T	2	1
chr11:4923524:G>A	2	1
chr11:113275351:C>T	2	1
chr12:49040542:G>A	2	1
chr13:37104853:C>T	2	1
chr17:805213:G>A	2	1
chr19:48612970:G>A	2	1
chr2:240888484:C>T	2	1
chr20:42756512:C>T	2	1
chrX:100408027:C>T	2	1
chr18:45879210:A>G	2	1
chr4:54736728:C>T	3	0.0868662922957102
chr9:5078357:A>T	4	0.5708356350860956
chr6:97114384:G>A	5	0.14390688306462207
chr2:89244772:CACTGTGGGAGGCCA>GGAG	6	0.3340883391401082
