mutation_id	myclone_id	myclone_ccf
chrX:100837428:C>T	1	0.1655773420479302
chr19:39389348:C>T	2	1.0
chr1:159713680:T>A	2	1.0
chr6:41597793:G>A	2	1.0
chr7:16091699:G>A	2	1.0
chr10:63207981:G>A	3	0.2560519334656467
chr6:138286778:C>T	3	0.2560519334656467
