mutation_id	myclone_id	myclone_ccf
chr13:19993762:C>T	1	0.4668989547038326
chr14:76762986:C>G	2	-1
chr18:63128736:G>A	3	-1
chr9:24545286:G>T	3	-1
chrX:34942953:C>T	3	-1
chr5:79032742:C>T	4	0.21220657276995292
chr1:36178493:G>A	5	0.3842614056713952
chr1:46360775:G>A	5	0.3842614056713952
chr16:2764150:->G	5	0.3842614056713952
chr16:28902631:C>T	5	0.3842614056713952
chr5:136274736:G>A	5	0.3842614056713952
chr5:177338558:G>A	5	0.3842614056713952
chr7:29926475:G>A	5	0.3842614056713952
chr19:4054710:->G	6	0.23277182235834593
