mutation_id	myclone_id	myclone_ccf
chr14:106714673:CACACTGTGTCTCTCGCACAGTA>TTT	1	0.844665304130887
chr17:41567428:C>T	1	0.844665304130887
chr19:35842242:C>T	1	0.844665304130887
chr3:148845516:C>T	1	0.844665304130887
chr6:32043799:G>A	1	0.844665304130887
chr6:56618061:G>T	1	0.844665304130887
chr11:89710617:G>A	2	1.0
chr12:121825318:C>A	2	1.0
chr14:28768670:C>T	2	1.0
chr16:1094910:C>T	2	1.0
chr19:47130992:G>A	2	1.0
chr4:137531522:C>A	2	1.0
chr4:163166631:C>G	2	1.0
chr14:106627248:->AGGGTA	3	-1
