mutation_id	myclone_id	myclone_ccf
chr19:11364640:C>T	1	0.0958819353323662
chr1:22958757:C>T	2	1
chr1:243308080:C>T	2	1
chr10:24543951:G>A	2	1
chr16:30510880:G>C	2	1
chr17:18142829:C>T	2	1
chr17:74342672:G>C	2	1
chr2:100294307:C>T	2	1
chr2:113406870:ATTCACAGTG>C	2	1
chr20:9562959:G>A	2	1
chr3:170291863:C>T	2	1
chr4:186162917:C>T	2	1
chr7:100806492:C>T	2	1
chr8:35748593:C>T	2	1
chr9:13126692:C>A	2	1
chr11:133919767:G>A	3	0.6199200418241585
chr13:20026746:AT>-	3	0.6199200418241585
chr20:13625224:G>A	3	0.6199200418241585
chr14:106592675:->AATTGA	4	-1
chr14:22520419:TTT>-	5	-1
