mutation_id	myclone_id	myclone_ccf
chr5:141404337:C>G	1	0.5617774425071252
chr1:114713908:T>C	2	0.9691112787464393
chr16:88436887:C>T	2	0.9691112787464393
chr5:1882629:C>T	2	0.9691112787464393
chr9:115064720:C>T	2	0.9691112787464393
