mutation_id	myclone_id	myclone_ccf
chr2:56192800:C>T	1	1
chr12:81384138:C>G	2	0.5996751341863785
chr16:57751295:G>A	2	0.5996751341863785
chr20:36500585:C>T	2	0.5996751341863785
