mutation_id	myclone_id	myclone_ccf
chr8:95045623:CTTTA>-	1	0.6051392295062018
chr1:151524829:G>A	2	1
chr11:8731001:C>T	2	1
chr15:79001759:T>C	2	1
chrX:103082281:G>T	2	1
chr1:155904497:->CCT	3	0.8557374057886508
chr11:128911456:C>T	3	0.8557374057886508
chr9:128275972:C>T	3	0.8557374057886508
