mutation_id	myclone_id	myclone_ccf
chr3:62203657:C>T	1	0.3312379286920318
chr12:52848774:C>T	2	0.1874839310675588
chr12:6592417:C>T	3	0.0994821503477723
chr5:141200392:G>A	3	0.0994821503477723
chr1:56867619:C>T	4	0.8599800717936604
chr1:169106838:C>T	4	0.8599800717936604
chr11:62648652:C>T	4	0.8599800717936604
chr16:7579806:C>T	4	0.8599800717936604
chr17:81289788:C>T	4	0.8599800717936604
chr22:30346479:T>A	4	0.8599800717936604
chr19:22314390:T>A	5	0.9999999999999999
chr2:37188462:A>T	5	0.9999999999999999
chr3:46901793:G>A	5	0.9999999999999999
chr3:58534421:G>A	5	0.9999999999999999
chr5:81201336:G>A	5	0.9999999999999999
chr8:17646089:G>A	5	0.9999999999999999
chr8:143727275:G>A	5	0.9999999999999999
