mutation_id	myclone_id	myclone_ccf
chr12:55130350:C>T	1	0.749941158301548
chr2:178542551:G>A	2	0.556380737830829
chr14:85622753:C>T	3	0.9436192621691709
chr7:101420033:C>T	3	0.9436192621691709
chr10:70749968:G>T	4	0.1323814013308371
chr15:82677719:G>A	4	0.1323814013308371
chrX:134413520:G>T	5	-1
