mutation_id	myclone_id	myclone_ccf
chr1:114716123:C>T	1	0.8588522588522591
chr19:9997376:G>T	1	0.8588522588522591
chr2:178709630:C>G	1	0.8588522588522591
chr7:44239641:C>T	1	0.8588522588522591
chr11:14135441:C>T	1	0.8588522588522591
chr17:58267919:C>A	1	0.8588522588522591
chr20:61929809:G>A	2	0.4320251177394036
chr21:14189178:G>A	3	1.0006410256410259
