mutation_id	myclone_id	myclone_ccf
chr7:100993824:G>A	1	0.1139718201402232
chr10:127447425:C>T	1	0.1139718201402232
chr12:68721978:G>A	2	0.37476111638153736
chr17:28956409:G>A	2	0.37476111638153736
chr17:28957474:G>A	2	0.37476111638153736
chr19:8953978:C>G	2	0.37476111638153736
chr2:219539839:G>A	2	0.37476111638153736
chr7:150370791:G>C	2	0.37476111638153736
chr12:81220024:G>T	3	0.9385867095135794
chr15:48503802:G>A	3	0.9385867095135794
chr16:71069292:C>T	3	0.9385867095135794
chr17:42668303:C>G	3	0.9385867095135794
chr18:45063102:T>A	3	0.9385867095135794
chr2:73424581:G>A	3	0.9385867095135794
chr3:142962888:C>T	3	0.9385867095135794
chr4:103589873:C>T	3	0.9385867095135794
chr5:179794106:C>G	3	0.9385867095135794
chr7:122702250:A>T	3	0.9385867095135794
chr18:2729301:C>G	4	0.844964658261152
chr15:23357538:G>C	5	0.5814664539143336
chr19:50328314:G>C	5	0.5814664539143336
chr22:22162679:TCA>ACTCCC	5	0.5814664539143336
chr11:117516698:C>T	6	0.2725381847184002
