mutation_id	myclone_id	myclone_ccf
chr13:113089618:G>A	1	0.8849602060682316
chr20:13390373:C>G	1	0.8849602060682316
chr4:168511720:->G	1	0.8849602060682316
chr7:64266242:G>C	1	0.8849602060682316
chr8:39211162:G>C	1	0.8849602060682316
chr20:54173514:C>T	2	0.4569753763749078
chr3:187235750:G>A	2	0.4569753763749078
chr10:17827646:G>A	3	1.0
chr14:91309915:C>G	3	1.0
chr16:57911790:C>T	3	1.0
chrX:71106012:G>A	3	1.0
