mutation_id	myclone_id	myclone_ccf
chr1:114716126:C>T	1	0.2436702786289336
chr12:109427552:G>T	2	1.0
chr3:141571448:C>T	2	1.0
chr5:80519698:C>A	2	1.0
chr9:123371550:C>T	2	1.0
chr20:25676282:C>T	3	0.09119435535435574
chr4:55113449:T>C	3	0.09119435535435574
chr6:32082148:G>T	3	0.09119435535435574
chr8:118924569:G>A	3	0.09119435535435574
chr1:7664786:G>A	4	0.42359653294378014
chr1:114716127:C>T	4	0.42359653294378014
chr12:43795739:C>T	4	0.42359653294378014
chr11:376456:G>A	5	0.8613231851259551
chr14:50915350:G>A	5	0.8613231851259551
chr5:171878029:G>A	5	0.8613231851259551
