mutation_id	myclone_id	myclone_ccf
chr19:38083080:G>A	1	1.0
chr1:114716126:C>T	2	0.5255640255640254
chr1:177280621:C>T	3	0.7578507414188165
chr20:19281061:G>A	3	0.7578507414188165
chr19:4543813:G>A	4	0.1839825184334727
chr19:41422262:G>A	4	0.1839825184334727
chr4:72147570:C>T	4	0.1839825184334727
