mutation_id	myclone_id	myclone_ccf
chrX:140504876:G>A	1	0.0952380952380952
chr19:51239567:G>C	2	0.1799196787148596
chr5:45645279:C>T	3	0.17204301075268813
chr1:226367547:C>T	4	-0.20212804864724743
chr11:17395664:C>T	4	-0.20212804864724743
chr2:113406870:A>-	4	-0.20212804864724743
chr2:189666451:G>A	4	-0.20212804864724743
chr5:90679554:G>A	4	-0.20212804864724743
chr6:32188773:C>G	4	-0.20212804864724743
chr6:160080142:C>T	4	-0.20212804864724743
chr11:105044408:C>T	5	0.21743536347201847
chr12:48329926:C>T	5	0.21743536347201847
chr14:20197546:G>C	5	0.21743536347201847
chr16:270660:G>C	5	0.21743536347201847
chr2:165679252:C>T	5	0.21743536347201847
chr3:50349768:T>C	5	0.21743536347201847
chr8:51339661:G>A	5	0.21743536347201847
