mutation_id	myclone_id	myclone_ccf
chr19:21530650:G>A	1	0.2031140976229877
chr7:144232431:C>T	1	0.2031140976229877
chr12:25245350:C>T	1	0.2031140976229877
chr13:91399119:G>A	2	0.3106574458480204
chr19:2217035:->GG	2	0.3106574458480204
chr2:99068890:C>T	2	0.3106574458480204
chr4:65365971:C>G	3	0.06353793281231486
chr7:100994170:G>A	3	0.06353793281231486
chr8:85661487:C>T	3	0.06353793281231486
chr10:107164408:G>A	4	0.40470330327239684
chr14:79861495:C>T	4	0.40470330327239684
chr16:29810176:C>T	4	0.40470330327239684
chr1:11806326:G>A	5	0.958107240229064
chr1:85022189:G>T	5	0.958107240229064
chr10:104063748:T>G	5	0.958107240229064
chr11:3659768:C>A	5	0.958107240229064
chr12:77968635:C>T	5	0.958107240229064
chr12:89497198:C>T	5	0.958107240229064
chr13:23332322:G>A	5	0.958107240229064
chr17:74946914:C>T	5	0.958107240229064
chr19:10393421:C>T	5	0.958107240229064
chr19:34431876:G>T	5	0.958107240229064
chr2:9555572:->GA	5	0.958107240229064
chr3:125019268:G>A	5	0.958107240229064
chr4:1961074:G>A	5	0.958107240229064
chr4:95129948:T>A	5	0.958107240229064
chr5:140829720:G>A	5	0.958107240229064
chr7:20785608:G>C	5	0.958107240229064
chr12:25225628:C>T	6	0.5752929925910932
