mutation_id	myclone_id	myclone_ccf
chr1:18481137:C>T	1	1.0
chr12:30637055:C>T	1	1.0
chr4:657438:C>A	1	1.0
chr17:42201381:G>A	2	0.4880446518567667
chr2:199959874:G>A	2	0.4880446518567667
chr5:132881067:T>A	2	0.4880446518567667
chrX:107794595:C>T	2	0.4880446518567667
chr1:1930193:G>C	3	0.22116914457870898
chr1:35191424:C>T	3	0.22116914457870898
chr11:114439639:G>C	3	0.22116914457870898
chr13:32443675:C>A	3	0.22116914457870898
chr19:32833258:G>A	3	0.22116914457870898
chr2:102508239:C>G	3	0.22116914457870898
chr4:168461971:G>C	3	0.22116914457870898
chr6:54138138:C>T	3	0.22116914457870898
chr7:88153235:G>A	3	0.22116914457870898
chr8:68192391:C>T	3	0.22116914457870898
chrX:85957962:C>G	3	0.22116914457870898
chr12:5044642:C>T	3	0.22116914457870898
chr12:11839289:C>T	3	0.22116914457870898
chr21:33505672:C>T	3	0.22116914457870898
chr1:64177803:G>C	4	0.1399828161253738
chr12:52517137:C>G	4	0.1399828161253738
chr14:23429308:G>T	4	0.1399828161253738
chr14:75980735:G>A	4	0.1399828161253738
chr2:137056773:C>T	4	0.1399828161253738
chr2:178591088:C>G	4	0.1399828161253738
chr2:178723161:C>T	4	0.1399828161253738
chr2:218696581:C>T	4	0.1399828161253738
chr20:63297920:C>T	4	0.1399828161253738
chr3:190645707:G>C	4	0.1399828161253738
chr7:7877486:C>T	4	0.1399828161253738
chrX:41230574:C>T	4	0.1399828161253738
chrX:53193784:G>C	4	0.1399828161253738
