mutation_id	myclone_id	myclone_ccf
chr4:99652253:C>T	1	0.0786444979979826
chr13:45587064:G>A	2	1.0
chr17:58598974:G>A	2	1.0
chr3:50358448:G>A	2	1.0
chr10:84225502:A>G	2	1.0
chr12:64875443:G>A	3	0.7748362752881942
chr16:3289449:C>T	3	0.7748362752881942
chr5:891154:C>T	3	0.7748362752881942
chr5:148827222:C>T	3	0.7748362752881942
chr5:157488477:G>A	3	0.7748362752881942
chrX:141906418:C>T	3	0.7748362752881942
chr22:36937808:C>T	4	0.4212961168471741
chr7:4861763:C>T	4	0.4212961168471741
chrX:9932375:G>A	4	0.4212961168471741
chrX:74592842:->CC	4	0.4212961168471741
chr6:39586315:C>T	4	0.4212961168471741
chr6:70156358:G>A	4	0.4212961168471741
chr4:76741004:G>A	5	0.5005449032317975
chrX:70605442:C>T	5	0.5005449032317975
chr6:56620285:C>T	5	0.5005449032317975
chr1:114716126:C>T	6	0.1446729216610624
chr1:152308583:C>T	7	0.31708039963864315
chr11:55604366:T>G	7	0.31708039963864315
chr12:25245350:C>G	7	0.31708039963864315
chr19:50320671:G>A	7	0.31708039963864315
chr2:178605010:C>T	7	0.31708039963864315
chr5:9629973:C>T	7	0.31708039963864315
chrX:48934765:G>A	7	0.31708039963864315
chr18:12427043:C>T	7	0.31708039963864315
chr6:7356100:T>A	7	0.31708039963864315
chr6:28301950:C>T	7	0.31708039963864315
