mutation_id	myclone_id	myclone_ccf
chr15:99361394:C>T	1	1
chr12:120503862:T>G	2	0.19355491935192362
chr15:89690601:G>A	2	0.19355491935192362
chr16:3749657:->TGGG	2	0.19355491935192362
chr16:67616873:G>A	2	0.19355491935192362
chr22:23573303:G>A	2	0.19355491935192362
chr7:94664882:G>A	2	0.19355491935192362
chr12:65240986:G>A	3	0.113931380245269
chr16:67185184:C>T	3	0.113931380245269
chr17:8888380:G>A	3	0.113931380245269
chrX:115192041:G>A	3	0.113931380245269
chr15:41710951:C>T	4	0.8569866385501824
chr17:78803639:->GACCG	4	0.8569866385501824
chr22:20431240:C>G	4	0.8569866385501824
chr5:72194348:C>T	4	0.8569866385501824
chr9:113408903:C>G	4	0.8569866385501824
chrX:153964613:A>G	4	0.8569866385501824
chr15:22918727:C>A	5	0.5253382944630782
chr16:67620722:G>A	5	0.5253382944630782
chr3:48695385:->CTTGTTGTGGCC	6	0.3324533242932658
chr2:88860907:CTCCGCCGAAAGTGAGCCAC>TTGA	7	-1
chr14:106470262:GTATCTTTTGCACAGTAATACAA>-	8	-1
chr3:177051510:TAGT>-	8	-1
