mutation_id	myclone_id	myclone_ccf
chr13:24290780:G>A	1	0.13863649002039857
chr15:53715201:C>T	1	0.13863649002039857
chr19:34438711:C>T	1	0.13863649002039857
chr2:169827624:C>T	1	0.13863649002039857
chr2:231037846:C>T	1	0.13863649002039857
chr9:104604819:G>A	1	0.13863649002039857
chr14:73250936:G>A	2	0.28433131555403557
chr5:128966191:C>T	2	0.28433131555403557
chr17:81510832:A>T	2	0.28433131555403557
chr1:2609803:C>T	3	1.0
chr1:18735862:C>T	3	1.0
chr11:45907146:T>G	3	1.0
chr11:118650514:G>A	3	1.0
chr13:32659233:C>G	3	1.0
chr13:33829913:T>G	3	1.0
chr14:96315217:T>G	3	1.0
chr2:205300650:C>T	3	1.0
chr8:33592176:C>T	3	1.0
chr13:35828305:G>A	4	0.8296412306609321
chr19:43553007:G>A	4	0.8296412306609321
chr20:46502446:C>A	4	0.8296412306609321
chr6:49550997:C>T	4	0.8296412306609321
