mutation_id	myclone_id	myclone_ccf
chr2:166039512:T>C	1	0.1193636929768098
chr1:7732477:C>T	2	0.8080526669793843
chr16:983857:C>T	2	0.8080526669793843
chr19:38510721:C>T	2	0.8080526669793843
chr2:216370094:C>T	2	0.8080526669793843
chr10:79292288:G>A	2	0.8080526669793843
chr14:71036072:G>A	2	0.8080526669793843
chr17:18315842:AAGAGCC>-	2	0.8080526669793843
chr6:42964395:->GTGCCTTGG	2	0.8080526669793843
chr1:156384785:C>A	3	0.923120876641091
chr15:65198235:G>A	3	0.923120876641091
chr2:113406857:ATTATACTACCCCATTCACA>TCCC	3	0.923120876641091
chr5:149832995:A>T	3	0.923120876641091
chr7:117791878:C>T	3	0.923120876641091
chr2:90005629:TCACACAGTG>GGTGGA	4	0.5852875773459504
chrX:115189829:G>A	4	0.5852875773459504
chr1:59860243:G>A	5	0.6684283120761128
chr1:114716123:C>T	5	0.6684283120761128
chr18:59272952:C>T	6	0.9993971487651047
chr6:56466137:C>T	6	0.9993971487651047
chr6:152352193:C>T	6	0.9993971487651047
