mutation_id	myclone_id	myclone_ccf
chr5:151799278:A>C	1	0.1421464902610694
chr2:1649081:C>T	2	1
chr3:4683458:G>A	2	1
chr3:73383736:G>A	2	1
chr3:135201626:C>T	2	1
chr4:117084349:C>T	2	1
chr5:178991999:C>T	2	1
chr10:79292277:C>A	2	1
chr10:122249138:C>T	2	1
chr17:48551112:CCGCCA>-	2	1
chr6:145804568:A>G	2	1
chr7:100751866:C>T	2	1
chr3:133380791:C>A	3	0.8133938999826613
chr5:145872920:G>A	3	0.8133938999826613
chr17:31229834:G>A	4	0.22617018006145395
chr17:41424112:C>T	4	0.22617018006145395
chr6:50043622:C>G	4	0.22617018006145395
chr7:116699749:C>T	4	0.22617018006145395
chr9:24544255:A>T	4	0.22617018006145395
