mutation_id	myclone_id	myclone_ccf
chr2:219563626:A>T	1	0.115777896676773
chr12:48494932:G>A	1	0.115777896676773
chr12:104102140:T>A	1	0.115777896676773
chr1:159193467:C>T	2	0.5297562960619479
chr2:74674513:C>T	2	0.5297562960619479
chr5:141330808:G>A	2	0.5297562960619479
chr12:25245347:C>T	2	0.5297562960619479
chr12:49038598:->TGGT	2	0.5297562960619479
chrX:73680994:C>T	2	0.5297562960619479
chr1:114599314:G>A	3	0.44048183360964793
chr16:30764287:G>A	3	0.44048183360964793
chr19:49932747:C>A	3	0.44048183360964793
chr2:165992387:C>T	3	0.44048183360964793
chr3:122568707:AG>-	3	0.44048183360964793
chr6:128005134:T>C	4	0.3341446553493695
chr12:11884540:C>T	5	0.010507519418522127
chr18:65880453:T>G	5	0.010507519418522127
chr4:184217753:G>A	5	0.010507519418522127
chr14:70167352:T>G	6	-1
