mutation_id	myclone_id	myclone_ccf
chr20:62464911:G>T	1	0.8183391582367254
chr1:1964982:C>T	2	0.3310854959337033
chr13:38689234:G>A	2	0.3310854959337033
chr14:19935931:C>T	2	0.3310854959337033
chr2:232894887:C>T	2	0.3310854959337033
chr7:6330738:G>A	2	0.3310854959337033
chr1:40304828:C>T	3	1.0
chr6:35456295:C>T	3	1.0
chr9:137048769:G>A	3	1.0
chr1:231185113:A>G	4	0.19845914507825316
chr10:133097002:G>A	4	0.19845914507825316
chr14:85622859:G>A	4	0.19845914507825316
chr16:81035899:C>G	4	0.19845914507825316
chr21:32412864:C>G	4	0.19845914507825316
chr6:43040324:C>G	4	0.19845914507825316
chr8:132101227:C>T	4	0.19845914507825316
