mutation_id	myclone_id	myclone_ccf
chr12:6587931:G>A	1	0.5645133254328751
chr15:99729456:A>G	1	0.5645133254328751
chr16:70829712:G>A	2	0.29097249979550477
chr8:133227469:C>T	2	0.29097249979550477
chr1:11157273:A>C	3	0.3813969107333148
chr12:123618746:C>G	3	0.3813969107333148
chr2:74285858:C>A	3	0.3813969107333148
chr1:114713907:T>C	4	0.8585308815632953
chr20:45512805:G>A	4	0.8585308815632953
chr4:188101063:A>C	4	0.8585308815632953
chr7:128835550:G>A	4	0.8585308815632953
chr8:51453584:C>T	4	0.8585308815632953
chr12:53483061:C>T	5	1.0
chr16:50294667:C>A	5	1.0
chr17:75498493:C>T	5	1.0
chr19:35746791:C>T	5	1.0
chr20:62331091:C>T	5	1.0
chr5:141247577:T>G	5	1.0
chrX:16124352:G>A	5	1.0
chr9:21971154:CCGCGCCGTGGAGCAG>-	6	-1
