mutation_id	myclone_id	myclone_ccf
chr1:114716126:C>A	1	1
chr15:64126197:C>T	1	1
chr16:22115430:C>T	1	1
chr16:89742812:G>A	1	1
chr19:54990043:C>T	1	1
chr12:25245350:C>A	2	0.5083548789197441
chr2:39051159:->G	2	0.5083548789197441
chr6:41044029:G>A	2	0.5083548789197441
chr6:152404276:C>A	3	0.31555239991943573
chr3:328172:C>T	4	0.6951015420978401
chr9:95447370:C>T	4	0.6951015420978401
