mutation_id	myclone_id	myclone_ccf
chr11:111765320:C>T	1	0.2472072241937942
chr12:96247619:GCTTGGAAATCTCAGC>-	2	0.3564792187855864
chr18:21799860:G>A	2	0.3564792187855864
chr12:96247155:C>T	3	0.4661773023513349
chr8:12132834:T>C	3	0.4661773023513349
chr2:27574153:C>T	4	0.6197542138582175
chr20:46186672:C>T	4	0.6197542138582175
chr9:104599270:G>A	4	0.6197542138582175
chr1:85464956:C>T	5	0.9886796135572415
chr1:99688886:T>A	5	0.9886796135572415
chr1:215844296:G>C	5	0.9886796135572415
chr10:68773093:G>A	5	0.9886796135572415
chr12:52378309:C>T	5	0.9886796135572415
chr16:2317319:A>G	5	0.9886796135572415
chr17:4745983:G>A	5	0.9886796135572415
chr17:74777363:C>G	5	0.9886796135572415
chr2:74101538:C>G	5	0.9886796135572415
chr2:223775961:C>T	5	0.9886796135572415
chr20:3673616:G>C	5	0.9886796135572415
chr20:13164760:G>C	5	0.9886796135572415
chr21:36245826:C>T	5	0.9886796135572415
chr22:44702306:G>A	5	0.9886796135572415
chr5:865474:G>A	5	0.9886796135572415
chr10:99329425:T>C	6	0.1268697913102895
chr19:4929340:C>G	6	0.1268697913102895
chr2:27567599:C>G	6	0.1268697913102895
chr4:71473066:C>G	6	0.1268697913102895
