mutation_id	myclone_id	myclone_ccf
chr15:40393508:C>T	1	0.6835443037974682
chr16:57731252:C>A	1	0.6835443037974682
chr2:53887455:G>A	1	0.6835443037974682
chr3:64546789:G>A	1	0.6835443037974682
chr5:176034593:G>A	1	0.6835443037974682
chr16:80604519:G>A	2	0.6154327055428658
chr19:8316537:C>T	2	0.6154327055428658
chr5:225978:G>A	2	0.6154327055428658
chr6:136922815:G>A	2	0.6154327055428658
chrX:119582609:G>T	2	0.6154327055428658
chr10:122211026:G>T	3	-1
chr14:67397663:G>A	3	-1
chr3:171676736:G>T	4	0.4081632653061224
chr10:121551371:G>A	5	-1
chr4:166060080:C>T	6	0.39830508474576254
chr11:18732614:C>T	7	0.20216606498194922
chr15:72544964:G>A	8	-1
chr19:19219194:G>A	9	0.2010993558419532
chr2:240769133:C>A	9	0.2010993558419532
chr6:55514037:T>A	9	0.2010993558419532
chr9:101540942:G>C	9	0.2010993558419532
