mutation_id	myclone_id	myclone_ccf
chr11:65132314:G>T	1	1.0
chr16:3058234:G>A	1	1.0
chr2:48688443:G>T	1	1.0
chr7:124746681:C>T	1	1.0
chr15:49134500:T>-	2	0.7061232906236272
chr11:118627875:G>T	3	0.18532509873028105
chr11:118627877:C>T	3	0.18532509873028105
chr3:9928337:G>A	3	0.18532509873028105
chr9:136517819:C>T	3	0.18532509873028105
chr14:67590150:C>T	3	0.18532509873028105
chr6:33080936:GTGA>-	3	0.18532509873028105
chrX:41474425:C>T	3	0.18532509873028105
chr10:122082810:C>T	3	0.18532509873028105
chr10:122592435:G>A	3	0.18532509873028105
chrX:153804568:G>T	3	0.18532509873028105
