mutation_id	myclone_id	myclone_ccf
chr1:64177592:G>A	1	0.10692366883061699
chr10:102798075:A>G	1	0.10692366883061699
chr12:40278007:G>C	1	0.10692366883061699
chr1:15932984:->C	2	0.8202420909001822
chr1:114716126:C>T	2	0.8202420909001822
chr1:216083575:G>T	2	0.8202420909001822
chr10:133555816:C>T	2	0.8202420909001822
chr19:35011499:->TC	2	0.8202420909001822
chr3:47057418:->CGAGGA	2	0.8202420909001822
chr4:68072401:T>A	2	0.8202420909001822
chr1:151815418:C>A	3	1
chr1:228359598:G>A	3	1
chr11:62571853:C>T	3	1
chr12:96621642:G>T	3	1
chr12:112489105:A>T	3	1
chr2:178658116:C>T	3	1
chr20:49010303:G>A	3	1
chr21:41741813:G>T	3	1
chr6:168308852:G>A	3	1
chr6:169237697:C>T	3	1
chr7:151054044:G>A	4	0.6722335381391058
chr9:37015114:T>A	5	-1
