mutation_id	myclone_id	myclone_ccf
chr4:166091284:C>T	1	0.5322593471839676
chr14:20118398:A>G	2	0.7409706872406074
chr16:11508766:C>T	2	0.7409706872406074
chr5:150297909:G>A	2	0.7409706872406074
chr1:68479313:T>C	3	0.9427394715321201
chr10:86943137:C>T	3	0.9427394715321201
chr15:79457567:G>A	3	0.9427394715321201
chr18:65858931:C>A	3	0.9427394715321201
chr3:58534368:G>A	3	0.9427394715321201
chr5:139813607:C>T	3	0.9427394715321201
chr8:118933023:C>T	3	0.9427394715321201
chr1:52633513:G>A	4	0.09782407292551877
chr1:58682433:C>T	4	0.09782407292551877
chr1:93079304:G>A	4	0.09782407292551877
chr12:49039602:C>G	4	0.09782407292551877
chr2:238255859:G>A	4	0.09782407292551877
chr3:126621821:T>C	4	0.09782407292551877
chr5:141477512:A>C	4	0.09782407292551877
chr8:142877171:C>A	4	0.09782407292551877
