mutation_id	myclone_id	myclone_ccf
chr19:4054147:G>A	1	0.1016812313289061
chr2:162435516:C>G	1	0.1016812313289061
chr22:22893754:G>T	1	0.1016812313289061
chr3:32890954:C>T	1	0.1016812313289061
chr7:120275652:A>T	1	0.1016812313289061
chr1:37794290:G>A	2	0.9882092782639356
chr14:91321301:G>A	2	0.9882092782639356
chr15:67372654:C>T	2	0.9882092782639356
chr16:3738646:C>T	2	0.9882092782639356
chr20:45421448:G>A	2	0.9882092782639356
chr22:20992879:G>A	2	0.9882092782639356
chr3:48662210:C>T	2	0.9882092782639356
chr3:125177792:G>A	2	0.9882092782639356
chr4:97840928:A>T	2	0.9882092782639356
chr6:65332384:A>G	2	0.9882092782639356
chr1:1973020:G>A	3	0.5589536086803238
chr12:11839275:->GG	4	0.7589755893775662
chr14:36581381:C>T	4	0.7589755893775662
chr22:22162660:AGACCTGGGACAGTAACACTC>TTCGGG	4	0.7589755893775662
chr3:49929838:G>A	4	0.7589755893775662
chr21:29159949:G>A	5	0.6621008697987689
chr10:37193205:T>-	6	-0.07739240585102353
chr17:10529009:C>T	7	0.18519816293711566
chr17:17495239:->GTCCC	7	0.18519816293711566
chr17:15231016:C>T	8	0.612903375404867
chr17:75973625:C>T	8	0.612903375404867
chr18:9775305:G>A	8	0.612903375404867
