mutation_id	myclone_id	myclone_ccf
chr1:24084634:G>A	1	0.1776742340343418
chr17:64860193:G>A	2	0.9999999999999999
chr5:79131048:C>T	2	0.9999999999999999
chr8:30846871:C>T	2	0.9999999999999999
chrX:141897482:T>C	2	0.9999999999999999
chr18:78992247:G>A	2	0.9999999999999999
chr12:25245350:C>T	3	0.7775491741751814
chr17:8173524:C>T	3	0.7775491741751814
chr17:80058555:C>T	3	0.7775491741751814
chr19:56814341:T>A	3	0.7775491741751814
chr2:159944923:A>G	3	0.7775491741751814
chr4:120695208:C>T	3	0.7775491741751814
chr5:68295288:T>C	3	0.7775491741751814
chr2:196027987:G>A	4	0.5721333825508363
chr10:29473892:C>T	5	0.8348072229830356
chr10:132922650:->CTT	5	0.8348072229830356
