mutation_id	myclone_id	myclone_ccf
chr19:34428434:T>A	1	1
chr9:133475520:C>T	1	1
chr11:123645675:C>T	2	0.7846466603706832
chr16:20997412:C>T	2	0.7846466603706832
chr2:1643396:G>A	2	0.7846466603706832
chr3:48651576:C>A	2	0.7846466603706832
chr5:58457291:G>A	2	0.7846466603706832
chr5:132579896:C>T	2	0.7846466603706832
chr8:112346098:A>-	2	0.7846466603706832
