mutation_id	myclone_id	myclone_ccf
chr6:55541770:T>C	1	0.614948891760162
chr11:66693012:G>A	2	0.397930943216014
chr19:34464050:->GGGG	3	1
chr9:136468474:C>A	3	1
chr1:145876861:C>T	4	0.17055549943377407
chr11:118113320:G>A	4	0.17055549943377407
chr14:93467709:C>T	4	0.17055549943377407
chr4:24576339:G>T	4	0.17055549943377407
chr9:119167846:G>A	4	0.17055549943377407
chr7:142627395:AGAGA>-	5	-1
chr7:142627392:->CCC	6	-1
