mutation_id	myclone_id	myclone_ccf
chr8:39147157:C>G	1	0.39211428009667415
chr9:19286938:G>C	1	0.39211428009667415
chr1:114708648:C>T	2	0.7321395741761213
chr11:56094027:C>T	2	0.7321395741761213
chr16:381791:C>A	2	0.7321395741761213
chr2:72741417:G>A	2	0.7321395741761213
chr2:178572280:G>C	2	0.7321395741761213
chr3:38097535:G>C	2	0.7321395741761213
chr8:66152388:G>A	2	0.7321395741761213
chr1:147619793:G>A	3	0.09698805358976093
chr12:98626411:C>T	3	0.09698805358976093
chr19:41837260:G>C	3	0.09698805358976093
chr2:53923410:G>C	3	0.09698805358976093
chr7:101164041:G>A	3	0.09698805358976093
chr8:144548084:G>C	3	0.09698805358976093
chr1:42449999:C>T	4	0.6076804346254903
chr10:26292917:G>A	4	0.6076804346254903
chr10:101037132:C>T	4	0.6076804346254903
chr11:22259597:G>C	4	0.6076804346254903
chr12:53049224:G>C	4	0.6076804346254903
chr16:1079936:C>T	4	0.6076804346254903
chr17:28855266:C>G	4	0.6076804346254903
chr2:77518821:C>A	4	0.6076804346254903
chr3:124743992:C>T	4	0.6076804346254903
chr9:137243452:G>A	4	0.6076804346254903
chr11:117780652:C>T	5	0.1798553210389364
chr14:58474760:G>C	5	0.1798553210389364
chr4:1961074:G>A	5	0.1798553210389364
chr4:2129212:C>A	5	0.1798553210389364
chr5:121852168:C>T	5	0.1798553210389364
chr7:101042215:C>T	5	0.1798553210389364
chr1:85781269:T>C	6	1
chr2:240946223:G>A	6	1
chr5:38370395:C>T	6	1
chrX:18730185:G>C	7	-1
