mutation_id	myclone_id	myclone_ccf
chr5:41069717:G>T	1	0.2973266428499184
chr1:15659960:G>A	2	0.12094970478870459
chr2:195872329:C>T	2	0.12094970478870459
chr2:237336517:G>A	3	0.5751908166311112
chr12:128705528:C>T	4	0.9749363944562965
chr2:118843050:G>A	4	0.9749363944562965
chr20:1980394:G>A	4	0.9749363944562965
chr4:5168370:C>T	4	0.9749363944562965
chr5:13751081:C>T	4	0.9749363944562965
chr8:144722871:T>C	4	0.9749363944562965
chrX:45078469:->CAAC	4	0.9749363944562965
chr11:18934140:G>A	5	0.8063247995662095
chr19:2767649:C>T	5	0.8063247995662095
chr3:57322357:G>A	5	0.8063247995662095
chr6:44253546:->C	5	0.8063247995662095
chr6:72313644:C>A	5	0.8063247995662095
chr7:122886067:C>T	5	0.8063247995662095
chr7:154975874:A>T	5	0.8063247995662095
chr8:144039909:G>A	5	0.8063247995662095
chr17:29612689:C>T	5	0.8063247995662095
chr17:7832887:G>A	6	0.17460610350382488
chr2:90039479:->C	7	-1
