mutation_id	myclone_id	myclone_ccf
chr11:83633252:G>A	1	0.8536829799913571
chr2:11580759:C>T	1	0.8536829799913571
chr3:125012934:G>A	1	0.8536829799913571
chr14:49893878:A>G	1	0.8536829799913571
chr1:228316761:C>T	2	1
chr2:80647665:G>A	2	1
chr6:121447735:T>A	2	1
chr9:134699925:G>A	2	1
chr16:3738616:C>T	3	0.5655436764029222
chr4:41619348:C>T	3	0.5655436764029222
