mutation_id	myclone_id	myclone_ccf
chr7:50382593:A>T	1	1.0
chr11:17414598:G>A	2	0.3423181885001706
chr15:41881226:A>G	2	0.3423181885001706
chr1:217449291:G>A	3	0.4220349730965048
chr11:108134230:AAG>-	3	0.4220349730965048
chr19:19564933:C>T	3	0.4220349730965048
chr8:103420394:T>C	3	0.4220349730965048
chr1:27394005:T>C	4	0.08754593567378714
chr10:119826734:A>C	4	0.08754593567378714
chr15:34753007:T>C	4	0.08754593567378714
chr19:35131456:C>T	4	0.08754593567378714
chr2:106813208:A>G	4	0.08754593567378714
chr9:133768486:T>C	4	0.08754593567378714
chr15:75414274:A>G	5	0.1793863813044549
chr17:40479782:A>G	5	0.1793863813044549
chr2:84787286:A>C	5	0.1793863813044549
chr3:185498922:A>G	5	0.1793863813044549
chr4:148435181:C>T	6	-1
