mutation_id	myclone_id	myclone_ccf
chr22:15528794:G>C	1	0.0993377483443708
chr1:176043213:A>T	2	0.7732330534980817
chr12:100205004:A>G	2	0.7732330534980817
chr13:95641638:T>C	2	0.7732330534980817
chr17:44320040:G>T	2	0.7732330534980817
chr19:47555808:G>A	2	0.7732330534980817
chr2:106123056:C>A	2	0.7732330534980817
chr2:176117521:A>G	2	0.7732330534980817
chr2:196793100:C>T	2	0.7732330534980817
chr22:29485786:C>T	2	0.7732330534980817
chr3:64541156:C>T	2	0.7732330534980817
chr5:66068944:G>A	2	0.7732330534980817
chr2:90100738:->CCCC	3	0.8461538461538461
chr14:22603698:A>-	4	0.02021603679981976
chr8:25319613:T>C	4	0.02021603679981976
chr8:112685692:A>T	4	0.02021603679981976
