mutation_id	myclone_id	myclone_ccf
chr17:40093071:C>T	1	0.3864462480149648
chr19:8959533:G>A	2	0.7774227476820564
chr22:36266019:G>A	2	0.7774227476820564
chr6:138335089:C>T	2	0.7774227476820564
chr2:88886139:TATTATAGTACTCCTCCCACAGTGCTTCA>C	3	1
chr22:30468639:C>T	3	1
chr3:64616018:C>T	3	1
chr8:80641400:C>T	3	1
