mutation_id	myclone_id	myclone_ccf
chr11:70165556:C>T	1	0.8401083978907228
chr1:181772160:G>A	2	0.4629246270712225
chr12:95867164:G>A	2	0.4629246270712225
chr13:24842111:T>A	2	0.4629246270712225
chr13:43085809:G>C	2	0.4629246270712225
chr16:72793700:G>A	2	0.4629246270712225
chr1:56876124:G>T	3	0.18494839603535418
chr14:23397562:G>A	3	0.18494839603535418
chr14:52858525:A>C	3	0.18494839603535418
chr14:104930900:C>T	3	0.18494839603535418
chr16:55871667:G>T	3	0.18494839603535418
chr16:70463234:C>G	3	0.18494839603535418
chr18:31411406:C>T	3	0.18494839603535418
chr19:13913574:G>A	3	0.18494839603535418
chr19:13913575:G>A	3	0.18494839603535418
chr5:157327972:G>A	3	0.18494839603535418
chr9:101185519:C>T	3	0.18494839603535418
chr1:164807611:C>A	4	0.09571892399082382
chr12:75316369:C>A	4	0.09571892399082382
chr15:34356761:C>T	4	0.09571892399082382
chr17:30078315:C>T	4	0.09571892399082382
chr19:47150328:G>T	4	0.09571892399082382
chr19:54191408:G>A	4	0.09571892399082382
chr2:233719280:G>A	4	0.09571892399082382
chr20:64217116:C>T	4	0.09571892399082382
chr4:182799649:G>A	4	0.09571892399082382
chr6:31766634:G>C	4	0.09571892399082382
chr8:143871361:G>A	4	0.09571892399082382
chr9:117714170:C>G	4	0.09571892399082382
chr18:65858987:G>A	5	1
chr7:13977429:C>A	5	1
chrX:26161520:T>C	6	0.93
chr14:106511113:TGTCTCTCGCAC>-	7	-1
