mutation_id	myclone_id	myclone_ccf
chr1:13225826:C>T	1	0.3895863091157802
chr19:34431904:->CGGGC	2	0.6152780273824139
chr3:195779080:G>A	2	0.6152780273824139
chr1:205832688:->GGGGCCAGGG	3	0.8123787193759918
chr12:96015639:CAAA>-	3	0.8123787193759918
chr17:11854111:C>T	3	0.8123787193759918
chr18:47034435:G>A	3	0.8123787193759918
chr4:117084306:T>A	3	0.8123787193759918
chr6:121446863:G>A	3	0.8123787193759918
chr6:127514897:G>A	3	0.8123787193759918
chr1:214376363:C>T	4	0.11811550505200887
chr4:56650729:C>T	4	0.11811550505200887
chr8:66177331:C>T	4	0.11811550505200887
chr10:67219761:T>C	5	1
chr11:27658077:G>A	5	1
chr12:45036083:C>T	5	1
chr16:61652891:T>G	5	1
chr17:80108805:G>A	5	1
chr19:46230344:C>A	5	1
chr2:130657050:C>T	5	1
chr2:218272750:G>A	5	1
chr21:35048861:GT>-	5	1
chr22:21634058:C>T	5	1
chr4:113358092:G>A	5	1
chr6:22570027:A>G	5	1
