mutation_id	myclone_id	myclone_ccf
chr1:20323387:A>G	1	0.124866314505902
chr11:1162029:G>A	2	0.4750419244868322
chr6:54940156:A>C	3	1
chr1:228371456:G>A	4	0.2650129643388574
chrX:345644:T>C	4	0.2650129643388574
chr1:22647280:G>A	5	0.9550959383386258
chr1:175094152:C>T	5	0.9550959383386258
