mutation_id	myclone_id	myclone_ccf
chr2:131263515:A>G	1	0.0958735239694638
chr11:27657939:C>T	2	0.282069906336354
chr11:55994326:C>A	2	0.282069906336354
chr16:27501339:T>C	2	0.282069906336354
chr19:34495720:C>A	2	0.282069906336354
chr1:39569619:G>A	3	0.9999999999999999
chr1:150986397:G>T	3	0.9999999999999999
chr11:74921238:G>A	3	0.9999999999999999
chr14:58138431:A>G	3	0.9999999999999999
chr2:237342135:C>T	3	0.9999999999999999
chr7:117427447:G>A	3	0.9999999999999999
chr8:30812413:G>T	3	0.9999999999999999
chr14:106578742:TGTCTCGCAC>CCGGGTG	4	0.7537217421940929
chr15:41696705:ACTCGACGATTCA>TCGGGG	4	0.7537217421940929
chr14:106627248:->CCTTCCC	5	0.5406201490500324
chr2:90100738:T>CCGGGC	5	0.5406201490500324
chrX:108169606:C>T	6	-1
chr14:106639118:->CCTTCCC	7	-1
