mutation_id	myclone_id	myclone_ccf
chr7:95273960:A>G	1	1
chr19:22315873:C>A	2	0.6715365602851928
chr2:185808702:C>A	2	0.6715365602851928
chr2:208437599:A>T	3	0.2491432609079668
chr19:7916326:G>A	4	0.877347601319235
chr2:185797352:G>C	4	0.877347601319235
chr1:11285783:C>T	5	0.12385788973257945
chr10:27028897:C>T	5	0.12385788973257945
chr11:1747751:G>A	5	0.12385788973257945
chr12:108623770:C>T	5	0.12385788973257945
chr14:99675157:G>A	5	0.12385788973257945
chr16:69339848:G>C	5	0.12385788973257945
chr17:75494739:C>T	5	0.12385788973257945
chr19:6534892:C>T	5	0.12385788973257945
chr3:149657037:C>T	5	0.12385788973257945
chr7:152220636:G>C	5	0.12385788973257945
chr9:21968230:C>T	5	0.12385788973257945
chrX:151955798:G>C	5	0.12385788973257945
