mutation_id	myclone_id	myclone_ccf
chr12:49040675:G>C	1	0.1186733233555829
chr12:58886840:G>A	1	0.1186733233555829
chr12:7374461:G>A	2	1
chr5:40955408:G>A	2	1
chr7:71335734:G>-	2	1
chr10:50836304:C>T	2	1
chr10:133467274:C>T	2	1
chr12:109388805:C>T	3	0.6744223532727893
chr12:112489080:T>G	3	0.6744223532727893
chr17:56510826:C>T	3	0.6744223532727893
chr8:143872421:C>T	3	0.6744223532727893
