mutation_id	myclone_id	myclone_ccf
chr1:148863291:C>T	1	0.8303703915681957
chr3:98064545:C>T	1	0.8303703915681957
chr9:14307144:A>G	1	0.8303703915681957
chr5:140884515:G>A	2	0.9999999999999999
chr6:122998069:C>A	2	0.9999999999999999
chrX:37010414:G>A	2	0.9999999999999999
chrX:130051945:T>G	2	0.9999999999999999
chr1:12883143:G>A	3	0.24308116555501963
chr7:87197869:C>T	3	0.24308116555501963
chr8:67159137:G>A	4	0.1301303206588198
chr11:83206070:C>A	5	0.40540391442231266
