mutation_id	myclone_id	myclone_ccf
chr8:51475139:C>T	1	1.0
chr20:48969177:G>T	2	0.33219970844158814
chr6:31730900:->A	2	0.33219970844158814
chrX:120455420:C>T	2	0.33219970844158814
chr11:1085225:C>T	3	0.08702685584892164
chr19:13371759:G>A	3	0.08702685584892164
chr19:55857989:C>T	3	0.08702685584892164
chr4:1918426:C>T	3	0.08702685584892164
chr5:141661732:G>A	3	0.08702685584892164
chr10:20896960:C>T	4	0.24608459720780199
chr15:63640209:T>C	4	0.24608459720780199
