mutation_id	myclone_id	myclone_ccf
chr2:232839909:A>CCAATGAC	1	0.7684133792985316
chr1:193125127:CCAACCCAGAGAGTACTACAC>G	2	0.5719376041240546
chr2:113406870:ATT>CCTCCCCA	2	0.5719376041240546
chr17:40772104:G>A	3	1.0
chr19:7642246:C>T	3	1.0
chr3:48639922:C>T	3	1.0
chr7:128907437:G>A	3	1.0
chr1:160127635:G>T	4	0.10196130684911794
chr12:108900451:G>T	4	0.10196130684911794
chr17:61968135:C>T	4	0.10196130684911794
chr4:121907353:G>T	4	0.10196130684911794
chr6:7580776:A>G	4	0.10196130684911794
chr11:67451618:A>G	5	0.2292774670391518
chr11:67451619:T>G	5	0.2292774670391518
chr17:42128334:G>C	5	0.2292774670391518
chr8:58447429:G>A	5	0.2292774670391518
chrX:120875257:G>A	6	-1
chr14:106062143:ACTGTGTCTCTC>TTTACGGCG	7	-1
