mutation_id	myclone_id	myclone_ccf
chrX:27747661:G>A	1	0.1345417035072207
chrX:123326124:A>G	1	0.1345417035072207
chr22:35765465:G>A	1	0.1345417035072207
chr2:186828177:G>T	1	0.1345417035072207
chr4:6277523:C>T	1	0.1345417035072207
chr17:72123928:GGCGCCCCCGCAGCCGCAGGC>-	2	0.2724050587130531
chr17:76398472:C>T	2	0.2724050587130531
chr2:200812428:C>A	2	0.2724050587130531
chr10:47368327:T>C	3	0.45051113740559123
chr11:56318591:T>C	3	0.45051113740559123
chr12:49973469:G>A	3	0.45051113740559123
chr3:65379503:C>A	3	0.45051113740559123
chr18:44953222:C>T	4	0.197784942757254
chr4:125487524:T>G	4	0.197784942757254
chr5:140821956:C>T	4	0.197784942757254
chr1:18840247:C>T	5	0.4548813035538698
chr10:88939539:C>A	5	0.4548813035538698
chr1:170055399:C>A	6	-1
chr1:218436110:C>T	7	-1
chr1:11247642:C>T	8	-0.019428111155860073
chr1:114716127:C>T	8	-0.019428111155860073
