mutation_id	myclone_id	myclone_ccf
chr12:25245345:C>T	1	0.38785343687620893
chr15:44332034:G>C	1	0.38785343687620893
chr19:49801830:C>T	1	0.38785343687620893
chr1:114716126:C>G	2	0.15112786187391
chr10:102260068:C>T	2	0.15112786187391
chr16:682459:C>G	2	0.15112786187391
chr20:31477904:G>A	2	0.15112786187391
chr20:51009766:G>A	2	0.15112786187391
chr21:32495082:G>A	2	0.15112786187391
chr3:13391234:G>A	2	0.15112786187391
chr5:141123893:G>A	2	0.15112786187391
chr5:141175217:A>T	2	0.15112786187391
chr9:93253051:C>T	2	0.15112786187391
chr9:137031520:G>A	2	0.15112786187391
chr1:36859129:G>A	3	0.9877800677316251
chr10:28595923:A>C	3	0.9877800677316251
chr11:46873401:C>A	3	0.9877800677316251
chr11:57554612:G>A	3	0.9877800677316251
chr12:27679631:C>G	3	0.9877800677316251
chr12:122206688:G>C	3	0.9877800677316251
chr12:124483682:G>A	3	0.9877800677316251
chr14:23559971:G>A	3	0.9877800677316251
chr2:85134076:G>A	3	0.9877800677316251
chr2:165996090:C>T	3	0.9877800677316251
chr2:240573173:G>A	3	0.9877800677316251
chr3:131555519:G>A	3	0.9877800677316251
chr5:95891131:C>T	3	0.9877800677316251
chr5:109379201:C>T	3	0.9877800677316251
chr5:122020429:C>G	3	0.9877800677316251
chr5:177306424:G>A	3	0.9877800677316251
chr6:31634814:G>T	3	0.9877800677316251
chr7:149105378:G>A	3	0.9877800677316251
chr19:4930735:CTC>-	4	0.5974736525830628
chr3:158827298:C>T	4	0.5974736525830628
chr8:6936818:C>T	4	0.5974736525830628
chr8:90060188:A>G	4	0.5974736525830628
chrX:32438384:C>G	5	-1
chrX:87518024:G>C	6	-1
