mutation_id	myclone_id	myclone_ccf
chr1:114716127:C>T	1	0.889357174719575
chr2:205499901:G>A	1	0.889357174719575
chr5:141431501:C>T	1	0.889357174719575
chr7:78072950:G>A	1	0.889357174719575
chr8:10498626:G>A	1	0.889357174719575
chr11:64349408:G>A	2	1
chr12:51890837:G>A	2	1
chr19:12897776:C>T	2	1
chr4:3767506:G>A	3	0.6906967675609887
chr22:27998714:C>T	4	0.07545730827877731
chr9:90874710:T>A	4	0.07545730827877731
chr18:31131750:C>T	5	0.9480409397977029
chr6:35120945:G>A	5	0.9480409397977029
chr6:121447721:G>A	6	0.12578004908354629
