mutation_id	myclone_id	myclone_ccf
chr1:247949593:G>A	1	0.8920184304268066
chr12:11885952:->G	1	0.8920184304268066
chr12:14643684:C>A	1	0.8920184304268066
chr12:25245350:C>G	1	0.8920184304268066
chr12:49052197:GAGA>-	1	0.8920184304268066
chr13:24913013:G>T	1	0.8920184304268066
chr20:63693192:C>A	1	0.8920184304268066
chr8:36807399:G>A	1	0.8920184304268066
chr1:158354634:C>T	2	1.0
chr11:56989733:G>T	2	1.0
chr15:39589263:A>T	2	1.0
chr16:51141023:G>A	2	1.0
chr19:17101891:C>T	2	1.0
chr19:49873229:G>A	2	1.0
chr5:140871353:G>A	2	1.0
chrX:154450058:G>A	2	1.0
chr6:41806315:G>A	2	1.0
chr22:18528847:TGGGAGGAGCTGTCGAGTCAGGTACG>CTT	3	0.5513040798366338
chr22:21468182:TGGGAGGAGCTGTCGAGTCAGGTACG>CTT	3	0.5513040798366338
chr10:26286447:G>A	4	0.8116080063170674
chr14:106592675:->TCTCCCTGGC	4	0.8116080063170674
chr17:10544125:G>A	4	0.8116080063170674
