mutation_id	myclone_id	myclone_ccf
chr9:137228699:CTCGGCCTATGAC>-	1	0.6037116420656345
chr3:97483944:G>A	2	0.7603540858913584
chrX:124563768:G>A	2	0.7603540858913584
chrX:129746629:C>T	2	0.7603540858913584
chr10:122630370:A>T	3	1.0
chr6:159232904:G>A	3	1.0
chr1:202318070:C>T	4	0.875440610690685
chr8:27463846:C>T	4	0.875440610690685
chrX:24739456:C>T	4	0.875440610690685
