mutation_id	myclone_id	myclone_ccf
chr11:89872276:C>T	1	0.3599743910507954
chr7:120274788:CC>G	2	0.5999384072338028
chr10:77039569:G>C	3	0.8114900345076392
chr12:57043868:G>A	3	0.8114900345076392
chr15:40458915:C>-	3	0.8114900345076392
chr16:4988262:C>T	3	0.8114900345076392
chr17:44075755:G>A	3	0.8114900345076392
chr3:74371290:C>T	3	0.8114900345076392
chr3:177026430:A>C	3	0.8114900345076392
chr4:68830664:C>T	3	0.8114900345076392
chr1:18483292:G>A	4	0.9529325329276139
chr11:117516473:C>T	4	0.9529325329276139
chr12:20883431:G>A	4	0.9529325329276139
chr16:89935058:G>A	4	0.9529325329276139
chr2:15467331:C>G	4	0.9529325329276139
chr2:96123978:C>T	4	0.9529325329276139
chr2:115309348:C>T	4	0.9529325329276139
chr20:53581709:T>A	4	0.9529325329276139
chr3:64198967:C>A	4	0.9529325329276139
chr8:138821211:G>A	4	0.9529325329276139
chrX:31071944:C>T	5	0.8668177618977274
