mutation_id	myclone_id	myclone_ccf
chr10:100978939:G>C	1	0.6700899258463555
chr13:19178310:G>A	1	0.6700899258463555
chr7:100992823:T>A	1	0.6700899258463555
chr5:159320493:G>A	2	0.8630708316453551
chr7:117222959:A>G	2	0.8630708316453551
chr8:37838957:A>G	2	0.8630708316453551
chr9:14842611:A>G	2	0.8630708316453551
chr9:135933504:T>G	2	0.8630708316453551
chrX:130028817:A>T	2	0.8630708316453551
chr1:13344314:T>-	3	0.39424685308932617
chr13:20085913:->CCTC	3	0.39424685308932617
chr2:102451944:G>A	3	0.39424685308932617
chr3:54764326:G>C	3	0.39424685308932617
chr4:68537835:T>A	4	1
chr8:104491204:C>T	4	1
chr15:71009889:C>G	5	0.5635162382445563
chr19:56816748:C>T	5	0.5635162382445563
chr3:193311917:T>A	5	0.5635162382445563
chr19:50475395:C>G	6	0.7600733024476742
chr3:56435005:C>T	6	0.7600733024476742
chr5:24511347:C>T	6	0.7600733024476742
chr14:89984602:T>G	7	0.09115541999526774
chr15:45147948:T>G	7	0.09115541999526774
chr3:155893616:C>G	7	0.09115541999526774
chr5:176877259:G>T	7	0.09115541999526774
chrX:124333932:C>G	7	0.09115541999526774
chr6:30604655:C>G	8	0.2543073420798294
chr6:160633782:A>C	8	0.2543073420798294
chr13:102738021:C>A	9	0.19655970748252904
