mutation_id	myclone_id	myclone_ccf
chr1:248739680:G>A	1	1
chr3:119146307:G>A	1	1
chr7:117718043:T>A	1	1
chr1:33726654:G>A	2	0.7486963327005011
chr2:119437153:G>A	2	0.7486963327005011
chr2:178725804:C>T	2	0.7486963327005011
chr12:112489104:C>G	3	0.2738608165897647
chr7:138905073:A>G	3	0.2738608165897647
chr10:24433044:G>A	3	0.2738608165897647
chr17:42405169:C>T	3	0.2738608165897647
chr10:66069488:G>T	3	0.2738608165897647
chr14:33055965:C>T	3	0.2738608165897647
chr12:25225628:C>T	4	0.57747745732892
chr7:38249529:A>T	4	0.57747745732892
chr10:132203787:G>A	4	0.57747745732892
chr18:9102754:C>T	4	0.57747745732892
chr12:128695912:C>T	5	0.41434161126615643
chr7:33970357:G>T	5	0.41434161126615643
chr21:38383755:T>C	5	0.41434161126615643
