mutation_id	myclone_id	myclone_ccf
chr19:41902337:G>A	1	0.4280069404265934
chr19:41905026:G>A	1	0.4280069404265934
chr16:3050115:C>G	2	0.8383925753727571
chr4:2932419:->GGT	2	0.8383925753727571
chr4:168441466:T>A	2	0.8383925753727571
chr14:91591908:G>A	3	0.9999999999999997
chr15:75400849:C>T	3	0.9999999999999997
chr17:44777779:G>C	3	0.9999999999999997
chr2:240750472:G>A	3	0.9999999999999997
chr3:123700852:C>A	3	0.9999999999999997
chr9:32635559:C>A	3	0.9999999999999997
chr1:114709583:C>T	4	0.11319482488250034
chr1:152353389:C>G	4	0.11319482488250034
chr1:171324237:G>A	4	0.11319482488250034
chr10:16918798:C>G	4	0.11319482488250034
chr10:48743030:C>T	4	0.11319482488250034
chr10:121482173:C>G	4	0.11319482488250034
chr11:46899956:C>A	4	0.11319482488250034
chr11:130190549:T>C	4	0.11319482488250034
chr15:66315067:G>A	4	0.11319482488250034
chr18:50276929:G>A	4	0.11319482488250034
chr2:130762431:C>G	4	0.11319482488250034
chr2:164699411:C>G	4	0.11319482488250034
chr2:233265021:T>C	4	0.11319482488250034
chr22:17818948:G>A	4	0.11319482488250034
chr3:46676958:C>G	4	0.11319482488250034
chr4:75516959:G>C	4	0.11319482488250034
chr4:143433595:C>G	4	0.11319482488250034
chr5:140787736:G>A	4	0.11319482488250034
chr5:179875060:G>A	4	0.11319482488250034
chr6:100393774:G>A	4	0.11319482488250034
chr6:116928835:C>T	4	0.11319482488250034
chr6:168307842:C>A	4	0.11319482488250034
chr6:169702895:G>A	4	0.11319482488250034
chr8:31032579:C>G	4	0.11319482488250034
chr8:117161737:G>C	4	0.11319482488250034
chr9:15185355:C>T	4	0.11319482488250034
chr9:127467739:G>A	4	0.11319482488250034
chr1:24086715:C>T	5	0.19685503300017176
chr1:222660182:C>G	5	0.19685503300017176
chr10:49103854:G>A	5	0.19685503300017176
chr11:46899407:C>G	5	0.19685503300017176
chr13:110715967:C>G	5	0.19685503300017176
chr14:50440415:C>G	5	0.19685503300017176
chr18:580487:G>C	5	0.19685503300017176
chr19:41909158:G>A	5	0.19685503300017176
chr2:88590835:G>C	5	0.19685503300017176
chr22:32445676:C>G	5	0.19685503300017176
chr3:186677801:C>T	5	0.19685503300017176
chr4:73121635:C>G	5	0.19685503300017176
chr4:166912645:G>A	5	0.19685503300017176
chr6:110393031:C>T	5	0.19685503300017176
chr7:6115509:A>T	5	0.19685503300017176
chr7:100755312:C>A	5	0.19685503300017176
chr7:128730030:C>G	5	0.19685503300017176
chr8:91960498:C>T	5	0.19685503300017176
chrX:72872542:G>C	6	-1
chrX:105908257:G>C	7	-1
