mutation_id	myclone_id	myclone_ccf
chr1:240868786:C>T	1	1.0
chr3:50253148:G>A	1	1.0
chr15:27957614:G>A	2	0.8316763752844564
chr12:130442535:C>T	3	0.7089053067311567
chr19:54129321:G>A	3	0.7089053067311567
chr3:25620799:G>T	3	0.7089053067311567
chr14:106470264:->GTGGG	3	0.7089053067311567
chr17:41841927:G>A	3	0.7089053067311567
chr19:41909092:C>G	4	0.10898999724787783
chr2:166199775:G>A	4	0.10898999724787783
chr20:36188377:G>A	4	0.10898999724787783
chr7:149864197:A>C	4	0.10898999724787783
chr9:74630363:G>T	4	0.10898999724787783
chr1:114716123:C>T	5	0.3076577967397438
chr11:64116940:C>T	5	0.3076577967397438
chr2:208146117:C>T	5	0.3076577967397438
chr8:119593831:T>A	5	0.3076577967397438
chr4:125320936:C>T	5	0.3076577967397438
chr6:85490623:C>T	5	0.3076577967397438
chr1:114713909:G>T	6	0.22086547611666502
chr11:14517739:G>A	6	0.22086547611666502
chr19:54783506:G>T	6	0.22086547611666502
chr20:2862055:G>A	6	0.22086547611666502
chr3:127575235:G>T	6	0.22086547611666502
