mutation_id	myclone_id	myclone_ccf
chr2:161839916:A>C	1	0.372176754575079
chr4:6589082:C>T	2	0.1843042045903796
chr5:141351260:G>C	2	0.1843042045903796
chr10:120589326:G>A	3	1.0
chr12:23604460:T>C	3	1.0
chr14:36663075:C>T	3	1.0
chr19:4284835:G>A	3	1.0
chr2:77519699:T>C	3	1.0
chr7:93132377:C>T	3	1.0
chr9:135119762:G>A	3	1.0
chrX:136690735:G>T	3	1.0
chr10:121971042:T>C	4	0.735040768817127
chr11:67998444:G>T	4	0.735040768817127
chr2:21009611:G>T	4	0.735040768817127
