mutation_id	myclone_id	myclone_ccf
chr10:70738926:G>-	1	0.9327354260089686
chr1:156407137:A>G	2	1
chr1:11124516:G>A	3	0.2684615453815634
chr12:52450020:G>C	3	0.2684615453815634
chr2:209725779:G>A	3	0.2684615453815634
chr3:51357023:G>A	3	0.2684615453815634
chr8:87873533:C>T	3	0.2684615453815634
