mutation_id	myclone_id	myclone_ccf
chrX:17801953:A>G	1	0.055646481178396
chr13:35048574:G>T	2	0.14329426140155013
chr5:177095719:G>A	2	0.14329426140155013
chr6:44148559:C>T	2	0.14329426140155013
chr12:6646932:C>T	3	0.8137427073342124
chr15:54393069:C>T	3	0.8137427073342124
chr4:41662977:C>T	3	0.8137427073342124
chr20:25280365:->CG	4	1
chr7:82916232:T>C	4	1
chr9:91409858:G>A	4	1
chr12:25245347:C>T	5	0.3924611223799864
chr2:55588890:G>A	5	0.3924611223799864
chr10:31524020:C>T	6	0.21554844044966992
chr21:18315244:G>T	6	0.21554844044966992
chrX:139585078:A>T	6	0.21554844044966992
