mutation_id	myclone_id	myclone_ccf
chr1:37514657:C>G	1	0.5997009970600865
chr1:74463525:T>C	1	0.5997009970600865
chr16:18853633:G>A	1	0.5997009970600865
chr5:141101313:C>G	1	0.5997009970600865
chr5:179079296:C>G	1	0.5997009970600865
chr1:16059992:C>T	2	1.0
chr1:52358333:C>T	2	1.0
chr14:93998136:C>A	2	1.0
chr5:132814015:C>T	2	1.0
chrX:129921233:G>C	2	1.0
chr1:2800543:G>A	3	0.7899975467095016
chr12:47980611:C>T	3	0.7899975467095016
chr12:106997515:G>A	3	0.7899975467095016
chr19:55359154:G>A	3	0.7899975467095016
chr19:55979426:G>T	3	0.7899975467095016
chr4:6070117:G>C	3	0.7899975467095016
chr8:142913287:C>A	3	0.7899975467095016
chr12:57185668:C>T	4	0.11102247882200939
chr15:43526772:C>A	4	0.11102247882200939
chr15:79463154:C>T	4	0.11102247882200939
chr19:46470182:G>C	4	0.11102247882200939
chr2:178728949:G>A	4	0.11102247882200939
chr20:3803107:G>A	4	0.11102247882200939
chr20:13919109:C>T	4	0.11102247882200939
chr5:160253678:G>A	4	0.11102247882200939
chr6:31170480:G>A	4	0.11102247882200939
chr6:32096757:C>T	4	0.11102247882200939
chr6:54137050:C>G	4	0.11102247882200939
chr8:35759362:G>A	4	0.11102247882200939
chrX:131276139:G>A	4	0.11102247882200939
