mutation_id	myclone_id	myclone_ccf
chr11:14294551:G>T	1	1.0
chr20:32433408:C>T	2	0.49772222630803975
chr20:32433473:->A	2	0.49772222630803975
chr11:129854764:C>T	3	0.6728860900990119
chr2:90190609:C>A	3	0.6728860900990119
chrX:21967259:C>T	3	0.6728860900990119
chr1:35743462:C>T	4	0.18409605829771167
chr11:92797908:C>T	4	0.18409605829771167
chr12:52367177:C>T	4	0.18409605829771167
chr2:144389983:T>C	5	0.3497065575190575
chr4:140456603:C>T	5	0.3497065575190575
