mutation_id	myclone_id	myclone_ccf
chr22:25185015:C>T	1	0.782561512538623
chr2:134270430:C>T	2	1
chr5:140367789:C>T	2	1
chr5:145937966:C>G	2	1
chr1:151519144:C>T	3	0.18363302374120244
chr6:1313886:G>A	3	0.18363302374120244
chr8:13092762:T>C	3	0.18363302374120244
chr9:5078360:A>G	3	0.18363302374120244
chrX:124333727:G>A	3	0.18363302374120244
chr11:116821635:C>T	4	0.4020066085607751
chr12:123321612:C>T	4	0.4020066085607751
chr3:47106044:G>A	4	0.4020066085607751
chr4:76754731:G>A	4	0.4020066085607751
