mutation_id	myclone_id	myclone_ccf
chr14:106802688:TGTGTGTCTAG>CCCCCC	1	0.4114025953535176
chr1:1043663:G>A	2	1.0
chr1:6574657:G>A	2	1.0
chr1:185933628:C>T	2	1.0
chr17:10452300:C>T	2	1.0
chr2:240589388:G>A	2	1.0
chr4:20850551:A>G	2	1.0
chr5:140042492:C>A	2	1.0
chr8:143296738:G>T	2	1.0
chr9:12821722:C>T	2	1.0
chr2:172990900:C>G	3	0.13803011334121984
chr2:189670521:G>A	3	0.13803011334121984
chr5:57481996:C>T	3	0.13803011334121984
chr7:100489051:G>T	3	0.13803011334121984
chr11:66437241:C>T	4	0.690749410848869
chr13:32234753:G>C	4	0.690749410848869
chr20:33089542:G>T	4	0.690749410848869
chr22:18610900:C>A	4	0.690749410848869
chr22:22921396:->GGG	4	0.690749410848869
chr22:22921398:T>GGGG	4	0.690749410848869
chr3:133616904:G>C	4	0.690749410848869
chr7:30078633:C>T	4	0.690749410848869
chr9:129086180:G>A	4	0.690749410848869
chr1:44800848:C>T	5	0.8999335432202087
chr12:64126075:C>T	5	0.8999335432202087
chr17:7344071:C>T	5	0.8999335432202087
chr2:164700666:G>A	5	0.8999335432202087
chr21:33246765:G>C	5	0.8999335432202087
chr22:42065879:C>T	5	0.8999335432202087
chr3:183798971:C>G	5	0.8999335432202087
chr6:27249132:G>A	5	0.8999335432202087
chr7:122081520:C>G	5	0.8999335432202087
chrX:16124167:C>T	6	0.8002854332341861
