mutation_id	myclone_id	myclone_ccf
chr20:63565609:G>A	1	0.1575406251694398
chr1:179445074:G>A	2	0.9831676430318078
chr19:50247059:C>T	2	0.9831676430318078
chr22:41169528:A>T	2	0.9831676430318078
chr3:51715677:G>A	2	0.9831676430318078
chrX:31679479:C>T	2	0.9831676430318078
chrX:153456530:G>T	2	0.9831676430318078
chr10:73653506:C>T	2	0.9831676430318078
chr10:121479938:A>T	2	0.9831676430318078
chr10:125026591:G>A	2	0.9831676430318078
chr18:46542737:A>C	2	0.9831676430318078
chr4:25414359:T>G	2	0.9831676430318078
chr4:113278525:G>A	2	0.9831676430318078
chr4:113278526:G>A	2	0.9831676430318078
chr5:36680467:C>T	2	0.9831676430318078
chr5:83520255:G>A	2	0.9831676430318078
chr1:197060539:A>C	3	0.8421669375352013
chr16:2496844:C>T	3	0.8421669375352013
chr2:189004090:G>A	3	0.8421669375352013
chr2:219302367:T>A	3	0.8421669375352013
chr2:240029802:G>T	3	0.8421669375352013
chr3:10238867:C>T	3	0.8421669375352013
chr8:7333588:G>T	3	0.8421669375352013
chr1:35097343:C>T	4	0.550497070904577
chr18:54936889:G>A	5	0.24543428758651953
chr5:152404995:C>T	5	0.24543428758651953
