mutation_id	myclone_id	myclone_ccf
chr1:157134107:C>G	1	0.8609166671256365
chrX:142203459:A>G	1	0.8609166671256365
chr1:10130499:G>T	2	1.0
chr11:57182184:G>A	2	1.0
chr5:157287028:G>A	2	1.0
chr1:93876353:T>C	3	0.23703140828101896
chr1:114716127:C>A	3	0.23703140828101896
chr1:216199716:G>T	3	0.23703140828101896
chr10:49322968:C>A	3	0.23703140828101896
