mutation_id	myclone_id	myclone_ccf
chr14:21852787:G>C	1	0.3578514297662494
chr11:5152318:C>T	2	0.1246862782381413
chr19:15685151:G>A	2	0.1246862782381413
chr17:4741084:G>A	3	0.7184190600580193
chr2:206557440:G>A	3	0.7184190600580193
chr7:142812585:->ATCCCCCGT	3	0.7184190600580193
chr1:235182262:C>A	4	0.26408364129064205
chr9:97354903:C>T	4	0.26408364129064205
chr9:124453549:C>T	4	0.26408364129064205
chr10:126504179:C>G	5	0.49574074741792773
chr14:45206128:ATG>-	5	0.49574074741792773
chr1:77518707:C>T	6	0.9999999999999998
chr12:48184177:C>T	6	0.9999999999999998
chr19:12734458:->C	6	0.9999999999999998
chr2:197402635:C>G	6	0.9999999999999998
chr3:64686676:C>T	6	0.9999999999999998
chrX:152767372:C>A	7	-1
chr14:106511175:A>G	8	-1
chr14:106511116:->TCTCGG	9	-1
