mutation_id	myclone_id	myclone_ccf
chr9:92112485:T>A	1	0.579998914118526
chr10:70674682:->TCGG	2	0.8761156194991694
chr11:54683006:G>C	2	0.8761156194991694
chr13:43412897:T>G	2	0.8761156194991694
chr20:18596212:G>A	2	0.8761156194991694
chr8:22589680:G>A	2	0.8761156194991694
chr12:106239421:G>A	3	1.0
chr15:23645561:G>A	3	1.0
chr17:44215758:T>C	3	1.0
chr19:35338352:C>T	3	1.0
chr19:53070009:C>A	3	1.0
chr2:51028021:G>A	3	1.0
chr9:36840562:A>G	3	1.0
chr9:37015168:G>C	3	1.0
chr9:137878067:A>T	4	0.44357225538515
chrX:80025698:C>T	5	-1
chrX:2861709:G>A	6	-1
chr14:22492851:TGGAA>GG	7	-1
