mutation_id	myclone_id	myclone_ccf
chr15:45662023:T>C	1	0.1429796197000078
chr8:76704318:C>A	2	1.0
chr9:70598483:C>T	2	1.0
chrX:143631089:A>G	2	1.0
chr20:9566185:G>A	3	0.818618225370065
chr4:119029977:G>A	3	0.818618225370065
chr4:168420368:G>C	3	0.818618225370065
chr6:39879358:G>A	3	0.818618225370065
chr7:13931573:C>A	3	0.818618225370065
chrX:141697627:T>C	3	0.818618225370065
chr12:8932642:C>T	4	0.5418082386907938
chr16:22172275:G>A	4	0.5418082386907938
chr16:69356921:T>G	4	0.5418082386907938
chr16:3729507:TTGATGTTGAGGCAGAAGGGCA>AGGGGACCT	5	0.050960426757533206
