mutation_id	myclone_id	myclone_ccf
chr2:131480387:G>A	1	0.2475720091556158
chrX:41216261:T>G	2	0.1435783467731756
chr18:21403949:G>A	2	0.1435783467731756
chr1:31792307:C>T	3	0.8258297355627062
chr11:5200272:G>A	3	0.8258297355627062
chr12:19518104:G>A	3	0.8258297355627062
chr15:32968873:G>A	3	0.8258297355627062
chr16:3736750:T>A	3	0.8258297355627062
chr2:48962817:C>T	3	0.8258297355627062
chr2:88178876:C>T	3	0.8258297355627062
chr1:145826603:CAGTGACAC>-	4	1.0
chr11:11332759:G>A	4	1.0
chr11:64267525:C>T	4	1.0
chr13:110473122:C>T	4	1.0
chr17:82090972:G>A	4	1.0
chr2:165131388:C>T	4	1.0
chr22:25874292:C>T	4	1.0
chr3:150972661:G>A	4	1.0
chr7:99707878:C>T	4	1.0
chrX:131085706:C>T	4	1.0
chrX:151743604:C>T	4	1.0
chr4:25676187:C>T	4	1.0
chr5:38482094:C>T	4	1.0
chr6:101889704:C>T	4	1.0
chr6:123464977:C>T	4	1.0
chr6:127475740:G>A	4	1.0
chr8:56445730:C>T	4	1.0
chr9:121310765:C>T	4	1.0
chr17:41379151:G>A	5	0.4107008523976882
chr2:130194148:C>T	6	0.5629369607090354
