mutation_id	myclone_id	myclone_ccf
chr8:86671052:C>T	1	1
chr11:120137821:C>T	2	0.2176248171784042
chr13:32078906:C>T	2	0.2176248171784042
chr15:90913614:G>A	2	0.2176248171784042
chr8:54869857:A>G	3	-1
