mutation_id	myclone_id	myclone_ccf
chr1:219609797:G>A	1	0.43647770932064234
chr2:113406872:->AAGGCC	1	0.43647770932064234
chr4:87047427:A>G	2	0.1722406576688244
chr17:20580175:G>A	3	0.5906078232173414
chr1:43578842:G>A	4	0.9697973922608861
chr15:49860232:C>G	4	0.9697973922608861
chr17:1936542:G>A	4	0.9697973922608861
chr19:42249177:C>T	4	0.9697973922608861
chr19:54174166:T>C	4	0.9697973922608861
chr22:22162681:->TGTCC	4	0.9697973922608861
