mutation_id	myclone_id	myclone_ccf
chr9:27212868:C>T	1	0.5252875556326224
chr2:11627040:C>T	2	1
chr3:126508048:A>T	3	0.2088811253102878
chrX:9937608:C>T	4	0.2887833072100312
chrX:111147854:G>C	5	0.34368872549019597
