mutation_id	myclone_id	myclone_ccf
chr19:8962255:C>T	1	1.0
chr19:40673461:G>A	1	1.0
chr5:157163123:G>A	1	1.0
chr7:82826637:C>T	1	1.0
chr1:175118739:G>A	2	0.41890223162806545
chr11:13405746:C>T	2	0.41890223162806545
chr15:30556421:A>G	2	0.41890223162806545
chr20:25775284:G>A	2	0.41890223162806545
chr5:95586659:G>A	2	0.41890223162806545
chr1:86063733:T>G	3	0.895950331363985
chr16:15365356:G>A	3	0.895950331363985
chr19:39269581:G>A	3	0.895950331363985
chr8:81823895:G>A	3	0.895950331363985
chr9:104536717:C>G	3	0.895950331363985
chr9:128435859:G>A	3	0.895950331363985
chr1:236559060:G>A	4	0.21881932674646445
chr11:102865792:C>T	4	0.21881932674646445
chr8:123182935:G>T	4	0.21881932674646445
chr1:119895373:T>C	5	0.1073565839996746
chr10:91841341:C>T	5	0.1073565839996746
chr11:93739241:G>A	5	0.1073565839996746
chr13:108208918:G>C	5	0.1073565839996746
chr15:23686753:C>T	5	0.1073565839996746
chr2:185739381:G>A	5	0.1073565839996746
chr5:149200352:C>T	5	0.1073565839996746
chrX:101022059:C>T	5	0.1073565839996746
