mutation_id	myclone_id	myclone_ccf
chr18:5397188:T>C	1	0.1493413198502024
chr10:15644090:G>A	2	0.2350303281993982
chr4:69958923:G>T	3	0.5948022835099291
chr9:135487048:G>A	3	0.5948022835099291
chr1:228166019:C>T	4	0.9894966034386209
chr11:1697256:G>C	4	0.9894966034386209
chr14:21811744:G>A	4	0.9894966034386209
chr14:79467323:T>G	4	0.9894966034386209
chr15:23566024:G>A	4	0.9894966034386209
chr15:39967671:C>T	4	0.9894966034386209
chr19:11487683:C>T	4	0.9894966034386209
chr2:166277229:G>A	4	0.9894966034386209
chr2:178548362:G>A	4	0.9894966034386209
chr3:171085164:C>A	4	0.9894966034386209
chr4:5835977:C>A	4	0.9894966034386209
chr20:41489783:C>T	5	0.92
chrX:64224957:G>C	5	0.92
