mutation_id	myclone_id	myclone_ccf
chr16:70920773:G>A	1	1.0
chr14:76763121:C>A	1	1.0
chr7:103540368:G>A	2	0.265339966832504
chr4:99652307:G>A	2	0.265339966832504
chr5:140796647:C>T	2	0.265339966832504
chr5:145938251:G>A	2	0.265339966832504
chr12:82896030:C>G	3	0.6308479834105191
chr12:112450334:A>G	3	0.6308479834105191
chr19:50518375:G>A	3	0.6308479834105191
chr3:36483075:C>T	3	0.6308479834105191
chr3:140678229:C>A	3	0.6308479834105191
chr7:99011404:G>T	3	0.6308479834105191
chr1:240208550:C>T	4	0.1670729473933134
chr2:88452368:G>T	4	0.1670729473933134
chr17:44093629:->G	4	0.1670729473933134
chr5:128966498:G>A	4	0.1670729473933134
