mutation_id	myclone_id	myclone_ccf
chr7:138759753:G>A	1	0.1935483870967742
chr14:106335074:ACTGTGTCTT>CCCCCGA	1	0.1935483870967742
chr1:1043954:G>A	2	1
chr4:186284120:C>T	2	1
chr21:26932993:G>A	2	1
chr1:15942140:G>T	3	0.8666520153009195
chr14:100550504:C>T	3	0.8666520153009195
chr2:113406870:ATTCACAGTGT>CTCTC	3	0.8666520153009195
chr3:50193400:A>G	3	0.8666520153009195
