mutation_id	myclone_id	myclone_ccf
chr16:766177:C>T	1	0.8254621357157796
chr16:3731260:G>A	1	0.8254621357157796
chr2:74505593:G>A	1	0.8254621357157796
chr20:51004387:G>A	1	0.8254621357157796
chrX:8533035:C>T	1	0.8254621357157796
chr6:116765408:G>T	1	0.8254621357157796
chr1:114716123:C>T	2	0.7080029222741467
chr11:62839197:->GC	2	0.7080029222741467
chr5:16179494:G>C	2	0.7080029222741467
chr7:123169164:G>A	2	0.7080029222741467
chr10:48726016:G>A	3	0.6558441558441559
