mutation_id	myclone_id	myclone_ccf
chr9:39358945:G>A	1	0.2572163559645002
chr22:39488001:C>T	2	0.0615364221572578
chr11:17393008:C>T	3	0.9021414137342032
chr16:57919175:G>A	3	0.9021414137342032
chr20:32433747:C>T	3	0.9021414137342032
chr5:140807319:C>T	3	0.9021414137342032
chr4:2875991:G>A	3	0.9021414137342032
chr4:55600523:C>T	3	0.9021414137342032
chr4:78421969:C>G	3	0.9021414137342032
chr12:125654085:G>A	4	1.0
chr7:21430157:C>T	4	1.0
chr7:31696987:T>C	4	1.0
chr8:109510851:C>G	4	1.0
chrX:49230482:C>T	4	1.0
chr14:93242374:C>G	4	1.0
chr17:78475408:C>T	4	1.0
chr6:167291548:C>T	4	1.0
chr11:55554363:G>-	5	0.7472149426597998
chr7:137654755:C>A	5	0.7472149426597998
