mutation_id	myclone_id	myclone_ccf
chr2:3613340:G>A	1	1.0
chr2:33293218:A>G	1	1.0
chr1:114716123:C>T	2	0.3164623339748258
chr1:114716126:C>T	2	0.3164623339748258
chr7:128844836:C>T	2	0.3164623339748258
chr12:25245350:C>T	2	0.3164623339748258
chr4:186534271:C>T	2	0.3164623339748258
chr19:35250358:C>T	3	0.240114990776163
chr11:46320482:G>A	3	0.240114990776163
chr11:71147151:ATCACCAGCGTGTTGCCCTG>CTGTCCGAA	3	0.240114990776163
chr14:64742275:G>A	3	0.240114990776163
chr11:7089842:G>A	3	0.240114990776163
chr11:72228420:C>T	3	0.240114990776163
chr12:78037257:A>G	3	0.240114990776163
chr14:32822773:G>A	3	0.240114990776163
chr14:81396116:C>T	3	0.240114990776163
chr19:11021846:C>T	3	0.240114990776163
chr22:39428065:G>A	3	0.240114990776163
chr4:177310098:G>A	3	0.240114990776163
chr6:168319478:C>T	3	0.240114990776163
chr6:34062006:C>T	4	0.4080831688629327
