mutation_id	myclone_id	myclone_ccf
chr2:71568284:G>A	1	0.2007949737145788
chr2:229231934:A>T	2	0.9999999999999999
chr3:15096106:G>A	2	0.9999999999999999
chr10:71293823:C>T	3	0.7569951526477446
chr11:47351366:G>A	3	0.7569951526477446
chr4:182346721:G>A	3	0.7569951526477446
chr6:31720137:C>T	3	0.7569951526477446
chr14:106506996:TA>GTCC	4	-1
chr14:106373660:GCCTCTCGC>TCCGCAA	5	-1
