mutation_id	myclone_id	myclone_ccf
chr12:100939449:G>C	1	0.8101099883569809
chr15:83982920:G>A	1	0.8101099883569809
chr17:16061425:G>A	1	0.8101099883569809
chr5:33614251:C>T	1	0.8101099883569809
chr11:123608522:C>G	2	0.9532285093608989
chr12:112446394:G>C	2	0.9532285093608989
chr19:54909422:G>T	2	0.9532285093608989
chr2:88529127:G>A	2	0.9532285093608989
chr9:35043112:G>C	2	0.9532285093608989
chr1:27105724:G>A	3	0.1642852888162744
chr11:57485204:G>C	3	0.1642852888162744
chr11:114582704:C>T	3	0.1642852888162744
chr12:132761771:C>A	3	0.1642852888162744
chr19:37169886:G>A	3	0.1642852888162744
chr20:63247658:C>A	3	0.1642852888162744
chr3:101849801:C>T	3	0.1642852888162744
chr3:121460125:G>A	3	0.1642852888162744
chr5:75596413:G>A	3	0.1642852888162744
chr7:20158618:G>A	3	0.1642852888162744
chr8:22355485:G>A	3	0.1642852888162744
chr8:98707277:G>C	3	0.1642852888162744
chr9:109147144:G>C	3	0.1642852888162744
chr12:5045380:C>T	3	0.1642852888162744
chr11:55726519:C>G	4	0.09360638991333253
chr11:62533531:G>A	4	0.09360638991333253
chr12:47773379:C>G	4	0.09360638991333253
chr15:21410898:C>T	4	0.09360638991333253
chr17:44189164:G>C	4	0.09360638991333253
chr19:10914014:G>A	4	0.09360638991333253
chr19:52321775:A>T	4	0.09360638991333253
chr2:61370408:G>C	4	0.09360638991333253
chr22:40860776:G>A	4	0.09360638991333253
chr3:184381798:C>T	4	0.09360638991333253
chr4:125490942:C>T	4	0.09360638991333253
chr5:52800736:G>C	4	0.09360638991333253
chr5:176597808:C>T	4	0.09360638991333253
chr6:42128717:C>T	4	0.09360638991333253
chr6:142753511:C>T	4	0.09360638991333253
chr8:119568179:G>A	4	0.09360638991333253
chrX:23001718:G>A	4	0.09360638991333253
chrX:70278531:C>T	4	0.09360638991333253
chrX:111912473:C>G	4	0.09360638991333253
chrX:153777978:G>C	4	0.09360638991333253
chr11:82934321:G>C	5	0.26538302120209956
chr12:85056078:G>A	5	0.26538302120209956
chr17:32142726:G>A	5	0.26538302120209956
chr18:8705705:G>A	5	0.26538302120209956
chr19:53456311:G>A	5	0.26538302120209956
chr2:233841229:C>G	5	0.26538302120209956
chr2:233842142:C>G	5	0.26538302120209956
chr5:149368044:C>G	5	0.26538302120209956
