mutation_id	myclone_id	myclone_ccf
chr3:47042655:->G	1	0.8269446367329786
chr14:99231412:G>A	2	0.1145613423415755
chr21:36245624:G>A	2	0.1145613423415755
chr12:25225628:C>T	3	0.571839670580208
chr12:117272464:C>T	3	0.571839670580208
chr19:19145890:G>C	3	0.571839670580208
chr5:177460670:T>C	3	0.571839670580208
chr6:97085298:A>G	3	0.571839670580208
chr1:200586206:G>A	4	0.9999999999999999
chr8:10924697:C>T	4	0.9999999999999999
chr1:110518330:C>T	5	0.32863175581759885
chr1:114716127:C>A	5	0.32863175581759885
chr2:43224740:G>T	5	0.32863175581759885
chr2:74878875:C>T	5	0.32863175581759885
chr6:109499060:G>C	5	0.32863175581759885
chr6:154442257:->CTTGGGGCC	5	0.32863175581759885
