mutation_id	myclone_id	myclone_ccf
chr12:111447762:T>A	1	1
chr17:3514599:G>A	2	0.9286142172523962
chr14:23347204:C>T	2	0.9286142172523962
chr14:81396128:C>T	2	0.9286142172523962
chr1:228282103:C>T	3	0.2178993089802653
chr17:42207711:T>G	3	0.2178993089802653
chr12:76031136:T>C	4	0.3111166515871811
chrX:54814751:G>T	4	0.3111166515871811
chrX:129489025:C>T	4	0.3111166515871811
chr2:219570364:C>T	5	0.10905917754612886
chr3:73383751:G>A	5	0.10905917754612886
chr5:157488317:C>A	5	0.10905917754612886
chrX:50638263:C>T	5	0.10905917754612886
chr7:50400587:C>T	6	0.5473852405966693
chr7:98988769:G>A	6	0.5473852405966693
chr9:70413178:G>C	6	0.5473852405966693
chrX:126819862:G>T	6	0.5473852405966693
