mutation_id	myclone_id	myclone_ccf
chr16:3767841:->GG	1	0.7259278168837575
chr16:57752538:G>A	1	0.7259278168837575
chr5:141096626:G>A	2	0.5944167898393792
chr12:84885436:A>T	3	0.5373616559451879
chr14:21665722:G>A	3	0.5373616559451879
chr22:20149997:->CGCCGCAA	3	0.5373616559451879
chr8:144058637:C>T	3	0.5373616559451879
