mutation_id	myclone_id	myclone_ccf
chr1:169708454:G>A	1	0.6749000764496463
chr9:3293180:G>A	1	0.6749000764496463
chrX:18650590:C>T	1	0.6749000764496463
chr1:53103391:C>T	2	0.37027891563184695
chr8:67095698:G>C	2	0.37027891563184695
chr8:144512170:C>T	2	0.37027891563184695
chr12:25245351:C>G	3	0.23164217509415932
chr16:55325118:G>A	3	0.23164217509415932
chr3:65356501:G>T	3	0.23164217509415932
chrX:106943156:G>A	4	0.1525520180478285
chrX:130028794:C>G	4	0.1525520180478285
chr1:156959136:C>T	5	0.9170573700823537
chr11:17771735:G>A	5	0.9170573700823537
chr11:20601562:C>A	5	0.9170573700823537
chr12:53196681:G>A	5	0.9170573700823537
chr18:2589269:G>A	5	0.9170573700823537
chr22:46289441:C>T	5	0.9170573700823537
chr4:55094908:G>C	5	0.9170573700823537
chrX:47628177:G>T	5	0.9170573700823537
