mutation_id	myclone_id	myclone_ccf
chr13:102738477:C>T	1	0.21539125780166
chr2:21002218:C>G	1	0.21539125780166
chr22:36490062:G>C	1	0.21539125780166
chr7:35244998:G>C	1	0.21539125780166
chr1:17005025:G>A	2	0.9741966038917281
chr11:58267522:G>A	2	0.9741966038917281
chr14:23476136:G>A	2	0.9741966038917281
chr15:39589888:C>T	2	0.9741966038917281
chr19:1802526:G>A	2	0.9741966038917281
chr19:6694599:C>T	3	0.5656884310094192
chr22:25039700:G>T	3	0.5656884310094192
