mutation_id	myclone_id	myclone_ccf
chr19:34760556:T>C	1	1.0
chrX:48835442:C>G	2	0.2023419203747072
chr10:49386713:C>T	3	0.7750690551073429
chr16:72793658:C>T	3	0.7750690551073429
chr12:25227345:C>T	4	0.4112536873156341
chr19:14406752:A>G	4	0.4112536873156341
chr2:97908657:C>T	4	0.4112536873156341
chr1:181732392:G>A	5	0.626657754010695
chr19:41294628:G>A	5	0.626657754010695
chr14:106714697:T>A	6	-1
chr5:159073432:C>T	6	-1
