mutation_id	myclone_id	myclone_ccf
chr3:52223468:A>C	1	1.0
chr1:86430935:C>G	2	0.3449761384505435
chr1:205337587:G>C	2	0.3449761384505435
chr1:244054373:C>G	2	0.3449761384505435
chr10:26500820:G>C	2	0.3449761384505435
chr11:68416350:C>T	2	0.3449761384505435
chr11:85916197:G>C	2	0.3449761384505435
chr11:119174481:C>T	2	0.3449761384505435
chr12:56235659:G>A	2	0.3449761384505435
chr12:70346195:G>C	2	0.3449761384505435
chr17:3942678:C>T	2	0.3449761384505435
chr17:63237834:G>A	2	0.3449761384505435
chr18:37067020:C>T	2	0.3449761384505435
chr2:169942556:C>G	2	0.3449761384505435
chr3:170360803:C>G	2	0.3449761384505435
chr3:196708594:C>G	2	0.3449761384505435
chr4:1237865:G>C	2	0.3449761384505435
chr7:100114126:G>A	2	0.3449761384505435
chr8:76983261:C>T	2	0.3449761384505435
chr8:109425097:G>A	2	0.3449761384505435
chrX:15355174:G>T	2	0.3449761384505435
chrX:49881247:G>A	2	0.3449761384505435
chrX:149885203:G>T	2	0.3449761384505435
chr11:103125117:G>A	3	0.5149135716254092
chr4:174493285:C>T	3	0.5149135716254092
chr7:107774848:G>C	3	0.5149135716254092
chr7:112784571:A>G	3	0.5149135716254092
chrX:118975093:G>A	3	0.5149135716254092
chr1:159928616:G>C	4	0.16819769079325547
chr10:77817868:C>T	4	0.16819769079325547
chr10:133328885:G>A	4	0.16819769079325547
chr11:110581007:C>G	4	0.16819769079325547
chr11:111357488:G>A	4	0.16819769079325547
chr13:36872761:G>C	4	0.16819769079325547
chr14:50628247:C>T	4	0.16819769079325547
chr17:7770892:G>A	4	0.16819769079325547
chr17:50186709:C>G	4	0.16819769079325547
chr19:40441729:G>A	4	0.16819769079325547
chr2:149579628:C>T	4	0.16819769079325547
chr22:41357180:C>T	4	0.16819769079325547
chr3:33439824:C>G	4	0.16819769079325547
chr4:69480709:C>T	4	0.16819769079325547
chr6:25915778:G>C	4	0.16819769079325547
chr6:138881130:G>C	4	0.16819769079325547
chr6:157206913:G>A	4	0.16819769079325547
chr7:141686603:G>C	4	0.16819769079325547
chr8:144260962:C>A	4	0.16819769079325547
chrX:136323079:G>C	4	0.16819769079325547
chr14:106210935:->GGA	5	-1
chr12:2859224:G>A	6	-1
chr13:102747138:C>T	6	-1
chr9:68479475:T>A	7	-1
