mutation_id	myclone_id	myclone_ccf
chr9:137437183:G>A	1	0.3790290288846258
chr15:89625426:G>A	2	1
chr16:4272735:G>T	2	1
chr5:140850217:C>T	2	1
chr7:28507634:C>T	2	1
chr8:143869123:C>T	2	1
chr4:1655443:G>A	2	1
chr1:114713907:T>G	3	0.8554095972066716
chr17:7429230:G>A	4	0.2773615636439474
