mutation_id	myclone_id	myclone_ccf
chr11:65581268:C>T	1	1
chr12:25245350:C>T	2	0.5321246335902726
chr12:112450393:T>A	3	0.1001839587932302
chr8:102560576:T>G	3	0.1001839587932302
chr17:10514086:C>G	4	-0.0745839820245901
chr8:144360060:C>T	5	0.5989509851166757
chr3:16317035:G>A	6	1.0531405950056758
chr4:22388273:T>A	6	1.0531405950056758
