mutation_id	myclone_id	myclone_ccf
chrX:16170399:C>T	1	0.2061130939007048
chr11:26671227:G>A	2	0.7865275480574161
chr11:125917088:G>A	2	0.7865275480574161
chr12:54517834:G>T	2	0.7865275480574161
chr16:3736691:->CCC	2	0.7865275480574161
chr16:57474833:A>G	2	0.7865275480574161
chr17:81716842:C>T	2	0.7865275480574161
chr19:16509987:G>T	2	0.7865275480574161
chr2:113406871:TTCACAGTGTTACAAGCCATAACAA>AGG	3	1.0
chr2:202188245:G>A	3	1.0
chr22:22162681:->TAAGTTTCC	3	1.0
chr1:176876585:C>T	3	1.0
chr10:94258824:C>T	3	1.0
chr14:76376433:C>A	3	1.0
chr6:55280323:A>T	3	1.0
chr7:148809078:->A	4	0.57004576279523
chr1:11794425:C>T	5	0.6541545391461755
chr11:63409852:C>T	5	0.6541545391461755
chr12:40939386:C>A	5	0.6541545391461755
chr12:112450395:C>A	5	0.6541545391461755
chr19:4945916:->CGACGGGACCCCATT	5	0.6541545391461755
chr2:185813815:C>T	5	0.6541545391461755
chr2:228018043:G>A	5	0.6541545391461755
chr14:21414367:->TTA	5	0.6541545391461755
chr4:78308155:G>A	6	0.9433142030133971
chr4:182793362:C>T	6	0.9433142030133971
