mutation_id	myclone_id	myclone_ccf
chr11:123805654:C>A	1	0.5546028085556196
chr12:112489080:T>C	2	0.978158876577752
chr13:28018505:C>T	2	0.978158876577752
chr19:15807256:A>G	2	0.978158876577752
chr3:3846593:A>G	2	0.978158876577752
chr3:108644495:G>T	2	0.978158876577752
chr8:94668046:G>A	3	0.12571139003336174
