mutation_id	myclone_id	myclone_ccf
chr2:237374420:G>A	1	1.0
chr12:18738977:C>G	1	1.0
chr1:116579812:G>A	2	0.40336032469993294
chr16:89919820:G>A	2	0.40336032469993294
chrX:54922865:C>G	2	0.40336032469993294
chr1:156971724:C>G	3	0.5994033565110559
chr1:173627143:C>G	3	0.5994033565110559
chr10:103054361:C>T	3	0.5994033565110559
chr12:43492557:C>T	3	0.5994033565110559
chr19:48464244:G>C	3	0.5994033565110559
chr4:146937673:G>C	3	0.5994033565110559
chr6:123548484:C>T	3	0.5994033565110559
chr8:32764102:C>T	3	0.5994033565110559
chr1:32215508:G>C	4	0.20402659104603407
chr1:43282992:C>T	4	0.20402659104603407
chr14:55351764:C>T	4	0.20402659104603407
chr16:23562717:G>C	4	0.20402659104603407
chr19:34438666:T>G	4	0.20402659104603407
chr3:149162291:G>C	4	0.20402659104603407
chr5:15927947:C>T	4	0.20402659104603407
chr5:140843355:G>A	4	0.20402659104603407
chr7:101087830:C>T	4	0.20402659104603407
chrX:91435818:T>G	4	0.20402659104603407
chr11:8925771:G>A	5	0.08824834008071626
chr17:30090658:G>C	5	0.08824834008071626
chr19:18669230:C>T	5	0.08824834008071626
chr6:73395010:G>A	5	0.08824834008071626
chr6:118469186:G>A	5	0.08824834008071626
chr7:100220553:C>T	5	0.08824834008071626
