mutation_id	myclone_id	myclone_ccf
chr3:127014741:C>T	1	1
chrX:9896007:G>A	1	1
chrX:120874924:C>T	1	1
chr1:114713907:T>G	2	0.8237096891382777
chr11:123726207:C>T	2	0.8237096891382777
chr12:81353180:C>T	2	0.8237096891382777
chr15:39593191:G>A	2	0.8237096891382777
chr5:132861654:G>C	2	0.8237096891382777
chrX:27821784:C>A	3	0.3481236255415698
chr1:15727459:G>A	4	0.133274630830797
chr16:22141585:C>T	4	0.133274630830797
chr19:1457074:C>T	4	0.133274630830797
chr8:24384508:C>A	4	0.133274630830797
chr14:20002876:C>T	4	0.133274630830797
chr18:23136112:GCGGCTGCAT>-	5	0.07293910622335187
chr21:46003923:C>T	6	-1
