mutation_id	myclone_id	myclone_ccf
chr11:6846414:A>C	1	1.0
chr18:7231813:G>A	1	1.0
chr2:98587605:G>A	1	1.0
chr10:101834359:T>G	1	1.0
chr14:33797542:G>A	1	1.0
chr1:114716126:C>T	2	0.4742323748717552
chr2:55917693:G>A	2	0.4742323748717552
chr14:73946359:C>T	2	0.4742323748717552
chr19:42321183:C>T	3	0.1455082334284054
chr17:32659310:C>T	3	0.1455082334284054
chr8:21750606:C>T	4	0.3191793507461798
chr11:125921293:C>T	5	0.8353541517684682
chr12:120356953:G>A	5	0.8353541517684682
chr5:140796499:C>T	5	0.8353541517684682
chr4:61948103:T>G	6	0.1996743369086343
chr14:23400285:G>T	7	0.4063960098732857
chr4:51899287:A>G	7	0.4063960098732857
