mutation_id	myclone_id	myclone_ccf
chr2:232557930:C>T	1	0.3635660114533354
chr6:27254738:C>A	2	1.0
chr10:8064040:C>T	3	0.0923451548451548
