mutation_id	myclone_id	myclone_ccf
chr17:44079162:C>T	1	0.7739641703890547
chr4:1023960:C>T	1	0.7739641703890547
chr12:48526519:G>T	2	0.0772106064672668
chr1:53459952:G>A	3	1.0
chr6:26234702:T>A	3	1.0
chr12:49002999:C>T	4	0.18098169295879832
chr12:57807683:T>A	4	0.18098169295879832
chr15:82854755:C>T	4	0.18098169295879832
chr19:10005858:C>T	4	0.18098169295879832
chr3:49910403:C>T	4	0.18098169295879832
chr4:87318425:C>T	4	0.18098169295879832
chr8:74315389:G>A	4	0.18098169295879832
chr9:69391787:C>T	4	0.18098169295879832
chr20:62346581:C>T	4	0.18098169295879832
chr15:41750324:T>C	5	0.4508595075547515
chr17:65535665:C>T	5	0.4508595075547515
chr2:186504064:C>T	5	0.4508595075547515
chr5:11397171:G>A	5	0.4508595075547515
chr6:117321389:G>T	5	0.4508595075547515
chrX:31729721:G>A	5	0.4508595075547515
