mutation_id	myclone_id	myclone_ccf
chr6:33164404:C>T	1	0.1330255899479006
chr6:142753743:C>T	2	1
chr11:64736802:C>A	3	0.4155967794581658
chr12:49032113:G>A	4	0.564903346047157
chr14:106470256:CACTGTGTA>GCAAGG	4	0.564903346047157
