mutation_id	myclone_id	myclone_ccf
chr10:96319296:->C	1	0.8220659816116822
chr7:126446159:T>C	2	1
chr11:64229927:C>G	3	0.582946243262352
chr12:25245347:C>T	3	0.582946243262352
chr1:64838554:G>A	4	0.2656492284229624
chr15:26567703:C>T	4	0.2656492284229624
chr5:64506674:G>A	4	0.2656492284229624
chr21:33027360:GGA>-	5	0.41482382920577926
chr7:144232770:A>G	5	0.41482382920577926
chr8:31640040:G>A	5	0.41482382920577926
chr2:89142573:GAGGTGA>TTTTAG	6	-1
