mutation_id	myclone_id	myclone_ccf
chr18:75201711:C>T	1	0.1789304503133326
chr12:49040570:->G	2	0.5050925542049645
chr12:71994449:C>A	2	0.5050925542049645
chr12:110327906:->A	2	0.5050925542049645
chr14:106268605:->CCCCGGGCGGGC	2	0.5050925542049645
chr5:131911832:G>T	2	0.5050925542049645
chr20:4790558:G>A	3	0.9447295561084313
chr20:51729971:C>T	3	0.9447295561084313
chr3:50290597:G>A	3	0.9447295561084313
chr17:4208047:->CT	4	0.606976268521417
chr2:167250194:G>T	4	0.606976268521417
chr20:50191666:->G	4	0.606976268521417
chr20:57562784:C>T	4	0.606976268521417
