mutation_id	myclone_id	myclone_ccf
chr1:17338152:G>A	1	0.8438050928732854
chr1:54216239:C>A	1	0.8438050928732854
chr10:127552584:G>A	1	0.8438050928732854
chr12:25245350:C>A	1	0.8438050928732854
chr14:106373931:C>-	1	0.8438050928732854
chr2:209994236:C>T	1	0.8438050928732854
chr6:4069116:C>T	1	0.8438050928732854
chr8:60853305:->TGGAA	1	0.8438050928732854
chr1:154348538:G>A	2	1
chr1:205308608:G>A	2	1
chr1:215640610:G>A	2	1
chr12:11884474:->CT	2	1
chr16:77431556:G>A	2	1
chr2:185792344:A>T	2	1
chr22:27982332:C>T	2	1
chr3:44242134:G>A	2	1
chr3:47120190:TAAA>-	2	1
chr6:37462888:->G	2	1
chr8:10898151:C>T	2	1
