mutation_id	myclone_id	myclone_ccf
chrX:107602163:C>T	1	0.130880776419995
chr1:114716123:C>T	2	0.7973807027145138
chrX:124086751:G>A	2	0.7973807027145138
chr19:16148791:G>A	3	0.9416400926356217
chr20:63569380:C>T	3	0.9416400926356217
chr10:116674893:C>A	4	1.0000739998458335
chr6:35469450:T>C	4	1.0000739998458335
chr14:105469892:C>-	5	0.21014195592406504
chr21:36461102:G>A	6	0.8894078294262919
chr21:44697292:G>A	6	0.8894078294262919
