mutation_id	myclone_id	myclone_ccf
chr1:162776212:C>T	1	0.8555469112871853
chr17:47733938:C>T	1	0.8555469112871853
chr21:29133407:C>T	1	0.8555469112871853
chr1:11128107:G>T	2	0.21417383696415648
chrX:69957096:C>T	2	0.21417383696415648
chr1:11127790:A>G	3	0.5520110739677099
chr8:132129379:G>A	3	0.5520110739677099
chr11:117409735:C>T	4	0.2951386237496634
chr11:124145881:C>T	4	0.2951386237496634
chr2:109501589:G>A	4	0.2951386237496634
chr16:88645211:C>T	5	0.9988258715975173
chr19:11202613:T>C	5	0.9988258715975173
chr2:37199791:T>G	5	0.9988258715975173
chr22:46312205:G>A	5	0.9988258715975173
chr8:102342678:AGG>-	5	0.9988258715975173
chrX:75784216:C>A	5	0.9988258715975173
