mutation_id	myclone_id	myclone_ccf
chr7:50528195:G>A	1	0.0724097822979072
chr16:1212035:C>T	1	0.0724097822979072
chr2:47800786:TCTGATTATGACCAAGCT>CGGGCA	2	0.2755065181729586
chr12:112489080:T>C	3	1
chr2:132784193:G>A	3	1
chr7:55205335:C>T	3	1
chr2:25750224:->CGCC	4	0.7076089733717258
chrX:36000361:C>T	4	0.7076089733717258
chr12:56143317:G>A	5	0.8644729296053288
chr15:75676535:C>T	5	0.8644729296053288
chr19:40567945:C>T	5	0.8644729296053288
chr16:71431231:G>A	5	0.8644729296053288
chr10:121515318:C>T	5	0.8644729296053288
chr18:31469285:G>A	6	0.14612617695345786
