mutation_id	myclone_id	myclone_ccf
chr12:50106818:G>A	1	0.9722165675500544
chr15:59171937:G>A	1	0.9722165675500544
chr2:225582446:C>T	1	0.9722165675500544
chr20:2815679:G>A	1	0.9722165675500544
chr16:28538809:G>A	2	0.08513085652703475
chr2:235052721:C>T	2	0.08513085652703475
chr3:55474418:C>T	2	0.08513085652703475
chr6:136822686:A>G	2	0.08513085652703475
chr8:143917984:C>T	2	0.08513085652703475
chr1:152307783:G>C	3	0.46924694513912996
chr10:75022028:->ATT	3	0.46924694513912996
chr10:75022031:C>-	3	0.46924694513912996
chr10:79613741:C>T	3	0.46924694513912996
chr10:116551177:C>T	3	0.46924694513912996
chr11:62392085:C>T	3	0.46924694513912996
chr12:111447661:->CC	3	0.46924694513912996
chr12:111447663:G>C	3	0.46924694513912996
chr12:111448134:->C	3	0.46924694513912996
chr13:30462679:->CGGTCCC	3	0.46924694513912996
chr13:49555656:A>C	3	0.46924694513912996
chr14:22884764:G>A	3	0.46924694513912996
chr15:78131188:->GGG	3	0.46924694513912996
chr16:24875662:C>T	3	0.46924694513912996
chr17:18184673:C>A	3	0.46924694513912996
chr17:62788587:G>A	3	0.46924694513912996
chr19:18342865:G>A	3	0.46924694513912996
chr19:50328305:C>A	3	0.46924694513912996
chr2:25750140:AT>-	3	0.46924694513912996
chr2:160062393:G>A	3	0.46924694513912996
chr20:13956084:T>C	3	0.46924694513912996
chr3:65357061:G>A	3	0.46924694513912996
chr3:101852171:C>T	3	0.46924694513912996
chr3:184581076:C>T	3	0.46924694513912996
chr5:26906115:T>C	3	0.46924694513912996
chr5:80070402:T>A	3	0.46924694513912996
chr6:132324097:C>T	3	0.46924694513912996
chr6:151015653:C>T	3	0.46924694513912996
chr6:152098842:G>A	3	0.46924694513912996
chr7:155071016:C>T	3	0.46924694513912996
chr9:111542795:G>A	3	0.46924694513912996
chrX:71557223:C>T	3	0.46924694513912996
chrX:74740202:G>T	3	0.46924694513912996
chrX:84119970:C>T	3	0.46924694513912996
chr11:61290828:G>A	4	0.8221507139784296
chr19:33064850:C>T	4	0.8221507139784296
chr2:106112695:C>T	4	0.8221507139784296
chr3:64631527:G>C	4	0.8221507139784296
chr7:88760082:C>T	4	0.8221507139784296
chrX:40062162:G>A	4	0.8221507139784296
chrX:149500964:C>T	4	0.8221507139784296
chr16:2697977:C>T	5	0.8884139760796409
chr9:27158055:G>A	6	0.34981300308135854
