mutation_id	myclone_id	myclone_ccf
chr1:235812997:A>G	1	0.637397337691512
chr2:235041664:G>A	2	0.7400597635353215
chr11:77039635:->CC	3	0.191941669893306
chr8:99520994:A>G	3	0.191941669893306
chr10:69923809:C>A	4	0.08042151522091501
chr11:17356931:A>G	4	0.08042151522091501
chr11:64989473:C>T	5	0.3070467494673455
chr15:78771643:->T	5	0.3070467494673455
chr16:57137274:ACG>TACT	5	0.3070467494673455
chr2:60460653:G>T	5	0.3070467494673455
chr2:132783872:G>A	5	0.3070467494673455
chr7:141212681:G>A	5	0.3070467494673455
chr13:24793208:G>A	6	1.0
chr16:84067810:C>G	6	1.0
chr6:31745271:T>G	6	1.0
