mutation_id	myclone_id	myclone_ccf
chr17:11747673:C>T	1	0.6584527966610204
chr2:172485190:C>A	1	0.6584527966610204
chrX:347605:A>G	1	0.6584527966610204
chr1:114716126:C>T	2	0.8365554798175866
chr5:83673478:C>T	2	0.8365554798175866
chr9:101430878:G>A	2	0.8365554798175866
chr9:37015168:G>C	3	-1
