mutation_id	myclone_id	myclone_ccf
chr19:50378549:AGAAGAAGATTCGGAAA>GAAGAAGATTCGGAAACAG	1	0.1492110520736462
chr4:105655718:A>G	1	0.1492110520736462
chr9:69516805:C>T	2	0.865709908909104
chr9:76710380:C>T	2	0.865709908909104
chr19:8957990:C>T	3	0.7433136677549294
chr2:43225172:C>G	3	0.7433136677549294
chr3:38560405:G>A	3	0.7433136677549294
chr10:123780171:C>T	4	1.0
chr17:20579941:G>A	4	1.0
chr3:193334941:C>T	4	1.0
