mutation_id	myclone_id	myclone_ccf
chr19:45804669:G>A	1	0.8795620437956204
chr17:4881016:C>T	2	0.27739984882842017
chrX:15564186:C>T	2	0.27739984882842017
chr8:8328398:G>A	2	0.27739984882842017
chr15:26621532:A>G	3	1
chr3:157437870:T>A	3	1
chr14:37841567:T>A	4	0.1177570093457943
