mutation_id	myclone_id	myclone_ccf
chr16:3738617:G>A	1	0.46066320344824596
chr2:169175309:C>T	1	0.46066320344824596
chr12:25225627:G>A	2	1
chr5:151544979:G>A	2	1
chr9:112997332:G>A	2	1
chr19:12754564:C>T	3	0.8697341047044813
chr7:103482964:G>A	3	0.8697341047044813
chr8:51475063:G>A	3	0.8697341047044813
chr17:8513845:G>A	3	0.8697341047044813
chrX:17731899:T>A	3	0.8697341047044813
chrX:42777849:A>T	4	0.24496115979319213
chrX:145822730:G>A	4	0.24496115979319213
chrX:153725784:T>A	5	0.11486823263598421
