mutation_id	myclone_id	myclone_ccf
chr19:50771656:C>T	1	0.504770239695177
chr2:214953862:C>T	2	0.1226898407061044
chr10:106699246:G>A	3	0.33641052082499856
chr13:87676010:C>T	3	0.33641052082499856
chr12:120438408:G>T	4	1
chr4:81045995:C>T	4	1
chr6:27872233:T>A	4	1
chr17:12717409:CA>-	5	0.7634812716588094
chr9:113370134:G>A	5	0.7634812716588094
