mutation_id	myclone_id	myclone_ccf
chr11:72758607:G>A	1	0.9159887199658685
chr12:25245350:C>T	1	0.9159887199658685
chr1:114713907:T>G	2	0.49264065894478226
chrX:93672113:C>T	2	0.49264065894478226
chr1:13893723:G>A	3	1
chr8:118111592:C>T	4	0.7984120581060912
chr8:22585355:G>A	5	1.0503133270107936
chr8:76855832:C>T	5	1.0503133270107936
