mutation_id	myclone_id	myclone_ccf
chr16:10902171:C>T	1	1
chr1:158466169:G>A	2	0.0930865572304922
chr7:120745985:C>T	2	0.0930865572304922
chrX:152647049:G>C	2	0.0930865572304922
chr1:196331199:A>G	3	0.19748107068968163
chr11:1556811:C>G	3	0.19748107068968163
chr11:22377487:C>T	3	0.19748107068968163
chr12:53281545:C>T	3	0.19748107068968163
chr12:96286749:G>A	3	0.19748107068968163
chr20:21705908:G>A	3	0.19748107068968163
chrX:153918874:A>T	3	0.19748107068968163
chr10:94132444:C>T	4	0.6761398772617918
chr10:116626001:G>A	4	0.6761398772617918
chr15:40368724:T>A	4	0.6761398772617918
chr6:54941948:G>C	4	0.6761398772617918
chr1:213998116:G>C	5	0.2887544827580292
chr11:106054007:C>G	5	0.2887544827580292
chr15:62766343:C>T	5	0.2887544827580292
chr16:49523633:G>A	5	0.2887544827580292
chr17:67532945:C>G	5	0.2887544827580292
chr19:34433371:T>C	5	0.2887544827580292
chrX:121048612:G>C	6	-1
