mutation_id	myclone_id	myclone_ccf
chr1:235993694:G>A	1	0.19979177619989102
chr11:100979003:C>G	1	0.19979177619989102
chr12:57200499:G>A	1	0.19979177619989102
chr6:97178533:G>A	1	0.19979177619989102
chr10:93797606:G>-	2	0.7813435200784232
chr12:71884947:C>G	2	0.7813435200784232
chr13:23760174:C>T	2	0.7813435200784232
chr14:19921154:G>A	2	0.7813435200784232
chr19:21727325:G>A	2	0.7813435200784232
chr2:190895234:C>T	2	0.7813435200784232
chr6:28391437:G>A	2	0.7813435200784232
chr6:32813729:G>A	2	0.7813435200784232
chr17:47848279:C>T	3	0.32833837878076044
chr21:33027291:GCGCAAGCTTTCCAAGATCGCCACGCTGCTGCTGGC>-	3	0.32833837878076044
chr4:1961074:G>A	3	0.32833837878076044
chr4:143698190:G>A	3	0.32833837878076044
chr8:70069376:TCAGGTAACAGAGAAGCATCCGCAGGGGGCGGTGGAATTAAAGTG>-	3	0.32833837878076044
chr1:155200831:G>C	4	1
chr10:5525379:C>T	4	1
chr4:989283:G>A	4	1
