mutation_id	myclone_id	myclone_ccf
chr11:103399792:G>T	1	0.6139507143499945
chr16:70908364:C>T	1	0.6139507143499945
chr10:27743266:G>T	2	0.9218774447077079
chr11:6877528:G>T	2	0.9218774447077079
chr12:70559485:G>C	2	0.9218774447077079
chr16:46924457:C>T	2	0.9218774447077079
chr20:49017331:C>T	2	0.9218774447077079
chr3:14772128:G>C	2	0.9218774447077079
chr3:45513229:C>T	2	0.9218774447077079
chr3:50236392:C>T	2	0.9218774447077079
chr3:149141366:C>G	2	0.9218774447077079
chr4:6084896:G>A	2	0.9218774447077079
chr4:108622611:C>T	2	0.9218774447077079
chr5:137935844:G>C	2	0.9218774447077079
chr6:33693597:C>G	2	0.9218774447077079
chr6:68956126:G>A	2	0.9218774447077079
chr7:11038846:C>T	2	0.9218774447077079
chr7:26197430:C>G	2	0.9218774447077079
chr7:100813672:C>T	2	0.9218774447077079
chr2:100007209:C>T	3	0.26011929005358064
chr2:187352259:G>A	3	0.26011929005358064
chr3:27720186:C>T	3	0.26011929005358064
chr6:56610480:G>A	3	0.26011929005358064
chrX:135545495:C>G	4	-1
