mutation_id	myclone_id	myclone_ccf
chr16:48200362:C>T	1	1
chr1:215650642:C>T	2	0.2130908289848686
chr7:126533475:G>A	3	0.0942787264219424
chr14:19780708:C>T	4	0.35706515580131226
chr2:101412989:A>G	4	0.35706515580131226
chr22:22031466:GCATTCACAC>A	4	0.35706515580131226
chr1:951207:G>A	5	0.5492079732111629
chr1:201369817:G>A	5	0.5492079732111629
chr15:78973363:G>A	5	0.5492079732111629
chr5:140857214:C>T	5	0.5492079732111629
chr6:113956679:C>G	5	0.5492079732111629
