mutation_id	myclone_id	myclone_ccf
chr1:53092702:A>C	1	0.4344517805242494
chr9:74747896:T>A	2	0.1856243252322468
chr14:104947998:T>-	3	0.2710073594213743
chr18:63902410:C>T	3	0.2710073594213743
chr1:215628889:G>A	4	1.0
chr16:2232804:C>T	4	1.0
chr2:210579726:T>A	4	1.0
chr7:45686035:G>A	4	1.0
