mutation_id	myclone_id	myclone_ccf
chr10:97047029:G>T	1	1.0
chr18:44950452:G>T	2	0.6481491008582185
chr22:30615606:C>T	2	0.6481491008582185
chr12:123877904:G>A	3	0.177480075620681
chr19:2015672:G>A	3	0.177480075620681
chr2:209694786:C>G	3	0.177480075620681
chr6:132726778:G>T	3	0.177480075620681
chr6:146434512:G>C	3	0.177480075620681
chr9:38437841:C>T	3	0.177480075620681
chr11:92774103:C>-	4	0.3508413880943085
chr18:24156442:A>T	4	0.3508413880943085
chr6:81752150:C>G	4	0.3508413880943085
chr1:54133241:G>A	5	0.10550235192071863
chr16:4727162:C>G	5	0.10550235192071863
chr17:82088449:G>A	5	0.10550235192071863
chr19:38358300:C>G	5	0.10550235192071863
chr20:50153527:G>C	5	0.10550235192071863
chr22:50694846:C>T	5	0.10550235192071863
chr5:81255136:G>A	5	0.10550235192071863
chr7:123954381:C>T	5	0.10550235192071863
chrY:5099735:G>A	6	-1
chrX:30559940:G>A	7	-1
