mutation_id	myclone_id	myclone_ccf
chr16:67616807:C>T	1	0.0734997487803192
chr14:106062142:CACTGTGTCTCTCGCACAGTAATACACG>GAGA	2	0.8098516923756396
chr14:106627249:T>GGGGGG	2	0.8098516923756396
chr6:70144995:G>T	2	0.8098516923756396
chr19:10467476:T>C	3	1.0
chr5:122423175:C>T	3	1.0
chr7:148810372:C>T	3	1.0
chr13:28018505:C>A	4	0.47818795183541624
chr17:78171001:T>A	4	0.47818795183541624
chr6:17291816:C>T	4	0.47818795183541624
chr7:104136793:C>T	5	0.213951438346393
chr17:62736867:T>C	6	0.3383249974626392
chr6:31955261:->GAAAAAA	6	0.3383249974626392
chr8:144547935:C>T	6	0.3383249974626392
chr21:45984465:G>A	6	0.3383249974626392
chr10:110279248:G>A	6	0.3383249974626392
chr4:188003598:C>T	6	0.3383249974626392
chr14:22513942:ATTC>-	6	0.3383249974626392
chr1:175098537:C>T	7	0.63349376379959
chr5:140967837:C>T	7	0.63349376379959
chr7:86839525:G>A	7	0.63349376379959
chr21:34370794:T>A	7	0.63349376379959
chr10:97270633:A>T	8	0.2865290055688817
chr4:99654410:G>A	8	0.2865290055688817
chr8:7333640:C>T	8	0.2865290055688817
chr8:94880863:A>C	8	0.2865290055688817
chr9:35825362:G>A	8	0.2865290055688817
