mutation_id	myclone_id	myclone_ccf
chr1:237595560:G>A	1	1.0
chr12:20653996:G>A	1	1.0
chr14:80895788:G>A	1	1.0
chr4:95840205:C>T	1	1.0
chr14:103110143:G>A	2	0.7614384493043451
chr20:40688812:G>A	2	0.7614384493043451
chr4:1974864:A>G	2	0.7614384493043451
chr6:31741261:->CCCCT	2	0.7614384493043451
chr8:120247647:C>G	2	0.7614384493043451
chr12:25245321:G>T	3	0.18326604315546025
chr17:74347869:C>T	3	0.18326604315546025
chr20:5923367:A>G	3	0.18326604315546025
chrX:73849140:C>T	3	0.18326604315546025
chr2:187484857:G>T	4	0.0889808656628636
chr7:151191836:C>T	4	0.0889808656628636
chrX:51407640:G>A	4	0.0889808656628636
