mutation_id	myclone_id	myclone_ccf
chr1:236029618:G>A	1	0.6477863723214438
chr12:323141:T>C	1	0.6477863723214438
chr12:25245350:C>T	1	0.6477863723214438
chr13:112969396:G>A	1	0.6477863723214438
chr1:85164583:C>T	2	0.1709296107588623
chr11:121478122:A>G	2	0.1709296107588623
chr22:41238595:C>T	2	0.1709296107588623
chr8:127416087:C>T	2	0.1709296107588623
chr7:123169281:G>T	3	0.4747981063770538
chrX:118573819:T>A	4	-1
