mutation_id	myclone_id	myclone_ccf
chr15:34356918:G>T	1	1
chr1:9726972:G>A	2	0.4130869416989758
chr1:11835993:C>T	2	0.4130869416989758
chr15:34356789:A>T	3	0.597322866598772
chr21:39462415:C>G	3	0.597322866598772
chr6:46143471:A>-	3	0.597322866598772
chr9:136497418:G>A	3	0.597322866598772
chr11:56136996:G>A	4	0.7276703752487974
chr12:52591490:C>T	4	0.7276703752487974
chr19:42042637:C>T	4	0.7276703752487974
chr8:116847640:G>A	4	0.7276703752487974
chr15:48220639:G>A	5	0.1453040568783146
chr4:124670082:T>C	5	0.1453040568783146
chrX:27822285:C>T	6	-1
