mutation_id	myclone_id	myclone_ccf
chr17:63829512:A>T	1	1
chr22:38067758:T>C	1	1
chr3:58008631:->GCC	1	1
chr3:184338431:C>T	1	1
chr4:121036556:G>C	1	1
chr4:148081459:C>T	1	1
chr9:113583958:C>T	1	1
chr19:7869329:G>C	2	0.20953633280680448
chr19:7871135:G>C	2	0.20953633280680448
chr19:7872202:G>A	2	0.20953633280680448
chr10:29523574:C>T	3	0.10585817282188073
chr17:39875406:T>A	3	0.10585817282188073
chr20:49236378:C>T	3	0.10585817282188073
chr3:12503686:C>A	3	0.10585817282188073
chr8:104148838:C>T	3	0.10585817282188073
chrX:32699288:C>A	3	0.10585817282188073
chr16:1667336:G>A	3	0.10585817282188073
