mutation_id	myclone_id	myclone_ccf
chr6:39191001:C>A	1	0.799204422475065
chr6:123224129:C>G	2	0.087222923049198
chr11:70161707:C>A	3	1
