mutation_id	myclone_id	myclone_ccf
chr4:56315490:C>T	1	0.23201923510131162
chr9:94301345:A>T	1	0.23201923510131162
chr10:118594265:G>A	2	0.5754477245739754
chr16:16390807:G>T	2	0.5754477245739754
chr2:178633654:C>A	2	0.5754477245739754
chr12:25225627:G>A	3	0.47395959956584033
chr19:55593631:C>T	3	0.47395959956584033
chr21:41408207:C>G	3	0.47395959956584033
chr10:102450526:C>T	4	0.10617372686364812
chr12:94971514:C>T	4	0.10617372686364812
chr8:68533148:G>T	4	0.10617372686364812
chr10:86912298:G>A	5	0.7951606040535663
chr10:94246111:G>T	5	0.7951606040535663
chr10:114465786:C>T	5	0.7951606040535663
chr16:19045394:C>T	5	0.7951606040535663
chr16:67620778:G>A	5	0.7951606040535663
chr2:33188798:G>A	5	0.7951606040535663
chr2:199272521:C>A	5	0.7951606040535663
chr5:38510479:C>G	5	0.7951606040535663
chr6:39879273:G>T	5	0.7951606040535663
chr8:98429164:C>G	5	0.7951606040535663
chr9:110404501:C>G	5	0.7951606040535663
chr1:61908457:T>C	6	0.9769875548060778
chr13:77121487:G>C	6	0.9769875548060778
chr15:56098332:C>T	6	0.9769875548060778
chr17:7289971:C>T	6	0.9769875548060778
chr17:81461541:C>T	6	0.9769875548060778
chrX:69505581:C>T	7	-1
