mutation_id	myclone_id	myclone_ccf
chr8:31640534:C>T	1	1
chr20:2558549:G>A	2	0.1137240561752557
chrX:115191430:C>T	2	0.1137240561752557
chr19:55366125:A>G	3	0.2248055149189575
chr2:237358581:A>G	3	0.2248055149189575
chr5:136356736:G>A	3	0.2248055149189575
chr7:41964732:G>A	3	0.2248055149189575
chr1:36355241:AGA>-	4	0.6870478191747665
chr18:3879271:C>T	4	0.6870478191747665
chr3:152836449:G>A	4	0.6870478191747665
chr4:7638468:C>T	4	0.6870478191747665
chr6:54927515:G>A	4	0.6870478191747665
chr6:56141793:C>T	4	0.6870478191747665
