mutation_id	myclone_id	myclone_ccf
chr3:38551238:C>T	1	0.6688575618411312
chr3:102438554:G>A	1	0.6688575618411312
chr11:134374625:C>T	2	0.1711879441749097
chr12:80356865:C>T	2	0.1711879441749097
chr12:85980289:G>A	2	0.1711879441749097
chr2:149437785:G>A	2	0.1711879441749097
chr5:9108193:G>C	2	0.1711879441749097
chr6:155244700:C>T	2	0.1711879441749097
chr9:2073586:C>T	2	0.1711879441749097
chr12:34022729:C>G	3	0.2798088759923705
chr12:51820983:G>A	3	0.2798088759923705
chr18:3457850:C>T	3	0.2798088759923705
chr2:127428579:C>T	3	0.2798088759923705
chr18:12686422:C>T	4	1
chr17:10531813:G>C	5	-1
