mutation_id	myclone_id	myclone_ccf
chr16:20471183:C>T	1	0.7630200842947086
chr12:72273494:C>-	2	1.0
chr2:228019336:C>A	2	1.0
chr16:20546394:C>T	3	0.5088253143074806
chr2:90005629:T>-	3	0.5088253143074806
chr2:235041199:G>A	3	0.5088253143074806
chr20:32634011:C>A	3	0.5088253143074806
chr8:142777983:C>T	3	0.5088253143074806
chr17:42787899:G>A	3	0.5088253143074806
chr6:126012817:G>A	3	0.5088253143074806
