mutation_id	myclone_id	myclone_ccf
chr19:46123945:C>G	1	0.774818401937046
chr3:187731824:->TAA	2	0.4692737430167598
chr1:114716126:C>T	2	0.4692737430167598
chr17:31334892:T>C	3	0.2857142857142856
chr16:27461452:G>A	4	0.125
chr10:94235983:G>A	5	0.3619204987894834
chr11:66424726:T>C	5	0.3619204987894834
chr14:74899930:C>T	5	0.3619204987894834
chr16:87689707:C>T	5	0.3619204987894834
