mutation_id	myclone_id	myclone_ccf
chr14:106675049:C>A	1	0.8419497357031573
chr17:19309917:C>G	1	0.8419497357031573
chr19:42754569:C>A	1	0.8419497357031573
chr2:26927399:C>T	1	0.8419497357031573
chr10:84470419:G>A	2	0.5133433293668132
chr5:90823477:G>A	2	0.5133433293668132
chr9:105362989:C>T	2	0.5133433293668132
chrX:3084336:T>C	2	0.5133433293668132
chr1:63648649:C>T	3	1
chr1:152761249:G>A	3	1
chr2:189564148:G>T	3	1
chr2:218432851:A>G	3	1
chr6:28923216:G>A	3	1
chr8:103880666:C>G	3	1
chr1:114716126:C>T	4	0.23001350374349538
chr12:57477574:T>C	4	0.23001350374349538
chr14:63317780:C>T	4	0.23001350374349538
chr3:58008629:TCACACGCTGGT>CCCCCCCCCCCTCGGGCTGGTGG	4	0.23001350374349538
chr1:43305082:C>T	5	0.15415714070617617
chr11:66866269:C>T	5	0.15415714070617617
chr20:45208624:G>T	5	0.15415714070617617
chr9:135753983:G>A	5	0.15415714070617617
chrX:103719130:C>T	5	0.15415714070617617
