mutation_id	myclone_id	myclone_ccf
chr6:101859341:C>T	1	0.1194725154313334
chr20:49513173:G>A	2	0.3145331360661784
chr2:231593843:G>A	3	0.2050175971707042
chr14:45108452:T>C	4	0.7460071966796704
chr14:106506992:TGTGTATCT>-	4	0.7460071966796704
chr9:21971088:GGAAGCCCTCCCGG>CCT	4	0.7460071966796704
chr11:399007:G>C	5	1
chr16:67541725:C>T	5	1
chr17:8798941:G>C	5	1
chr6:44287809:G>A	5	1
chr8:27649715:C>T	5	1
