mutation_id	myclone_id	myclone_ccf
chr6:41936007:->G	1	0.8758902627479812
chr7:114642616:C>T	2	0.7379181682620162
chr17:9162919:C>T	3	1.0
chr2:119681410:G>A	3	1.0
chr6:27132396:C>A	3	1.0
chr12:10801930:C>T	4	0.3369965486567318
chr15:23686819:C>T	4	0.3369965486567318
chr2:170717057:G>A	4	0.3369965486567318
chr3:133928587:C>G	4	0.3369965486567318
chr5:74834526:C>T	4	0.3369965486567318
chr15:54015677:C>T	5	0.1732630745476416
chr15:82659581:C>G	5	0.1732630745476416
chr17:76472008:G>A	5	0.1732630745476416
chr11:62649803:C>T	6	0.08504812018893429
chr19:1621918:G>C	6	0.08504812018893429
chrX:102716192:G>A	7	-1
