mutation_id	myclone_id	myclone_ccf
chr18:5489174:C>T	1	0.7646212400245548
chr19:4493722:A>C	2	1.0
chr6:109979977:G>A	2	1.0
chr12:14553313:T>C	3	0.11224590376014172
chr19:12390727:C>G	3	0.11224590376014172
chr4:52029782:G>A	3	0.11224590376014172
chrX:43731783:T>G	4	-1
