mutation_id	myclone_id	myclone_ccf
chr3:195782847:C>T	1	0.485051088035259
chr1:168104582:C>T	2	1.0
chr1:241853362:C>T	2	1.0
chr12:23563277:T>C	2	1.0
chr12:45926772:A>G	2	1.0
chr3:48659316:C>T	2	1.0
chr1:156530146:C>T	3	0.8744691126011794
chr12:25245347:C>T	3	0.8744691126011794
chr16:25227125:G>A	3	0.8744691126011794
chr8:74825401:C>T	3	0.8744691126011794
chr9:18777628:G>A	3	0.8744691126011794
chr1:114716127:C>T	4	0.610994281172382
chr2:240948994:C>T	5	0.12501341681451053
chr3:78938876:G>T	5	0.12501341681451053
chr5:473145:->GGCCCCGCCCCCGGCGCA	5	0.12501341681451053
chr17:29287180:G>A	5	0.12501341681451053
chr4:79325288:G>A	5	0.12501341681451053
chr4:125415670:G>T	5	0.12501341681451053
chr6:54940150:G>T	5	0.12501341681451053
chr18:50805255:T>C	5	0.12501341681451053
chr6:37654314:C>G	5	0.12501341681451053
chr21:44654567:G>T	6	0.24998346088364012
