mutation_id	myclone_id	myclone_ccf
chr16:3731323:AGG>-	1	0.2668611718939946
chr10:35608174:C>T	1	0.2668611718939946
chr17:11937495:C>T	2	0.8750512280535382
chr5:314444:G>A	2	0.8750512280535382
chr5:141864175:G>C	2	0.8750512280535382
chr7:83961498:C>T	2	0.8750512280535382
chr4:134200928:C>A	3	0.17196347031963466
chr10:93600723:G>A	4	0.10214299118033375
