mutation_id	myclone_id	myclone_ccf
chr1:10638975:G>A	1	1.0
chr19:52881112:G>C	1	1.0
chr2:162371957:G>C	1	1.0
chr4:25012417:G>A	1	1.0
chr5:23509935:G>A	1	1.0
chr13:78617067:C>T	2	0.3922338098094197
chr3:65391322:G>C	2	0.3922338098094197
chr3:177050127:G>C	2	0.3922338098094197
chr6:117362606:G>A	2	0.3922338098094197
chr13:37569306:G>A	3	0.6988640168918284
chr2:53797731:G>C	3	0.6988640168918284
chr2:195716696:G>C	3	0.6988640168918284
chr21:28981208:C>G	3	0.6988640168918284
chr4:105235999:G>C	3	0.6988640168918284
chr5:90519478:C>G	3	0.6988640168918284
chr16:70467439:C>G	4	0.21284705298538395
chr18:69739019:G>A	4	0.21284705298538395
chr21:30337350:C>G	4	0.21284705298538395
chr4:95840558:G>A	4	0.21284705298538395
chr10:94089360:G>A	5	0.8560014389253645
chr19:34493316:C>G	5	0.8560014389253645
chr4:99908713:G>C	5	0.8560014389253645
chr5:126777862:C>A	5	0.8560014389253645
chr6:99613996:A>C	5	0.8560014389253645
chr6:146399265:C>G	5	0.8560014389253645
chr8:86230071:C>G	5	0.8560014389253645
chr1:169542572:G>C	6	0.3022602327212852
chr19:4960753:C>G	6	0.3022602327212852
chr2:165890929:C>T	6	0.3022602327212852
chr3:15074734:G>A	6	0.3022602327212852
chr3:94036562:C>T	6	0.3022602327212852
chr10:45463308:C>T	7	0.10521178435766627
chr12:63147535:G>C	7	0.10521178435766627
chr18:23529240:C>T	7	0.10521178435766627
chr19:35866430:C>T	7	0.10521178435766627
chr2:127573969:G>A	7	0.10521178435766627
chr3:101801788:C>T	7	0.10521178435766627
