mutation_id	myclone_id	myclone_ccf
chr12:25245344:->CGC	1	0.5367813280497382
chr3:47057189:->ACACAGG	1	0.5367813280497382
chr6:27831371:C>T	1	0.5367813280497382
chr8:78686590:C>G	1	0.5367813280497382
chr1:108648940:C>A	2	0.7718450543528955
chr12:112486612:G>A	2	0.7718450543528955
chr17:28534995:C>T	2	0.7718450543528955
chr2:219492179:G>A	2	0.7718450543528955
chr5:115580995:C>T	2	0.7718450543528955
chr8:123681350:G>A	2	0.7718450543528955
chr1:154948345:C>G	3	0.6560569553452076
chr11:124250361:G>A	3	0.6560569553452076
chr12:21297482:C>T	3	0.6560569553452076
chr2:87339033:T>-	3	0.6560569553452076
chr2:185808201:C>G	3	0.6560569553452076
chr22:23693934:A>C	3	0.6560569553452076
chr5:140836543:G>A	3	0.6560569553452076
chr6:26104250:C>T	3	0.6560569553452076
chr6:49787177:G>C	3	0.6560569553452076
chr6:57052788:C>T	3	0.6560569553452076
chr8:115619931:G>A	3	0.6560569553452076
chrX:34943567:C>G	3	0.6560569553452076
chr6:50840156:G>C	4	1.0
chr14:106714689:C>G	5	-1
