mutation_id	myclone_id	myclone_ccf
chr1:114716127:C>A	1	0.6035184005771939
chr14:102047972:C>T	1	0.6035184005771939
chr10:97896939:C>T	2	1
chr16:3738616:C>T	2	1
chr3:165190415:A>G	2	1
chr7:51191061:G>A	2	1
chrX:31071925:C>T	3	-1
