mutation_id	myclone_id	myclone_ccf
chr2:90100738:->AC	1	0.7358490566037734
chr16:4463757:A>C	1	0.7358490566037734
chr16:57997776:C>T	1	0.7358490566037734
chr17:18148532:C>T	1	0.7358490566037734
chr1:152410525:G>T	1	0.7358490566037734
chr12:81263369:G>A	1	0.7358490566037734
chr5:181205086:C>T	1	0.7358490566037734
chr16:3013874:C>T	2	0.5958410671029036
chr19:56027079:G>T	2	0.5958410671029036
chr12:101110543:G>T	3	0.8258997574498194
chr2:99104105:C>T	3	0.8258997574498194
chr2:102525094:G>A	3	0.8258997574498194
chrX:11139153:G>A	4	0.959792477302205
chr1:114713907:T>A	5	0.34080403076259863
chr15:58013878:G>A	5	0.34080403076259863
chr5:90628820:C>T	5	0.34080403076259863
chrX:150503389:C>T	6	0.39644970414201147
chr10:97002933:C>T	7	1.0173788961398917
chr12:63822113:C>T	7	1.0173788961398917
chr5:33648837:->AAGGTAGCCC	7	1.0173788961398917
chr5:160606996:G>A	7	1.0173788961398917
chr8:25503534:->CTGGCCCGGG	8	1.1986366398298645
chr8:85107353:G>T	8	1.1986366398298645
chr11:3227934:G>A	9	0.48520682085435884
chr17:44904578:G>A	9	0.48520682085435884
chr19:736037:C>T	9	0.48520682085435884
chr3:47577386:C>T	9	0.48520682085435884
chrX:153797479:G>A	10	0.641509433962264
chr21:38383755:T>C	11	-1
chr1:201211633:A>C	12	0.191111111111111
chr19:19354389:T>C	12	0.191111111111111
chrX:45151772:G>C	13	0.20107545213030426
chrX:115191678:G>T	13	0.20107545213030426
chrX:74743963:C>A	14	1.1398747390396662
chrX:16124160:G>A	15	0.8779178839434034
chrX:108180581:G>T	15	0.8779178839434034
