mutation_id	myclone_id	myclone_ccf
chr8:11749019:C>T	1	0.6137184115523464
chr14:106810431:CTCACTGTGTCT>-	1	0.6137184115523464
chr17:44399274:A>G	2	0.1634097989238176
chr4:82503090:C>A	2	0.1634097989238176
chr1:47994458:C>T	3	0.3571923901277274
chr12:124913546:C>A	3	0.3571923901277274
chr4:101196055:T>G	3	0.3571923901277274
chr6:116877316:C>T	3	0.3571923901277274
chr4:2932599:C>A	4	0.5142002989536623
chr20:50608408:G>T	5	0.3939611009811582
chr22:22099211:->CG	5	0.3939611009811582
chr1:54597409:C>A	6	0.4592094199885186
chr1:111766502:G>A	6	0.4592094199885186
chr12:52549299:G>C	6	0.4592094199885186
chr12:56104766:A>T	6	0.4592094199885186
chr17:1270599:G>A	6	0.4592094199885186
chr17:18734898:A>T	6	0.4592094199885186
chr19:8087828:G>A	6	0.4592094199885186
chr19:47209163:T>C	6	0.4592094199885186
chr2:26924911:A>G	6	0.4592094199885186
chr2:219467220:C>T	6	0.4592094199885186
chr3:122555398:T>C	6	0.4592094199885186
chr6:138424139:C>T	6	0.4592094199885186
chr7:154052879:C>T	6	0.4592094199885186
chr9:131061187:G>A	6	0.4592094199885186
chrX:115192311:C>A	6	0.4592094199885186
