mutation_id	myclone_id	myclone_ccf
chr9:84744987:G>C	1	0.091843815050779
chr18:14787070:G>A	2	0.7521667026756128
chr5:141246319:C>T	2	0.7521667026756128
chr1:240811977:T>G	2	0.7521667026756128
chr11:101961926:T>A	2	0.7521667026756128
chr2:89244780:GA>-	2	0.7521667026756128
chr2:202099674:C>A	2	0.7521667026756128
chr4:128287715:C>T	2	0.7521667026756128
chrX:112454829:C>T	3	1
chr15:27532754:C>A	4	0.5633746612839732
chr7:100776446:G>A	4	0.5633746612839732
chr11:407905:G>A	4	0.5633746612839732
chr11:111995077:G>T	4	0.5633746612839732
chr12:4626860:C>T	4	0.5633746612839732
chr13:46835602:G>A	4	0.5633746612839732
chr19:45632938:C>A	4	0.5633746612839732
chr22:28796153:C>GA	4	0.5633746612839732
chr6:30562439:C>T	4	0.5633746612839732
chr8:138630733:C>A	4	0.5633746612839732
chr11:61322325:C>T	4	0.5633746612839732
