mutation_id	myclone_id	myclone_ccf
chr13:30283652:T>G	1	0.4537345514544499
chr4:56314119:C>T	1	0.4537345514544499
chr1:64846697:->GGA	2	1
chr16:58115299:G>T	2	1
chr18:80202823:G>A	2	1
chr8:143867709:C>G	2	1
