mutation_id	myclone_id	myclone_ccf
chr3:107773003:->TGGCCCCT	1	0.45892494468085365
chr3:148741445:G>A	1	0.45892494468085365
chr13:25551463:C>A	2	0.9418282132299066
chr6:33293067:G>A	2	0.9418282132299066
chr12:20650487:C>T	3	0.6228172711370966
chr17:41612240:C>T	3	0.6228172711370966
chr2:160126486:G>A	3	0.6228172711370966
chr2:185800941:G>C	3	0.6228172711370966
chr6:10801909:G>A	3	0.6228172711370966
chr1:46533369:G>A	4	0.20553368499598307
chr19:3730559:C>T	4	0.20553368499598307
chr3:44243542:G>C	4	0.20553368499598307
chr8:112650221:C>T	4	0.20553368499598307
chr9:133390788:C>T	4	0.20553368499598307
chrX:123394971:T>C	4	0.20553368499598307
chrX:139562029:C>T	4	0.20553368499598307
chr2:240875974:G>A	5	0.13287860378465097
chr2:240966229:C>T	5	0.13287860378465097
chr4:127896814:C>T	5	0.13287860378465097
chr7:7243617:C>T	5	0.13287860378465097
chr7:78132969:C>G	5	0.13287860378465097
chr9:2718711:G>A	5	0.13287860378465097
