mutation_id	myclone_id	myclone_ccf
chr2:219554642:C>T	1	0.3861502408371848
chr2:226988352:A>G	1	0.3861502408371848
chr9:69371600:G>T	1	0.3861502408371848
chrX:1623147:C>T	1	0.3861502408371848
chr16:71184882:C>A	2	0.5358575898807251
chr19:7083720:G>A	2	0.5358575898807251
chr9:114790565:C>T	2	0.5358575898807251
chr2:44332487:C>T	3	0.7125199201020733
chr2:178644587:->T	3	0.7125199201020733
chr2:48963223:G>T	4	0.1232617789036454
chr1:20664625:G>A	5	0.2862425368556069
chr11:130261759:C>T	5	0.2862425368556069
chr15:48302813:C>T	5	0.2862425368556069
chr7:93135242:T>A	5	0.2862425368556069
chr8:98003725:C>T	5	0.2862425368556069
chr17:31338703:G>T	6	-1
chr6:56501132:T>A	7	-1
chrX:30236137:C>A	7	-1
chr6:29588163:G>A	8	-1
chr10:75399234:C>T	9	-1
chr14:105470072:C>T	9	-1
chr14:90593512:G>A	10	-1
chr14:93612920:G>T	10	-1
chr17:20579849:C>T	10	-1
chrX:72207254:G>A	10	-1
