mutation_id	myclone_id	myclone_ccf
chr19:51714064:G>A	1	0.7251871715911908
chr7:86786520:C>T	1	0.7251871715911908
chr14:46842011:C>T	2	0.425835750194078
chr2:89937631:->GTCC	2	0.425835750194078
chr19:41683887:C>T	3	0.5679458033502173
chr2:89937677:CCTCCCACAGTGGTA>-	3	0.5679458033502173
chr3:147391208:G>A	3	0.5679458033502173
chr14:78966329:G>A	4	0.9999999999999999
chr15:82659926:C>T	4	0.9999999999999999
chr19:9969648:G>A	4	0.9999999999999999
chr3:14511260:C>T	4	0.9999999999999999
chr4:143695658:C>T	4	0.9999999999999999
chr7:144095162:G>A	4	0.9999999999999999
chr2:33398378:G>A	5	0.09473066052486132
chr2:73916630:G>A	5	0.09473066052486132
chr2:219162003:C>T	5	0.09473066052486132
chr3:182913875:T>C	5	0.09473066052486132
chr14:104746289:T>C	5	0.09473066052486132
chrX:49533926:G>-	6	-1
chrX:74304380:T>C	6	-1
chr14:106714682:TCT>CTCC	7	-1
chrX:54930463:G>A	7	-1
chrX:3101180:G>A	8	-1
chrX:153536350:C>T	8	-1
