mutation_id	myclone_id	myclone_ccf
chr15:62708688:C>T	1	0.31159211785501256
chr4:139417929:G>C	1	0.31159211785501256
chr5:140842686:C>T	1	0.31159211785501256
chr5:141332280:G>C	1	0.31159211785501256
chr5:149028444:C>G	1	0.31159211785501256
chrX:148662355:G>A	1	0.31159211785501256
chr1:244862484:TCA>GG	2	0.839637334723226
chr22:22031471:CA>-	2	0.839637334723226
chr12:25245351:C>G	3	0.2341886985506052
chr20:32197099:C>T	3	0.2341886985506052
chr21:32311741:C>T	3	0.2341886985506052
chr3:73624571:C>T	3	0.2341886985506052
chr8:119832552:C>T	3	0.2341886985506052
chr1:210797551:G>T	4	1.0
chr4:99651819:A>G	4	1.0
chr16:49281291:T>G	5	0.10367374465857464
chr18:9553380:G>C	5	0.10367374465857464
chr19:49888615:C>T	5	0.10367374465857464
chr9:35561297:G>A	5	0.10367374465857464
chr9:127403739:A>C	5	0.10367374465857464
chr2:89142713:T>C	6	-1
chr4:1961074:G>A	7	-1
chrX:37010198:G>A	8	-1
