mutation_id	myclone_id	myclone_ccf
chr12:55452849:G>A	1	0.1923744374205778
chrX:66266617:G>A	1	0.1923744374205778
chrX:124333932:C>A	1	0.1923744374205778
chr19:7150518:C>A	2	0.8021983908683997
chr22:24935491:G>A	2	0.8021983908683997
chr3:8985893:G>A	2	0.8021983908683997
chr9:4118867:C>T	2	0.8021983908683997
chr10:133532844:C>G	2	0.8021983908683997
chr14:63599589:A>-	2	0.8021983908683997
chr1:114716123:C>T	3	0.7162143074406682
chr11:59947737:C>T	3	0.7162143074406682
chr16:70868651:G>A	3	0.7162143074406682
chr22:44888018:G>A	3	0.7162143074406682
chr1:176934267:G>T	4	1
chr1:228368396:G>A	4	1
chr13:113075140:G>T	4	1
chr17:7701464:C>T	4	1
chr20:42128775:G>T	4	1
chr7:28507736:G>A	4	1
chr1:171024504:C>T	5	0.5004683386922434
chr15:43636065:G>A	5	0.5004683386922434
chr22:30491653:G>A	6	0.096593929994476
chr18:8253340:C>T	6	0.096593929994476
