mutation_id	myclone_id	myclone_ccf
chrX:141897493:G>T	1	1.0
chr22:21057124:G>A	2	0.2352487972420727
chr10:73634641:G>T	3	0.9480259950992743
chr12:25245350:C>T	3	0.9480259950992743
chr19:1074205:G>A	3	0.9480259950992743
chr22:22899616:->GG	3	0.9480259950992743
