mutation_id	myclone_id	myclone_ccf
chr11:89178168:C>T	1	1.0
chr12:103778002:G>A	2	0.16632013582555022
chr14:23524448:G>A	2	0.16632013582555022
chr16:166585:A>T	2	0.16632013582555022
chr19:917732:C>A	2	0.16632013582555022
chr4:99652779:G>A	2	0.16632013582555022
chr1:9598512:C>T	3	0.2621511235771315
chr16:3536198:CTC>TT	3	0.2621511235771315
chr19:34433403:G>A	3	0.2621511235771315
chr2:209881083:G>A	3	0.2621511235771315
chr7:127106567:G>A	3	0.2621511235771315
chr1:87104568:G>A	4	0.37518283179259077
chr11:59211573:G>A	4	0.37518283179259077
chr17:10512756:G>A	4	0.37518283179259077
chr19:40014255:T>C	4	0.37518283179259077
chr4:118054797:G>C	4	0.37518283179259077
chr5:126878355:G>A	4	0.37518283179259077
chr7:121338943:G>A	4	0.37518283179259077
