mutation_id	myclone_id	myclone_ccf
chr12:110722114:C>G	1	0.3033895578202044
chr5:115620609:C>T	1	0.3033895578202044
chr6:26158382:C>G	1	0.3033895578202044
chr6:26285445:G>A	1	0.3033895578202044
chr17:76736962:C>T	2	0.9766258395296612
chr20:44901653:C>T	2	0.9766258395296612
chr4:1951182:C>A	2	0.9766258395296612
chr5:62579484:G>A	2	0.9766258395296612
chr6:83593676:G>T	2	0.9766258395296612
chr14:106770577:GTA>AGGGGG	3	0.558972210817186
chr17:8480300:C>T	3	0.558972210817186
