mutation_id	myclone_id	myclone_ccf
chr11:75728836:G>C	1	1
chr5:6748566:C>A	1	1
chr1:11922983:G>A	2	0.9382476437411775
chrX:101132237:C>G	2	0.9382476437411775
chr10:22209639:A>C	3	0.14167799726425728
chr10:48450948:G>C	3	0.14167799726425728
chr12:81263341:G>T	3	0.14167799726425728
chr12:88121086:C>T	3	0.14167799726425728
chr12:99648733:C>G	3	0.14167799726425728
chr15:29101777:C>T	3	0.14167799726425728
chr19:3593086:C>G	3	0.14167799726425728
chr19:8963524:G>T	3	0.14167799726425728
chr19:17632852:C>A	3	0.14167799726425728
chr19:35011504:C>T	3	0.14167799726425728
chr19:42248750:G>C	3	0.14167799726425728
chr20:51454603:G>A	3	0.14167799726425728
chr3:139378104:C>G	3	0.14167799726425728
chr4:71763456:C>G	3	0.14167799726425728
chr5:128114275:C>G	3	0.14167799726425728
chr5:128338009:C>A	3	0.14167799726425728
chr5:161875609:G>A	3	0.14167799726425728
chr6:43283228:G>C	3	0.14167799726425728
chr6:47714013:C>G	3	0.14167799726425728
chr6:117575281:C>T	3	0.14167799726425728
chr8:103415418:C>G	3	0.14167799726425728
chrX:106850054:G>C	3	0.14167799726425728
chrX:153863914:G>A	3	0.14167799726425728
chr1:117153217:C>G	4	0.2471722572178981
chr1:157803969:C>G	4	0.2471722572178981
chr10:33180121:C>G	4	0.2471722572178981
chr10:110890648:C>G	4	0.2471722572178981
chr12:124378376:C>G	4	0.2471722572178981
chr13:102798617:G>C	4	0.2471722572178981
chr14:71735377:G>A	4	0.2471722572178981
chr16:20924057:G>C	4	0.2471722572178981
chr16:70259025:G>C	4	0.2471722572178981
chr17:3215690:G>C	4	0.2471722572178981
chr17:8234630:G>A	4	0.2471722572178981
chr17:59213019:G>A	4	0.2471722572178981
chr18:48040225:C>T	4	0.2471722572178981
chr18:49794319:C>G	4	0.2471722572178981
chr19:3593247:C>G	4	0.2471722572178981
chr19:11378309:G>C	4	0.2471722572178981
chr19:17784884:G>C	4	0.2471722572178981
chr19:33391406:C>G	4	0.2471722572178981
chr19:51824498:C>G	4	0.2471722572178981
chr2:67397550:G>A	4	0.2471722572178981
chr22:50198077:G>A	4	0.2471722572178981
chr3:17291997:G>C	4	0.2471722572178981
chr5:178986192:G>T	4	0.2471722572178981
chr6:26043586:C>A	4	0.2471722572178981
chr6:30703171:C>T	4	0.2471722572178981
chr6:83044547:C>G	4	0.2471722572178981
chr7:12361449:C>G	4	0.2471722572178981
chr7:142220722:G>T	4	0.2471722572178981
chr9:38395895:C>T	4	0.2471722572178981
chr9:92256695:C>G	4	0.2471722572178981
chrX:13319412:C>T	4	0.2471722572178981
chr15:80695735:C>G	5	-1
chr15:56676721:G>C	6	-1
chr15:62033440:C>T	6	-1
chr15:101724363:C>T	6	-1
