mutation_id	myclone_id	myclone_ccf
chr3:170907065:G>A	1	0.5441860465116278
chr17:11598568:C>T	2	0.3821400201689824
chr2:176100131:G>T	2	0.3821400201689824
chr1:114716126:C>T	3	0.9305058760291832
chr10:98614965:C>T	3	0.9305058760291832
chr12:85127910:T>A	3	0.9305058760291832
chr12:133121601:T>C	3	0.9305058760291832
chr2:39736999:A>C	3	0.9305058760291832
chr22:21015292:G>A	3	0.9305058760291832
chr4:165041117:C>T	3	0.9305058760291832
chr5:178204857:AGCAG>GAGACGACGGGCGCCA	3	0.9305058760291832
chrX:7050315:C>T	4	-1
chrX:26160904:G>A	5	-1
