mutation_id	myclone_id	myclone_ccf
chr3:38551441:C>T	1	0.784979276852306
chr1:31815319:C>T	2	0.11989985048337928
chr2:219451786:G>A	2	0.11989985048337928
chr5:123090365:G>A	2	0.11989985048337928
chr6:33269135:C>T	2	0.11989985048337928
chr14:23427774:G>A	3	1.0
chr2:233454850:C>T	3	1.0
chr3:139044110:C>T	3	1.0
