mutation_id	myclone_id	myclone_ccf
chr5:52933987:C>G	1	0.5347168924021566
chr6:133512963:G>C	1	0.5347168924021566
chr9:72740156:C>G	1	0.5347168924021566
chr16:789122:C>T	2	0.8523547902068713
chr19:6187293:C>T	2	0.8523547902068713
chr2:189053432:C>T	2	0.8523547902068713
chr7:95595090:G>A	2	0.8523547902068713
chr1:32248559:C>T	3	0.18721610180398596
chr1:186956314:G>A	3	0.18721610180398596
chr11:20055951:G>C	3	0.18721610180398596
chr11:72581458:C>T	3	0.18721610180398596
chr11:92800340:C>T	3	0.18721610180398596
chr16:18869245:G>A	3	0.18721610180398596
chr2:74530212:G>A	3	0.18721610180398596
chr2:226795569:G>A	3	0.18721610180398596
chr5:177211000:C>G	3	0.18721610180398596
chr7:20380790:G>C	3	0.18721610180398596
chr11:46719806:G>C	4	0.09286582709210892
chr12:12477943:C>G	4	0.09286582709210892
chr14:23571283:C>T	4	0.09286582709210892
chr16:11876100:C>A	4	0.09286582709210892
chr17:80822246:G>A	4	0.09286582709210892
chr2:26311175:G>A	4	0.09286582709210892
chr6:26197171:C>G	4	0.09286582709210892
chr6:87677914:G>C	4	0.09286582709210892
chr9:114345988:G>C	4	0.09286582709210892
chrX:112822605:C>G	4	0.09286582709210892
chrX:155022538:G>A	4	0.09286582709210892
chr11:26565732:C>T	5	1.0
chr12:46778519:G>C	5	1.0
chr19:6185529:C>T	5	1.0
chr19:8949793:C>G	5	1.0
chr2:197402635:C>G	5	1.0
chr4:163471984:G>A	5	1.0
chr6:78898091:G>C	5	1.0
chr9:19786261:G>A	5	1.0
chrX:119088486:G>A	5	1.0
