mutation_id	myclone_id	myclone_ccf
chr22:21215991:C>T	1	0.5868873321351242
chr11:6002087:G>A	2	0.0842886731989535
chr5:80174985:C>G	2	0.0842886731989535
chr3:89419381:G>A	3	1.0
chr4:88697489:T>G	3	1.0
chr9:68940765:G>C	3	1.0
chrX:46837145:G>A	3	1.0
chr1:53114758:C>T	4	0.3702827716421547
chr10:102411739:A>T	4	0.3702827716421547
chr15:28248666:C>G	4	0.3702827716421547
chr16:1827328:G>A	4	0.3702827716421547
chr5:677892:G>A	4	0.3702827716421547
chr6:26467998:G>A	4	0.3702827716421547
chrX:80692131:C>G	4	0.3702827716421547
chr14:106714685:->CCTCGAA	5	-1
