mutation_id	myclone_id	myclone_ccf
chr12:52677124:C>T	1	0.6627299456075162
chr14:94381100:C>T	1	0.6627299456075162
chr12:118255474:G>A	2	1
chr2:124609821:G>A	2	1
chr4:46928458:C>T	2	1
chr5:168423871:C>T	2	1
chr7:15686358:C>T	2	1
chr12:85979762:C>T	3	0.33544740096277187
chr13:38687583:G>A	3	0.33544740096277187
chr5:141344432:C>A	3	0.33544740096277187
