mutation_id	myclone_id	myclone_ccf
chr14:106421709:TGTC>GGGAG	1	0.7498612499442362
chr1:40236040:G>A	2	0.9999999999999998
chr15:33757485:C>T	2	0.9999999999999998
chr2:209695642:T>C	2	0.9999999999999998
chr5:136356608:C>A	2	0.9999999999999998
chr6:30952198:C>T	2	0.9999999999999998
chr15:40363820:C>A	3	0.06576559453862679
chr17:67107174:C>T	3	0.06576559453862679
chr12:53723638:C>T	4	0.1266517198172835
chr5:174046843:C>G	4	0.1266517198172835
chrX:132406242:G>C	5	-1
