mutation_id	myclone_id	myclone_ccf
chr14:23525896:G>A	1	0.971576589598437
chr18:14105111:G>C	1	0.971576589598437
chr2:36783402:A>T	1	0.971576589598437
chr2:231528498:G>A	1	0.971576589598437
chr20:17496982:G>T	1	0.971576589598437
chr22:42876227:C>T	1	0.971576589598437
chr7:21786712:G>A	1	0.971576589598437
chr7:102301101:C>T	1	0.971576589598437
chr3:98168838:G>T	2	0.5696873075918518
chr3:125187339:C>T	2	0.5696873075918518
chr5:17632409:C>T	2	0.5696873075918518
chr5:124647166:->CAGGAACCCCAC	2	0.5696873075918518
chr9:5185387:G>C	2	0.5696873075918518
chr1:15409976:C>T	3	0.4272812339825982
chr17:35479522:C>A	3	0.4272812339825982
chr19:58052606:G>T	3	0.4272812339825982
chr21:40369158:G>A	3	0.4272812339825982
chr22:20584910:C>T	3	0.4272812339825982
chr22:27797588:C>T	3	0.4272812339825982
chr2:184937622:A>G	4	0.1583200715202506
chr20:62413928:G>C	4	0.1583200715202506
chr11:112085417:G>A	5	0.3141983878359061
chr2:37951850:C>T	5	0.3141983878359061
chrX:135052107:A>C	6	-1
chr6:56615972:G>A	7	-1
chrX:115192333:C>T	7	-1
