mutation_id	myclone_id	myclone_ccf
chr12:57475491:C>T	1	1
chr14:22423041:->CGTT	1	1
chr19:36113566:C>T	2	0.8774309723889557
chr8:143559345:G>A	2	0.8774309723889557
chr12:25245350:C>T	3	0.4244372990353698
chr14:106627253:->CGTGG	3	0.4244372990353698
chr6:129366264:G>A	3	0.4244372990353698
chr3:47098041:G>A	4	0.11103273396208169
chr4:176687437:G>A	4	0.11103273396208169
chr8:1548969:G>A	4	0.11103273396208169
chr8:127740743:G>A	4	0.11103273396208169
chr9:104536329:T>C	4	0.11103273396208169
chrX:109453793:T>G	4	0.11103273396208169
chr10:25597878:G>A	4	0.11103273396208169
chr6:17292015:G>A	4	0.11103273396208169
chr1:114716123:C>T	5	0.2696378830083564
