mutation_id	myclone_id	myclone_ccf
chr1:202895552:G>A	1	0.9740057490546825
chr11:1252479:G>A	1	0.9740057490546825
chr14:92493615:G>A	1	0.9740057490546825
chr17:35746204:G>A	1	0.9740057490546825
chr5:141101295:G>A	1	0.9740057490546825
chr1:207023448:G>A	2	0.4714315065591264
chr19:11023555:G>C	2	0.4714315065591264
chr3:186164942:C>A	2	0.4714315065591264
chr6:169232674:G>A	2	0.4714315065591264
