mutation_id	myclone_id	myclone_ccf
chr11:3228497:C>T	1	0.5161139161071905
chr22:30555655:G>A	1	0.5161139161071905
chr5:35874467:->AGGGTGCAGGCGTGA	1	0.5161139161071905
chr13:28028203:G>T	2	0.1255547355586667
chr19:35868753:C>T	2	0.1255547355586667
chr19:45698887:G>T	3	0.6885350055579376
chr2:170829609:G>A	3	0.6885350055579376
chr2:185800894:C>T	3	0.6885350055579376
chr7:142161152:C>T	3	0.6885350055579376
chr10:88914658:G>A	4	1.0
chr5:140803238:C>T	4	1.0
chr9:135768849:C>T	4	1.0
chr1:240330696:G>C	5	-1
chr15:42730939:C>T	6	-1
