mutation_id	myclone_id	myclone_ccf
chr8:85662205:G>A	1	0.1642014694991032
chr1:25989481:G>A	2	0.5319758820306749
chr12:106067886:G>T	2	0.5319758820306749
chr19:55732450:G>A	2	0.5319758820306749
chr18:61528101:C>T	2	0.5319758820306749
chr4:44447832:C>T	2	0.5319758820306749
chr6:18463332:G>A	2	0.5319758820306749
chr11:69810399:C>T	2	0.5319758820306749
chr16:57518206:G>A	3	1.0
chr17:1472014:G>A	3	1.0
chr17:16313558:C>G	3	1.0
chr2:121281247:G>A	3	1.0
chr7:33109234:G>A	3	1.0
chr9:22008781:C>T	3	1.0
chr13:32442816:C>T	4	0.8495246316228189
chr7:6757858:C>T	4	0.8495246316228189
