mutation_id	myclone_id	myclone_ccf
chr17:10516283:G>A	1	1.0
chr2:113406872:->AAC	2	0.6868421052631578
chr15:38351517:C>T	3	0.49463171853302057
chr7:111124468:G>A	3	0.49463171853302057
