mutation_id	myclone_id	myclone_ccf
chr1:15933962:G>A	1	0.19448577240742138
chr11:65947119:G>A	1	0.19448577240742138
chr1:236744765:G>A	2	0.9080840252362444
chr2:178728366:T>-	2	0.9080840252362444
chr1:1923913:G>A	3	1
chr1:234608585:T>G	3	1
chr2:178728367:T>A	3	1
chr22:30555210:C>T	4	0.5937540829665412
chr22:32191300:G>A	5	0.690774167703923
chr17:6447592:C>T	5	0.690774167703923
chr11:67048623:G>A	6	0.34148812037235177
chr12:25245347:C>T	6	0.34148812037235177
chr12:125349717:A>C	6	0.34148812037235177
chr16:62982:C>T	6	0.34148812037235177
chr16:20985412:C>T	6	0.34148812037235177
chr18:66505270:G>A	6	0.34148812037235177
chrX:120540503:C>A	7	0.4171268042381426
chrX:120540504:A>T	7	0.4171268042381426
