mutation_id	myclone_id	myclone_ccf
chr14:19827940:C>-	1	0.40302803094087
chr14:106639119:->CTCC	1	0.40302803094087
chr11:17645761:C>T	2	1.0
chr7:100991159:T>A	2	1.0
chr16:74999833:GGCAGGCATG>-	3	0.500084698543183
chr2:215075577:G>C	3	0.500084698543183
chr1:231163746:G>A	4	0.6209543274246533
chr3:195780908:CGT>-	4	0.6209543274246533
chr5:141355743:C>T	4	0.6209543274246533
chr12:9203801:C>T	5	0.8709334381721092
chr16:74726239:G>A	5	0.8709334381721092
chr17:78891894:G>A	5	0.8709334381721092
chr2:95214805:C>T	5	0.8709334381721092
chr2:178738095:T>A	5	0.8709334381721092
chr3:88465938:C>A	5	0.8709334381721092
chr7:54569174:G>T	5	0.8709334381721092
chr2:90005629:T>C	6	0.7983331101299622
