mutation_id	myclone_id	myclone_ccf
chr12:7499111:G>A	1	0.8488191929325675
chr22:45550520:C>A	1	0.8488191929325675
chr21:46112274:G>A	2	0.5700766075056838
chr22:41237939:G>C	2	0.5700766075056838
chr11:6457816:G>A	3	1
chr18:50729503:C>A	3	1
chr19:55541347:C>T	3	1
chr5:13809163:G>A	3	1
chr5:75104603:G>A	3	1
chr8:29130620:C>T	3	1
chr9:5078360:A>G	4	-1
