mutation_id	myclone_id	myclone_ccf
chr16:56830617:T>A	1	1.0
chr19:1371064:G>A	1	1.0
chr3:122922410:A>G	1	1.0
chr5:176877920:G>A	1	1.0
chr1:246988169:T>C	2	0.6591398056723807
chr10:132869342:C>G	2	0.6591398056723807
chr11:22279653:A>G	2	0.6591398056723807
chr12:112866760:G>A	2	0.6591398056723807
chr4:52017227:G>A	2	0.6591398056723807
chr1:35418493:G>T	3	0.20732799614455816
chr1:161196738:C>A	3	0.20732799614455816
chr12:10179574:G>A	3	0.20732799614455816
chr18:53205287:G>A	3	0.20732799614455816
chr19:45307487:C>T	3	0.20732799614455816
chr9:4118573:G>A	3	0.20732799614455816
chr9:90887816:C>T	3	0.20732799614455816
chr18:14791461:G>-	4	0.4678643288868714
chr19:11030750:C>T	4	0.4678643288868714
chr2:113406871:->GC	4	0.4678643288868714
chr9:5078395:C>G	4	0.4678643288868714
chr2:90173412:->CCGGGGTG	5	-1
