mutation_id	myclone_id	myclone_ccf
chr12:25225709:C>T	1	0.8390671169269733
chrX:65532609:C>T	1	0.8390671169269733
chr1:151424191:C>G	1	0.8390671169269733
chr12:130436892:C>T	1	0.8390671169269733
chr16:56467920:G>C	1	0.8390671169269733
chr17:40884930:C>G	1	0.8390671169269733
chr18:62187998:G>C	1	0.8390671169269733
chr19:8961600:G>C	1	0.8390671169269733
chr5:146258501:C>A	1	0.8390671169269733
chr6:31145804:G>A	1	0.8390671169269733
chr8:58939509:G>A	1	0.8390671169269733
chr1:6051719:C>T	2	1.1631708749266
chr1:151369064:G>C	2	1.1631708749266
chr12:109803078:T>C	3	0.6291298508190242
chr17:10501903:T>G	3	0.6291298508190242
chr19:4297992:C>T	3	0.6291298508190242
chr19:34426100:G>C	3	0.6291298508190242
chr2:215420764:G>A	3	0.6291298508190242
chr20:59869931:C>G	3	0.6291298508190242
chr9:95459648:C>G	3	0.6291298508190242
chr1:151709028:G>A	4	0.1387349599614292
chr1:203348177:G>A	4	0.1387349599614292
chr17:39670227:G>C	4	0.1387349599614292
chr19:41810845:C>G	4	0.1387349599614292
chr19:56088683:C>G	4	0.1387349599614292
chr3:47236543:C>T	4	0.1387349599614292
chr3:138946359:C>G	4	0.1387349599614292
chr3:138946465:C>G	4	0.1387349599614292
chr3:183300066:C>G	4	0.1387349599614292
chr7:6691490:C>G	4	0.1387349599614292
chr1:53506699:G>A	5	0.6892229424197851
chr10:118595121:C>T	5	0.6892229424197851
chr10:133357984:G>T	5	0.6892229424197851
chr12:43550991:G>C	5	0.6892229424197851
chr13:20036892:C>T	5	0.6892229424197851
chr16:11688434:G>C	5	0.6892229424197851
chr2:67404140:T>C	5	0.6892229424197851
chr2:106424953:G>C	5	0.6892229424197851
chr3:189808495:A>C	5	0.6892229424197851
chr4:155789726:C>G	5	0.6892229424197851
chr5:161875594:G>C	5	0.6892229424197851
chr6:63294964:G>T	5	0.6892229424197851
chr7:73840110:G>A	5	0.6892229424197851
chr7:96193071:A>T	5	0.6892229424197851
