mutation_id	myclone_id	myclone_ccf
chr12:89425196:C>G	1	0.8589600443095229
chr13:48453107:G>C	1	0.8589600443095229
chr13:49518104:G>C	1	0.8589600443095229
chr14:106627249:TCTCT>GTGTGCCCCCTA	1	0.8589600443095229
chr16:31224206:G>A	1	0.8589600443095229
chr3:107774724:C>T	1	0.8589600443095229
chr5:132749371:C>T	1	0.8589600443095229
chr7:90164693:G>A	1	0.8589600443095229
chr9:98480991:C>G	1	0.8589600443095229
chrX:77998516:T>A	1	0.8589600443095229
chr13:41830531:C>T	2	0.09839597740048393
chr16:69316283:A>G	2	0.09839597740048393
chrX:73829084:C>G	2	0.09839597740048393
chr19:5221194:C>T	2	0.09839597740048393
chr1:21577426:C>T	3	0.9704291951665158
chr1:43346526:C>G	3	0.9704291951665158
chr11:119343883:C>T	3	0.9704291951665158
chr12:121823434:C>T	3	0.9704291951665158
chr16:62888:C>T	3	0.9704291951665158
chr16:68255915:A>G	3	0.9704291951665158
chr2:119245952:G>A	3	0.9704291951665158
chr20:63239573:G>A	3	0.9704291951665158
chr22:17581388:G>A	3	0.9704291951665158
chr3:113657322:G>C	3	0.9704291951665158
chr4:122362239:G>C	3	0.9704291951665158
chr7:75024644:A>G	3	0.9704291951665158
chr7:80798102:C>T	3	0.9704291951665158
chrX:48911628:C>T	3	0.9704291951665158
chr21:44539924:G>A	3	0.9704291951665158
chr3:52347971:G>A	4	0.6298418056901198
chr7:148807673:->CCGT	4	0.6298418056901198
chr9:67900688:G>T	4	0.6298418056901198
chrX:307465:C>T	4	0.6298418056901198
chr2:113197765:C>T	5	0.4053167488175092
chr2:218594196:C>T	5	0.4053167488175092
chr20:21709267:G>A	5	0.4053167488175092
chr3:139538872:G>A	5	0.4053167488175092
chrX:123696745:G>A	5	0.4053167488175092
