mutation_id	myclone_id	myclone_ccf
chr19:49190771:C>T	1	1
chr1:231163390:G>A	2	0.7362932879644366
chr12:157038:G>A	3	0.8561909024484802
chr17:81510744:G>A	3	0.8561909024484802
chr8:19505532:G>A	3	0.8561909024484802
chr21:46388850:G>C	4	0.5519575821456683
chr22:20997235:->CGGGG	4	0.5519575821456683
chr3:47121883:G>T	4	0.5519575821456683
chr14:90184341:G>A	5	0.216360267973371
chr7:37133148:G>A	5	0.216360267973371
chr7:51029212:C>T	5	0.216360267973371
chr8:76852103:G>T	5	0.216360267973371
