mutation_id	myclone_id	myclone_ccf
chr16:31224622:C>T	1	1.0
chr2:144389882:G>T	2	0.6649455018392522
chr22:45543430:C>T	3	0.8509860696481666
chr4:76741836:G>A	3	0.8509860696481666
chr5:37305115:C>T	3	0.8509860696481666
chr19:32692624:C>T	4	0.1513943678558592
chr19:55948065:C>T	4	0.1513943678558592
chr16:11877527:TACGGTATCAGTCTC>CCCT	5	0.4176778065027456
chr17:49619077:->TATCGCCAATGC	6	0.5430708751574366
chrX:92618621:C>A	7	-1
chrX:41346376:G>A	8	-1
