mutation_id	myclone_id	myclone_ccf
chr12:78059044:A>T	1	0.3190917197809536
chr2:178739447:C>A	2	0.4327315409044032
chr12:25225713:T>A	3	0.9382502035174369
chr14:105142908:C>T	3	0.9382502035174369
chr19:11222178:C>T	3	0.9382502035174369
chr2:61405930:CTCT>-	3	0.9382502035174369
chr20:33083642:C>T	3	0.9382502035174369
chr21:31127121:G>A	3	0.9382502035174369
chr3:52223110:->CCCC	3	0.9382502035174369
chr4:1961074:G>A	3	0.9382502035174369
chr5:122450841:C>T	3	0.9382502035174369
chr7:50399985:->CTATTTCT	3	0.9382502035174369
chr8:71844092:C>A	3	0.9382502035174369
chr9:37015168:G>C	4	-1
chrX:154506832:C>T	4	-1
