mutation_id	myclone_id	myclone_ccf
chr6:138313896:G>A	1	0.3447061413163108
chr17:41610012:A>G	2	0.9999999999999998
