mutation_id	myclone_id	myclone_ccf
chr12:113387015:G>A	1	0.7139912528455605
chr3:78938614:C>T	1	0.7139912528455605
chr14:31144205:T>G	1	0.7139912528455605
chr17:82172772:C>T	1	0.7139912528455605
chr12:112489084:G>T	2	0.3352881185044306
chr1:204228114:G>A	3	1.0
chr16:21705284:G>A	3	1.0
chr12:112450393:T>G	4	0.4137742223817912
chr19:12792096:T>C	4	0.4137742223817912
chr8:109479624:G>C	4	0.4137742223817912
chr4:82485614:C>T	4	0.4137742223817912
chr9:4118225:G>A	5	0.2105045145302896
chr4:20617161:T>G	5	0.2105045145302896
