mutation_id	myclone_id	myclone_ccf
chr12:25245350:C>T	1	0.601823020972491
chr19:21972807:G>A	1	0.601823020972491
chr1:119622826:G>A	2	0.8549241346036824
chr6:34036211:G>A	2	0.8549241346036824
chr7:44114028:G>C	2	0.8549241346036824
chr15:43638994:A>T	3	0.74559585180214
chr4:93828960:G>A	3	0.74559585180214
chr5:33963879:G>A	3	0.74559585180214
chr8:109398459:G>A	3	0.74559585180214
chr10:133459692:G>A	4	1.0
chr11:33583407:C>T	4	1.0
chr4:3524978:C>T	4	1.0
chr8:139618723:G>A	4	1.0
chr2:210009707:G>A	5	0.08826654686879534
chr4:1727776:A>C	5	0.08826654686879534
chr7:50400487:C>T	5	0.08826654686879534
chr9:65676090:C>T	5	0.08826654686879534
chrX:101356885:C>T	6	-1
chr6:27808491:C>T	7	-1
chrX:100700926:C>G	8	-1
