mutation_id	myclone_id	myclone_ccf
chr5:68293821:CCCGCACAT>-	1	0.3089858046492362
chr12:5045039:G>T	2	1.0
chr12:52434230:C>T	2	1.0
chr15:90482092:C>G	2	1.0
chr6:146788536:C>T	2	1.0
chr11:45650426:G>A	3	0.8147834728009655
chr5:73848998:G>A	3	0.8147834728009655
chr6:152316943:A>T	3	0.8147834728009655
chr8:112682585:C>T	3	0.8147834728009655
