mutation_id	myclone_id	myclone_ccf
chr1:114716123:C>T	1	0.7006876694876747
chr11:63898829:G>A	1	0.7006876694876747
chr2:113406849:T>C	1	0.7006876694876747
chr6:43304195:->CCT	1	0.7006876694876747
chr8:91970825:G>A	1	0.7006876694876747
chr13:28034176:->GGTGGATCCGAA	2	0.55
chr7:44884751:->CTC	2	0.55
chr7:48524287:G>C	3	0.7568627450980389
chr21:38383755:T>C	4	1.0906515580736544
