mutation_id	myclone_id	myclone_ccf
chr1:20981160:G>A	1	1
chr22:41172584:T>A	1	1
chr11:78658756:G>A	2	0.49814734924035586
chr16:27740131:C>A	2	0.49814734924035586
chr7:130305877:G>A	2	0.49814734924035586
chr12:52550057:G>A	3	0.21354436170303984
chr15:28843756:G>A	3	0.21354436170303984
chr19:48452863:C>T	3	0.21354436170303984
chr2:50346698:G>A	3	0.21354436170303984
chr3:125108000:C>T	3	0.21354436170303984
chr3:136002195:T>A	3	0.21354436170303984
chr5:73898050:G>A	3	0.21354436170303984
chr8:109972565:G>A	3	0.21354436170303984
chr8:143727594:C>T	3	0.21354436170303984
chr1:54871452:C>T	4	0.13969521437146334
chr11:5508736:C>T	4	0.13969521437146334
chr12:45050626:G>A	4	0.13969521437146334
chr12:49022634:G>A	4	0.13969521437146334
chr3:174279353:C>G	4	0.13969521437146334
chr7:143511295:C>T	4	0.13969521437146334
chr10:16764501:G>A	5	0.3405877300678147
chr17:37701077:G>A	5	0.3405877300678147
chr17:76009165:G>A	5	0.3405877300678147
chr18:27993620:C>T	5	0.3405877300678147
