mutation_id	myclone_id	myclone_ccf
chr13:29025306:G>T	1	0.2336697060046024
chr11:119639902:G>A	2	1.0
chr8:100134030:A>C	2	1.0
chr1:153679559:G>T	3	0.10038736689165324
chr12:52777020:G>A	3	0.10038736689165324
chr18:23758508:G>A	3	0.10038736689165324
chr3:12813293:G>T	3	0.10038736689165324
chr7:95595143:C>T	3	0.10038736689165324
