mutation_id	myclone_id	myclone_ccf
chr12:112828365:C>T	1	0.1121972284169872
chr14:59944718:A>C	1	0.1121972284169872
chr14:106506995:->CCT	2	0.8626350287405793
chr17:16382134:G>A	2	0.8626350287405793
chr2:237749275:G>A	2	0.8626350287405793
chr20:63414132:G>A	2	0.8626350287405793
chr4:54273605:C>T	2	0.8626350287405793
chr6:26156499:G>-	2	0.8626350287405793
chr14:57581308:G>A	3	1
chr15:54013798:C>T	3	1
chr16:75479746:C>T	3	1
chr19:44432345:C>T	3	1
chr2:102441352:C>T	3	1
chr2:206571783:C>T	3	1
chr4:173317726:G>A	3	1
chr8:86069505:C>A	3	1
