mutation_id	myclone_id	myclone_ccf
chr19:1255590:C>A	1	1.0
chr19:50320763:G>A	1	1.0
chr2:112028453:C>T	1	1.0
chr3:52511739:C>T	1	1.0
chr1:18365284:C>T	2	0.16638013490494288
chr1:54612532:G>A	2	0.16638013490494288
chr19:8936564:A>C	2	0.16638013490494288
chr19:46329409:G>A	2	0.16638013490494288
chr5:140883973:G>A	2	0.16638013490494288
chrX:101241779:G>A	2	0.16638013490494288
chr14:105488490:C>T	2	0.16638013490494288
chr6:28085623:G>T	2	0.16638013490494288
chr16:1564045:CTGGGAGCGCGGCGTC>-	3	0.6649806457414986
chr11:1236499:C>T	4	0.8674441798110645
chr13:28018498:ATG>-	4	0.8674441798110645
chr2:50531341:G>A	4	0.8674441798110645
chr2:60792163:G>A	4	0.8674441798110645
chr5:13829547:G>A	4	0.8674441798110645
chr7:43407638:G>A	4	0.8674441798110645
chr21:14965586:->GGACTCGGGGG	4	0.8674441798110645
chr21:14965592:T>A	4	0.8674441798110645
chr17:5139625:C>T	4	0.8674441798110645
chr4:7967092:C>T	4	0.8674441798110645
chr4:105967263:G>A	4	0.8674441798110645
chr4:182680571:C>T	4	0.8674441798110645
chr10:126504744:G>A	4	0.8674441798110645
