mutation_id	myclone_id	myclone_ccf
chr12:123841483:G>A	1	0.2518778443611544
chr10:23002054:G>A	2	0.6761149265622747
chr14:106622360:->CCGCGGA	2	0.6761149265622747
chr16:78756971:C>G	2	0.6761149265622747
chr8:66468329:G>A	2	0.6761149265622747
chr15:41502474:G>C	3	0.924729704628079
chr18:37259212:G>A	3	0.924729704628079
chr19:51716977:C>T	3	0.924729704628079
chr2:189475384:G>C	3	0.924729704628079
chr2:232521414:C>T	3	0.924729704628079
chr10:125752857:G>A	4	0.3994921594374012
chr14:31066290:G>T	4	0.3994921594374012
chr14:32092050:G>C	4	0.3994921594374012
chr20:59987630:G>A	4	0.3994921594374012
chr3:141580384:G>C	4	0.3994921594374012
chr11:1277195:C>T	5	1
chr16:23700592:T>A	5	1
chr16:67653213:C>T	5	1
chr3:139044358:A>C	5	1
chr9:106926710:C>T	5	1
chr9:133573913:G>A	5	1
chr17:7673781:C>G	6	0.8269067387697099
chr19:4930738:G>-	6	0.8269067387697099
chr2:228017850:C>T	6	0.8269067387697099
chr3:133617255:G>C	6	0.8269067387697099
chr10:19133928:G>C	7	0.08242200024461835
chr12:133058795:C>G	7	0.08242200024461835
chr13:100449288:C>T	7	0.08242200024461835
chr17:35846944:G>A	7	0.08242200024461835
chr2:189003764:C>T	7	0.08242200024461835
chr4:70606697:G>A	7	0.08242200024461835
chr6:56168146:G>A	7	0.08242200024461835
chr6:64902202:C>A	7	0.08242200024461835
chr6:69361148:C>A	7	0.08242200024461835
chr7:156954106:G>C	7	0.08242200024461835
chr5:146104242:G>A	8	-1
