mutation_id	myclone_id	myclone_ccf
chr1:184619542:G>T	1	0.2280790233573602
chr16:14952003:G>A	1	0.2280790233573602
chr2:165678788:C>T	1	0.2280790233573602
chr5:43628332:C>G	1	0.2280790233573602
chr6:131624954:C>A	1	0.2280790233573602
chr8:76707599:G>A	1	0.2280790233573602
chr1:39334236:G>C	2	1
chr1:244862663:A>C	2	1
chr19:8955911:C>A	2	1
chr2:68655315:C>T	2	1
chr5:57249574:A>G	2	1
chrX:115191814:C>T	2	1
chr1:35192332:C>T	3	0.11337509743611261
chr16:20486588:G>A	3	0.11337509743611261
chr2:75646856:C>T	3	0.11337509743611261
chr4:17874097:G>C	3	0.11337509743611261
chr5:19473560:G>A	3	0.11337509743611261
chr6:26250314:C>T	3	0.11337509743611261
chrX:70387253:G>C	3	0.11337509743611261
chr14:106675012:GTGTCTCTCGCACAGTAATAC>ACCGGGG	4	-1
