mutation_id	myclone_id	myclone_ccf
chr15:75356328:G>A	1	0.1402734615903048
chr15:41861920:C>A	2	1.0
chr5:168460732:G>A	2	1.0
chr6:7584159:C>G	3	0.5471075501282396
chr1:114716126:C>T	4	0.7983587651064847
chr1:197105000:AT>-	4	0.7983587651064847
chr16:1912052:G>A	4	0.7983587651064847
chr19:54587014:A>C	4	0.7983587651064847
chr5:64325378:C>T	4	0.7983587651064847
