mutation_id	myclone_id	myclone_ccf
chr19:38422094:C>T	1	0.5199739981695594
chr10:60389453:C>T	2	1.0
chr11:66042594:G>A	2	1.0
chrX:17719357:G>A	3	0.3437294088370032
chr12:112450406:G>A	4	0.25862012065821893
chr3:149872030:->T	4	0.25862012065821893
chr10:96410392:G>A	5	0.4294507933454042
chr12:25245347:C>T	5	0.4294507933454042
chr10:99330851:C>T	6	0.8462552917451611
chr19:46621668:C>T	6	0.8462552917451611
chr3:340897:C>A	6	0.8462552917451611
