mutation_id	myclone_id	myclone_ccf
chr2:100300709:C>A	1	0.7864187361791334
chrX:71141905:A>G	1	0.7864187361791334
chr2:182982869:C>T	2	0.9999999999999999
chr6:27133394:T>A	2	0.9999999999999999
chrX:131544444:T>C	2	0.9999999999999999
chr17:4973706:G>A	3	0.5728524548313445
chr8:27922014:G>A	3	0.5728524548313445
chr1:11157242:A>G	4	0.09329618905344861
chr17:1733828:C>T	4	0.09329618905344861
chr2:233803481:G>A	5	0.883376289022348
chr9:135484525:C>T	5	0.883376289022348
chrX:26194412:G>T	5	0.883376289022348
