mutation_id	myclone_id	myclone_ccf
chr10:93601004:G>A	1	0.1831990705306455
chr16:57960858:C>A	1	0.1831990705306455
chr1:81943654:G>C	2	0.9239396472191352
chr11:95067462:A>T	2	0.9239396472191352
chr19:51713817:C>T	2	0.9239396472191352
chr4:1974864:A>G	2	0.9239396472191352
chr1:169542798:G>A	3	0.10900272997048366
chr12:101317659:G>T	3	0.10900272997048366
chr19:46427873:C>T	3	0.10900272997048366
chr3:42557590:T>C	3	0.10900272997048366
chr4:188003672:T>C	3	0.10900272997048366
chr6:7231623:G>A	3	0.10900272997048366
chr10:133207318:C>T	4	1.0
chr2:151679731:G>A	4	1.0
chr2:201160440:C>A	4	1.0
chr19:1080045:G>A	5	0.2946281746968257
chr8:65707033:G>T	5	0.2946281746968257
chr12:62396345:G>A	6	0.7010527546277434
chr22:22031470:->TC	6	0.7010527546277434
chr2:90100738:->TCCC	7	-1
chrX:155334400:C>T	8	-1
chrX:64190838:C>T	9	-1
chr14:106714682:TCTC>-	10	-1
