mutation_id	myclone_id	myclone_ccf
chr19:12887053:C>T	1	0.8430610514414923
chr19:12772904:C>T	2	1.0
chr14:22423036:TGACACCCA>CCAGTATGGGTCCCCATCCCTG	3	0.3939691242244986
chr9:135778788:G>A	3	0.3939691242244986
chr1:114716123:C>T	4	0.5510188075651127
chr12:109266255:G>A	4	0.5510188075651127
chr22:20990476:G>A	4	0.5510188075651127
chr10:70419956:G>A	5	0.14049714944281566
chr12:1639698:G>A	5	0.14049714944281566
chr16:49638813:C>T	5	0.14049714944281566
chr18:14513699:T>G	6	0.2187766599597585
