mutation_id	myclone_id	myclone_ccf
chr1:54812180:C>A	1	1
chr10:17104519:G>A	1	1
chr1:43224129:C>T	2	0.092179758315701
chr14:21499584:C>A	2	0.092179758315701
chr16:2762008:C>T	3	0.8191145717146383
chr16:83171526:A>G	3	0.8191145717146383
chr2:130764210:G>T	3	0.8191145717146383
chr3:112639240:C>T	3	0.8191145717146383
chr1:93534802:C>T	4	0.6850720635657529
chr11:842505:T>A	4	0.6850720635657529
chr22:22245048:GTGT>-	4	0.6850720635657529
chr9:83062666:C>T	5	0.2303424516728572
chr2:240572502:G>C	6	0.1577023434250655
chr9:93653184:C>T	6	0.1577023434250655
chr14:106335080:TCTTTC>-	7	-1
chrX:119406569:C>T	8	-1
