mutation_id	myclone_id	myclone_ccf
chr1:26268586:A>G	1	0.6028660009453585
chr11:93738128:C>T	1	0.6028660009453585
chr11:111926071:C>G	1	0.6028660009453585
chr3:183651155:C>G	1	0.6028660009453585
chr11:92697405:G>A	2	0.9818123209209645
chr17:80214190:G>A	2	0.9818123209209645
chr4:123401924:G>A	2	0.9818123209209645
chr5:128966484:C>T	2	0.9818123209209645
chr9:101737798:G>A	2	0.9818123209209645
