mutation_id	myclone_id	myclone_ccf
chr12:6592032:G>A	1	0.8908792926709079
chr12:96685060:G>C	1	0.8908792926709079
chr16:1079387:G>A	1	0.8908792926709079
chr3:47410378:C>A	1	0.8908792926709079
chr5:41057297:T>C	1	0.8908792926709079
chr7:65398923:C>T	1	0.8908792926709079
chr8:67204813:G>A	1	0.8908792926709079
chr1:181763510:G>A	2	0.6665070099567288
chr11:1456659:C>T	2	0.6665070099567288
chr11:61523267:G>A	2	0.6665070099567288
chr15:22914841:G>T	2	0.6665070099567288
chr17:8753426:G>A	2	0.6665070099567288
chr17:82092984:C>T	2	0.6665070099567288
chr19:1816247:G>A	2	0.6665070099567288
chr3:37083658:C>G	2	0.6665070099567288
chr3:125451388:C>T	2	0.6665070099567288
chr4:148435137:G>A	2	0.6665070099567288
chr7:97022283:G>A	2	0.6665070099567288
chr9:109420571:C>T	2	0.6665070099567288
chrX:119759466:A>T	2	0.6665070099567288
