mutation_id	myclone_id	myclone_ccf
chr17:7910539:G>A	1	0.2993315009291
chr12:102396820:T>-	2	0.6186386778832732
chr17:63483146:G>A	2	0.6186386778832732
chr1:6473008:C>T	3	1
chr1:155282631:C>T	3	1
chr3:8532809:G>A	3	1
