mutation_id	myclone_id	myclone_ccf
chr8:124082288:G>T	1	1
chr13:28034175:T>G	2	0.3819128462187953
chr8:143276073:G>A	2	0.3819128462187953
chrX:31071899:C>T	2	0.3819128462187953
chr1:114716123:C>T	3	0.5846298378907525
chr11:17558541:G>A	3	0.5846298378907525
chr13:95970258:A>T	3	0.5846298378907525
chr16:57685913:C>T	3	0.5846298378907525
chr7:47904461:G>A	3	0.5846298378907525
chr9:133520265:G>A	3	0.5846298378907525
chrX:3317329:C>T	3	0.5846298378907525
chr10:94306685:C>T	4	0.47383028970092483
chr10:73772461:A>G	5	0.7952872438816163
chr17:7324977:G>C	5	0.7952872438816163
