mutation_id	myclone_id	myclone_ccf
chr5:33937289:G>A	1	0.1781949638033724
chr12:104327558:C>T	2	1
chr2:186761980:C>A	2	1
chr20:3674540:C>T	2	1
chr12:112450395:C>T	3	0.2951687507208986
chr15:91916183:C>T	3	0.2951687507208986
chr19:15540637:C>T	3	0.2951687507208986
chr2:178624716:A>T	3	0.2951687507208986
chr4:143876771:G>T	3	0.2951687507208986
chr12:16363914:G>A	4	0.7130586332953609
chr14:90184273:G>A	4	0.7130586332953609
chr19:2202729:G>A	4	0.7130586332953609
chr21:39423477:T>G	4	0.7130586332953609
chr19:2248458:A>G	5	0.854613995919075
chr19:12666699:C>T	5	0.854613995919075
chr19:31276799:G>A	5	0.854613995919075
chr2:236214777:C>T	5	0.854613995919075
chr3:126642096:C>G	5	0.854613995919075
chr6:105161798:C>G	5	0.854613995919075
chr9:135524930:C>T	5	0.854613995919075
chr11:35280972:G>A	6	0.4379661663757297
chr14:23390195:G>A	6	0.4379661663757297
chrX:19464221:C>A	7	-1
