mutation_id	myclone_id	myclone_ccf
chr2:90173412:TC>-	1	0.7281268457957433
chr3:177051507:->TA	1	0.7281268457957433
chr8:30847069:G>A	1	0.7281268457957433
chr8:81679184:T>C	1	0.7281268457957433
chr13:113322346:G>A	2	1
chr19:2408440:G>A	2	1
chr19:49700706:C>T	2	1
chr8:143706738:C>T	2	1
chrX:154766397:G>A	2	1
chr1:207697548:->GGACAAGGACA	3	0.9038417448050852
chr12:98829203:G>A	3	0.9038417448050852
chr15:41457834:->ATTTCC	3	0.9038417448050852
chr19:12581156:C>T	3	0.9038417448050852
chr2:209922363:G>A	3	0.9038417448050852
chr5:141925500:G>A	3	0.9038417448050852
