mutation_id	myclone_id	myclone_ccf
chr2:168923809:G>A	1	1
chr4:26482042:G>A	1	1
chr1:1655426:C>T	2	0.7309911971898214
chr3:35721754:C>T	2	0.7309911971898214
chr3:52651766:G>C	2	0.7309911971898214
chr12:25245347:C>T	3	0.7811697359801507
chr18:14848863:C>T	3	0.7811697359801507
chr8:39165095:G>A	3	0.7811697359801507
