mutation_id	myclone_id	myclone_ccf
chrX:25013416:G>A	1	0.0887061181107308
chr11:114706523:G>C	2	1.0
chr2:113406869:CATTCACAGTGTT>G	2	1.0
chr20:33069901:G>A	2	1.0
chr4:69480778:G>A	2	1.0
chr16:19304092:C>T	3	0.32465232641651415
chr17:7670685:G>A	3	0.32465232641651415
chr17:49973067:C>T	3	0.32465232641651415
chr12:5994603:G>T	4	0.7643858620256323
chr12:112911205:C>A	4	0.7643858620256323
chr22:22031467:CATTCACACAGTGACACAGG>TCA	4	0.7643858620256323
chr6:34983365:A>C	4	0.7643858620256323
chr14:106592675:->CCTCCA	5	-1
