mutation_id	myclone_id	myclone_ccf
chr1:22647371:G>A	1	1.0
chr1:233666688:C>T	1	1.0
chr3:48562928:C>T	1	1.0
chr12:47789333:->TTC	2	0.8258827583459916
chr6:30069218:G>A	2	0.8258827583459916
chr14:106506993:GTGTAT>A	3	-1
