mutation_id	myclone_id	myclone_ccf
chr1:1518987:C>T	1	0.48491408337056
chr4:1961074:G>A	2	0.178330799232145
chr9:67110571:G>A	2	0.178330799232145
chr1:186309833:G>A	3	0.7664352227557536
chr10:69409066:G>A	3	0.7664352227557536
chr15:70854001:C>T	3	0.7664352227557536
chr2:27234216:T>C	3	0.7664352227557536
chr4:3136303:T>A	3	0.7664352227557536
chr11:68158522:G>C	4	1.0
chr3:139578959:C>T	4	1.0
chr5:151800285:A>G	4	1.0
chr7:6652561:C>T	4	1.0
chr14:106714684:TCTCGCACAGTAA>CCCAG	5	0.8976353803614574
chr15:75394716:C>T	5	0.8976353803614574
chr19:3382028:G>A	5	0.8976353803614574
chr19:16325843:G>A	5	0.8976353803614574
chr19:37888450:->CGAGAGC	5	0.8976353803614574
chr2:132782375:C>T	5	0.8976353803614574
chr20:51004689:G>A	5	0.8976353803614574
chr3:77568370:A>T	5	0.8976353803614574
chr4:140628310:G>A	5	0.8976353803614574
chr14:92687956:G>A	6	0.08066151962680153
chr16:30964218:A>T	6	0.08066151962680153
chr5:178727049:T>G	6	0.08066151962680153
chrX:105740602:C>G	7	0.8475509762384505
