mutation_id	myclone_id	myclone_ccf
chr1:114713907:T>A	1	0.5484736809565249
chr12:93411280:G>A	1	0.5484736809565249
chr14:94364471:C>T	1	0.5484736809565249
chr9:7049117:G>C	1	0.5484736809565249
chr11:4682015:G>A	2	0.3691637257852413
chr3:64163032:G>A	2	0.3691637257852413
chrX:124333261:G>A	2	0.3691637257852413
chr13:113096608:G>A	3	0.7223382326143258
chr19:14097427:G>A	3	0.7223382326143258
chr5:141388792:A>C	3	0.7223382326143258
chr17:8552126:C>T	4	0.4939452054794519
chr21:42904220:->T	5	0.17680365296803657
