mutation_id	myclone_id	myclone_ccf
chr13:101083722:G>A	1	1.0
chr22:25950387:G>T	1	1.0
chr22:50275936:C>T	1	1.0
chr6:88614370:T>C	1	1.0
chr1:68194135:C>A	2	0.1069258838597717
chr6:32741480:G>A	2	0.1069258838597717
chr12:6018805:G>A	3	0.5341238713969222
chr19:852973:C>T	3	0.5341238713969222
chr19:5843964:G>A	3	0.5341238713969222
chr2:209941373:C>T	3	0.5341238713969222
chr21:41859203:G>C	3	0.5341238713969222
chr3:50503382:G>C	3	0.5341238713969222
chr6:56617363:T>C	3	0.5341238713969222
chr7:93468732:C>T	3	0.5341238713969222
chr10:99388270:G>A	4	0.2992689569045808
chr7:100960824:G>C	4	0.2992689569045808
chr7:159103798:C>T	4	0.2992689569045808
chrX:77633331:->T	5	-1
