mutation_id	myclone_id	myclone_ccf
chr18:31458583:G>T	1	0.21103264083886594
chr21:32325297:T>C	1	0.21103264083886594
chr3:126642064:G>A	1	0.21103264083886594
chr11:1088073:G>A	2	0.11588962500230046
chr15:43698707:A>C	2	0.11588962500230046
chr3:100816745:G>A	2	0.11588962500230046
chr3:129315563:A>C	2	0.11588962500230046
chr4:86784522:C>G	2	0.11588962500230046
chr1:37718708:C>T	3	1
chr14:70978541:C>T	3	1
chr16:795741:C>G	3	1
chr18:10761088:G>C	3	1
chr19:18451611:C>T	3	1
chr19:51081540:G>A	3	1
chr2:43824347:C>A	3	1
chr5:60603402:G>A	3	1
chr5:111484057:G>A	3	1
chr7:81762756:G>T	3	1
chrX:66172548:C>T	4	-1
chr14:106592669:CACTGTGTC>-	5	-1
