mutation_id	myclone_id	myclone_ccf
chr1:15719900:C>T	1	0.9832759974691896
chr1:182939176:C>T	1	0.9832759974691896
chr13:45714079:G>A	1	0.9832759974691896
chr15:48495552:C>G	1	0.9832759974691896
chr2:190525299:G>A	1	0.9832759974691896
chr22:23160914:G>A	1	0.9832759974691896
chr3:11034562:C>T	1	0.9832759974691896
chr18:8784011:G>A	1	0.9832759974691896
chr6:117393286:G>A	1	0.9832759974691896
chr11:986883:C>T	2	0.27106846051548117
chr13:28018484:A>G	2	0.27106846051548117
chr19:23933414:C>T	2	0.27106846051548117
chr7:30062740:->A	2	0.27106846051548117
chr4:76740325:C>T	2	0.27106846051548117
chr6:98835078:GGCGGCGGCGGGGGCGGT>-	2	0.27106846051548117
chr3:126135553:C>T	3	0.5585340088578372
chr12:25245347:C>T	4	0.4207035217365346
