mutation_id	myclone_id	myclone_ccf
chr12:29660832:A>T	1	0.6460658255722991
chr5:141665045:C>T	1	0.6460658255722991
chr6:169232073:G>A	1	0.6460658255722991
chrX:644634:T>C	1	0.6460658255722991
chr1:1333711:G>A	2	0.9399519293067774
chr1:114713909:G>T	2	0.9399519293067774
chr1:201328829:G>A	2	0.9399519293067774
chr17:29608069:C>T	2	0.9399519293067774
chr3:196937575:G>A	2	0.9399519293067774
chr6:75165548:C>G	2	0.9399519293067774
chr8:41695253:G>A	2	0.9399519293067774
chr8:144498820:G>A	2	0.9399519293067774
