mutation_id	myclone_id	myclone_ccf
chr5:141388572:G>A	1	0.078705701074909
chr9:34627828:G>A	1	0.078705701074909
chr11:70490364:G>A	2	1.0
chr11:74843266:G>A	2	1.0
chr16:71067256:C>T	2	1.0
chr1:946426:G>A	3	0.16686223005155024
chr17:62423992:->GGGGCCA	3	0.16686223005155024
chr2:232839908:CAC>TCAGGG	3	0.16686223005155024
chr5:141094815:C>T	3	0.16686223005155024
chrX:53076735:G>A	3	0.16686223005155024
chr11:5857074:G>A	4	0.812457496405811
chr11:19933661:C>T	4	0.812457496405811
chr11:28296745:GTGCGTAGGTACC>-	4	0.812457496405811
chr11:45224716:T>C	4	0.812457496405811
chr12:11091345:C>-	4	0.812457496405811
chr8:52149920:G>C	4	0.812457496405811
chr14:106421705:TGTGTGTCTCGCACAGTAATACA>CAT	5	0.9430787409370913
