mutation_id	myclone_id	myclone_ccf
chr15:81225470:T>C	1	0.20282886966131553
chr16:58043250:C>T	1	0.20282886966131553
chr4:30724160:A>C	1	0.20282886966131553
chr4:151128251:G>A	1	0.20282886966131553
chr1:214376327:G>A	2	0.7334421901533813
chr2:90100739:CCCA>-	2	0.7334421901533813
chr7:141701909:->CGGCCC	2	0.7334421901533813
chr7:142059934:T>C	2	0.7334421901533813
chr10:110226215:A>G	3	0.9258808806026687
chr11:130473803:C>T	3	0.9258808806026687
chr12:95738119:G>A	3	0.9258808806026687
chr14:106714684:->CCCTCCC	3	0.9258808806026687
chr3:189215334:G>A	3	0.9258808806026687
chrX:23379782:G>C	3	0.9258808806026687
chrX:51408059:G>A	3	0.9258808806026687
