mutation_id	myclone_id	myclone_ccf
chr13:28018497:CA>GCTCAGGG	1	0.9608893464067099
chr2:89213416:CAGTGGGA>AGGGGGAG	1	0.9608893464067099
chr21:33836544:C>A	1	0.9608893464067099
chr11:124424011:C>T	2	0.47033864363974487
chr13:28034189:T>G	2	0.47033864363974487
chr1:152307290:C>T	3	0.5979941276721894
chr12:110880057:T>C	3	0.5979941276721894
chr18:53435199:C>A	3	0.5979941276721894
chr10:122084510:G>T	4	0.7583719247541842
chr10:127447477:G>A	4	0.7583719247541842
chr4:1986324:C>T	4	0.7583719247541842
chr4:72290940:T>A	4	0.7583719247541842
chr2:89244769:TACCACTGTGGGA>GGTTCTAGAG	5	-1
