mutation_id	myclone_id	myclone_ccf
chr2:202193331:G>A	1	1
chr4:1961074:G>A	2	0.3954510209356422
chr8:10610801:G>A	2	0.3954510209356422
chr1:1671575:G>A	3	0.1024169834325468
chr11:47355327:G>A	4	0.2560830329910565
chr16:8764089:C>T	4	0.2560830329910565
chr16:55327776:C>T	4	0.2560830329910565
