mutation_id	myclone_id	myclone_ccf
chr17:12715528:G>A	1	0.220427676412389
chr1:215086512:C>T	1	0.220427676412389
chr1:43967587:G>A	2	1.0
chr1:151519335:G>T	2	1.0
chr16:67150398:C>T	3	0.08809195835477446
chr6:105278382:G>T	3	0.08809195835477446
chr9:70108429:G>C	3	0.08809195835477446
chr1:175079610:C>A	3	0.08809195835477446
chr1:201718542:G>A	3	0.08809195835477446
chr1:204230508:G>A	3	0.08809195835477446
chr11:4450237:C>A	4	0.7186018575480717
chr11:130405905:G>A	4	0.7186018575480717
chr16:58543602:C>T	4	0.7186018575480717
chr7:34051943:C>T	4	0.7186018575480717
