mutation_id	myclone_id	myclone_ccf
chr13:28034144:A>G	1	0.732982715526661
chr3:37083692:C>A	1	0.732982715526661
chr18:78994838:C>T	1	0.732982715526661
chr9:128527216:G>C	1	0.732982715526661
chrX:50310350:G>A	1	0.732982715526661
chr3:100643601:C>T	2	0.5106971698768574
chr9:106929505:C>T	2	0.5106971698768574
chr2:160112106:G>T	2	0.5106971698768574
chr8:17558325:C>T	2	0.5106971698768574
chr1:114587396:G>A	3	0.2678756125605598
chr1:114713908:T>C	3	0.2678756125605598
chr16:3781225:->AT	3	0.2678756125605598
chr3:78631190:G>A	3	0.2678756125605598
chr17:80038167:G>A	4	0.21059736428112188
chr4:99653383:C>A	4	0.21059736428112188
chr11:95050721:C>T	5	0.8719010146058586
chr11:124543294:G>A	5	0.8719010146058586
chr14:19976024:T>G	5	0.8719010146058586
chr14:64795603:C>T	5	0.8719010146058586
chr18:10791239:G>A	5	0.8719010146058586
chr2:98581639:A>C	5	0.8719010146058586
chr6:151445377:C>G	5	0.8719010146058586
chr6:152330431:T>A	5	0.8719010146058586
chr14:94290312:G>A	6	0.6800426748879987
chr17:11551918:G>A	6	0.6800426748879987
chr4:94664036:G>T	6	0.6800426748879987
chr4:183261170:A>G	6	0.6800426748879987
chr6:47832004:C>A	6	0.6800426748879987
