mutation_id	myclone_id	myclone_ccf
chr3:183790920:G>A	1	0.6628242074927954
chr15:80878777:G>T	2	0.1680327868852458
chr2:178746118:C>T	2	0.1680327868852458
chr10:82979066:A>C	3	-1
chr10:88828589:C>T	3	-1
chr10:122514266:C>T	3	-1
chr6:75113709:G>A	3	-1
chr4:72548794:G>A	4	-1
