mutation_id	myclone_id	myclone_ccf
chr2:88861923:->CT	1	0.6589342617236432
chr11:44935583:G>T	2	0.157363766398115
chr5:132823475:C>T	3	0.558242779613009
chr10:24607888:G>A	4	0.9854393050967476
chr16:1459125:G>C	4	0.9854393050967476
chr19:46412698:C>A	4	0.9854393050967476
chr19:52282171:G>A	4	0.9854393050967476
chr4:73450133:C>T	4	0.9854393050967476
chr7:64707248:->TGC	4	0.9854393050967476
chr7:64707250:A>GCTC	4	0.9854393050967476
chr8:143727373:C>T	4	0.9854393050967476
