mutation_id	myclone_id	myclone_ccf
chr7:139272336:A>C	1	0.3416778614522191
chr9:64373301:G>A	1	0.3416778614522191
chr15:88879012:G>A	2	0.8855302343688187
chr17:5034028:C>T	2	0.8855302343688187
chr2:144389881:T>C	2	0.8855302343688187
chr4:8205667:T>G	2	0.8855302343688187
chr5:140808540:C>T	2	0.8855302343688187
chr9:114098384:C>T	2	0.8855302343688187
chr3:15052457:G>A	3	1.0
chr6:33455617:T>A	3	1.0
chr9:37020757:G>A	4	-1
