mutation_id	myclone_id	myclone_ccf
chr14:106470255:TCACTGTGTAT>CCTG	1	0.9475611033672258
chr2:241872072:G>A	1	0.9475611033672258
chr5:173325880:T>A	1	0.9475611033672258
chr8:116863156:->AGGG	1	0.9475611033672258
chr1:114716127:C>T	2	0.6042631750340367
chr1:237700451:C>T	2	0.6042631750340367
chr15:90804215:G>-	2	0.6042631750340367
chr2:90173414:->G	2	0.6042631750340367
chr4:108859716:T>C	2	0.6042631750340367
chr4:157336613:C>T	2	0.6042631750340367
chr5:181005554:C>T	2	0.6042631750340367
chr6:168042711:G>C	2	0.6042631750340367
chr7:55954921:C>T	2	0.6042631750340367
chr7:148807671:->TGCGGCCCCAGC	2	0.6042631750340367
chr8:72937322:G>T	2	0.6042631750340367
