mutation_id	myclone_id	myclone_ccf
chr11:63299009:G>A	1	0.269098732999683
chr22:44802138:C>T	1	0.269098732999683
chr16:21054503:G>A	2	0.9999999999999999
chr19:15628834:C>T	2	0.9999999999999999
chr19:44814280:C>T	2	0.9999999999999999
chr11:65585150:C>T	3	0.08316338074659045
chr11:78903438:G>A	3	0.08316338074659045
chr14:36666478:C>T	3	0.08316338074659045
chr7:149847790:G>T	3	0.08316338074659045
chr1:13116233:->TGGA	4	0.8517601626227022
chr1:15463389:C>T	4	0.8517601626227022
chr13:33063895:G>A	4	0.8517601626227022
chr14:106714683:->TCTCTCCT	4	0.8517601626227022
chr19:17645702:G>A	4	0.8517601626227022
chr12:50107659:G>A	5	0.5073944751403134
chr12:52367148:G>A	5	0.5073944751403134
chr16:15763798:G>C	5	0.5073944751403134
chr19:7125328:G>C	5	0.5073944751403134
chr19:7126616:G>A	5	0.5073944751403134
chr3:142403682:C>G	5	0.5073944751403134
chr10:93361527:A>G	6	0.6224666080434504
chr11:66315402:C>T	6	0.6224666080434504
chr11:72016053:C>G	6	0.6224666080434504
chr17:30997272:C>T	6	0.6224666080434504
chr2:96670127:C>T	6	0.6224666080434504
chr2:201266505:C>G	6	0.6224666080434504
chr9:122662499:C>T	6	0.6224666080434504
chr1:58506165:C>A	7	0.1659304702812561
chr1:160416108:G>A	7	0.1659304702812561
chr3:179708950:C>T	7	0.1659304702812561
chr4:69112713:G>A	7	0.1659304702812561
chr12:11869792:ATCCTGAACCCCCGGCACTCCGTGGATTTC>-	8	-1
