mutation_id	myclone_id	myclone_ccf
chr13:35164437:C>T	1	0.1205859034160385
chr2:140364734:G>T	1	0.1205859034160385
chr12:49026695:->A	2	1.0
chr20:3022140:C>T	2	1.0
chr4:102801450:TTAC>CCTTAGGG	2	1.0
chr7:100823762:A>G	2	1.0
chr3:14880599:A>G	3	0.5084407851071564
chr1:225043749:G>A	4	0.3582258511858021
chr4:185323750:A>C	4	0.3582258511858021
chr6:159819000:G>A	4	0.3582258511858021
chr15:82677728:C>T	5	0.19085337258981871
chr7:126446249:G>A	5	0.19085337258981871
chr12:11890979:->A	6	-1
chrX:75450833:C>A	7	-1
chr12:11752543:ATGGAGGAAGACTCGATC>TCTAAA	8	-1
