mutation_id	myclone_id	myclone_ccf
chr3:124927920:T>C	1	0.1473097072088203
chrX:102937754:G>A	1	0.1473097072088203
chr19:17365810:G>A	2	1
chr20:59774319:C>T	2	1
chr7:100160580:C>T	2	1
chr20:2709575:C>T	3	0.2508087432417811
chrX:116454428:G>A	3	0.2508087432417811
chr6:30740796:C>A	3	0.2508087432417811
chr6:56560382:C>T	3	0.2508087432417811
chr2:10681998:T>C	4	0.6050832107640326
chr20:62312179:C>T	4	0.6050832107640326
chr5:132579347:G>A	4	0.6050832107640326
