mutation_id	myclone_id	myclone_ccf
chr4:182792782:C>T	1	0.3112020685092366
chr21:34670057:G>C	2	0.1618202216249042
chr12:102061290:->GCAGTCA	3	0.8826468958769603
chr16:52446118:G>T	3	0.8826468958769603
chr3:171603218:C>T	3	0.8826468958769603
chr11:55603806:T>A	4	1
chr2:63404396:G>C	4	1
chr4:69286879:A>C	4	1
