mutation_id	myclone_id	myclone_ccf
chr9:124500709:C>T	1	0.43881432916829
chr22:25029390:C>T	2	1.0
chr6:125759593:G>A	2	1.0
chr15:83151267:G>A	3	0.9037712838660104
chr16:1763678:T>C	3	0.9037712838660104
chr18:65859822:A>C	3	0.9037712838660104
chr7:55146711:C>A	3	0.9037712838660104
chrX:100585346:C>T	3	0.9037712838660104
chr11:69810581:G>A	4	0.6842911300008534
chrX:91878300:C>A	5	0.84812604055077
