mutation_id	myclone_id	myclone_ccf
chr12:26715349:G>A	1	0.8366345500253299
chr2:46151137:G>A	1	0.8366345500253299
chr11:74285906:C>T	2	0.3906994935757827
chr7:143757011:->T	2	0.3906994935757827
chr1:114716123:C>T	3	1.0
chr15:43210358:C>T	3	1.0
chr19:12874853:G>A	3	1.0
chr3:50270958:G>A	3	1.0
chr12:11839281:->GGAGGGG	4	0.687412935631139
chr16:72119870:G>A	5	0.9336695237316485
