mutation_id	myclone_id	myclone_ccf
chr10:17953514:G>A	1	0.8723505327121295
chr10:27995094:C>T	1	0.8723505327121295
chr10:132924826:C>T	1	0.8723505327121295
chr12:112258541:G>A	1	0.8723505327121295
chr12:112258542:G>A	1	0.8723505327121295
chr12:112450406:G>A	1	0.8723505327121295
chr15:88147341:C>T	1	0.8723505327121295
chr19:37565049:G>A	1	0.8723505327121295
chr4:165873977:C>A	1	0.8723505327121295
chr7:24679139:C>T	1	0.8723505327121295
chr7:111758724:G>A	1	0.8723505327121295
chr9:23762192:C>T	1	0.8723505327121295
chr9:76310715:G>T	1	0.8723505327121295
chr14:99175093:G>A	1	0.8723505327121295
chr12:1879036:G>A	2	0.7505805746323456
chr12:39619557:->AGC	2	0.7505805746323456
chr13:77599727:G>A	2	0.7505805746323456
chr2:137057193:T>C	2	0.7505805746323456
chr22:43530829:C>T	2	0.7505805746323456
chr4:76082334:G>T	2	0.7505805746323456
chr4:105589345:C>T	2	0.7505805746323456
chr17:18381514:G>A	2	0.7505805746323456
chr1:19814929:C>A	3	0.9719319996687313
chr1:64873406:G>A	3	0.9719319996687313
chr1:147908327:G>A	3	0.9719319996687313
chr10:97319472:G>A	3	0.9719319996687313
chr18:12122383:C>T	3	0.9719319996687313
chr2:36787182:C>T	3	0.9719319996687313
chr2:231355838:G>A	3	0.9719319996687313
chr4:87114573:C>T	3	0.9719319996687313
chr5:63960751:C>T	3	0.9719319996687313
chr6:10672598:G>A	3	0.9719319996687313
chr6:121447092:T>C	3	0.9719319996687313
chr8:60853091:A>T	3	0.9719319996687313
chr9:135562857:G>A	3	0.9719319996687313
chr14:21634819:C>T	4	1.0635294117647056
