mutation_id	myclone_id	myclone_ccf
chr1:114716123:C>T	1	0.8472135885499545
chr1:153056647:G>A	1	0.8472135885499545
chr1:202943788:C>A	1	0.8472135885499545
chr12:119629810:C>T	2	0.9999999999999999
chr16:16125873:G>A	2	0.9999999999999999
chr19:18760199:C>G	2	0.9999999999999999
chr7:132227578:C>T	2	0.9999999999999999
chr21:44258527:T>G	2	0.9999999999999999
chr10:121551370:C>T	2	0.9999999999999999
