mutation_id	myclone_id	myclone_ccf
chr6:97165340:C>A	1	0.1464876726196104
chr2:79157185:G>C	2	0.062125585540971
chr1:85026183:G>A	3	0.3040926433659352
chr12:78050878:G>A	3	0.3040926433659352
chr19:55661187:G>A	4	1.0
chr2:90173413:C>A	4	1.0
chr5:141096017:G>A	4	1.0
chrX:73823955:T>C	4	1.0
chr11:46886471:C>T	5	0.7685273843238984
chr11:108247035:C>G	5	0.7685273843238984
chr12:25225628:C>T	5	0.7685273843238984
chr12:53193885:G>A	5	0.7685273843238984
chr13:41130881:C>T	5	0.7685273843238984
chr13:112401117:G>A	5	0.7685273843238984
chr19:8915637:C>A	5	0.7685273843238984
chr19:29529972:C>T	5	0.7685273843238984
chr22:30352994:C>T	5	0.7685273843238984
chr4:42590830:G>A	5	0.7685273843238984
chr8:109296530:G>C	5	0.7685273843238984
