mutation_id	myclone_id	myclone_ccf
chr1:16576332:T>-	1	0.184228890439637
chr14:22539073:TGCATC>AA	1	0.184228890439637
chr1:75136653:C>T	2	1
chr16:81149768:G>T	3	0.7888470749230243
chr2:117941201:G>A	3	0.7888470749230243
chrX:17375887:A>T	3	0.7888470749230243
chr1:48411563:G>A	4	0.9062854294231618
chr11:89973406:T>C	4	0.9062854294231618
chr14:22449121:ATACG>GGGACTTAGAC	4	0.9062854294231618
chr2:106843487:G>A	4	0.9062854294231618
chr10:118595107:G>A	4	0.9062854294231618
chr10:133459062:G>A	4	0.9062854294231618
chr9:121302047:G>A	4	0.9062854294231618
