mutation_id	myclone_id	myclone_ccf
chr1:197040588:C>A	1	0.9679711271451823
chr11:132436726:C>A	1	0.9679711271451823
chr13:98915332:C>T	1	0.9679711271451823
chr15:33736310:C>A	1	0.9679711271451823
chr15:42217804:T>A	1	0.9679711271451823
chr16:1079506:C>T	1	0.9679711271451823
chr2:118971527:C>T	1	0.9679711271451823
chr20:50608399:C>A	1	0.9679711271451823
chr5:179079832:C>T	1	0.9679711271451823
chr10:68231624:->G	1	0.9679711271451823
chr10:86718825:C>T	1	0.9679711271451823
chr17:7907389:C>T	1	0.9679711271451823
chr17:81715070:C>A	1	0.9679711271451823
chr18:580689:C>T	1	0.9679711271451823
chr18:50664303:G>T	1	0.9679711271451823
chr5:41203171:T>A	1	0.9679711271451823
chr6:117270689:G>A	1	0.9679711271451823
chr5:142144588:A>G	2	0.7430052256842926
chr1:114716126:C>T	3	0.5121294871563485
chr16:70973450:C>T	3	0.5121294871563485
chr10:133528491:G>A	3	0.5121294871563485
chr1:236590877:A>T	4	0.8151301092586006
chr12:41573579:G>A	4	0.8151301092586006
chr16:19285859:G>T	4	0.8151301092586006
chr2:191414151:G>A	4	0.8151301092586006
chr2:203441163:G>A	4	0.8151301092586006
chr20:38354363:G>A	4	0.8151301092586006
chr3:39143810:->G	4	0.8151301092586006
chr17:8827205:C>T	4	0.8151301092586006
chr6:10902930:A>T	4	0.8151301092586006
chrX:128051839:G>T	4	0.8151301092586006
chr8:97277755:G>A	5	1.0526816375517154
chr8:143707867:G>A	5	1.0526816375517154
