mutation_id	myclone_id	myclone_ccf
chr14:23042841:C>T	1	0.2005665274737628
chr11:56663716:G>A	2	0.9902883545013872
chr19:6427152:C>G	2	0.9902883545013872
chr19:8937636:C>A	2	0.9902883545013872
chr2:189564054:C>T	2	0.9902883545013872
chr3:142963070:C>T	2	0.9902883545013872
chr7:100433052:G>C	2	0.9902883545013872
chr9:32635570:C>T	2	0.9902883545013872
chr16:1220474:C>T	2	0.9902883545013872
chr14:92070922:G>A	3	0.8785828731207501
chr14:100107131:C>-	3	0.8785828731207501
chr17:76399787:G>A	3	0.8785828731207501
chr18:57436243:C>T	3	0.8785828731207501
chr2:105092458:G>A	3	0.8785828731207501
chr5:140830206:C>T	3	0.8785828731207501
chr6:56606003:T>G	3	0.8785828731207501
chrX:47142661:G>A	3	0.8785828731207501
chrX:47413541:->GAAG	3	0.8785828731207501
chrX:48970179:C>T	3	0.8785828731207501
chrX:102140912:C>T	3	0.8785828731207501
chr10:96983389:->TTCCCCCAGGGAAACC	4	0.7564464860707412
chr14:20380337:->CC	4	0.7564464860707412
chr2:24261651:->T	4	0.7564464860707412
chr7:87196698:T>C	4	0.7564464860707412
