mutation_id	myclone_id	myclone_ccf
chr3:49642357:G>T	1	1
chr12:25245350:C>T	2	0.1731523378582202
chr10:16940063:G>A	3	0.2664484515033634
chr11:117437341:GCAGGTTAAGCCGA>-	3	0.2664484515033634
