mutation_id	myclone_id	myclone_ccf
chr11:78250374:C>G	1	0.6906632546167432
chr9:137438267:C>A	1	0.6906632546167432
chr5:26988122:G>A	2	1
chr1:11109319:A>T	3	0.2043997405504533
chr1:149926740:C>G	3	0.2043997405504533
chrX:45107420:->GAAGGGATTT	4	-1
chr17:17796193:A>G	5	-1
