mutation_id	myclone_id	myclone_ccf
chr1:75883662:T>G	1	0.8640031319059592
chr10:97572773:G>T	1	0.8640031319059592
chr15:65077173:G>A	1	0.8640031319059592
chr3:154300640:->G	1	0.8640031319059592
chr6:26246734:C>T	1	0.8640031319059592
chr6:89689977:->AA	1	0.8640031319059592
chr9:73159383:G>A	1	0.8640031319059592
chr12:29758755:G>A	2	0.1548060944201757
chr14:33055939:G>A	2	0.1548060944201757
chr17:16623649:C>T	2	0.1548060944201757
chr2:214436751:C>A	2	0.1548060944201757
chr4:188105208:C>T	2	0.1548060944201757
chr6:130869850:C>T	2	0.1548060944201757
chr9:106932300:G>A	2	0.1548060944201757
chrX:124031027:C>A	2	0.1548060944201757
chr1:114621938:C>T	3	1
chr1:182818684:G>A	3	1
chr1:201209271:T>C	3	1
chr1:216422131:C>G	3	1
chr10:86943161:G>A	3	1
chr12:120978922:G>A	3	1
chr14:105367374:G>A	3	1
chr16:20326430:A>G	3	1
chr16:90037775:G>A	3	1
chr17:50186914:G>A	3	1
chr2:226864893:G>A	3	1
chr3:112929260:G>A	3	1
chr3:125012745:C>A	3	1
chr3:165190270:C>A	3	1
chr4:154234674:G>T	3	1
chr5:141384779:G>A	3	1
chr9:135819074:C>T	3	1
chr1:1047428:G>T	4	0.5973613631093524
chr1:113590629:->ACTGGGTTT	5	0.27831380896565394
chr10:60076283:G>C	5	0.27831380896565394
chr11:113700115:G>A	5	0.27831380896565394
chr12:11869441:->C	5	0.27831380896565394
chr12:11869679:T>C	5	0.27831380896565394
chr13:95853614:C>G	5	0.27831380896565394
chr14:59997673:G>C	5	0.27831380896565394
chr19:51769553:C>G	5	0.27831380896565394
chr2:50236855:C>G	5	0.27831380896565394
chr2:69102891:C>T	5	0.27831380896565394
chr2:210591886:C>T	5	0.27831380896565394
chr3:196947616:G>A	5	0.27831380896565394
chr4:163700846:C>T	5	0.27831380896565394
chr5:148665495:C>T	5	0.27831380896565394
chr7:148757011:T>C	5	0.27831380896565394
chr9:110408622:C>T	5	0.27831380896565394
chrX:143630550:C>T	5	0.27831380896565394
