mutation_id	myclone_id	myclone_ccf
chr1:8360714:C>T	1	0.9408996485223996
chr1:35746900:T>C	1	0.9408996485223996
chr15:65331539:G>T	1	0.9408996485223996
chr19:44818605:G>A	1	0.9408996485223996
chr3:27312165:C>T	1	0.9408996485223996
chr7:150947877:G>T	1	0.9408996485223996
chrX:73846059:G>A	1	0.9408996485223996
chr4:61587284:G>A	1	0.9408996485223996
chr1:186001340:C>T	1	0.9408996485223996
chr11:5778426:A>G	1	0.9408996485223996
chr16:3731323:AGG>-	1	0.9408996485223996
chr2:196713495:C>T	1	0.9408996485223996
chr15:79468269:G>A	2	0.2072072072072072
chr10:59245363:T>G	2	0.2072072072072072
chr14:71109591:A>G	2	0.2072072072072072
chr18:50729841:A>T	2	0.2072072072072072
chr2:105398980:C>T	2	0.2072072072072072
chr2:205401096:T>G	2	0.2072072072072072
chr13:28018498:ATG>-	3	0.5669642857142856
chr12:81267975:C>T	4	0.06729323308270657
chr12:92706774:C>T	4	0.06729323308270657
chr17:82442274:GT>-	4	0.06729323308270657
chr21:36936818:C>T	5	0.09147609147609148
chr11:113399228:A>G	6	0.2755504572671468
chr17:16443831:C>T	6	0.2755504572671468
chr22:50530763:G>A	6	0.2755504572671468
chr4:184017139:G>A	7	0.4352720450281424
chr21:43798096:C>T	8	0.4501216545012165
chr4:95185131:A>G	9	0.11883311883311887
chr5:156173:C>T	9	0.11883311883311887
