mutation_id	myclone_id	myclone_ccf
chrX:93709856:C>T	1	0.535397217008705
chr6:73194670:G>A	2	0.7092177233791866
chr11:61281152:C>T	3	0.1712518313290244
chr11:113416998:A>T	3	0.1712518313290244
chr12:20699595:G>A	4	1.0
chr16:3729624:C>A	4	1.0
chr16:81123776:C>T	4	1.0
chr18:63637724:G>T	4	1.0
chr2:96686211:C>T	4	1.0
chr3:141442617:G>A	4	1.0
chr5:5306637:G>A	4	1.0
chr8:127416060:C>T	4	1.0
