mutation_id	myclone_id	myclone_ccf
chr14:106506995:->C	1	0.7707822913959061
chr7:92062411:C>G	1	0.7707822913959061
chr7:139251956:G>T	1	0.7707822913959061
chrX:3027367:G>A	1	0.7707822913959061
chr13:100532458:G>A	2	0.892301597227716
chr19:50517848:T>C	2	0.892301597227716
chr17:80188467:G>A	2	0.892301597227716
chrX:123428017:C>T	2	0.892301597227716
chr20:42102210:C>A	3	0.4226208574034662
chr1:35454478:C>G	4	0.16236071620687
chr10:93797060:C>T	4	0.16236071620687
chr21:44654335:G>C	5	-1
chr10:89417682:G>T	6	0.2680492904992628
