mutation_id	myclone_id	myclone_ccf
chr1:2487370:G>A	1	0.5260074144480682
chr9:5078360:A>G	2	0.1531549161342438
chr1:147909208:G>A	3	0.345752383640234
chr11:9789108:C>G	3	0.345752383640234
chr3:107805420:->AGGG	3	0.345752383640234
chr3:107805422:->CCGTAGG	3	0.345752383640234
chr1:150558995:C>T	4	1.0
chr12:54183684:G>C	4	1.0
chr22:37518088:G>A	4	1.0
chr3:77098129:G>A	4	1.0
chr7:34811810:T>C	4	1.0
chr14:106335078:TGTCTTTC>CCTAGGG	5	-1
