mutation_id	myclone_id	myclone_ccf
chr1:200911856:G>A	1	0.3068602363914841
chr16:1213814:G>A	1	0.3068602363914841
chr16:3738617:G>A	2	0.6765598841616819
chr4:1961074:G>A	2	0.6765598841616819
chr11:103220753:T>A	3	1
chr12:112450362:A>T	3	1
chr19:32353245:G>A	3	1
chr7:120275112:C>T	3	1
chrX:15581229:G>A	4	-1
chrY:14829853:C>T	4	-1
