mutation_id	myclone_id	myclone_ccf
chr11:30894382:G>A	1	0.7014361300075586
chr15:86554515:G>T	2	1.0
chr22:42129827:C>T	3	0.8290161797408174
chr17:69085102:C>T	3	0.8290161797408174
chr5:113085170:G>A	4	0.513043183375045
chr7:107701144:C>T	4	0.513043183375045
chr10:79292281:->ACCCCC	4	0.513043183375045
chr13:28034144:A>G	5	0.147063607245978
chr18:24366897:G>A	5	0.147063607245978
chr13:28018503:A>C	6	0.2642249487109968
chr16:1154020:C>T	6	0.2642249487109968
chr18:78992965:C>T	6	0.2642249487109968
chr2:20263397:C>T	6	0.2642249487109968
chrX:2489206:A>G	6	0.2642249487109968
chrX:92618882:G>A	6	0.2642249487109968
chr17:17215308:C>T	6	0.2642249487109968
chr17:63496984:C>T	6	0.2642249487109968
chr6:89696523:A>G	6	0.2642249487109968
chr6:160718357:G>A	6	0.2642249487109968
chr6:167022466:A>G	6	0.2642249487109968
chr1:51933374:A>G	7	0.37439274703723724
chr1:161218721:ACGGTA>-	7	0.37439274703723724
chr12:80353324:G>A	7	0.37439274703723724
chr3:25618449:G>A	7	0.37439274703723724
