mutation_id	myclone_id	myclone_ccf
chr19:1122139:G>A	1	0.2150196459325442
chr14:37739024:G>A	1	0.2150196459325442
chr17:50606231:G>A	1	0.2150196459325442
chr4:25673138:T>A	1	0.2150196459325442
chr6:57183915:G>A	1	0.2150196459325442
chr15:73739966:G>A	2	1.0
chr16:3738617:G>A	2	1.0
chr16:74889772:G>A	2	1.0
chr20:31844892:C>T	2	1.0
chr8:36845662:G>A	2	1.0
chrX:67723757:G>A	2	1.0
chrX:109475578:G>A	2	1.0
chrX:111410343:C>T	2	1.0
chr1:240813689:C>G	3	0.8505511724510927
chr10:7824402:->C	3	0.8505511724510927
chr10:72274369:C>T	3	0.8505511724510927
chr12:25225627:G>A	3	0.8505511724510927
chr13:99295846:T>G	3	0.8505511724510927
chr2:169479571:G>A	3	0.8505511724510927
chr9:110550014:C>T	3	0.8505511724510927
chrX:24055003:A>T	3	0.8505511724510927
chr11:118482071:CAGCCTCCACCAC>-	4	0.7325002604768676
chr15:28387605:A>T	5	0.4912496005035492
