mutation_id	myclone_id	myclone_ccf
chr20:64073989:->ACGGTC	1	0.3554417656984289
chr7:94618828:C>A	1	0.3554417656984289
chr1:89009042:A>G	2	0.1453494655842156
chr13:101082878:G>A	2	0.1453494655842156
chr4:47425726:C>T	2	0.1453494655842156
chr1:156945075:G>A	3	1
chr14:106506995:->TGTGGGGGGCTA	3	1
chr17:78537359:G>A	3	1
chr19:31279604:C>T	3	1
chr21:38383764:A>C	3	1
chr3:187670179:G>A	3	1
chrX:64190385:C>T	3	1
chr10:122050517:C>T	4	0.8257161615801517
chr12:92144288:->GTA	4	0.8257161615801517
chr14:69658664:->GG	4	0.8257161615801517
chr14:106714684:->CTCCGTGCCA	4	0.8257161615801517
chr19:49599686:C>T	4	0.8257161615801517
chr3:4453037:G>A	4	0.8257161615801517
chr4:41626742:C>T	4	0.8257161615801517
chr7:39951788:->C	4	0.8257161615801517
