mutation_id	myclone_id	myclone_ccf
chr17:83085070:C>T	1	0.0714589321252652
chr14:104945124:C>T	2	0.6780572298693052
chr2:144389983:T>C	2	0.6780572298693052
chr20:49482329:C>T	3	0.8956720691436907
chr3:84959626:G>A	3	0.8956720691436907
chr6:99281210:G>A	3	0.8956720691436907
chr10:97047694:C>A	3	0.8956720691436907
chr12:112450362:A>T	4	1.0
chr13:78602086:C>T	4	1.0
chr15:24678559:C>A	4	1.0
chr2:184938978:A>C	4	1.0
chr9:37015168:G>C	4	1.0
chr14:106627248:->GCCTA	5	0.5537567682540611
