mutation_id	myclone_id	myclone_ccf
chr2:221430124:G>T	1	0.2625156881885372
chr1:228216660:G>A	2	0.9581836941209152
chr9:137111729:G>A	2	0.9581836941209152
chr1:114716126:C>T	3	0.8713894807858313
chr12:53945044:C>T	3	0.8713894807858313
chr17:35766658:C>T	3	0.8713894807858313
chr11:9384684:C>T	4	0.6597763310888287
chr12:122996846:C>A	4	0.6597763310888287
chr14:24508205:AG>-	4	0.6597763310888287
chr14:71026127:G>A	4	0.6597763310888287
chr14:105863248:TAGTAGTAGTAATCACAA>CCCCCCCGCTG	4	0.6597763310888287
chr16:67883090:CC>-	4	0.6597763310888287
chr20:38213149:G>T	4	0.6597763310888287
chr3:196508296:T>C	4	0.6597763310888287
chr6:56497463:C>A	4	0.6597763310888287
chr7:112337776:T>C	4	0.6597763310888287
chr9:22451148:C>T	5	-1
chr9:22451449:C>T	5	-1
chr14:22490491:T>-	6	-1
chr9:22447114:C>T	6	-1
chr9:22447705:C>T	6	-1
chr9:22451633:C>T	6	-1
