mutation_id	myclone_id	myclone_ccf
chr18:46450730:G>T	1	0.4657666819959438
chr19:56088354:C>T	2	0.2477166748194988
chr17:39183778:G>A	3	0.6304865223420556
chr14:62069690:G>T	4	1.0
chr14:106714682:TCT>GAACCAAGGCGCTTGCGG	4	1.0
