mutation_id	myclone_id	myclone_ccf
chr12:25227337:C>T	1	1
chr12:111418367:C>A	2	0.7295918367346939
chr8:30844233:C>T	3	0.8788363171355498
chr9:37020780:A>G	3	0.8788363171355498
chr17:7315610:GAGA>-	4	0.413583732259515
chr19:15189110:G>A	4	0.413583732259515
chr5:140926992:G>A	4	0.413583732259515
chr5:170252457:C>T	4	0.413583732259515
chr10:75030209:C>T	5	0.09613854884855294
chr2:138671623:G>T	5	0.09613854884855294
chr20:32435074:G>T	5	0.09613854884855294
chr1:36806267:C>T	6	0.5896657757961938
chr11:62805327:->GGG	6	0.5896657757961938
chr12:49031897:->GGCC	6	0.5896657757961938
chr3:124841459:C>T	6	0.5896657757961938
chr3:127923414:->GGA	6	0.5896657757961938
chr6:27865416:G>C	6	0.5896657757961938
chr6:143765525:->CCC	6	0.5896657757961938
