mutation_id	myclone_id	myclone_ccf
chr5:147373193:C>T	1	0.8405888586458832
chr3:54627817:G>A	2	0.196209802491847
chr16:15036124:C>T	3	1.0
chrX:140783916:G>A	3	1.0
chr14:100381153:C>T	4	0.3581595033071038
chr11:124991497:G>A	5	-1
