mutation_id	myclone_id	myclone_ccf
chr10:85869117:G>A	1	0.1346655814433863
chr10:112294016:C>T	1	0.1346655814433863
chr5:26881505:T>A	1	0.1346655814433863
chr5:141179653:C>T	1	0.1346655814433863
chr1:150967857:A>G	2	0.3528935243115567
chr8:88327182:C>G	2	0.3528935243115567
chr5:21752178:G>A	2	0.3528935243115567
chr16:84657162:G>A	3	1.0
chr2:240465628:A>G	3	1.0
chr4:99284572:T>A	3	1.0
chr8:130951899:G>A	3	1.0
chr1:2512957:C>T	4	0.8622092107622046
chr1:215728257:A>T	4	0.8622092107622046
chr16:3729630:TTGGTGTGC>CCCGG	4	0.8622092107622046
chr17:29166051:C>T	4	0.8622092107622046
chr2:178562860:A>C	4	0.8622092107622046
chr2:209929925:C>T	4	0.8622092107622046
chr8:76854086:A>G	4	0.8622092107622046
chr8:107321909:G>C	4	0.8622092107622046
chr7:151024052:C>T	5	-1
chr5:140871328:G>A	6	0.40556468511025934
