mutation_id	myclone_id	myclone_ccf
chr2:25133403:C>A	1	1.0
chr6:33728143:G>A	1	1.0
chr1:114716123:C>T	2	0.19609121964830786
chr12:130442636:CC>-	2	0.19609121964830786
chr8:39788146:A>G	2	0.19609121964830786
chr12:174937:G>A	3	0.6334934780440974
chr13:41130550:->GGGTCTCCCC	3	0.6334934780440974
chr2:166284552:G>A	3	0.6334934780440974
chr18:56923922:G>T	3	0.6334934780440974
chr11:88567772:C>A	4	0.3333838734241154
chr2:130657271:C>T	4	0.3333838734241154
chr22:35082613:G>A	4	0.3333838734241154
chr7:66083164:C>T	4	0.3333838734241154
chrX:118608298:C>T	4	0.3333838734241154
chr6:49697859:C>T	4	0.3333838734241154
chr12:132853556:C>T	5	0.5291425455688574
chr7:4834744:G>T	5	0.5291425455688574
chr7:100591746:C>T	5	0.5291425455688574
