mutation_id	myclone_id	myclone_ccf
chr1:9720176:C>T	1	0.5817608631645371
chr1:185093078:C>T	1	0.5817608631645371
chr15:43529415:C>T	1	0.5817608631645371
chr16:4262643:G>C	2	0.8773587052531955
chr3:49661057:C>T	2	0.8773587052531955
chr9:87886369:T>C	2	0.8773587052531955
chrX:105219149:G>T	2	0.8773587052531955
