mutation_id	myclone_id	myclone_ccf
chr6:29555957:C>A	1	0.1876553438276718
chr1:24339744:C>T	2	0.9087020423565967
chr10:100354508:C>T	2	0.9087020423565967
chr11:34136722:C>T	2	0.9087020423565967
chr12:95890884:G>A	2	0.9087020423565967
chr15:63057015:C>T	2	0.9087020423565967
chr18:27992817:G>T	2	0.9087020423565967
chr4:89113606:->GG	2	0.9087020423565967
chr5:179822993:G>A	2	0.9087020423565967
chr6:157318811:C>T	2	0.9087020423565967
chr9:5078360:A>G	2	0.9087020423565967
chrX:81119814:C>T	2	0.9087020423565967
