mutation_id	myclone_id	myclone_ccf
chr11:66021602:T>A	1	1.0
chr3:47841710:G>C	2	0.0728869068357604
chr2:178632239:G>A	3	0.2295444061958158
chr8:54621252:G>C	3	0.2295444061958158
chr10:118040345:G>C	3	0.2295444061958158
chr8:86905084:G>A	4	0.771386430678466
chr1:225273040:G>A	5	0.1470536004972326
chrX:96937324:G>A	6	-1
chr14:106592654:ACAATGGCCTCCCCTCACTGTGTCTC>GGA	7	-1
