mutation_id	myclone_id	myclone_ccf
chrX:54470208:G>A	1	0.5167037861915368
chr1:215234869:C>T	1	0.5167037861915368
chr2:90005626:->CCCCCCC	1	0.5167037861915368
chr7:14701721:C>T	1	0.5167037861915368
chr1:240868614:T>C	1	0.5167037861915368
chr12:55026729:G>A	1	0.5167037861915368
chr14:106506996:->CC	1	0.5167037861915368
chr3:52362997:G>A	1	0.5167037861915368
chr4:26489263:C>T	1	0.5167037861915368
chr11:108302961:A>C	2	0.9873065015479876
chr14:106592676:->GTCTTACC	2	0.9873065015479876
chr14:77027237:TGT>-	3	0.39102564102564075
chr14:106714664:GTGGGTTTTCACACTGTGTCTCTC>CCCGT	4	0.606060606060606
chr1:81943107:G>A	5	0.35409149188444067
chr2:178566460:C>G	5	0.35409149188444067
chr2:190296925:T>C	5	0.35409149188444067
chr21:33550401:C>T	5	0.35409149188444067
chr1:6146318:C>T	6	0.1849313091898328
chr15:89649312:G>C	6	0.1849313091898328
chr18:6171900:C>G	6	0.1849313091898328
chr7:101003559:G>T	6	0.1849313091898328
chr8:143158366:C>T	6	0.1849313091898328
chr8:143726504:C>T	6	0.1849313091898328
