mutation_id	myclone_id	myclone_ccf
chr15:74180183:C>T	1	0.3332233035505671
chr2:89937508:G>A	1	0.3332233035505671
chr2:216160072:G>A	1	0.3332233035505671
chr3:93896586:C>G	1	0.3332233035505671
chr4:1961074:G>A	1	0.3332233035505671
chr14:23388208:G>A	1	0.3332233035505671
chr14:24819311:C>T	1	0.3332233035505671
chr11:108121612:T>G	2	0.18861876638799438
chr12:49549481:C>T	2	0.18861876638799438
chr12:116766896:C>G	2	0.18861876638799438
chr13:33017017:C>T	2	0.18861876638799438
chr14:87949852:G>C	2	0.18861876638799438
chr16:31427807:C>T	2	0.18861876638799438
chr2:176092964:C>G	2	0.18861876638799438
chr2:178727168:C>T	2	0.18861876638799438
chr1:86486685:G>A	3	0.9791906148121435
chr12:49796476:G>A	3	0.9791906148121435
chr12:112450395:C>T	3	0.9791906148121435
chr15:83268133:C>T	3	0.9791906148121435
chr19:34454279:A>T	3	0.9791906148121435
chr19:50790675:C>T	3	0.9791906148121435
chr19:55857912:G>A	3	0.9791906148121435
chr4:23813934:C>T	3	0.9791906148121435
chr5:140877631:C>T	3	0.9791906148121435
chr5:169883181:G>A	3	0.9791906148121435
chr6:36230441:G>A	3	0.9791906148121435
chr6:75314827:C>T	3	0.9791906148121435
chr7:48471549:C>T	3	0.9791906148121435
chr8:143727081:G>A	3	0.9791906148121435
chrX:53573833:C>T	3	0.9791906148121435
chrX:71224329:G>A	3	0.9791906148121435
chr12:122981958:C>T	4	0.7970177813983781
chr5:31299479:C>T	4	0.7970177813983781
chr5:57482622:C>T	4	0.7970177813983781
chr5:168666542:C>T	4	0.7970177813983781
chr6:53128720:C>T	4	0.7970177813983781
chr8:43013081:C>T	4	0.7970177813983781
chr8:109382505:C>T	4	0.7970177813983781
chrX:12716874:G>A	4	0.7970177813983781
chrX:21656126:G>A	4	0.7970177813983781
chrX:70926593:C>A	4	0.7970177813983781
chrX:101883699:G>A	4	0.7970177813983781
chr21:21410380:G>C	4	0.7970177813983781
chr1:6235738:G>A	5	0.5743857292696019
chr12:55247975:C>T	5	0.5743857292696019
chr17:75502628:C>T	5	0.5743857292696019
chr18:14837280:G>A	5	0.5743857292696019
chr19:55954892:C>T	5	0.5743857292696019
chr3:56641423:C>T	5	0.5743857292696019
chr7:152235817:C>A	5	0.5743857292696019
