mutation_id	myclone_id	myclone_ccf
chr20:3270486:G>A	1	0.09635267604451
chr3:328312:C>G	2	0.5058515492336778
chr7:139139931:A>T	3	0.9380340733630694
chr8:72936021:C>T	3	0.9380340733630694
chr11:1247437:C>T	4	1
chr7:98925235:G>A	4	1
