mutation_id	myclone_id	myclone_ccf
chr16:80612677:C>T	1	0.8852888613624819
chr19:19235033:G>T	1	0.8852888613624819
chr2:151513609:C>T	1	0.8852888613624819
chr12:10609902:T>C	2	0.165148716477654
chr14:24372585:C>T	2	0.165148716477654
chr2:1922871:C>T	2	0.165148716477654
chr11:117521200:G>A	3	0.2544832240768246
chr3:77580117:C>T	3	0.2544832240768246
chr1:151167365:G>T	4	0.7145844611797374
chr1:200873168:C>T	4	0.7145844611797374
chr10:133198992:G>A	4	0.7145844611797374
chr12:753608:T>A	4	0.7145844611797374
chr12:55693197:C>T	4	0.7145844611797374
chr17:4672294:T>C	4	0.7145844611797374
chr8:33597472:GCCATAAAAGTCATAGAAGC>CCCCCTTCGG	4	0.7145844611797374
chrX:154359502:T>A	4	0.7145844611797374
chr10:87713099:C>T	5	0.5134745210286205
chr11:3638781:G>A	5	0.5134745210286205
chr12:112489080:T>C	5	0.5134745210286205
chr22:46664029:G>A	5	0.5134745210286205
chrX:115646173:C>T	5	0.5134745210286205
