mutation_id	myclone_id	myclone_ccf
chr10:44293372:G>A	1	0.8332785056552813
chr12:8042698:G>A	1	0.8332785056552813
chr15:41886044:T>C	1	0.8332785056552813
chr17:8039451:GGCGCCCCCAGTGCTGCCCCTGCTG>-	1	0.8332785056552813
chr17:42217257:T>A	1	0.8332785056552813
chr9:117712671:C>A	1	0.8332785056552813
chrX:73844327:A>G	1	0.8332785056552813
chr1:22913472:C>T	2	1
chr16:89919695:T>C	2	1
chr19:52582623:T>C	2	1
chr19:55359073:C>T	2	1
chr2:90221385:CACA>-	2	1
chr20:61844676:C>T	2	1
chr5:151521789:C>T	2	1
