mutation_id	myclone_id	myclone_ccf
chrX:9894942:C>T	1	0.3090420797956094
chr1:51403440:G>A	2	1.0
chr4:84821534:C>T	2	1.0
chr11:75430152:G>A	3	0.1417615833913966
chr8:21909767:G>A	4	0.2269164125401986
chr11:73924665:C>A	5	0.7285133084785188
chr16:16214411:->GCC	5	0.7285133084785188
