mutation_id	myclone_id	myclone_ccf
chr1:114716123:C>T	1	1.0
chr12:52568256:C>T	2	0.7452882703777336
chr3:119226904:G>A	3	0.3778794178794178
chr10:97002960:G>A	4	0.15389479222105978
chr4:38829216:G>A	4	0.15389479222105978
chr19:46412228:G>A	5	0.2346438746438746
chr4:78286423:C>T	5	0.2346438746438746
