mutation_id	myclone_id	myclone_ccf
chr1:965011:G>A	1	0.9206045582352308
chr15:81136554:C>T	1	0.9206045582352308
chr16:27448801:G>A	1	0.9206045582352308
chr19:37893811:C>T	1	0.9206045582352308
chr2:178719806:C>T	1	0.9206045582352308
chr7:30872249:C>T	1	0.9206045582352308
chr8:134602017:C>T	1	0.9206045582352308
chrX:34132163:C>A	1	0.9206045582352308
chr16:71064827:C>A	2	0.7500879009258896
chr12:25245350:C>A	3	0.17090596596336302
chr5:140802493:G>A	3	0.17090596596336302
chr1:110604590:G>A	3	0.17090596596336302
chr14:32823622:G>C	3	0.17090596596336302
chr17:45983534:C>T	3	0.17090596596336302
chr6:31029203:G>T	3	0.17090596596336302
chrX:106727278:G>A	3	0.17090596596336302
chr13:28034183:->CCGAGTCTC	4	0.5299866044495042
chr7:157578092:C>T	4	0.5299866044495042
chr14:105478831:G>A	5	0.4641454545454543
chr1:201320293:G>A	6	0.34524856619890143
