mutation_id	myclone_id	myclone_ccf
chr17:76094517:C>T	1	1.0
chrX:72139185:A>G	2	0.1843881856540084
chr15:40754618:T>C	3	0.8709008427892009
chr18:62368833:G>A	3	0.8709008427892009
chr2:163611249:G>T	4	0.0864251747079309
chrX:3076582:G>A	4	0.0864251747079309
chr13:109783186:C>T	5	0.45216767289886717
chr5:128345513:G>A	5	0.45216767289886717
chr8:94432271:C>A	5	0.45216767289886717
chr20:58841963:C>T	6	0.6467433831990794
