mutation_id	myclone_id	myclone_ccf
chr19:2227026:C>T	1	0.9736357494202567
chr7:43312056:C>T	1	0.9736357494202567
chr8:58603327:G>C	1	0.9736357494202567
chr8:144547421:C>T	1	0.9736357494202567
chr9:137882746:C>T	1	0.9736357494202567
chr1:245688721:C>T	1	0.9736357494202567
chr14:104943385:G>A	1	0.9736357494202567
chr6:25850858:G>A	1	0.9736357494202567
chr1:114716127:C>T	2	0.7435790432971683
chr12:10420405:G>A	2	0.7435790432971683
chr2:225582263:C>T	2	0.7435790432971683
chr3:134547337:C>T	2	0.7435790432971683
chr22:26030912:->TCAGCCCCGGTCCCCCTTTT	3	0.5680381100074388
chr7:95486042:C>T	3	0.5680381100074388
chr14:23118590:C>T	3	0.5680381100074388
chr14:36676444:G>A	3	0.5680381100074388
chr17:66741669:G>A	3	0.5680381100074388
chr12:25225628:C>T	4	0.21378599777550686
chr3:165059058:G>A	4	0.21378599777550686
chr7:31651947:C>T	4	0.21378599777550686
chr10:121503868:G>A	4	0.21378599777550686
chr10:114218570:G>A	5	0.28671077522889016
chr18:36760717:C>T	5	0.28671077522889016
chr1:216086800:C>T	6	0.3574090984743727
