mutation_id	myclone_id	myclone_ccf
chr1:116579546:C>T	1	0.4421414229893488
chr1:182887357:G>C	1	0.4421414229893488
chr18:7926588:C>T	1	0.4421414229893488
chrX:51744809:G>A	1	0.4421414229893488
chr10:84237487:G>A	1	0.4421414229893488
chr16:55491841:C>T	2	1.0
chr7:111863517:C>G	2	1.0
chr12:20616273:C>G	3	0.828791650067301
chr12:32878395:G>A	3	0.828791650067301
chr15:29137090:C>T	3	0.828791650067301
chr19:54939589:G>A	3	0.828791650067301
chr2:188984760:C>G	3	0.828791650067301
chr3:65363487:G>A	3	0.828791650067301
chr9:74642607:C>T	3	0.828791650067301
chr6:27867269:G>C	3	0.828791650067301
chr15:54626835:G>A	4	0.7265849853519396
chr11:119277829:T>A	5	0.29952505187766787
chr12:25225627:G>A	5	0.29952505187766787
