mutation_id	myclone_id	myclone_ccf
chr1:114716123:C>A	1	0.7460947748671936
chr11:627088:C>T	1	0.7460947748671936
chr16:2295595:C>T	1	0.7460947748671936
chr5:141247571:G>A	1	0.7460947748671936
chr5:141432721:C>A	1	0.7460947748671936
chr11:19055828:A>T	2	0.6084312540826897
chr5:63960560:C>T	2	0.6084312540826897
chr5:151507225:G>A	2	0.6084312540826897
chr5:156850624:C>T	2	0.6084312540826897
chr7:38276308:ACCAGTGGTATCAC>-	2	0.6084312540826897
chr12:122781179:G>T	3	1.0
chr14:106373654:CACTGTGCCTCTC>TCGTAAG	4	-1
