mutation_id	myclone_id	myclone_ccf
chr19:15161058:C>T	1	0.6079023383768914
chr1:111981969:C>T	2	0.1932943701796654
chr10:17088169:G>C	2	0.1932943701796654
chr10:24620171:C>G	3	1.0
chr19:6424582:->GAGGGT	3	1.0
chr16:4991908:C>T	4	0.2682125443537744
chr3:73384409:C>G	4	0.2682125443537744
chr5:140822072:G>A	4	0.2682125443537744
chr7:43554643:G>A	4	0.2682125443537744
chr9:114091979:A>T	4	0.2682125443537744
chr7:138837921:C>T	5	-1
chr14:106592676:T>GTCCCC	6	-1
chr14:106506996:T>GG	7	-1
chrX:27747872:T>C	8	-1
