mutation_id	myclone_id	myclone_ccf
chr19:1806138:C>T	1	0.0917724137044805
chr8:143707409:G>A	1	0.0917724137044805
chr1:62253141:C>T	2	0.8565181332318293
chr11:1108553:C>T	2	0.8565181332318293
chr16:83217449:C>T	2	0.8565181332318293
chr3:69181684:C>T	2	0.8565181332318293
chr5:141215860:G>A	2	0.8565181332318293
chr7:44535923:G>A	2	0.8565181332318293
chr17:82830700:C>T	2	0.8565181332318293
chr1:46272753:G>A	3	0.9999999999999999
chr1:54014285:C>T	3	0.9999999999999999
chr12:49027001:G>A	3	0.9999999999999999
chr12:123916533:G>A	3	0.9999999999999999
chr19:18427898:C>T	3	0.9999999999999999
chr20:52084905:G>A	3	0.9999999999999999
chr3:48409381:A>G	3	0.9999999999999999
chr8:13393656:A>G	3	0.9999999999999999
chr17:47709285:A>G	3	0.9999999999999999
chr4:15962829:G>A	3	0.9999999999999999
chr4:105942621:G>A	3	0.9999999999999999
chr4:182800049:T>A	3	0.9999999999999999
chr10:90918971:G>A	3	0.9999999999999999
chr10:27413346:C>T	4	0.9065269686967705
