mutation_id	myclone_id	myclone_ccf
chr2:196292649:G>A	1	0.5947643818152919
chr9:5078362:A>T	1	0.5947643818152919
chr17:66496270:G>A	1	0.5947643818152919
chr11:65647007:C>T	2	1
chr15:101398458:C>T	2	1
chr5:131677838:T>A	2	1
chr16:55846576:G>A	3	0.07372443519081551
chr9:5089726:C>A	3	0.07372443519081551
chr17:18380945:C>T	4	0.8691498328791166
