mutation_id	myclone_id	myclone_ccf
chr6:22569731:T>C	1	0.5521419379843678
chr4:182793759:C>T	2	0.9739290310078167
chr6:152453608:C>T	2	0.9739290310078167
chr7:6653854:G>C	2	0.9739290310078167
chr7:154803905:G>T	2	0.9739290310078167
