mutation_id	myclone_id	myclone_ccf
chr1:40281450:G>C	1	0.2968235847663317
chr4:119027118:C>T	1	0.2968235847663317
chr6:149450920:G>C	1	0.2968235847663317
chr10:60888333:C>G	2	0.9891130066462324
chr12:57091334:G>A	2	0.9891130066462324
chr16:29841747:C>T	2	0.9891130066462324
chr19:10420789:G>A	2	0.9891130066462324
chr19:49061418:G>A	2	0.9891130066462324
chr2:77519531:T>C	2	0.9891130066462324
chr2:232545611:C>G	2	0.9891130066462324
chr3:171126091:G>T	2	0.9891130066462324
chr4:143696128:G>A	2	0.9891130066462324
chr7:27095326:G>A	2	0.9891130066462324
chr1:16206049:C>G	3	0.5113921728668761
chr1:16207148:C>G	3	0.5113921728668761
chr1:110341126:G>C	3	0.5113921728668761
chr1:173965120:T>A	3	0.5113921728668761
chr1:204228766:C>T	3	0.5113921728668761
chr10:122082969:G>A	3	0.5113921728668761
chr11:64835349:G>A	3	0.5113921728668761
chr13:35475742:G>A	3	0.5113921728668761
chr13:102740433:G>C	3	0.5113921728668761
chr15:48487429:C>A	3	0.5113921728668761
chr19:4523604:C>T	3	0.5113921728668761
chr6:26250599:G>C	4	-1
