mutation_id	myclone_id	myclone_ccf
chr6:118907455:T>C	1	0.6617392246047216
chr2:115739803:G>T	2	1.0
chr11:2407907:G>A	3	0.3170318773989096
chr17:50353689:C>G	3	0.3170318773989096
chr10:6479071:G>A	4	0.10501524853505528
chr2:23562431:G>A	4	0.10501524853505528
chr2:209995408:C>T	4	0.10501524853505528
chr22:23971570:G>A	4	0.10501524853505528
chr5:151566102:A>C	4	0.10501524853505528
chr7:23762892:C>G	4	0.10501524853505528
chr7:27108071:G>C	4	0.10501524853505528
chr7:71420943:G>A	4	0.10501524853505528
chrX:57909064:C>T	5	-1
