mutation_id	myclone_id	myclone_ccf
chr11:2699675:C>T	1	0.1216116354066762
chr3:64160008:G>A	2	0.3545691780464798
chr7:95495906:C>T	2	0.3545691780464798
chr1:34761934:G>A	3	0.5304529146154896
chr1:206902044:T>G	3	0.5304529146154896
chr14:21643349:C>T	3	0.5304529146154896
chr11:89402510:G>T	4	0.9691717713828647
chr15:23565935:G>A	4	0.9691717713828647
chr5:141247471:C>T	4	0.9691717713828647
chrX:101231690:C>T	4	0.9691717713828647
chr7:50382593:A>T	5	1.026125418621576
