mutation_id	myclone_id	myclone_ccf
chr11:113975349:G>A	1	0.8829017689085097
chr12:52447376:G>A	1	0.8829017689085097
chr13:28018505:C>G	1	0.8829017689085097
chr13:113082435:C>T	1	0.8829017689085097
chr19:56817391:C>A	1	0.8829017689085097
chr5:181130194:G>A	1	0.8829017689085097
chr7:5302875:G>A	1	0.8829017689085097
chr12:3583095:C>T	2	0.1369550444117446
chr14:71588309:C>T	2	0.1369550444117446
chr4:2337467:G>A	2	0.1369550444117446
chr1:81981909:T>C	3	0.7351302836073457
chr12:49031690:->G	3	0.7351302836073457
chr12:57209826:G>A	3	0.7351302836073457
chr5:10748254:G>A	3	0.7351302836073457
chr4:99652252:G>A	4	0.6388467579089072
chrX:136344734:C>T	4	0.6388467579089072
