mutation_id	myclone_id	myclone_ccf
chr2:178728926:C>G	1	0.339026832206367
chr1:169542118:T>C	2	0.9807842181649549
chr19:8731474:G>A	2	0.9807842181649549
chr2:151514395:G>A	2	0.9807842181649549
chr20:3854641:A>G	2	0.9807842181649549
chr1:175014736:C>A	3	0.10404383559827086
chr2:29071571:G>A	3	0.10404383559827086
chr5:154446753:G>A	3	0.10404383559827086
chr12:79832470:C>T	4	0.8572694046196631
chr3:54918772:G>A	4	0.8572694046196631
chr4:188101238:T>A	4	0.8572694046196631
chr14:104954438:G>A	5	0.5172954937492502
chr19:885791:C>T	5	0.5172954937492502
chr19:1912767:C>T	5	0.5172954937492502
chr8:38995456:C>T	5	0.5172954937492502
chr2:1791938:G>A	6	0.6990560293505045
chr5:72194705:->GGGGGG	6	0.6990560293505045
chr2:90154553:T>C	7	-1
