mutation_id	myclone_id	myclone_ccf
chr11:78805476:G>A	1	0.8291622624774287
chr19:3825233:C>T	2	0.2452876054150851
chr3:160411991:T>A	2	0.2452876054150851
chr17:37625989:G>A	2	0.2452876054150851
chr12:25225627:G>A	3	1.0
chr12:55681962:G>A	3	1.0
chr19:13138319:C>T	3	1.0
chrX:72462077:G>A	3	1.0
chrX:136347967:T>C	3	1.0
