mutation_id	myclone_id	myclone_ccf
chr6:68936590:C>T	1	0.2660029124893035
chr8:78717477:G>A	1	0.2660029124893035
chr15:92147001:G>A	2	0.1295035889523337
chr16:48105290:G>A	2	0.1295035889523337
chr1:78095046:G>A	3	0.6290830827411865
chr6:27133402:AACATTCAGGCCGTGCTACTGCCCAAA>T	3	0.6290830827411865
chr1:155318715:C>T	4	0.9329546729892841
chr18:26547178:G>A	4	0.9329546729892841
chr4:118138108:G>A	4	0.9329546729892841
chr5:132559359:G>A	4	0.9329546729892841
chr2:88861539:TTGGTCCCCTGGCCAAAACTGCACACACAATGG>CT	5	0.5297846097622256
