mutation_id	myclone_id	myclone_ccf
chr16:31362192:G>A	1	0.5548933504160006
chr16:58546672:C>T	1	0.5548933504160006
chr2:198086065:C>T	1	0.5548933504160006
chr3:195785528:G>A	1	0.5548933504160006
chr5:50399877:G>A	1	0.5548933504160006
chr8:12731806:C>T	1	0.5548933504160006
chr10:79613864:G>A	2	0.7979968187538388
chr11:56123263:G>A	2	0.7979968187538388
chr11:130416222:G>A	2	0.7979968187538388
chr12:29455372:C>T	2	0.7979968187538388
chr12:57465164:C>T	2	0.7979968187538388
chr13:72772753:C>T	2	0.7979968187538388
chr14:85623276:T>C	2	0.7979968187538388
chr15:74852138:G>T	2	0.7979968187538388
chr19:813527:G>A	2	0.7979968187538388
chr2:240786393:G>A	2	0.7979968187538388
chr21:38819730:C>T	2	0.7979968187538388
chr22:19134460:G>A	2	0.7979968187538388
chr3:142711883:C>T	2	0.7979968187538388
chr6:7579386:C>T	2	0.7979968187538388
chr7:3987268:C>T	2	0.7979968187538388
chr7:3987269:C>T	2	0.7979968187538388
chr7:156960048:C>T	2	0.7979968187538388
chr9:113321551:C>T	2	0.7979968187538388
chr1:6144065:G>A	3	0.9825316800297511
chr1:114716124:C>A	3	0.9825316800297511
chr11:5440729:C>T	3	0.9825316800297511
chr11:26525635:G>A	3	0.9825316800297511
chr12:307808:A>T	3	0.9825316800297511
chr12:14460837:C>T	3	0.9825316800297511
chr12:20733046:C>T	3	0.9825316800297511
chr12:39318097:C>T	3	0.9825316800297511
chr14:99175729:C>T	3	0.9825316800297511
chr16:64982053:C>T	3	0.9825316800297511
chr17:6120348:C>T	3	0.9825316800297511
chr17:78507458:C>T	3	0.9825316800297511
chr2:210590846:G>A	3	0.9825316800297511
chr22:18126811:C>T	3	0.9825316800297511
chr22:18126812:C>T	3	0.9825316800297511
chr3:10326812:C>T	3	0.9825316800297511
chr3:138084163:G>A	3	0.9825316800297511
chr4:143696089:G>A	3	0.9825316800297511
chr5:149833768:C>T	3	0.9825316800297511
chr5:149833769:C>T	3	0.9825316800297511
chr6:146029960:C>T	3	0.9825316800297511
chr8:30843823:C>T	3	0.9825316800297511
chr8:70069618:A>T	3	0.9825316800297511
chr9:66987222:G>A	4	0.7221803410262603
