mutation_id	myclone_id	myclone_ccf
chr12:25245350:C>T	1	0.5706492008460478
chr1:34904398:C>T	2	1
chr2:135761880:C>A	2	1
chr10:61410557:G>A	2	1
chr3:51315057:C>T	3	0.1579543313434617
chr7:29884370:G>A	3	0.1579543313434617
chr2:50620109:A>T	4	0.8559852151662004
chr2:218428023:G>A	4	0.8559852151662004
chr18:25225440:T>C	5	0.4545357411211007
