mutation_id	myclone_id	myclone_ccf
chr3:195789308:C>G	1	0.0648601502247196
chr10:37142222:T>C	2	1.0
chr14:22202611:T>C	2	1.0
chr4:51995992:C>G	2	1.0
chr1:201205244:C>A	3	0.8385484903795177
chr10:23037310:G>A	3	0.8385484903795177
chr12:15623243:G>A	3	0.8385484903795177
chr13:95936923:C>G	3	0.8385484903795177
chr19:8954632:G>T	3	0.8385484903795177
chr19:33772964:C>T	3	0.8385484903795177
chr2:113406868:CCATTCACA>GGG	3	0.8385484903795177
chr3:52403724:G>A	3	0.8385484903795177
chr6:54941776:T>A	3	0.8385484903795177
chr6:70217041:G>A	3	0.8385484903795177
chr13:98021776:->GCCCCCGCCCCC	4	0.6371657324365897
chr9:17330771:G>T	4	0.6371657324365897
chr14:106627251:->CCTCGGGACCG	5	-1
