mutation_id	myclone_id	myclone_ccf
chr1:2028090:C>T	1	0.8644852766722141
chr13:35668408:G>A	1	0.8644852766722141
chr2:236377137:G>A	1	0.8644852766722141
chr5:40798167:C>T	1	0.8644852766722141
chr5:127331396:G>C	1	0.8644852766722141
chr9:131009501:G>T	1	0.8644852766722141
chrX:27980551:C>T	1	0.8644852766722141
chrX:50388530:G>C	1	0.8644852766722141
chr1:158547397:G>C	2	1
chr11:17372361:C>G	2	1
chr12:57750987:G>T	2	1
chr13:32337414:C>G	2	1
chr19:1986500:G>C	2	1
chr19:22315688:A>C	2	1
chr2:240464927:C>A	2	1
chr20:57202599:G>T	2	1
chr22:24855356:G>A	2	1
chr6:87530826:T>A	2	1
chr6:102055437:G>A	2	1
