mutation_id	myclone_id	myclone_ccf
chr10:86662419:C>T	1	0.6288240182601442
chr12:94400958:T>G	2	1.0
chr17:28610528:C>T	2	1.0
chr17:7042237:G>A	3	0.18190979904459986
chr17:45405041:G>A	3	0.18190979904459986
chr4:98478757:G>A	3	0.18190979904459986
chr6:26124545:C>T	3	0.18190979904459986
chr7:55202601:G>A	3	0.18190979904459986
chrX:154364880:A>C	4	-1
