mutation_id	myclone_id	myclone_ccf
chr18:22200723:C>T	1	0.8347735914275838
chr9:135547961:G>A	2	1.0
chr19:16525655:G>A	3	0.4267161410018552
chr6:34133244:C>A	4	0.3480381483923396
chr8:87873164:C>A	4	0.3480381483923396
chr1:13370720:C>G	5	0.23374290713744467
chr15:43522950:C>T	5	0.23374290713744467
chr2:89986702:TCCCACAGTGCTACAGCCCTGAGCACAAACCTCTCTGCTTGA>CCCTCTCGCCCTGAACAAAAACCTCCCGCTGG	5	0.23374290713744467
chr21:34880652:T>C	5	0.23374290713744467
chr17:7673775:C>G	5	0.23374290713744467
chr11:55811685:C>A	6	0.09851163045665985
chr16:21125354:C>T	6	0.09851163045665985
chr18:3879507:G>A	6	0.09851163045665985
chr7:64266725:C>T	6	0.09851163045665985
chr8:85661525:G>A	6	0.09851163045665985
chr2:196319521:GTCTTG>C	7	0.5031599416626154
