mutation_id	myclone_id	myclone_ccf
chr20:51523757:G>A	1	0.0750380253975312
chr20:58854588:C>T	2	0.2887936781248094
chrX:86739841:C>T	2	0.2887936781248094
chr14:56647379:G>T	3	0.1892916974689792
chr11:431881:G>A	4	1.0
chr12:25245350:C>T	4	1.0
chr20:49233649:C>T	4	1.0
chr4:1961074:G>A	4	1.0
chr7:50400598:C>T	4	1.0
chr7:138721904:C>T	4	1.0
chr6:30897116:C>T	4	1.0
chr6:135197319:C>T	4	1.0
chr2:184866512:G>T	5	0.8453971977161399
chr7:50755924:C>-	5	0.8453971977161399
