mutation_id	myclone_id	myclone_ccf
chr19:55593334:C>T	1	0.344079968580451
chr16:3736790:A>C	2	0.2542526238158398
chrX:115190856:A>T	2	0.2542526238158398
chr14:21092918:C>T	2	0.2542526238158398
chr1:114716126:C>T	3	0.9660812277679053
chr1:185222006:A>G	3	0.9660812277679053
chr2:222918087:C>T	3	0.9660812277679053
chr14:34802966:T>C	3	0.9660812277679053
chr4:2931843:T>CCGCTA	3	0.9660812277679053
chr6:43338652:T>A	3	0.9660812277679053
chr19:3936664:A>T	4	0.1448049609647582
chr5:13810166:C>T	4	0.1448049609647582
chr5:140795230:G>A	4	0.1448049609647582
chr7:139542066:C>T	5	0.550878158348142
