mutation_id	myclone_id	myclone_ccf
chr17:3216497:C>T	1	0.8778533721883256
chr2:119587135:C>T	1	0.8778533721883256
chrX:107642477:G>A	1	0.8778533721883256
chr12:138572:C>T	2	1
chr19:55911813:G>A	2	1
chr9:14859297:C>T	2	1
chr13:28018492:T>C	3	0.1067958722822864
chr4:2081642:C>T	3	0.1067958722822864
chr1:114716123:C>T	4	0.7121788746468345
chr16:67626578:T>C	4	0.7121788746468345
chr10:114162808:TT>-	4	0.7121788746468345
chr10:112413277:G>A	5	0.24775185048957268
chr1:240806179:G>A	6	0.9441453834152983
