mutation_id	myclone_id	myclone_ccf
chr9:5921023:G>C	1	0.1845239559836483
chrX:132072971:C>T	1	0.1845239559836483
chr12:112450406:G>A	2	0.8522768043379164
chr19:1796796:G>A	2	0.8522768043379164
chr1:190098882:G>A	3	0.9999999999999999
chr7:155071588:G>A	3	0.9999999999999999
chr8:28527370:T>G	3	0.9999999999999999
chrX:131081813:G>C	3	0.9999999999999999
chr17:11555807:G>A	3	0.9999999999999999
chr2:209692971:C>T	4	0.7505280083136704
chr6:39613235:G>T	4	0.7505280083136704
chr16:14865082:G>A	5	0.498907040443742
