mutation_id	myclone_id	myclone_ccf
chr1:152305051:C>T	1	0.9999999999999999
chr6:54124586:C>T	1	0.9999999999999999
chr1:169470056:A>G	2	0.6436432814208306
chr16:70474964:G>A	2	0.6436432814208306
chr17:35139959:G>T	2	0.6436432814208306
chr22:31897498:G>A	2	0.6436432814208306
chr3:100646683:C>T	2	0.6436432814208306
chr8:108455872:G>T	2	0.6436432814208306
chr1:114709582:G>A	3	0.10937525089336908
chr11:123061294:G>A	3	0.10937525089336908
chr12:830040:G>A	3	0.10937525089336908
chr4:24576290:G>C	3	0.10937525089336908
chr4:47572976:C>G	3	0.10937525089336908
chr12:11839182:->A	4	0.800449962891499
chr18:79410781:C>T	4	0.800449962891499
chr19:47682119:C>T	4	0.800449962891499
chr6:7580680:G>A	4	0.800449962891499
chrX:64190839:C>G	4	0.800449962891499
chrX:101840498:C>A	4	0.800449962891499
chr13:23332969:C>T	5	0.21036836176244672
chr13:38690578:G>A	5	0.21036836176244672
chr2:127428793:C>T	5	0.21036836176244672
chrX:78273111:G>A	5	0.21036836176244672
chr2:89099879:G>T	6	-1
