mutation_id	myclone_id	myclone_ccf
chr15:33816956:G>A	1	1.0
chr15:83284586:G>A	1	1.0
chr16:2317385:C>T	1	1.0
chr1:33306873:C>G	2	0.7734413601786452
chr12:23846060:C>T	2	0.7734413601786452
chr19:55196639:C>A	2	0.7734413601786452
chr9:135487699:C>T	2	0.7734413601786452
chr10:133198356:C>T	2	0.7734413601786452
chr2:165127724:G>A	2	0.7734413601786452
chr2:219419012:C>T	2	0.7734413601786452
chr2:241750176:G>A	2	0.7734413601786452
chr6:158536812:G>A	2	0.7734413601786452
chr6:167157252:C>T	2	0.7734413601786452
chr1:155660599:A>C	3	0.6155649703457712
chr1:237784252:C>T	3	0.6155649703457712
chr12:56934012:C>T	3	0.6155649703457712
chr16:67616807:C>T	3	0.6155649703457712
chr17:76391134:G>A	3	0.6155649703457712
chr3:42794235:C>T	3	0.6155649703457712
chr5:16671526:C>T	3	0.6155649703457712
chr21:30881473:G>A	3	0.6155649703457712
chr13:28034205:A>T	4	0.3508511297860699
chr15:32167967:G>A	4	0.3508511297860699
chr11:92809887:G>A	5	0.15594148214053993
chr3:57507811:T>C	5	0.15594148214053993
chr7:45721826:C>T	5	0.15594148214053993
chrX:70445324:A>G	5	0.15594148214053993
chr10:116879887:C>T	5	0.15594148214053993
chr18:47248899:C>T	5	0.15594148214053993
chr2:240030377:G>C	5	0.15594148214053993
chr6:31810441:C>T	5	0.15594148214053993
chr10:104193965:G>A	6	0.09056895444993895
chr18:55279629:->GGAGG	6	0.09056895444993895
