mutation_id	myclone_id	myclone_ccf
chr1:159928838:G>A	1	0.0988594906633202
chr5:17632320:G>A	1	0.0988594906633202
chr19:17656046:G>A	2	1.0
chr7:1745789:G>T	2	1.0
chr9:14722487:G>T	2	1.0
chrX:72139068:C>A	2	1.0
chr1:200873503:G>A	3	0.8637551460510039
chr19:11148033:T>C	3	0.8637551460510039
chr19:55265371:C>T	3	0.8637551460510039
chr2:28994845:G>A	3	0.8637551460510039
chr4:168924963:C>T	3	0.8637551460510039
chr14:60150110:C>T	3	0.8637551460510039
chr16:49281381:C>T	3	0.8637551460510039
chr17:47284622:G>T	3	0.8637551460510039
chr5:141854223:C>T	3	0.8637551460510039
chr6:31728188:->GCAGCCC	3	0.8637551460510039
chr6:68993788:G>A	3	0.8637551460510039
chr1:108226817:G>A	4	0.4495004781416856
chr1:179108402:C>A	4	0.4495004781416856
chr1:179108888:C>G	4	0.4495004781416856
chr1:179108650:C>T	5	0.5372156202438807
chr19:41124745:G>A	5	0.5372156202438807
chr11:102797283:C>T	5	0.5372156202438807
chr12:11752556:->GAATAATTGAATAATG	5	0.5372156202438807
chr3:170486280:G>A	6	0.7265606494132786
chr7:101034725:A>G	6	0.7265606494132786
