mutation_id	myclone_id	myclone_ccf
chr10:49614381:G>A	1	0.9265201558932172
chr11:6217511:G>A	1	0.9265201558932172
chr14:21634648:G>T	1	0.9265201558932172
chr19:4945943:->G	1	0.9265201558932172
chr22:44296732:G>A	1	0.9265201558932172
chrX:85270705:G>T	1	0.9265201558932172
chr5:44305189:C>T	2	0.1823473994496876
chr15:81002305:G>C	3	0.0856499692987957
chr17:76002544:C>T	3	0.0856499692987957
chr10:27397957:G>C	4	0.6055319196119611
chr12:40293573:G>A	4	0.6055319196119611
chr13:50013039:->A	4	0.6055319196119611
chr14:106592676:->CTCCCCCC	4	0.6055319196119611
chr6:73414054:G>A	4	0.6055319196119611
chr1:152309548:C>T	5	0.3429776527707652
chr20:2339938:G>A	5	0.3429776527707652
chr7:1540205:C>T	5	0.3429776527707652
chr9:136846817:C>T	5	0.3429776527707652
chr10:31854102:C>T	6	0.8350007049561452
chr10:51153303:G>C	6	0.8350007049561452
chr11:62825317:T>C	6	0.8350007049561452
chr14:20459235:G>-	6	0.8350007049561452
chr19:8903176:G>T	6	0.8350007049561452
chr2:43852363:G>A	6	0.8350007049561452
chr2:140514710:T>C	6	0.8350007049561452
chr2:185799990:G>A	6	0.8350007049561452
chr5:72198625:G>C	6	0.8350007049561452
