mutation_id	myclone_id	myclone_ccf
chr22:28796137:C>G	1	0.41513470965452604
chr9:12702423:C>T	1	0.41513470965452604
chr5:141189222:C>T	2	0.661890448150746
chr22:28796097:->A	3	0.2843418380619648
chr6:81752596:C>A	3	0.2843418380619648
chr1:44138928:C>T	4	0.9999999999999998
chr10:62655434:C>A	4	0.9999999999999998
chr12:81754143:A>T	4	0.9999999999999998
chr16:1346486:G>A	4	0.9999999999999998
chr20:51674193:T>C	4	0.9999999999999998
chr1:46010872:G>A	5	0.19410140097174422
chr10:49612199:G>T	5	0.19410140097174422
chr17:63895483:G>A	5	0.19410140097174422
chr19:52451425:G>A	5	0.19410140097174422
chr3:64681272:G>T	5	0.19410140097174422
chr5:141194456:C>T	5	0.19410140097174422
chr10:106776634:C>A	6	0.08527416152535701
chr11:55839211:G>A	6	0.08527416152535701
chr17:59353465:G>A	6	0.08527416152535701
chr19:2207671:C>A	7	-1
chr21:39511772:C>G	8	-1
