mutation_id	myclone_id	myclone_ccf
chr8:132180181:G>T	1	0.4081891024304832
chr11:113986773:G>A	2	1.0
chr8:120575165:G>T	2	1.0
chr19:7612778:G>A	3	0.1454685880890108
chr7:99662824:G>A	3	0.1454685880890108
chr12:11885963:C>T	4	0.7743559876571925
chr6:63680121:A>C	4	0.7743559876571925
chr19:48334105:G>A	5	0.0810210512379186
chr14:106627249:T>GCCA	6	-1
chrX:84469112:G>A	7	-1
