mutation_id	myclone_id	myclone_ccf
chrX:119574718:A>G	1	0.1641032542468014
chr13:41193565:C>T	2	0.4153753338677104
chr15:55546742:C>G	3	0.2483097725875844
chr6:146726104:C>T	4	1.0
chr7:154669371:G>T	4	1.0
chr14:100883240:C>T	5	0.55804069508261
chr19:38448398:C>T	5	0.55804069508261
chr2:201704552:C>T	5	0.55804069508261
chrX:70405833:A>G	5	0.55804069508261
chrX:119583160:G>C	5	0.55804069508261
