mutation_id	myclone_id	myclone_ccf
chr7:108107763:C>T	1	0.105570109737628
chr19:7126616:G>A	2	0.347955701418704
chr3:47116708:A>T	2	0.347955701418704
chr2:49922142:G>A	3	0.8755970843105706
chr3:97880077:T>C	3	0.8755970843105706
chr4:68337044:G>C	3	0.8755970843105706
chr4:69727129:C>T	3	0.8755970843105706
chr7:92079673:G>C	3	0.8755970843105706
chr7:92079951:G>C	3	0.8755970843105706
chr7:142797456:C>GG	3	0.8755970843105706
chr9:8636723:C>G	3	0.8755970843105706
chrX:70146712:C>T	3	0.8755970843105706
chrX:132958350:G>T	3	0.8755970843105706
chr14:106537809:->TGGGA	4	0.46367020902134404
chr7:103540415:C>T	4	0.46367020902134404
chr10:120903184:C>T	5	1.0
chr2:74531909:C>T	5	1.0
chr3:48575513:G>A	5	1.0
chr6:25779091:C>A	5	1.0
chrX:108735948:C>T	5	1.0
chr14:106116634:->TGGGA	6	-1
chr14:106714683:->TTCTCCCAGGGACT	7	-1
