mutation_id	myclone_id	myclone_ccf
chr1:11648757:G>A	1	0.5826731120000488
chr11:72838837:C>T	2	0.8042464578282119
chr3:89407358:G>A	2	0.8042464578282119
chr17:75564399:G>A	3	0.6791624625952566
chr4:8587131:C>T	3	0.6791624625952566
chr17:19742123:C>T	4	0.9999999999999999
chr9:127825357:C>T	4	0.9999999999999999
chr1:36859884:G>T	5	0.11827046452365148
chr10:71690566:C>T	5	0.11827046452365148
chr17:10526974:A>G	5	0.11827046452365148
chr18:36501938:T>G	5	0.11827046452365148
chr4:84751677:C>T	5	0.11827046452365148
chr4:143697943:G>A	5	0.11827046452365148
chr14:93622171:C>T	6	0.19694305240262086
chr19:44748979:C>T	6	0.19694305240262086
chr4:55107852:C>A	6	0.19694305240262086
chrX:37009149:C>T	7	-1
chr12:21378396:G>A	8	-1
