mutation_id	myclone_id	myclone_ccf
chr13:32770660:->TC	1	0.8044414050816284
chr2:177898096:G>A	2	0.9835043552199783
chr22:22899605:CTGTGTCACAGTGTGTGGTATTCGGCGGAGGG>ATTCCCTCGGA	2	0.9835043552199783
chr7:48245927:C>G	2	0.9835043552199783
chr9:114638617:G>A	2	0.9835043552199783
