mutation_id	myclone_id	myclone_ccf
chr11:13010526:C>T	1	0.10497412662974616
chr11:62525983:C>T	1	0.10497412662974616
chr2:214809547:C>T	1	0.10497412662974616
chr5:141184686:G>T	1	0.10497412662974616
chr14:94008679:C>T	1	0.10497412662974616
chr2:97576440:A>-	2	0.2887820512820512
chr1:117092816:G>A	3	0.9033267881188058
chr12:103796986:G>A	3	0.9033267881188058
chr16:71850767:G>A	3	0.9033267881188058
chr17:7426397:C>T	3	0.9033267881188058
chr18:80160579:G>A	3	0.9033267881188058
chr10:132857718:G>T	4	0.8410562505637542
