mutation_id	myclone_id	myclone_ccf
chr12:112488466:C>T	1	1
chr14:103749838:G>A	2	0.6760144977483309
chr15:57438649:G>A	2	0.6760144977483309
chr6:160079776:G>A	2	0.6760144977483309
chr12:79845351:C>T	3	0.3777167245065957
chr14:106627254:->AG	3	0.3777167245065957
chr3:132671030:C>T	3	0.3777167245065957
chr11:92883343:G>A	4	0.8757218769913102
chr16:87420690:G>C	4	0.8757218769913102
chr5:161865724:G>A	4	0.8757218769913102
chr1:114716124:C>G	5	0.19619200629076347
chr11:66701063:G>A	5	0.19619200629076347
chr12:25245350:C>T	5	0.19619200629076347
chr14:22207889:G>A	5	0.19619200629076347
chr14:34826063:G>C	5	0.19619200629076347
chr19:11903910:A>T	5	0.19619200629076347
chr6:37654817:C>T	5	0.19619200629076347
chrX:108191436:G>T	5	0.19619200629076347
chr14:22423042:->CCCCGAGATGTCGCTTT	6	-1
