mutation_id	myclone_id	myclone_ccf
chr2:15275792:C>T	1	1.0
chr15:49328046:G>C	2	0.5777568694852715
chr18:78993129:A>G	2	0.5777568694852715
chr5:13901301:T>G	2	0.5777568694852715
chrX:141907076:T>C	3	-1
