mutation_id	myclone_id	myclone_ccf
chr1:152827779:G>A	1	0.4399548764229308
chr17:31219026:G>T	2	0.5784399649430324
chr3:100820270:C>T	3	0.0814073193685353
chr5:73909784:C>T	3	0.0814073193685353
chr1:208038406:C>T	4	0.9904374800517551
chr2:90005629:->CC	4	0.9904374800517551
chr2:124417473:G>A	4	0.9904374800517551
chr22:30449133:C>T	4	0.9904374800517551
chr6:43283459:G>A	4	0.9904374800517551
chrX:41166110:C>T	4	0.9904374800517551
chr16:11514416:T>C	5	0.18229440139350173
chr19:10759810:A>T	5	0.18229440139350173
chr4:150828426:G>A	5	0.18229440139350173
chr6:157206917:C>T	5	0.18229440139350173
chr1:201003696:G>A	6	0.7896688513799314
chr15:92978341:->TCC	6	0.7896688513799314
chr16:1079571:G>A	6	0.7896688513799314
chr2:25161540:C>T	6	0.7896688513799314
chrX:49064600:C>T	6	0.7896688513799314
