mutation_id	myclone_id	myclone_ccf
chr1:112448973:G>A	1	0.9154567926956603
chr11:113418063:G>A	1	0.9154567926956603
chr22:22376502:TTCTCACAGT>CTTACAG	1	0.9154567926956603
chr3:135154224:C>T	1	0.9154567926956603
chr4:5988395:A>T	1	0.9154567926956603
chr11:36575723:TTCTAC>-	2	0.5474370512965855
chr8:52661098:C>T	2	0.5474370512965855
chr15:51394844:G>A	3	1
chr17:28524632:G>A	3	1
chr17:64504223:A>C	3	1
chr19:8589522:G>A	3	1
chr20:56536195:A>G	3	1
chr7:158316838:C>T	3	1
chr10:122488998:G>A	4	1.059891201290085
chr14:106627250:C>-	5	-1
