mutation_id	myclone_id	myclone_ccf
chr10:1015783:C>T	1	1.0
chr5:65785779:A>G	1	1.0
chr8:138679633:C>A	1	1.0
chr1:108898077:->CCCC	2	0.3077367841597905
chr10:70752197:G>A	2	0.3077367841597905
chr12:101697924:G>C	2	0.3077367841597905
chr15:62762399:C>A	2	0.3077367841597905
chr17:3876290:G>A	2	0.3077367841597905
chr19:7626218:C>T	2	0.3077367841597905
chr19:32353601:T>C	2	0.3077367841597905
chr6:75115829:G>A	2	0.3077367841597905
chr9:104605344:G>A	2	0.3077367841597905
chr1:190098838:T>C	3	0.128216893225298
chr12:38767701:T>C	3	0.128216893225298
chr2:196001858:C>A	3	0.128216893225298
chr2:199760826:C>T	3	0.128216893225298
chr4:105823262:T>G	3	0.128216893225298
chr5:137892490:G>A	3	0.128216893225298
chrX:111401227:C>A	3	0.128216893225298
chr19:45872856:C>T	4	0.2103207542503922
chr1:24514445:G>A	5	0.5208165504727611
chr1:98698834:C>T	5	0.5208165504727611
chr15:62781193:G>A	5	0.5208165504727611
chr2:178608674:C>G	5	0.5208165504727611
chr3:97873973:G>A	5	0.5208165504727611
chr5:73753029:G>A	5	0.5208165504727611
chr7:78501644:C>A	5	0.5208165504727611
chr13:113735282:C>T	6	-1
chr12:7487963:T>C	7	-1
