mutation_id	myclone_id	myclone_ccf
chr10:102139098:AGG>-	1	0.1156546893240634
chr12:49024891:CA>TCCGGGAGGGGAACGG	2	0.4384710749099108
chr12:88160213:T>C	3	1.0
chr2:144389983:T>C	3	1.0
chr2:210654082:G>A	3	1.0
chr3:183790980:G>C	3	1.0
chr6:36916477:G>A	3	1.0
