mutation_id	myclone_id	myclone_ccf
chr19:30445224:C>T	1	0.2686804404239592
chr2:47833008:TAAA>-	2	0.3708024736464351
chr20:63533645:C>T	2	0.3708024736464351
chr11:40115410:G>T	3	0.810895677074322
chr17:64496860:T>C	3	0.810895677074322
chr3:74424864:G>T	3	0.810895677074322
chr6:167951187:G>A	3	0.810895677074322
chr7:100773365:A>G	3	0.810895677074322
chr10:97901633:C>T	4	1.0
chr22:22162681:->AGC	4	1.0
chr3:141066497:G>A	4	1.0
chr3:189971899:C>T	4	1.0
