mutation_id	myclone_id	myclone_ccf
chr8:85663096:G>A	1	0.2051841750248206
chr14:73251707:G>A	1	0.2051841750248206
chr6:31829610:G>A	1	0.2051841750248206
chrX:100296748:C>T	1	0.2051841750248206
chrX:107603063:G>A	1	0.2051841750248206
chrX:138857661:G>-	1	0.2051841750248206
chr10:20001931:G>T	1	0.2051841750248206
chrX:101841952:C>T	1	0.2051841750248206
chr1:28594025:G>A	2	1.0
chr1:114716127:C>T	2	1.0
chr21:40312191:G>A	2	1.0
chr21:41801671:C>T	2	1.0
