mutation_id	myclone_id	myclone_ccf
chr13:45783811:G>A	1	1.0
chr20:45841157:G>T	1	1.0
chr10:99886373:C>A	1	1.0
chr4:99142686:C>T	1	1.0
chr13:95641637:G>A	2	0.5556553851688204
chr15:45167972:->AG	2	0.5556553851688204
chr22:21962879:G>A	2	0.5556553851688204
chr22:50289572:C>T	2	0.5556553851688204
chr11:92857226:C>T	2	0.5556553851688204
chr11:133919883:C>T	2	0.5556553851688204
chr14:71588177:C>A	2	0.5556553851688204
chr12:25245347:C>T	3	0.4292038818021565
chr5:141360660:C>T	3	0.4292038818021565
chr11:2583544:C>T	3	0.4292038818021565
chr12:64142556:G>A	4	0.2885530390952789
chr13:28018492:T>G	4	0.2885530390952789
chr16:1210635:C>T	4	0.2885530390952789
chr16:1456130:G>A	4	0.2885530390952789
chr17:11821984:A>G	4	0.2885530390952789
chr17:13496656:C>T	4	0.2885530390952789
chrX:19459995:C>T	4	0.2885530390952789
chr21:30166232:G>A	4	0.2885530390952789
chr8:41308754:C>T	5	0.1116588465550951
chrX:131275726:G>A	5	0.1116588465550951
chr11:103220004:TGA>-	5	0.1116588465550951
chr18:58611786:G>A	6	0.23340181338398583
