mutation_id	myclone_id	myclone_ccf
chr10:97370520:TT>-	1	0.21342693439823585
chr15:88857572:G>T	1	0.21342693439823585
chr20:34741115:G>A	1	0.21342693439823585
chr20:46502406:G>A	1	0.21342693439823585
chr3:13819251:C>T	1	0.21342693439823585
chr3:167627252:T>C	1	0.21342693439823585
chr5:55859539:G>T	1	0.21342693439823585
chr6:70491048:G>C	1	0.21342693439823585
chr7:37907596:G>T	1	0.21342693439823585
chr9:114307750:C>T	1	0.21342693439823585
chr15:90999703:G>A	2	1.0
chr19:40014724:C>A	2	1.0
chr20:19696831:A>C	2	1.0
chr1:52334765:G>T	3	0.10932434794118977
chr1:107057528:G>A	3	0.10932434794118977
chr1:247966196:G>A	3	0.10932434794118977
chr10:125841771:T>G	3	0.10932434794118977
chr12:25225714:T>C	3	0.10932434794118977
chr14:34792864:A>G	3	0.10932434794118977
chr15:55546459:T>A	3	0.10932434794118977
chr21:10605467:G>A	3	0.10932434794118977
chr3:187698879:G>A	3	0.10932434794118977
chr7:94910499:C>G	3	0.10932434794118977
chr8:90980365:G>T	3	0.10932434794118977
chr9:135624612:C>T	3	0.10932434794118977
chr1:34197583:C>T	4	0.382581479506764
chr1:152307321:T>A	4	0.382581479506764
chr9:137019277:G>A	4	0.382581479506764
chrX:2490227:G>A	4	0.382581479506764
chr2:186600379:G>T	4	0.382581479506764
chr10:98387216:G>A	5	0.8587597947189469
chr10:113908475:TACAAA>CT	5	0.8587597947189469
chr16:9768909:C>T	5	0.8587597947189469
chr17:34629172:C>T	5	0.8587597947189469
chr6:168307583:G>A	5	0.8587597947189469
chr7:13931667:G>A	5	0.8587597947189469
chr8:108449897:G>T	5	0.8587597947189469
