mutation_id	myclone_id	myclone_ccf
chr16:84222376:C>T	1	0.060858443399919
chr1:114716126:C>T	2	0.4270381112965336
chr10:69248449:G>T	3	1
chr10:89439072:G>T	3	1
chr12:10506621:T>A	3	1
chr15:37093724:C>T	3	1
chr3:47056874:T>C	3	1
chr1:43420256:C>T	4	0.20152433662350344
chr10:100296134:G>A	4	0.20152433662350344
chr12:25245350:C>G	4	0.20152433662350344
chr2:219477781:G>A	4	0.20152433662350344
chr1:160419580:C>T	5	0.8623927915617999
chr17:43529895:T>C	5	0.8623927915617999
chr2:32250507:G>A	5	0.8623927915617999
chr2:178733116:C>T	5	0.8623927915617999
chr2:219542078:C>-	5	0.8623927915617999
chr5:173989348:G>A	5	0.8623927915617999
chr6:70271660:G>T	5	0.8623927915617999
chr7:31095682:G>A	5	0.8623927915617999
chr15:41696073:->G	6	0.93
