mutation_id	myclone_id	myclone_ccf
chr16:3738617:G>A	1	0.559247980934728
chr3:12817645:G>T	2	1.0
chr1:114716123:C>T	3	0.428632175761871
chr3:49652477:G>A	4	0.1387951807228914
chr12:102475755:C>T	5	-1
chr5:151531909:G>T	5	-1
chr12:44607216:T>A	6	-1
chr4:163472253:G>T	6	-1
chrX:91877636:T>A	7	0.2560559351660573
