mutation_id	myclone_id	myclone_ccf
chr19:49003313:C>T	1	1
chr10:132202732:C>T	1	1
chr17:7673775:C>A	1	1
chr17:72124155:C>T	1	1
chr9:124469274:C>T	1	1
chr22:22162681:A>CTCAAC	2	0.8265665696338288
chr2:73424647:G>A	3	0.1260005260743544
chr7:64219858:C>T	3	0.1260005260743544
chr8:127738450:CTAGCCGCCGCTCCGGGCTCT>TTG	4	0.6847369355506896
chr21:38383755:T>G	4	0.6847369355506896
