mutation_id	myclone_id	myclone_ccf
chr1:228378734:G>A	1	0.44057766153926653
chr22:50745144:C>T	1	0.44057766153926653
chr3:51227410:G>T	1	0.44057766153926653
chr6:142772924:G>A	1	0.44057766153926653
chr15:92444754:C>T	2	0.20008935526109928
chr19:37890099:T>C	2	0.20008935526109928
chr4:24576259:G>T	2	0.20008935526109928
chr4:90308782:A>G	2	0.20008935526109928
chr1:117021735:T>A	3	0.8313430278645105
chr11:134332076:C>A	3	0.8313430278645105
chr12:33426177:C>T	3	0.8313430278645105
chr12:70892690:C>T	3	0.8313430278645105
chr12:121817872:C>T	3	0.8313430278645105
chr14:106714657:TCAGGATGTGGGTTTTCACACTGTGTCTCTCGCACAGTAATA>-	3	0.8313430278645105
chr15:29108345:C>T	3	0.8313430278645105
chr15:70669307:G>A	3	0.8313430278645105
chr2:185794726:T>A	3	0.8313430278645105
chr20:46010060:G>C	3	0.8313430278645105
chr16:1946984:C>T	4	1
chr18:36594848:C>T	4	1
chr20:62006563:G>A	4	1
chr4:134200831:A>G	4	1
chr6:75313701:G>A	4	1
chr7:92469148:C>T	4	1
chrX:44542815:G>A	5	-1
chr14:106129540:TCT>GGGGGTGATAG	6	-1
