mutation_id	myclone_id	myclone_ccf
chr3:382649:C>T	1	0.0824435249425182
chr1:155030527:G>T	2	0.8651097211175737
chr4:117084565:C>A	2	0.8651097211175737
chr6:169248887:C>T	2	0.8651097211175737
chr1:2194058:C>T	3	1
chr12:4739314:G>T	3	1
chr19:11236860:C>T	3	1
chr3:78717804:A>G	3	1
chr3:89341795:C>T	3	1
chr9:104861755:C>T	3	1
chr9:135784569:G>A	3	1
chr7:148811696:C>T	4	-1
