mutation_id	myclone_id	myclone_ccf
chr14:106578742:TGT>GGTTGG	1	0.8986486486486486
chr12:52493031:C>A	1	0.8986486486486486
chr5:140697038:G>T	1	0.8986486486486486
chr5:140928342:C>A	1	0.8986486486486486
chr1:152911202:C>A	1	0.8986486486486486
chr11:65405001:G>A	1	0.8986486486486486
chr14:21665714:T>C	1	0.8986486486486486
chr2:206309995:G>T	1	0.8986486486486486
chr3:15426503:A>G	1	0.8986486486486486
chr6:33315382:G>A	1	0.8986486486486486
chrX:136024455:A>T	1	0.8986486486486486
chrX:18177597:G>A	2	-1
chr17:21198801:C>G	3	0.5321353498149075
chr5:140795547:G>A	3	0.5321353498149075
