mutation_id	myclone_id	myclone_ccf
chr12:25066473:A>G	1	0.13721943059910488
chr16:67620812:A>G	1	0.13721943059910488
chrX:47226022:G>A	1	0.13721943059910488
chr11:47358852:CCAGGCAGGAGCCCA>GGGAGCCCAGC	2	0.26697087960128485
chr15:84840601:C>T	2	0.26697087960128485
chr22:38636572:G>T	2	0.26697087960128485
chr10:12089175:G>A	3	0.378436104427486
chr15:74750038:G>A	3	0.378436104427486
chr16:766796:C>T	3	0.378436104427486
chr17:63411592:G>A	3	0.378436104427486
chr4:1961074:G>A	3	0.378436104427486
chr12:13563340:G>A	4	1
chr17:16690630:G>A	4	1
chr22:50467681:->TCTACCT	4	1
