mutation_id	myclone_id	myclone_ccf
chrX:77574324:G>A	1	0.9572649572649572
chrX:77574325:T>C	1	0.9572649572649572
chr20:38488617:AAGT>-	2	0.7528903356156695
chrX:53210725:->T	2	0.7528903356156695
chr13:77068681:T>C	3	0.4432717678100262
chr20:38750142:A>C	4	0.0927152317880794
chr7:148814092:G>A	5	0.3733333333333332
chr11:722762:C>T	6	0.025362026669795368
chr11:7509556:C>T	6	0.025362026669795368
chr11:19946428:G>A	6	0.025362026669795368
chr12:26476911:C>A	6	0.025362026669795368
chr19:1020913:G>T	6	0.025362026669795368
chr19:3590533:A>T	6	0.025362026669795368
chr19:51480517:C>G	6	0.025362026669795368
chr4:15962908:G>C	6	0.025362026669795368
chr5:13864554:C>A	6	0.025362026669795368
chr6:139135455:G>A	6	0.025362026669795368
chr1:39966878:C>T	7	0.1601823246357469
chr12:25245350:C>T	7	0.1601823246357469
chr15:98969437:C>T	7	0.1601823246357469
chr20:31933855:G>T	8	0.819047619047619
chr15:74180850:G>A	9	0.2071942446043164
