mutation_id	myclone_id	myclone_ccf
chr2:164695750:C>T	1	1.0
chr5:161897120:G>A	1	1.0
chr10:132785595:C>A	2	0.18929086946191426
chr2:90005629:TCA>-	2	0.18929086946191426
chr2:140358012:C>T	2	0.18929086946191426
chr4:114845928:G>T	2	0.18929086946191426
chr1:171782053:T>G	3	0.4317475806743535
chr10:56358910:T>A	3	0.4317475806743535
chr10:68911145:C>T	3	0.4317475806743535
chr19:13768390:G>C	3	0.4317475806743535
chr13:61411421:A>C	4	0.548379564949345
chr2:73265412:G>A	4	0.548379564949345
chr2:90100737:CTCC>TCCTG	4	0.548379564949345
chr2:159898942:G>A	4	0.548379564949345
chr7:129389172:C>T	4	0.548379564949345
