mutation_id	myclone_id	myclone_ccf
chr10:49746767:C>T	1	1
chr1:23875453:G>C	2	0.41512743474559427
chr10:24990598:G>A	2	0.41512743474559427
chr13:40666148:G>C	2	0.41512743474559427
chr19:22759317:C>G	2	0.41512743474559427
chr18:9524693:->GCCCCGG	3	0.690873925348403
chr18:58535487:A>G	3	0.690873925348403
chr19:53409122:G>C	3	0.690873925348403
chr9:131026303:C>T	3	0.690873925348403
chr5:141350429:C>T	4	0.2498231455562566
chr5:149836991:C>T	4	0.2498231455562566
chr8:70641024:C>T	4	0.2498231455562566
chr14:22995949:G>A	5	0.1757367648126818
chr17:67024869:G>A	5	0.1757367648126818
chr3:194633126:G>A	5	0.1757367648126818
chr7:16777880:G>A	5	0.1757367648126818
chr10:37134026:A>T	6	0.8652131152150049
chr11:5696535:A>G	6	0.8652131152150049
chr12:27771097:A>G	6	0.8652131152150049
chr17:28898488:T>C	6	0.8652131152150049
chr4:119057742:G>T	6	0.8652131152150049
chr5:134679710:T>C	6	0.8652131152150049
chr6:40432724:G>A	6	0.8652131152150049
chr9:135757365:C>T	6	0.8652131152150049
chr2:178575172:C>G	7	0.0650095602294454
chr15:41504238:C>G	7	0.0650095602294454
chr14:106506994:TGTAT>-	8	0.7538461538461538
