mutation_id	myclone_id	myclone_ccf
chr16:70474863:C>T	1	1
chr7:87381942:C>T	2	0.1918711160602032
chr8:13100765:G>A	2	0.1918711160602032
chr1:145686682:T>C	3	0.8616699801476619
chr12:109185702:G>A	3	0.8616699801476619
chr19:43718849:G>A	3	0.8616699801476619
chr19:55497974:T>C	3	0.8616699801476619
chr4:20553897:G>A	3	0.8616699801476619
chr5:83553432:C>T	3	0.8616699801476619
chr5:177441772:G>A	3	0.8616699801476619
chrX:66200685:G>C	3	0.8616699801476619
chr12:25245350:C>T	4	0.7098976109215016
