mutation_id	myclone_id	myclone_ccf
chr2:226796154:G>A	1	0.1041756440238886
chr5:26885777:G>T	2	0.5593379033392063
chr6:30742170:G>T	2	0.5593379033392063
chr6:83857377:C>T	2	0.5593379033392063
chr11:17736342:G>A	3	0.2911849339186428
chr17:7325704:->GGCCGGGC	3	0.2911849339186428
chr16:30095343:->AGGGGGA	4	0.7917375701558775
chr18:22416797:T>A	4	0.7917375701558775
chr19:15239416:C>T	4	0.7917375701558775
chr9:137014010:G>A	4	0.7917375701558775
chr1:20690235:T>C	5	0.9999999999999999
chr13:46835207:C>T	5	0.9999999999999999
chr5:141052392:G>A	5	0.9999999999999999
chr2:113406868:CCATTCACAGTGTTACAAGCCATAACAA>-	6	-1
