mutation_id	myclone_id	myclone_ccf
chr12:85989496:C>G	1	1.0
chr8:68468817:C>T	1	1.0
chrX:71616723:C>T	1	1.0
chrX:124095426:C>A	1	1.0
chr1:37800023:C>T	2	0.8112372563327502
chr12:53715877:G>T	2	0.8112372563327502
chr12:80620301:C>G	2	0.8112372563327502
chr10:95064938:G>A	3	0.2525824660700419
chr19:44429420:A>T	3	0.2525824660700419
chr3:78631210:G>T	3	0.2525824660700419
chr3:100355256:G>-	3	0.2525824660700419
chrX:154486322:G>T	3	0.2525824660700419
chr19:7166340:C>T	4	0.11423036286449875
chr19:38537925:G>A	4	0.11423036286449875
chr4:167000438:G>C	4	0.11423036286449875
chrX:73821694:C>T	4	0.11423036286449875
chr21:25698713:C>G	5	0.7050570581560444
