mutation_id	myclone_id	myclone_ccf
chr9:21206879:C>T	1	0.6893203883495146
chr1:176595016:G>A	1	0.6893203883495146
chr11:5884574:C>T	1	0.6893203883495146
chr11:40115260:C>T	1	0.6893203883495146
chr12:23536643:G>A	1	0.6893203883495146
chr13:110307013:G>A	1	0.6893203883495146
chr3:126068145:G>A	1	0.6893203883495146
chr3:171737958:C>T	1	0.6893203883495146
chr4:1348140:G>A	1	0.6893203883495146
chr5:32089665:G>A	1	0.6893203883495146
chr5:35065173:G>A	1	0.6893203883495146
chrX:27979800:G>A	2	1.4851485148514851
chr2:169226544:C>A	3	0.5492957746478871
chr10:19203871:G>A	4	-1
chr10:123666848:C>T	4	-1
chr13:38688561:G>A	5	0.5822153766338696
chr16:4883881:C>T	5	0.5822153766338696
chr17:321297:C>T	5	0.5822153766338696
chr17:67030791:C>T	5	0.5822153766338696
chr2:169510410:G>A	5	0.5822153766338696
chr20:3748293:G>A	5	0.5822153766338696
chr3:121324554:G>A	5	0.5822153766338696
chr3:138068188:G>T	5	0.5822153766338696
chr6:39912289:C>T	5	0.5822153766338696
chr7:78194944:C>T	5	0.5822153766338696
chr9:129100554:C>T	5	0.5822153766338696
