mutation_id	myclone_id	myclone_ccf
chr1:114713908:T>G	1	0.9275536849684145
chr15:33785681:G>A	1	0.9275536849684145
chrX:21657053:C>A	1	0.9275536849684145
chr4:52003246:A>G	2	0.8216228360017221
chr7:106868615:G>A	2	0.8216228360017221
chr7:140754187:T>G	2	0.8216228360017221
chr9:14747724:C>T	2	0.8216228360017221
chr8:76705246:G>A	3	0.7312500000000002
