mutation_id	myclone_id	myclone_ccf
chr14:106592675:->CCTCTCCA	1	0.23411236726497311
chr16:52519465:G>A	1	0.23411236726497311
chr18:5891880:C>G	1	0.23411236726497311
chr3:10222752:C>T	1	0.23411236726497311
chr4:84786122:C>T	1	0.23411236726497311
chr9:33071839:C>G	1	0.23411236726497311
chrX:133027555:C>T	1	0.23411236726497311
chr11:62519023:C>T	2	0.15726553403712887
chr15:29124752:G>C	2	0.15726553403712887
chr17:59661452:C>T	2	0.15726553403712887
chr19:35940631:C>T	2	0.15726553403712887
chr21:21280613:G>C	2	0.15726553403712887
chr4:73149031:G>A	2	0.15726553403712887
chr6:39310935:C>T	2	0.15726553403712887
chr6:64591711:C>G	2	0.15726553403712887
chr1:1804503:C>G	3	0.07836590368076655
chr12:121999746:G>A	3	0.07836590368076655
chr2:178608813:C>G	3	0.07836590368076655
chr21:44539945:G>C	3	0.07836590368076655
chr8:30744369:C>T	3	0.07836590368076655
chr1:152156214:G>A	4	0.863199968446524
chr1:235720864:G>A	4	0.863199968446524
chr1:248061001:G>C	4	0.863199968446524
chr10:29532721:G>C	4	0.863199968446524
chr11:1234579:G>A	4	0.863199968446524
chr12:109253025:G>C	4	0.863199968446524
chr12:113469195:G>A	4	0.863199968446524
chr14:23379091:A>G	4	0.863199968446524
chr16:84850614:G>T	4	0.863199968446524
chr17:10455277:C>T	4	0.863199968446524
chr4:122923157:G>C	4	0.863199968446524
chr4:185440700:C>T	4	0.863199968446524
chr5:26885736:C>T	4	0.863199968446524
chr6:26188872:C>G	4	0.863199968446524
chr6:26199120:C>T	4	0.863199968446524
chr6:26199780:C>T	4	0.863199968446524
chr7:107683456:C>T	4	0.863199968446524
chr7:117791523:G>C	4	0.863199968446524
chr9:110408023:C>G	4	0.863199968446524
chr9:130872197:C>T	4	0.863199968446524
chr1:15933756:G>A	5	1
chr1:170971858:C>T	5	1
chr10:95214918:G>A	5	1
chr14:106639125:->CCC	5	1
chr19:53212489:G>A	5	1
chr2:174075446:G>C	5	1
chr21:28970613:G>C	5	1
chr3:123300124:C>T	5	1
chr4:1961074:G>A	5	1
chr4:3767674:C>T	5	1
chr8:99511488:G>A	5	1
