mutation_id	myclone_id	myclone_ccf
chr16:24897981:T>A	1	0.9999999999999999
chr3:50068759:C>T	1	0.9999999999999999
chr1:7663979:G>C	2	0.7557432718767083
chr12:5045539:C>T	2	0.7557432718767083
chr13:28034140:A>T	2	0.7557432718767083
chr16:3739596:C>T	2	0.7557432718767083
chr5:17486272:T>C	2	0.7557432718767083
chr11:69135486:G>A	3	0.22758304793904205
chr12:112489047:C>T	3	0.22758304793904205
chr13:102738138:G>A	3	0.22758304793904205
chr9:136013209:G>A	3	0.22758304793904205
chr14:22843755:C>A	3	0.22758304793904205
chr6:41743359:G>A	3	0.22758304793904205
chr18:78992414:C>A	3	0.22758304793904205
chr1:11046559:C>T	4	0.1394559537611102
