mutation_id	myclone_id	myclone_ccf
chr1:205169593:G>A	1	0.8576755523329538
chr19:44522750:G>A	1	0.8576755523329538
chr22:21031248:G>A	1	0.8576755523329538
chr7:99011061:G>A	1	0.8576755523329538
chr17:41818457:G>T	1	0.8576755523329538
chr6:138378084:G>C	1	0.8576755523329538
chr1:8324446:CA>-	2	0.6118014183764829
chr12:25245350:C>T	2	0.6118014183764829
chr7:48043572:G>A	2	0.6118014183764829
chr5:41069709:C>T	3	0.5374303496739408
chr4:109694621:T>C	3	0.5374303496739408
chr14:20802018:C>A	4	0.30558408478585497
chr14:53950489:G>A	4	0.30558408478585497
chr14:23422254:G>A	5	0.9997109387935315
chr14:44505535:C>G	5	0.9997109387935315
chr10:50129743:A>G	6	0.7128604699592614
chr4:72315968:G>A	6	0.7128604699592614
