mutation_id	myclone_id	myclone_ccf
chr11:30012033:G>A	1	0.4489535763856314
chr1:100351796:A>C	2	0.12606957353188686
chr19:31277732:C>T	2	0.12606957353188686
chr22:24868435:C>T	2	0.12606957353188686
chr13:28035621:C>A	3	0.25293233165870777
chr19:49032506:G>A	3	0.25293233165870777
chr18:50238671:A>C	4	0.8439378013243996
chr3:169381247:C>T	4	0.8439378013243996
chr7:50391799:->TG	4	0.8439378013243996
chr1:67093243:G>T	5	1.0
chr1:94177923:T>G	5	1.0
chr13:38690958:G>T	5	1.0
chr19:40560208:G>T	5	1.0
chr6:136151230:T>C	5	1.0
chr7:158773367:C>T	5	1.0
chr8:127738435:C>A	5	1.0
