mutation_id	myclone_id	myclone_ccf
chr12:25225713:T>G	1	0.8317703597913987
chr5:140787780:G>A	1	0.8317703597913987
chr1:99305972:G>A	2	1.0
chr12:52771096:G>A	2	1.0
chr19:55162160:C>T	2	1.0
chr2:71611508:C>A	2	1.0
chr1:236596895:C>T	3	0.7038035298793301
chr17:57745156:G>A	3	0.7038035298793301
chr4:1974938:A>G	3	0.7038035298793301
chr4:95278357:G>A	3	0.7038035298793301
chr11:7089579:G>A	4	0.1107408854585929
chr2:72575520:T>G	4	0.1107408854585929
chr4:65377020:C>A	4	0.1107408854585929
chr6:142772444:C>A	4	0.1107408854585929
chr4:8601319:C>A	5	0.055403912866271665
chr4:165059188:C>A	5	0.055403912866271665
