mutation_id	myclone_id	myclone_ccf
chr19:35126524:C>T	1	0.2228288297745506
chr2:178632965:G>A	2	0.1272389724867639
chr5:169717426:T>G	2	0.1272389724867639
chr11:72138960:G>T	3	0.5591470739945533
chr2:37951839:T>C	3	0.5591470739945533
chr1:110061484:G>A	4	0.9827283040167832
chr12:31984332:A>G	4	0.9827283040167832
chr17:7673802:C>G	4	0.9827283040167832
chr17:74372456:C>A	4	0.9827283040167832
chr17:81238988:G>A	4	0.9827283040167832
chr7:149860921:C>T	4	0.9827283040167832
chrX:26161348:G>A	5	-1
