mutation_id	myclone_id	myclone_ccf
chr16:20862254:G>A	1	0.19304489431421193
chr3:44644104:G>T	1	0.19304489431421193
chr3:146206642:G>C	1	0.19304489431421193
chr5:95420387:G>A	1	0.19304489431421193
chr7:16859618:C>A	1	0.19304489431421193
chr1:70355147:G>A	2	0.5248173332973277
chr1:183546043:G>A	2	0.5248173332973277
chr1:211578123:G>C	2	0.5248173332973277
chr12:101356668:G>A	2	0.5248173332973277
chr12:108248005:G>C	2	0.5248173332973277
chr13:103051363:C>T	2	0.5248173332973277
chr17:30835129:G>A	2	0.5248173332973277
chr17:31327731:C>T	2	0.5248173332973277
chr19:55000790:C>G	2	0.5248173332973277
chr3:57403323:T>A	2	0.5248173332973277
chr4:157335781:C>T	2	0.5248173332973277
chr5:139393940:G>A	2	0.5248173332973277
chr7:50400226:G>A	2	0.5248173332973277
chr8:42430151:C>G	2	0.5248173332973277
chr9:85942181:G>C	2	0.5248173332973277
chr10:21515322:C>T	3	0.42023453738060823
chr12:120103834:G>C	3	0.42023453738060823
chr14:100292672:G>C	3	0.42023453738060823
chr16:22915466:G>A	3	0.42023453738060823
chr17:43013583:G>C	3	0.42023453738060823
chr22:31765004:C>G	3	0.42023453738060823
chr3:177051507:->GGGG	3	0.42023453738060823
chr5:43173376:G>A	3	0.42023453738060823
chr6:76072479:C>A	3	0.42023453738060823
chr8:140735313:C>T	3	0.42023453738060823
chr9:69718524:C>T	3	0.42023453738060823
chr9:76358749:G>A	3	0.42023453738060823
chr1:27548539:C>A	4	0.7339421025538647
chr1:27550010:C>G	4	0.7339421025538647
chr11:64737020:G>T	4	0.7339421025538647
chr18:78992779:C>T	4	0.7339421025538647
chr19:8938923:C>T	4	0.7339421025538647
chr19:15680506:C>A	4	0.7339421025538647
chr19:34438764:C>T	4	0.7339421025538647
chr2:214986581:G>A	4	0.7339421025538647
chr2:241668661:G>A	4	0.7339421025538647
chr20:21162025:C>T	4	0.7339421025538647
chr22:31950383:G>A	4	0.7339421025538647
chr6:89180370:G>T	4	0.7339421025538647
chr8:22148810:C>G	4	0.7339421025538647
chr8:138250977:G>A	4	0.7339421025538647
chr9:113043991:C>T	4	0.7339421025538647
chr18:13666578:C>G	5	1
chr12:78006791:C>G	6	-1
chrX:91436655:G>T	7	-1
chrX:91436656:A>G	7	-1
