mutation_id	myclone_id	myclone_ccf
chr12:49870641:C>A	1	1.0
chr1:114716123:C>T	2	0.870838823012736
chr21:26932960:G>A	2	0.870838823012736
chrX:106928689:A>G	2	0.870838823012736
chr19:54839693:G>A	3	0.7316699604743082
