mutation_id	myclone_id	myclone_ccf
chr5:141052017:C>T	1	0.1055090532785386
chr17:62677393:G>A	1	0.1055090532785386
chr16:89856125:C>T	2	1
chr7:103604463:C>T	2	1
chr10:18514296:G>A	2	1
chr4:866400:G>A	2	1
chr7:107200164:->TGGGT	3	0.2371372158891278
chr12:75413607:G>T	4	0.728982582099579
chr15:33838607:C>T	4	0.728982582099579
chr3:56139672:T>C	4	0.728982582099579
chr3:136002543:C>A	4	0.728982582099579
chr11:5755137:C>T	5	0.34092211911440534
chr2:178750637:G>A	5	0.34092211911440534
chr22:26026865:C>T	5	0.34092211911440534
chr10:19531351:G>A	5	0.34092211911440534
chr4:8581210:C>T	5	0.34092211911440534
chr1:230931301:G>A	6	0.4950274978331913
chr20:62200780:C>T	6	0.4950274978331913
chr7:150856919:T>G	6	0.4950274978331913
chr17:78827342:C>T	6	0.4950274978331913
chr6:55174619:C>A	7	0.5787036239902997
chrX:56284471:C>T	7	0.5787036239902997
chr10:71807312:T>C	8	0.7869061727292745
chr10:82738608:G>T	8	0.7869061727292745
