mutation_id	myclone_id	myclone_ccf
chr11:48137029:G>T	1	0.13904719827269346
chr12:75207816:C>T	1	0.13904719827269346
chr18:13645347:C>T	1	0.13904719827269346
chr2:113406872:->ACCC	1	0.13904719827269346
chr9:133207241:T>C	1	0.13904719827269346
chr6:43302326:G>A	2	1
chr7:140037745:C>T	2	1
chr4:5416874:->CAGGACTCGGTT	3	0.5080222864563696
chr4:5416880:G>T	3	0.5080222864563696
chr16:75235779:C>T	4	0.8428203753949909
chr3:124719370:G>A	4	0.8428203753949909
chr5:116446862:G>A	4	0.8428203753949909
chr6:27890640:C>G	4	0.8428203753949909
