mutation_id	myclone_id	myclone_ccf
chr9:117039952:G>T	1	0.0851216178163594
chr6:27892837:G>A	2	0.3584988136069352
chr12:25225628:C>T	3	0.8215038349185159
chr2:113406872:->GGTG	3	0.8215038349185159
chr22:20143701:G>A	3	0.8215038349185159
chr4:2339600:C>T	3	0.8215038349185159
chr7:120745844:G>A	3	0.8215038349185159
chr1:156959112:C>T	4	0.9999999999999999
chr11:11998713:C>T	4	0.9999999999999999
chr11:36227244:C>T	4	0.9999999999999999
chr16:1222234:C>T	4	0.9999999999999999
chr2:100008930:A>G	4	0.9999999999999999
chr20:2637504:G>C	4	0.9999999999999999
chr9:128203542:C>A	4	0.9999999999999999
chr14:106506984:TTTCACACTGTGTATCTTGCACAG>CCTTT	5	-1
