mutation_id	myclone_id	myclone_ccf
chr2:219055793:C>T	1	0.9393905301922312
chr11:124753860:C>T	2	1
chr12:25245347:C>T	3	0.7092266678144874
chr2:166038036:C>T	3	0.7092266678144874
chr22:31426753:G>T	3	0.7092266678144874
chrX:50695864:G>A	3	0.7092266678144874
chr18:49569539:C>T	3	0.7092266678144874
chr4:114623205:C>T	3	0.7092266678144874
chr4:182793559:C>T	3	0.7092266678144874
chr1:114716126:C>T	4	0.1616111757081582
chr6:35486552:C>T	5	0.10728493952356177
chr5:140871071:G>A	6	0.8798313137338691
chr6:31947156:C>T	6	0.8798313137338691
chr6:82365725:G>A	6	0.8798313137338691
chr6:43046954:T>A	7	0.2424568583603675
chr14:93643665:G>A	8	0.25392809054021276
