mutation_id	myclone_id	myclone_ccf
chr8:39668036:T>G	1	0.2054794520547944
chr11:20160011:G>A	2	0.07857371935041829
chr20:58228640:C>T	2	0.07857371935041829
chr14:37749796:C>T	3	0.4422959569202405
chr2:26728399:->C	3	0.4422959569202405
chr2:113406860:ATACTACCCCATTCACAGTGTT>CCCCGG	3	0.4422959569202405
chr2:185797347:G>A	3	0.4422959569202405
chr22:50531699:->AAAG	3	0.4422959569202405
chr5:83258552:C>T	3	0.4422959569202405
chr10:115215710:G>T	4	0.3245283018867924
