mutation_id	myclone_id	myclone_ccf
chr16:29813918:C>T	1	0.1095026157923132
chr12:123311081:C>T	2	0.8619302436152002
chr15:48489907:G>A	2	0.8619302436152002
chr1:154454555:G>A	3	0.9999999999999999
chr9:127091809:G>A	3	0.9999999999999999
