mutation_id	myclone_id	myclone_ccf
chr11:126264961:A>G	1	0.4768402295847482
chr16:4991866:A>C	2	0.8044991074596806
chr4:8607382:->C	2	0.8044991074596806
chr4:69096759:C>A	2	0.8044991074596806
chr1:17240739:G>A	3	1
chr11:44081207:G>A	3	1
chr12:26914474:C>T	3	1
chr19:42287947:G>A	3	1
chr11:113388022:G>A	4	0.18948181625005844
chr20:3785868:C>T	4	0.18948181625005844
chr4:55367623:C>T	4	0.18948181625005844
chr14:74358730:G>A	5	0.3150480043014922
chr15:64674202:C>A	5	0.3150480043014922
chr17:45118119:G>A	5	0.3150480043014922
chr19:47456950:C>T	5	0.3150480043014922
