mutation_id	myclone_id	myclone_ccf
chr11:124440295:G>T	1	0.2260072001234962
chr10:122593596:C>G	2	0.424371831411905
chr1:15929387:->A	3	0.9999999999999999
chr19:38201983:C>T	3	0.9999999999999999
chr3:21511012:C>T	3	0.9999999999999999
