mutation_id	myclone_id	myclone_ccf
chr1:220880003:->GGGC	1	0.2782364218061622
chr14:37422936:C>T	2	0.9528679279333474
chr20:62324136:G>A	3	1
chr11:2666077:G>C	4	0.152802486417661
chr6:49733203:A>G	4	0.152802486417661
chr1:59997670:C>T	5	0.567488296177516
chr12:112450394:G>A	5	0.567488296177516
chr17:58208114:C>T	5	0.567488296177516
chr20:64074519:->CG	5	0.567488296177516
chr3:14514326:C>T	5	0.567488296177516
chr1:22908121:C>T	6	0.380448596268301
chr16:28320823:G>A	6	0.380448596268301
chr22:30646652:C>T	6	0.380448596268301
chr22:50248682:G>A	6	0.380448596268301
chr3:39128915:C>T	6	0.380448596268301
chr19:4054074:A>G	7	-1
