mutation_id	myclone_id	myclone_ccf
chr19:22181256:G>A	1	0.127399199604177
chr13:19177433:G>T	2	0.8965343646135502
chr22:36348967:C>T	2	0.8965343646135502
chr22:46391226:G>A	3	0.6005496138484085
chr8:87873695:C>T	3	0.6005496138484085
chr2:113406871:TTCACAGTG>-	3	0.6005496138484085
chr9:122615063:T>C	4	0.0630146578687326
chr11:62728923:->GAC	5	0.9999999999999999
chr17:82374520:G>A	5	0.9999999999999999
chr5:140843377:G>A	5	0.9999999999999999
