mutation_id	myclone_id	myclone_ccf
chr19:39107075:G>A	1	0.1727352142540324
chr17:45098514:T>A	2	1.0
chr2:106806891:G>A	2	1.0
chr12:123937515:G>A	3	0.7315349734697811
chr13:110467074:G>T	3	0.7315349734697811
chr17:50088326:C>T	3	0.7315349734697811
