mutation_id	myclone_id	myclone_ccf
chr2:70959020:C>T	1	1
chr2:77518727:G>A	1	1
chr1:17079399:T>C	2	0.8891584950970581
chr5:121852113:C>G	2	0.8891584950970581
chr12:7137959:C>T	2	0.8891584950970581
chr12:112489084:G>C	2	0.8891584950970581
chr17:80067611:G>A	2	0.8891584950970581
chr18:12264370:G>A	2	0.8891584950970581
chr18:63410353:T>C	2	0.8891584950970581
chr13:28018483:T>C	3	0.3555555555555554
chr1:86376256:G>A	4	0.5858585858585857
chr15:62675268:G>A	5	0.14332010499855172
chr19:50281613:G>A	5	0.14332010499855172
chr5:181059372:C>T	5	0.14332010499855172
chr10:94361866:T>C	6	0.037420957813542155
chrX:47410316:G>A	6	0.037420957813542155
chr6:43621751:G>A	7	0.21649151399348088
chr6:85637006:A>G	7	0.21649151399348088
chr10:132835345:C>A	8	0.2038185126923906
chrX:34943849:C>T	8	0.2038185126923906
