mutation_id	myclone_id	myclone_ccf
chr1:15289578:G>A	1	0.8452615561276965
chr10:24607541:G>A	1	0.8452615561276965
chr11:73655856:C>A	1	0.8452615561276965
chr12:49604387:->T	1	0.8452615561276965
chr16:69939044:C>T	1	0.8452615561276965
chr8:109442092:G>A	1	0.8452615561276965
chr1:32964256:C>G	2	1
chr13:51941171:G>A	2	1
chr14:53952090:G>A	2	1
chr17:41732358:T>C	2	1
chr3:133748578:C>T	2	1
chrX:152736888:A>G	2	1
chr1:164807543:C>T	2	1
chr19:41443270:G>A	3	0.5233316210643824
