mutation_id	myclone_id	myclone_ccf
chr16:78432622:G>A	1	0.9401532003882624
chr3:73384316:G>A	1	0.9401532003882624
chr14:93947416:C>A	1	0.9401532003882624
chr6:31582311:->CT	1	0.9401532003882624
chr6:128397682:C>T	1	0.9401532003882624
chr13:28018496:->CGGCCC	2	0.6906357201339013
chr5:168529625:G>T	2	0.6906357201339013
chr1:208096765:C>T	2	0.6906357201339013
chr16:3736783:G>C	3	0.8590733590733592
chr4:67859666:T>C	3	0.8590733590733592
chr11:56105793:T>A	4	0.2697999545986144
chr12:25225713:T>A	4	0.2697999545986144
chr16:3736202:T>A	4	0.2697999545986144
chr18:76984888:C>T	4	0.2697999545986144
chr2:10603124:C>T	4	0.2697999545986144
chr2:241441504:C>T	4	0.2697999545986144
chr3:19896810:C>T	4	0.2697999545986144
chr3:139020338:G>T	4	0.2697999545986144
chr9:2717832:C>T	4	0.2697999545986144
chrX:27747180:G>T	4	0.2697999545986144
chrX:27821353:G>A	4	0.2697999545986144
chr4:99654159:C>T	4	0.2697999545986144
chr6:160606531:C>T	4	0.2697999545986144
chr14:22105750:C>T	4	0.2697999545986144
chr21:44457002:C>T	5	0.999259259259259
chr6:27867466:T>A	6	0.33605626850937775
