mutation_id	myclone_id	myclone_ccf
chr10:127433313:C>T	1	1
chr11:113260252:A>G	1	1
chr12:100338642:A>G	1	1
chr1:64838554:G>A	2	0.7332259661182446
chr1:181484002:C>T	2	0.7332259661182446
chr9:36846884:GAGGAATACT>-	2	0.7332259661182446
chr3:4815135:G>A	3	0.3533980380108846
chr6:168042664:C>A	3	0.3533980380108846
chr9:122662373:A>G	3	0.3533980380108846
chr1:85093554:C>T	4	0.14362884304708512
chr10:71704943:C>T	4	0.14362884304708512
chr2:205047629:C>T	4	0.14362884304708512
chr2:210656630:A>T	4	0.14362884304708512
chr14:105625923:G>A	4	0.14362884304708512
chrX:27747508:G>T	5	1.0558171605320161
