mutation_id	myclone_id	myclone_ccf
chr14:88185638:G>A	1	0.7185633216755299
chr2:90005627:CCTCACACAGTG>ACGTTGAAAATATA	1	0.7185633216755299
chr2:217859600:A>T	1	0.7185633216755299
chr3:64159979:C>T	1	0.7185633216755299
chr4:157341363:G>C	1	0.7185633216755299
chr1:11128107:G>T	2	0.9217965046887914
chr10:70741003:C>T	2	0.9217965046887914
chr12:25245347:C>T	2	0.9217965046887914
chr16:3850631:G>C	2	0.9217965046887914
chr17:3580501:C>T	2	0.9217965046887914
chr2:222202188:T>C	2	0.9217965046887914
chr6:32042548:A>G	2	0.9217965046887914
