mutation_id	myclone_id	myclone_ccf
chr14:74022988:G>A	1	0.1770575345843758
chr1:43448233:C>G	2	0.0955034102857862
chr10:46330068:C>G	3	1.0
chr16:68829713:C>T	3	1.0
chr2:142130695:G>A	3	1.0
chr2:219418642:G>A	3	1.0
chr4:1961074:G>A	3	1.0
chr14:61045403:C>T	4	0.6490819806495679
chr2:185804557:C>T	4	0.6490819806495679
chr3:126621898:C>G	4	0.6490819806495679
chr12:25245328:C>G	5	0.8721531746816132
chr13:26642328:G>A	5	0.8721531746816132
chr15:23687130:C>G	5	0.8721531746816132
chr18:76908438:G>A	5	0.8721531746816132
chr2:154855055:C>T	5	0.8721531746816132
chr6:162262697:C>G	5	0.8721531746816132
chr7:37914232:G>A	5	0.8721531746816132
chr2:188570080:T>A	6	0.46777146086523835
chr3:44786555:C>T	6	0.46777146086523835
chr6:64590840:G>A	6	0.46777146086523835
chrX:106662158:C>T	7	-1
chr14:106714684:->CTCCCCCCC	8	-1
