mutation_id	myclone_id	myclone_ccf
chr17:38574897:G>A	1	0.2478235428471486
chr1:25972618:G>T	2	0.1475162874185854
chr6:29086678:C>G	3	0.5468639512160416
chr2:219552868:C>T	4	0.0822715678820592
chr3:11025485:C>A	5	0.7450215197561251
chr3:38761236:T>A	5	0.7450215197561251
chr6:85640498:C>G	5	0.7450215197561251
chr7:4017326:C>A	5	0.7450215197561251
chr12:103733072:G>A	6	1.0
chr13:95884672:C>T	6	1.0
chr3:13637572:C>T	6	1.0
