mutation_id	myclone_id	myclone_ccf
chr11:67304842:A>C	1	1.0
chr12:55952810:->GATGGT	1	1.0
chr19:9977632:C>T	1	1.0
chr19:54939109:C>A	1	1.0
chr7:5309242:C>T	1	1.0
chr5:13810187:G>A	1	1.0
chr15:43048423:C>T	1	1.0
chr17:8263242:A>G	1	1.0
chr4:69282588:T>A	1	1.0
chr8:3189952:G>A	2	0.796218060748502
chr1:159193948:G>A	2	0.796218060748502
chr6:73362748:T>A	2	0.796218060748502
chr19:3942125:A>G	3	0.46076294077258034
chr19:19542497:A>C	3	0.46076294077258034
chr2:222304266:C>T	3	0.46076294077258034
chr9:92265118:T>C	3	0.46076294077258034
chr15:54143668:C>A	3	0.46076294077258034
chr5:157671769:G>T	3	0.46076294077258034
chr11:18021118:G>T	4	0.17489123560510994
chr12:108196091:C>T	4	0.17489123560510994
chr16:57258490:C>T	4	0.17489123560510994
chr19:31279172:G>T	4	0.17489123560510994
chr19:45059305:G>A	4	0.17489123560510994
chr20:13074475:G>T	4	0.17489123560510994
chr7:43469054:T>A	4	0.17489123560510994
chr9:83956326:C>G	4	0.17489123560510994
chr9:87886994:A>T	4	0.17489123560510994
chr10:96158933:G>T	4	0.17489123560510994
chr14:58646958:A>T	4	0.17489123560510994
chr14:59727570:C>T	4	0.17489123560510994
chr14:93577918:C>T	4	0.17489123560510994
chr17:37733802:C>G	4	0.17489123560510994
chr17:74367627:A>G	4	0.17489123560510994
chr6:33189065:G>T	4	0.17489123560510994
chr6:125759260:A>T	4	0.17489123560510994
chr6:159232550:G>A	4	0.17489123560510994
chr12:92706863:G>C	5	0.10652802884726538
chr13:110642446:G>A	5	0.10652802884726538
chr20:62131443:C>A	5	0.10652802884726538
chr22:41394185:G>A	5	0.10652802884726538
chr3:138221996:A>C	5	0.10652802884726538
chr7:1746202:C>T	5	0.10652802884726538
chr8:143771857:G>A	5	0.10652802884726538
chr1:10365627:A>T	6	0.3328007018305975
chr11:4988267:C>G	6	0.3328007018305975
chr11:20638470:C>T	6	0.3328007018305975
chr12:25245347:C>T	6	0.3328007018305975
chr2:100932977:A>G	6	0.3328007018305975
chr2:219451797:C>T	6	0.3328007018305975
chrX:71667932:T>C	6	0.3328007018305975
chr21:26838066:G>A	6	0.3328007018305975
chr8:27651539:G>A	7	-1
chr1:241802076:A>C	8	0.2753228876539544
chr14:35123670:G>T	8	0.2753228876539544
chr14:73264647:C>T	8	0.2753228876539544
chr17:20893428:G>A	8	0.2753228876539544
chr17:44850365:A>G	8	0.2753228876539544
chr17:81121956:G>A	8	0.2753228876539544
