mutation_id	myclone_id	myclone_ccf
chr17:82905982:G>A	1	1.0
chr3:64561727:C>T	1	1.0
chr4:155842321:T>A	1	1.0
chr8:19319589:T>C	1	1.0
chr9:129719373:C>T	1	1.0
chr1:37719501:C>T	2	0.8494558082087992
chr13:41689370:C>T	2	0.8494558082087992
chrX:74524655:C>G	2	0.8494558082087992
chr7:55205389:C>A	3	-1
