mutation_id	myclone_id	myclone_ccf
chr3:47042636:->T	1	0.7093867548847076
chr11:124030058:A>G	2	0.3787883153788817
chr7:143052673:C>G	2	0.3787883153788817
chr11:33667945:C>T	3	0.9710306549652993
chr19:5243905:C>A	3	0.9710306549652993
chr4:165294436:A>G	3	0.9710306549652993
chr6:111559464:C>A	3	0.9710306549652993
chr8:60852212:G>A	3	0.9710306549652993
chr9:72059314:A>G	3	0.9710306549652993
chr9:136764441:G>A	3	0.9710306549652993
