mutation_id	myclone_id	myclone_ccf
chr12:100402636:C>T	1	0.8631316102575977
chr21:38392434:A>T	1	0.8631316102575977
chr22:29260703:T>G	1	0.8631316102575977
chr3:101765415:G>C	1	0.8631316102575977
chr3:115676386:C>T	1	0.8631316102575977
chr1:237530427:G>T	2	1.0
chr11:101050054:C>T	2	1.0
chr15:45104296:G>A	2	1.0
chr22:37137732:C>T	2	1.0
chr3:177038112:C>T	2	1.0
chr8:86230124:C>T	2	1.0
