mutation_id	myclone_id	myclone_ccf
chr1:44784254:C>A	1	1
chr8:132140080:C>T	1	1
chr9:119167961:C>T	1	1
chr1:43975148:G>A	2	0.1046011247471172
chr1:47219790:G>A	2	0.1046011247471172
chr11:118389780:G>A	3	0.45808502296966674
chr11:125960993:G>T	3	0.45808502296966674
chr14:56609166:T>C	3	0.45808502296966674
chr19:11378291:G>C	3	0.45808502296966674
chr6:138107157:C>T	3	0.45808502296966674
chr7:13900829:C>T	3	0.45808502296966674
chr14:31483041:C>T	4	0.19465738548977568
chr19:3984175:C>T	4	0.19465738548977568
chr7:38276313:TGGTATCACACCGGTCT>-	5	-1
