mutation_id	myclone_id	myclone_ccf
chr14:79467351:G>A	1	1
chr18:58343063:G>A	1	1
chr3:142547854:A>T	1	1
chr15:28705498:G>A	2	0.7809798866944273
chr19:42729996:A>T	2	0.7809798866944273
chr10:85602386:C>T	3	0.9283753631969305
chr12:89599287:T>A	3	0.9283753631969305
chr12:92144287:->GA	3	0.9283753631969305
chr12:92144289:T>AGG	3	0.9283753631969305
chr22:20974105:C>T	3	0.9283753631969305
chrX:153804540:G>A	4	-1
chr14:106578742:TGTCTC>GGTTTCAGA	5	-1
