mutation_id	myclone_id	myclone_ccf
chr1:7808896:C>A	1	0.5853936365437397
chr12:112450385:G>A	1	0.5853936365437397
chr12:129074328:C>A	1	0.5853936365437397
chr14:94111758:G>A	2	0.9155006102755263
chr2:147922983:G>A	2	0.9155006102755263
