mutation_id	myclone_id	myclone_ccf
chr19:16208118:C>A	1	0.6608295681657586
chr2:55026923:->CCGGGG	1	0.6608295681657586
chr1:103022814:A>G	2	0.2619518269480678
chr19:17325366:C>G	2	0.2619518269480678
chr2:142927682:G>C	2	0.2619518269480678
chr2:218404363:G>C	2	0.2619518269480678
chr16:1497432:T>A	3	0.8581421621904379
chr16:86532038:C>T	3	0.8581421621904379
chr5:174729215:C>T	3	0.8581421621904379
chr11:430369:C>T	4	1
chr15:51397567:G>T	4	1
chr2:89176326:TGA>ACCCC	5	-1
