mutation_id	myclone_id	myclone_ccf
chr1:116031485:A>G	1	0.7572037246049661
chr11:9047528:G>A	1	0.7572037246049661
chr8:25325363:G>T	2	1.0
chr1:114713914:G>T	3	0.6320723108821459
chr12:68869465:G>A	3	0.6320723108821459
chr14:22515623:CATAC>GGCCCGGT	3	0.6320723108821459
chr7:50400554:G>T	3	0.6320723108821459
chr1:62273354:C>T	4	0.13138596622228765
chr17:81941199:C>T	4	0.13138596622228765
chr2:140536667:C>T	4	0.13138596622228765
chr3:10449432:G>A	4	0.13138596622228765
chr4:116299851:C>G	4	0.13138596622228765
chr14:106622361:->CAAGTGTCT	5	-1
