mutation_id	myclone_id	myclone_ccf
chr3:130477107:G>A	1	0.4667640988003296
chr11:67628389:G>C	2	0.8508665410208831
chr12:66189309:A>C	2	0.8508665410208831
chr17:50677936:T>C	2	0.8508665410208831
chr2:227995561:C>T	2	0.8508665410208831
chr3:57633349:->ACGAGG	2	0.8508665410208831
chr7:142797120:C>-	2	0.8508665410208831
chr11:92800760:T>A	3	1.0
chr15:88849613:C>A	3	1.0
chr19:46756057:C>T	3	1.0
chr3:193327048:G>A	3	1.0
chr10:26273666:C>T	3	1.0
chr6:113956678:T>C	3	1.0
chr12:20680263:G>A	4	0.17583945790166938
chr19:3759838:C>T	4	0.17583945790166938
chr19:45494682:G>A	4	0.17583945790166938
chr2:170717071:G>A	4	0.17583945790166938
chr2:209817864:G>C	4	0.17583945790166938
chr22:17121093:G>A	4	0.17583945790166938
chr22:25032636:A>C	4	0.17583945790166938
chr3:47847312:G>A	4	0.17583945790166938
chr3:47848211:G>C	4	0.17583945790166938
chr4:109766739:C>G	4	0.17583945790166938
chr4:125463581:C>T	4	0.17583945790166938
chr5:139623412:G>C	4	0.17583945790166938
chr7:12370862:G>C	4	0.17583945790166938
chr9:130626499:G>A	4	0.17583945790166938
chr10:62805763:C>G	4	0.17583945790166938
chr18:50040242:C>G	4	0.17583945790166938
chr6:10402593:C>G	4	0.17583945790166938
