mutation_id	myclone_id	myclone_ccf
chr15:83988716:A>G	1	0.43944304185572275
chr16:3736783:G>A	1	0.43944304185572275
chr16:3736784:G>A	1	0.43944304185572275
chr4:78387498:G>A	1	0.43944304185572275
chr20:35672830:C>T	2	0.819936659463261
chr8:54621388:C>T	3	0.1107280533426948
chr11:115231378:C>A	4	0.9554976564725606
chr16:18838040:A>G	4	0.9554976564725606
chr7:22960274:GAC>TCCAACCGCGT	4	0.9554976564725606
chr14:106770576:->GGTTCCT	5	0.025512370222324554
chr4:127730593:C>T	5	0.025512370222324554
chr4:143524377:C>T	5	0.025512370222324554
chr6:69333001:A>T	5	0.025512370222324554
chr14:37592349:C>T	6	0.223176053899645
chr17:21551315:C>T	6	0.223176053899645
chr6:47714148:C>T	7	0.8956748785555454
chr6:47714149:C>T	7	0.8956748785555454
