mutation_id	myclone_id	myclone_ccf
chrX:72139037:C>T	1	1.0
chr1:154571926:G>A	1	1.0
chr11:33568186:C>T	1	1.0
chr2:219572597:G>A	1	1.0
chr13:95247059:G>A	2	0.7413930768869474
chrY:5737900:G>A	3	0.856548817134905
chr17:53824786:C>A	4	0.8263823621124499
chr18:6974964:G>A	4	0.8263823621124499
chr4:186709097:G>A	4	0.8263823621124499
chr7:6509265:G>A	4	0.8263823621124499
chr10:24494559:C>T	5	0.8131132083284566
chr10:48451046:G>A	5	0.8131132083284566
chr10:76058769:G>T	5	0.8131132083284566
chr10:127012265:G>A	5	0.8131132083284566
chr14:106410499:->TCTC	6	-1
chr21:30337216:G>A	7	0.8292180131858307
