mutation_id	myclone_id	myclone_ccf
chr11:103109742:C>A	1	0.2135191864683273
chr12:52395033:C>T	1	0.2135191864683273
chr1:154191259:T>A	2	0.9613357730429309
chr10:68828111:CGCGGCTGGCGCGCGCCGCCT>-	2	0.9613357730429309
chr12:57737242:G>A	2	0.9613357730429309
chr16:22915105:C>T	2	0.9613357730429309
chr2:27102388:C>T	2	0.9613357730429309
chr5:140093:A>T	2	0.9613357730429309
chr5:140850247:G>A	2	0.9613357730429309
chr1:39769811:G>A	3	0.6522967839439354
chr1:226161588:C>T	3	0.6522967839439354
chr10:48244836:G>T	3	0.6522967839439354
chr14:37369558:G>T	3	0.6522967839439354
chr2:113406868:CCATTCACAGTGTTACAAGCCATAACAAAA>GG	3	0.6522967839439354
chr3:184936317:G>A	3	0.6522967839439354
chr7:127613499:G>A	3	0.6522967839439354
chr1:103006068:C>T	4	0.7664142966771648
chr11:113416963:C>T	4	0.7664142966771648
chr15:48134268:G>A	4	0.7664142966771648
chrX:152736995:C>T	4	0.7664142966771648
