mutation_id	myclone_id	myclone_ccf
chr1:159588237:C>A	1	0.7291766623335127
chr22:40681584:G>T	1	0.7291766623335127
chr5:130185178:A>T	2	1
chr7:100122545:G>A	2	1
chr1:171207749:G>T	3	0.36193406694856894
chr11:134253614:G>C	3	0.36193406694856894
chr6:98835059:C>T	3	0.36193406694856894
chr9:61194053:C>T	3	0.36193406694856894
chr15:48738828:T>A	4	0.2522404936733444
chr15:82045468:C>T	4	0.2522404936733444
chr5:143282667:G>T	4	0.2522404936733444
chr5:143282668:A>C	4	0.2522404936733444
chr6:26156436:G>A	4	0.2522404936733444
chr7:151187570:C>G	4	0.2522404936733444
