mutation_id	myclone_id	myclone_ccf
chr14:106627248:->CTT	1	0.6234177215189876
chr8:138821317:C>T	2	0.9799604039330321
chr3:38306378:C>G	3	0.13842410015649434
chr1:154708000:C>T	4	0.8551169264105343
chrX:55026009:T>A	5	-1
chr17:11699738:G>A	6	0.4796422975565648
chr6:63280238:A>G	6	0.4796422975565648
chr9:66988556:A>T	6	0.4796422975565648
chrX:101413158:C>T	7	-1
