mutation_id	myclone_id	myclone_ccf
chr4:150590713:C>T	1	0.24284001017354878
chr6:39927427:C>T	1	0.24284001017354878
chr13:20005093:G>T	2	0.143640932374563
chr19:13207397:C>T	2	0.143640932374563
chr11:1597793:C>A	3	1.0
chr13:51934816:G>A	3	1.0
chr6:77463226:T>A	3	1.0
chr14:106714683:CTCTC>GGGG	4	-1
