mutation_id	myclone_id	myclone_ccf
chr14:21078949:G>A	1	0.4014246512053381
chr3:41615675:T>C	1	0.4014246512053381
chr1:81943277:A>C	2	0.17770077946118934
chr1:110604484:C>T	2	0.17770077946118934
chr11:6240175:G>A	2	0.17770077946118934
chr1:53464722:C>T	3	0.5277564430586176
chr12:43432801:T>C	4	1
chr8:80500227:A>C	4	1
chr14:106592675:->TCTTC	5	-1
chr14:106301396:TAT>-	6	-1
chrX:64193059:T>A	7	-1
chrX:64193060:C>A	7	-1
