mutation_id	myclone_id	myclone_ccf
chr16:3738616:C>T	1	0.2347508892463852
chr17:31181458:C>T	1	0.2347508892463852
chr4:3518920:C>T	1	0.2347508892463852
chr19:48498787:C>T	2	0.5317786973744697
chr2:135804800:G>A	2	0.5317786973744697
chrX:104250420:C>T	2	0.5317786973744697
chr11:66425017:C>T	3	0.37386447860842487
chr22:38426947:C>T	3	0.37386447860842487
chr4:154384425:C>T	3	0.37386447860842487
chr16:3738617:G>A	4	0.9157438276996552
chr10:37197289:G>A	5	0.9954000832099916
chr13:30208680:G>A	5	0.9954000832099916
chr15:42006118:C>T	5	0.9954000832099916
chr17:20895791:C>T	5	0.9954000832099916
chr7:101447703:C>T	5	0.9954000832099916
chrX:69162696:C>G	6	0.29391207678494546
chr2:89142574:->AAGGGTG	7	-1
