mutation_id	myclone_id	myclone_ccf
chr1:114716126:C>G	1	1
chr14:51000776:G>A	1	1
chr6:56628083:C>A	1	1
chrX:132628501:G>A	1	1
chr10:132851267:C>T	2	0.7644159857709634
chr16:3729174:GCTTCCA>CAG	2	0.7644159857709634
chr19:8947254:G>T	2	0.7644159857709634
chr19:38496901:G>A	2	0.7644159857709634
chr5:141344822:G>A	2	0.7644159857709634
chr8:43059150:G>A	2	0.7644159857709634
chr8:72937352:C>T	2	0.7644159857709634
chr1:114716123:C>T	3	0.3174191876659972
chr14:104025677:C>T	3	0.3174191876659972
chr6:24134394:C>T	3	0.3174191876659972
chr1:154251188:CTC>-	4	0.2098283290836026
chr9:137716848:C>T	4	0.2098283290836026
chr6:142415803:C>T	4	0.2098283290836026
chr6:163566725:G>A	4	0.2098283290836026
chr1:152311964:A>G	5	0.6461313040154075
chr1:163068959:C>T	5	0.6461313040154075
chr16:81999168:G>A	5	0.6461313040154075
chr19:52017059:G>T	5	0.6461313040154075
chrX:18824064:G>A	5	0.6461313040154075
chr2:140534126:G>A	6	0.4788202187533185
chr2:235670508:G>A	6	0.4788202187533185
