mutation_id	myclone_id	myclone_ccf
chr7:45660175:C>T	1	1
chr3:14494857:C>T	2	0.1392566782810684
chr4:76741267:G>A	2	0.1392566782810684
chr2:233930703:A>T	3	0.2480589022757698
chr11:44265054:C>T	3	0.2480589022757698
chrX:51895710:G>C	3	0.2480589022757698
chr1:16052241:G>A	4	0.5118668547196801
chr12:1778025:G>A	4	0.5118668547196801
chr19:19539706:C>T	4	0.5118668547196801
chr2:178344306:C>T	4	0.5118668547196801
chr14:106592675:->CCTCGACA	5	-1
chr18:26916345:C>A	6	0.4261306442343029
chrX:14530104:T>C	6	0.4261306442343029
chr9:110406222:C>T	7	0.03798676723567562
