mutation_id	myclone_id	myclone_ccf
chr5:840368:G>T	1	0.6145345583190136
chr1:26697510:->G	2	0.8319956249003955
chr3:44242360:G>A	2	0.8319956249003955
chr10:71777743:C>T	3	1
chr11:111354540:->G	3	1
chr14:75771786:C>T	3	1
chr15:77615188:C>T	3	1
chr17:1771109:T>C	3	1
chr6:26204915:C>T	3	1
chr8:58146353:C>T	3	1
chr1:111982294:C>T	4	0.265086094522927
chr22:32084586:C>T	4	0.265086094522927
chr22:41176991:->A	4	0.265086094522927
chr8:22025460:G>A	4	0.265086094522927
