mutation_id	myclone_id	myclone_ccf
chr1:109484016:C>G	1	0.5168537353483881
chr17:35445077:C>T	1	0.5168537353483881
chr19:34434928:G>A	1	0.5168537353483881
chr4:127706792:T>A	1	0.5168537353483881
chr6:41342021:C>G	1	0.5168537353483881
chr8:27500963:G>A	1	0.5168537353483881
chr11:113362490:G>A	2	0.1485454567627575
chr14:44505994:C>T	2	0.1485454567627575
chr17:58275562:T>A	2	0.1485454567627575
chr19:52156088:C>T	2	0.1485454567627575
chr4:104491716:C>T	2	0.1485454567627575
chrX:16853752:C>T	2	0.1485454567627575
chrX:49228377:C>T	2	0.1485454567627575
chr10:106672959:G>T	3	0.32897950477155996
chr11:67399050:C>T	3	0.32897950477155996
chr16:20543204:C>T	3	0.32897950477155996
chr17:50274528:C>G	3	0.32897950477155996
chr19:51717142:G>A	3	0.32897950477155996
chr2:169216274:C>A	3	0.32897950477155996
chr2:178650802:C>T	3	0.32897950477155996
chr20:59992512:T>C	3	0.32897950477155996
chr3:180957888:G>A	3	0.32897950477155996
chr7:33974728:C>G	3	0.32897950477155996
chr8:20171407:C>G	3	0.32897950477155996
chrX:64336097:C>T	3	0.32897950477155996
chr1:95072763:C>T	4	0.7609741708247473
chr10:21020149:G>A	4	0.7609741708247473
chr10:128115320:T>C	4	0.7609741708247473
chr16:20480631:G>A	4	0.7609741708247473
chr2:237325701:C>T	4	0.7609741708247473
chr3:44887693:G>A	4	0.7609741708247473
chr7:64266559:C>T	4	0.7609741708247473
chr7:107663304:G>C	4	0.7609741708247473
chr8:85214625:G>A	4	0.7609741708247473
chrX:103274170:G>C	4	0.7609741708247473
chr14:106627249:T>GGGGGA	5	-1
