mutation_id	myclone_id	myclone_ccf
chr15:73587588:G>A	1	0.9999999999999999
chr22:50610710:C>T	1	0.9999999999999999
chr2:149582169:C>G	2	0.499172887196477
chr11:5985979:G>A	3	0.25018627830299506
chr2:178731722:C>A	3	0.25018627830299506
chr1:224955041:T>C	3	0.25018627830299506
chr2:165374846:C>T	3	0.25018627830299506
chr3:156143379:G>A	3	0.25018627830299506
chr16:70818395:G>A	3	0.25018627830299506
chr5:11732153:C>T	3	0.25018627830299506
chr10:116125422:C>T	3	0.25018627830299506
chr16:57960064:C>T	3	0.25018627830299506
chr11:1031954:G>A	4	0.7335966383567745
chrX:18827315:T>A	4	0.7335966383567745
chrX:36228760:A>C	4	0.7335966383567745
chrX:140784040:C>T	4	0.7335966383567745
chr10:80362581:A>-	4	0.7335966383567745
chr10:132867440:C>A	4	0.7335966383567745
chr1:44000825:A>T	5	0.35135824807094473
chr1:163217560:A>T	5	0.35135824807094473
chr1:248294757:G>A	5	0.35135824807094473
chr12:112450359:G>T	5	0.35135824807094473
chr22:44914064:G>C	5	0.35135824807094473
chr5:141209736:C>A	5	0.35135824807094473
chr17:44211084:C>A	5	0.35135824807094473
chr4:89936295:C>T	5	0.35135824807094473
chr6:41736978:G>A	5	0.35135824807094473
chr9:34690331:T>C	5	0.35135824807094473
chr14:105624617:G>A	6	0.4078758673911611
chr16:75114128:C>T	6	0.4078758673911611
chr6:160739200:G>T	6	0.4078758673911611
chr4:54699743:A>G	7	0.16182283088364086
