mutation_id	myclone_id	myclone_ccf
chr11:4907978:T>C	1	0.18452215157400834
chr6:72213205:C>T	1	0.18452215157400834
chr9:38414165:C>T	1	0.18452215157400834
chr1:155056400:C>G	2	0.0981478100251537
chr18:74140280:G>A	2	0.0981478100251537
chr2:74536429:G>A	2	0.0981478100251537
chr8:26583908:G>A	2	0.0981478100251537
chr10:61902174:->TCCC	3	0.4038696877831845
chr2:164508543:T>C	3	0.4038696877831845
chr8:23566187:C>T	3	0.4038696877831845
chr14:106714683:CTC>-	4	1.0
chr6:36963853:T>A	4	1.0
chr14:106578743:->TCTCCCCTGATC	5	-1
chrX:153803622:G>A	5	-1
chr14:106627248:->TC	6	-1
