mutation_id	myclone_id	myclone_ccf
chr13:28034144:A>G	1	0.12778952192089868
chr5:141662236:T>G	1	0.12778952192089868
chrX:15252305:C>T	1	0.12778952192089868
chr4:5828648:G>A	1	0.12778952192089868
chr1:65622915:G>T	2	0.9238841489546378
chr16:2990575:G>T	2	0.9238841489546378
chr16:3736794:C>A	2	0.9238841489546378
chr2:164695383:G>A	2	0.9238841489546378
chrX:131275006:C>T	2	0.9238841489546378
chr17:7203586:C>T	2	0.9238841489546378
chr14:37827226:C>A	2	0.9238841489546378
chr14:94314540:G>A	2	0.9238841489546378
chr1:114716126:C>T	3	0.5740151515151516
chr10:110835942:C>A	3	0.5740151515151516
