mutation_id	myclone_id	myclone_ccf
chr4:108070711:TCTT>-	1	0.30212201992185
chr22:37495887:C>T	2	1.0
chr7:50382593:A>T	2	1.0
chr1:46512481:C>T	3	0.1873669857723066
chr1:40838369:G>A	4	0.7511760740345509
chr10:60888433:C>T	4	0.7511760740345509
chr11:9962067:C>T	4	0.7511760740345509
chr15:22926027:G>A	4	0.7511760740345509
chr17:7576584:G>A	4	0.7511760740345509
chr17:78358934:G>A	4	0.7511760740345509
chr19:48599149:T>A	4	0.7511760740345509
chr2:29051882:G>A	4	0.7511760740345509
chr2:130916468:C>T	4	0.7511760740345509
chr22:46658260:G>A	4	0.7511760740345509
chr4:61733115:C>A	4	0.7511760740345509
chr4:71453538:T>C	4	0.7511760740345509
chr4:113330313:C>T	4	0.7511760740345509
chr6:56166942:C>T	4	0.7511760740345509
chr6:56616860:C>T	4	0.7511760740345509
chr6:57128803:A>C	4	0.7511760740345509
chr7:148809336:G>A	4	0.7511760740345509
chr8:138596942:C>T	4	0.7511760740345509
chr9:136859080:G>A	4	0.7511760740345509
chrX:85108074:C>T	4	0.7511760740345509
chrX:126821376:T>A	4	0.7511760740345509
chrX:130260419:T>G	4	0.7511760740345509
chrX:136349026:T>G	4	0.7511760740345509
