mutation_id	myclone_id	myclone_ccf
chr3:7578813:T>G	1	1.0
chr9:33062160:C>T	1	1.0
chr10:70734019:G>A	2	0.8320452187493905
chr12:85805559:T>A	2	0.8320452187493905
chr1:59865916:G>A	3	0.3561529771952403
chr1:205303860:C>G	3	0.3561529771952403
chr10:48731161:A>C	3	0.3561529771952403
chr11:376702:G>A	3	0.3561529771952403
chr12:63150597:C>T	3	0.3561529771952403
chr19:47701617:G>T	3	0.3561529771952403
chr2:98162911:C>T	3	0.3561529771952403
chr2:209826029:G>C	3	0.3561529771952403
chr2:227295044:G>A	3	0.3561529771952403
chr3:187235795:G>A	3	0.3561529771952403
chr8:69682192:T>A	3	0.3561529771952403
chr1:159928323:G>C	4	0.09972130209945271
chr10:38055969:A>C	4	0.09972130209945271
chr12:26913494:C>T	4	0.09972130209945271
chr12:98613848:C>G	4	0.09972130209945271
chr13:113363891:C>G	4	0.09972130209945271
chr19:54940053:C>G	4	0.09972130209945271
chr5:41018938:G>A	4	0.09972130209945271
chr5:132815142:C>T	4	0.09972130209945271
chr7:80744938:T>G	4	0.09972130209945271
chr1:17222364:G>A	5	0.22355433440457603
chr11:100992518:G>A	5	0.22355433440457603
chr12:11752555:TC>CGCCAGGGCCTCT	5	0.22355433440457603
chr17:58571991:C>T	5	0.22355433440457603
chr20:31377375:G>A	5	0.22355433440457603
chr22:44147863:C>T	5	0.22355433440457603
chr6:31866051:G>A	5	0.22355433440457603
chr22:22196276:->AAC	5	0.22355433440457603
chr13:102735915:C>T	6	0.5966516110013655
chr2:195970091:G>A	6	0.5966516110013655
