mutation_id	myclone_id	myclone_ccf
chr1:21824541:C>A	1	0.2425640820846308
chr11:133920621:C>T	1	0.2425640820846308
chr6:41936007:->G	1	0.2425640820846308
chr7:151118305:G>A	1	0.2425640820846308
chr11:57182656:C>T	2	1.0
chr15:79046812:C>T	2	1.0
chr2:86028681:C>T	2	1.0
chr2:219302348:G>A	2	1.0
chr3:124796733:G>A	2	1.0
