mutation_id	myclone_id	myclone_ccf
chr10:126049384:C>T	1	0.3465129183162101
chr7:144399158:A>G	1	0.3465129183162101
chr17:63482687:C>T	2	0.7579649682725389
chr6:130878161:C>T	2	0.7579649682725389
chr8:30845346:G>A	2	0.7579649682725389
chr11:56252645:C>A	3	0.9999999999999998
chr16:89884620:A>C	3	0.9999999999999998
chr7:16566352:G>A	3	0.9999999999999998
chr9:36003844:G>A	3	0.9999999999999998
chr12:14434384:C>T	4	0.15777086183984962
chr12:25245351:C>T	4	0.15777086183984962
chr13:110186398:G>T	4	0.15777086183984962
chr16:19116029:G>A	4	0.15777086183984962
chr6:142367807:T>A	4	0.15777086183984962
chr11:62801741:T>G	5	0.5521908317998833
chr12:14436166:G>C	5	0.5521908317998833
chr9:32630549:C>T	5	0.5521908317998833
chr9:100349298:CTT>-	5	0.5521908317998833
chr14:105644603:T>C	6	0.24261769448255763
chr19:34430586:ATACT>-	6	0.24261769448255763
chr2:27200461:C>T	6	0.24261769448255763
chr4:86785335:G>A	6	0.24261769448255763
chr6:70588686:G>A	6	0.24261769448255763
chrX:644465:G>A	6	0.24261769448255763
