mutation_id	myclone_id	myclone_ccf
chr17:40352070:G>A	1	0.5659345335883514
chr8:7450719:C>A	2	0.269402428302309
chr19:46003105:G>A	3	0.9340654664116486
chr4:150908843:G>A	3	0.9340654664116486
chr14:106657725:TCTCGCACAGTAA>CGAGG	4	-1
