mutation_id	myclone_id	myclone_ccf
chrX:40697117:T>C	1	1
chrX:101353325:G>C	2	0.8625151593901595
chr16:71385586:G>A	3	0.4900101417744871
chr22:41810237:G>C	3	0.4900101417744871
chr12:112450416:A>G	4	0.10693060220079889
chrX:154466189:G>A	4	0.10693060220079889
chr11:27498665:C>T	5	0.28332142512599
chr12:112489080:T>C	5	0.28332142512599
chr3:1383334:T>C	5	0.28332142512599
chr7:150857055:C>G	5	0.28332142512599
chr9:116975212:C>T	5	0.28332142512599
