mutation_id	myclone_id	myclone_ccf
chr11:66043267:G>A	1	0.9466803153837169
chr14:106129539:->GCCTGA	1	0.9466803153837169
chr19:52451228:G>T	1	0.9466803153837169
chr3:183965392:->TA	1	0.9466803153837169
chr7:124746948:C>G	1	0.9466803153837169
chr1:37838647:G>A	2	0.5623561719846911
chr6:168307732:C>T	2	0.5623561719846911
chr7:43463703:G>T	2	0.5623561719846911
chr1:167993358:C>G	3	0.7333760423418403
chr22:23838762:G>A	3	0.7333760423418403
chr5:17634790:G>T	3	0.7333760423418403
chr8:39668014:C>T	3	0.7333760423418403
chr1:156958830:C>A	4	0.3272293636225389
chr10:89339289:C>T	4	0.3272293636225389
chr17:36940755:G>T	4	0.3272293636225389
chr5:141052343:G>A	4	0.3272293636225389
chrX:92201452:A>T	5	-1
