mutation_id	myclone_id	myclone_ccf
chr5:37205337:G>A	1	0.2574391175377846
chr19:54727806:C>T	2	0.10742240143419965
chr7:150952652:C>T	2	0.10742240143419965
chr8:30842428:G>A	2	0.10742240143419965
chrX:69505848:G>T	2	0.10742240143419965
chr14:21020571:C>T	3	1
chr15:82989188:G>T	3	1
chr2:90039479:->CC	3	1
chr3:45772601:C>T	3	1
chr3:89340922:G>C	3	1
chr12:11885968:C>T	4	0.8537268373552447
chr2:241033857:C>T	4	0.8537268373552447
chr6:111580348:G>A	4	0.8537268373552447
chr6:117503840:C>T	4	0.8537268373552447
