mutation_id	myclone_id	myclone_ccf
chr12:55841174:C>T	1	1.0
chr8:11808770:G>A	2	0.8334107182131424
chr1:112491030:C>T	3	0.382030162454679
chr22:22031469:->CCACCCC	3	0.382030162454679
chr1:11108244:T>A	4	0.21131897923877
chr5:136357266:G>A	4	0.21131897923877
