mutation_id	myclone_id	myclone_ccf
chr13:110198509:G>T	1	1
chr8:17562093:C>A	1	1
chr7:100220231:->C	2	0.5767164953538116
chr1:220040238:G>A	3	0.8087135299874596
chr19:11033437:G>A	3	0.8087135299874596
chr17:16143639:->AGGGCCACTACCCCT	3	0.8087135299874596
