mutation_id	myclone_id	myclone_ccf
chr11:108316030:G>A	1	0.2553191489361702
chr14:79467297:G>A	1	0.2553191489361702
chr19:6375607:C>T	1	0.2553191489361702
chr6:55359137:C>G	1	0.2553191489361702
chr1:248273121:G>A	1	0.2553191489361702
chrX:47413058:C>A	1	0.2553191489361702
chrX:48832172:G>A	1	0.2553191489361702
chrX:91877537:G>T	1	0.2553191489361702
chrX:130022900:C>G	1	0.2553191489361702
chr2:90100738:TC>CGTCAGG	2	0.732824427480916
chr1:213997819:G>A	3	0.1710666003860604
chr11:1254239:C>T	3	0.1710666003860604
chr12:128926430:C>G	3	0.1710666003860604
chr21:30718751:G>A	3	0.1710666003860604
chr21:41992847:C>T	3	0.1710666003860604
chrX:21856855:C>T	3	0.1710666003860604
chr10:101011938:G>C	4	0.3420959632552144
chr12:43427358:G>T	4	0.3420959632552144
chr13:32184609:C>T	4	0.3420959632552144
chr2:107872240:T>C	4	0.3420959632552144
chr5:90724925:G>T	4	0.3420959632552144
chr5:140876768:G>C	4	0.3420959632552144
