mutation_id	myclone_id	myclone_ccf
chr9:123366307:->GGAGTTTA	1	0.468483196289035
chr3:186854360:C>T	2	0.26740047577759096
chr9:5089726:C>A	2	0.26740047577759096
chr12:20616297:C>T	3	0.1623514978221674
chr9:5078360:A>G	3	0.1623514978221674
chr1:64844837:G>T	4	0.3746787009488777
chr17:57885544:->GG	4	0.3746787009488777
chr7:139089696:G>C	4	0.3746787009488777
chr12:83050952:->A	5	1.0
chr19:19515179:G>A	5	1.0
chr21:44364257:C>T	5	1.0
chr4:23812765:C>A	5	1.0
chr9:92403252:C>T	5	1.0
chr14:21941655:TGACAC>CCCA	6	0.7953544947350076
chr14:21924651:->C	7	-1
