mutation_id	myclone_id	myclone_ccf
chr1:26365127:CTTTCTGGCTGTTTTC>-	1	0.5814567475046125
chr19:47376062:G>A	1	0.5814567475046125
chr21:14582253:G>C	1	0.5814567475046125
chr4:1961074:G>A	1	0.5814567475046125
chr4:5748215:G>T	1	0.5814567475046125
chr7:32558620:T>C	1	0.5814567475046125
chrX:38301338:C>T	1	0.5814567475046125
chr1:150510954:G>A	2	0.9277762392980827
chr12:92777644:C>T	2	0.9277762392980827
chr14:74809631:G>A	2	0.9277762392980827
chr15:73994846:C>T	2	0.9277762392980827
chr16:2111565:G>A	2	0.9277762392980827
chr19:49599487:C>G	2	0.9277762392980827
chr6:26468277:G>C	2	0.9277762392980827
chr6:32052702:C>T	2	0.9277762392980827
chr8:3214604:G>C	2	0.9277762392980827
chrX:128052121:A>C	2	0.9277762392980827
