mutation_id	myclone_id	myclone_ccf
chr1:31737730:G>A	1	0.4322013235806338
chr1:55007259:C>T	2	0.1666545389670006
chrX:141906472:T>A	2	0.1666545389670006
chr2:197402658:G>C	3	0.7671313053660523
chr2:219250621:G>A	3	0.7671313053660523
chr20:62312293:A>T	3	0.7671313053660523
chr22:37645510:G>A	3	0.7671313053660523
chr7:130276641:A>C	4	0.9656456346294939
chr8:13214707:C>T	4	0.9656456346294939
chrX:136033471:A>T	5	1
chr18:44952439:T>-	6	-1
