mutation_id	myclone_id	myclone_ccf
chr7:55198809:C>T	1	0.1944152148753472
chr14:23393878:G>A	2	0.48338099401069046
chr18:49581497:T>C	2	0.48338099401069046
chr19:13136141:G>A	2	0.48338099401069046
chr2:154242901:G>C	2	0.48338099401069046
chr5:1246018:G>A	2	0.48338099401069046
chr1:114716127:C>T	3	0.35845050478159074
chr19:34684144:T>G	3	0.35845050478159074
chr3:123722148:C>T	3	0.35845050478159074
chr12:52014827:C>T	4	0.860190022744065
chr4:169991913:C>T	4	0.860190022744065
chr6:656675:C>T	4	0.860190022744065
chr7:88181536:A>T	4	0.860190022744065
chr12:106239740:G>A	5	1
chr5:40947621:T>C	5	1
chr14:22449094:AAAGCTCTGTAGCACTGTGACTGGGGGATACGCA>TCT	6	-1
