mutation_id	myclone_id	myclone_ccf
chr1:15289602:C>T	1	0.7954314347717925
chr1:53459787:G>A	1	0.7954314347717925
chr2:108910918:G>T	1	0.7954314347717925
chr2:178620618:G>T	1	0.7954314347717925
chr22:17542377:C>A	1	0.7954314347717925
chr5:73753062:C>A	1	0.7954314347717925
