mutation_id	myclone_id	myclone_ccf
chr3:129315568:C>T	1	0.16224856762787998
chr9:73160287:G>T	1	0.16224856762787998
chr1:36431874:A>G	2	1
chr1:114713908:T>A	2	1
chr11:7071260:T>A	2	1
chr3:167478961:G>A	2	1
chrX:115191761:G>A	2	1
