mutation_id	myclone_id	myclone_ccf
chr6:116726532:A>G	1	0.1032144412781488
chr7:50368332:C>A	1	0.1032144412781488
chr1:185977947:C>G	2	0.6326807616766233
chr16:72958205:C>T	2	0.6326807616766233
chr2:89244784:CC>-	2	0.6326807616766233
chr7:97988520:G>C	2	0.6326807616766233
chr9:93020356:G>A	2	0.6326807616766233
chr1:162576917:G>C	3	0.9089178155214532
chr1:216568048:T>C	3	0.9089178155214532
chr12:11884537:T>C	3	0.9089178155214532
chr12:78007190:C>G	3	0.9089178155214532
chr12:112450406:G>A	3	0.9089178155214532
chr13:20027222:T>-	3	0.9089178155214532
chr13:75833087:A>G	3	0.9089178155214532
chr15:71111305:A>T	3	0.9089178155214532
chr8:24952851:C>A	3	0.9089178155214532
chr1:181736374:G>A	4	0.7244482611210338
chr19:34428469:G>T	4	0.7244482611210338
chr2:19973698:C>T	4	0.7244482611210338
chr2:28917959:C>G	4	0.7244482611210338
chr7:27155166:C>T	4	0.7244482611210338
chr9:96645944:C>G	4	0.7244482611210338
