mutation_id	myclone_id	myclone_ccf
chr13:69975620:C>G	1	0.1310986964618248
chr19:19201528:G>C	2	0.9806862659818593
chr2:113406872:TCACAGTGTT>G	2	0.9806862659818593
chr20:33239818:C>-	2	0.9806862659818593
chr3:52221741:G>A	2	0.9806862659818593
chr7:113878193:G>A	2	0.9806862659818593
chr7:149105087:C>T	2	0.9806862659818593
chr14:106714684:->TTCTTA	3	-1
chr9:27204925:G>A	4	-1
