mutation_id	myclone_id	myclone_ccf
chr19:34341507:G>A	1	0.0598006644518272
chr6:26056137:CTTTCGTTTGCACCA>TGG	2	1.0
chr1:7663407:C>T	3	0.6726044542268953
chr1:33533795:C>T	3	0.6726044542268953
chr11:1103825:G>A	3	0.6726044542268953
chr13:45476200:G>A	3	0.6726044542268953
chr14:106389395:->T	3	0.6726044542268953
chr2:144389881:T>C	3	0.6726044542268953
chr5:98779633:G>A	3	0.6726044542268953
chr6:26108045:T>C	3	0.6726044542268953
chr7:2217975:T>C	3	0.6726044542268953
chr7:135727397:C>T	3	0.6726044542268953
chrX:49251397:C>A	3	0.6726044542268953
