mutation_id	myclone_id	myclone_ccf
chr11:6240502:G>A	1	0.1542613302327201
chr19:10092116:G>A	1	0.1542613302327201
chr2:166042334:G>A	1	0.1542613302327201
chr9:110408018:A>T	1	0.1542613302327201
chr1:15932046:C>T	2	1.0
chr1:28280745:G>A	2	1.0
chr2:144389983:T>C	2	1.0
chr4:151176908:G>A	2	1.0
chr4:176729700:C>A	2	1.0
chrX:71136508:G>A	2	1.0
chr14:106301392:GTGGT>TC	3	-1
