mutation_id	myclone_id	myclone_ccf
chr2:185789812:A>G	1	1
chr18:31464261:C>T	2	0.2883200490496628
chr11:128912068:C>T	3	0.14507175586337595
chr12:130346966:G>A	3	0.14507175586337595
chr2:225582006:C>T	3	0.14507175586337595
chr4:105897977:C>T	3	0.14507175586337595
chr11:73311246:C>T	4	0.07277628032345
chrX:48354064:C>T	5	-1
chrX:73447626:G>A	6	-1
