mutation_id	myclone_id	myclone_ccf
chr12:49026425:C>T	1	0.7974696311560424
chr16:20862447:C>G	2	1.0
chr19:15879613:C>T	2	1.0
chr3:126352575:C>T	2	1.0
chr11:284600:G>C	3	0.5979084857350172
chr16:3738617:G>A	3	0.5979084857350172
chr2:237364399:G>A	3	0.5979084857350172
chr7:54544737:C>A	3	0.5979084857350172
chr6:38786848:C>T	3	0.5979084857350172
chr12:56713605:C>G	4	0.0745428728872658
chr7:122059887:T>C	4	0.0745428728872658
chr1:20604995:C>T	5	0.34349300425514523
chr1:114716126:C>G	5	0.34349300425514523
chr15:73288532:A>G	5	0.34349300425514523
chr16:3738616:C>T	5	0.34349300425514523
chrX:108188552:C>T	5	0.34349300425514523
chr1:151816756:C>T	6	0.4568208965024086
chr13:28018498:ATG>-	6	0.4568208965024086
chr15:63725377:->GTCC	6	0.4568208965024086
chr5:81180263:G>A	6	0.4568208965024086
