mutation_id	myclone_id	myclone_ccf
chrY:12818474:A>C	1	0.8361587409530286
chr16:766214:G>A	2	0.5793725850468804
chr3:49510756:C>T	3	1
chr2:200477883:G>A	4	0.0881394542705789
chr20:47188284:G>A	4	0.0881394542705789
chr12:27716419:C>T	5	-0.03828795499182308
chr12:112450358:G>C	5	-0.03828795499182308
chr22:21208225:G>A	5	-0.03828795499182308
