mutation_id	myclone_id	myclone_ccf
chr10:121496700:C>T	1	1.0
chr16:70678360:G>A	1	1.0
chr6:11185532:T>C	1	1.0
chr9:36169993:C>A	1	1.0
chr13:102852228:T>C	2	0.4114326173652864
chr7:128835453:G>A	2	0.4114326173652864
chr1:109674763:C>G	3	0.11196465172057905
chr13:61415118:C>T	3	0.11196465172057905
chr19:48900923:G>A	3	0.11196465172057905
chr2:86785933:G>A	3	0.11196465172057905
chr22:19216139:G>A	3	0.11196465172057905
chr8:61646798:C>T	3	0.11196465172057905
chr9:69375822:C>G	3	0.11196465172057905
chr11:1247016:C>G	4	0.20037425131246037
chr12:81339250:C>T	4	0.20037425131246037
chr12:122867564:G>A	4	0.20037425131246037
chr15:72163705:G>T	4	0.20037425131246037
chr19:18437045:C>T	4	0.20037425131246037
chr4:1022220:G>A	4	0.20037425131246037
chr6:30340517:G>A	4	0.20037425131246037
chr6:16306476:C>T	5	-1
