mutation_id	ref_counts	var_counts	total_cn	VAF
chr1:240813689:C>G	117	71	2	0.3776595744680851
chr10:7824402:->C	165	112	2	0.4043321299638989
chr10:72274369:C>T	262	171	2	0.394919168591224
chr11:118482071:CAGCCTCCACCAC>-	156	84	2	0.35
chr12:25225627:G>A	83	54	2	0.39416058394160586
chr13:99295846:T>G	127	94	2	0.4253393665158371
chr14:37739024:G>A	139	57	3	0.29081632653061223
chr15:28387605:A>T	238	73	2	0.2347266881028939
chr15:73739966:G>A	134	108	2	0.4462809917355372
chr16:3738617:G>A	126	106	2	0.45689655172413796
chr16:74889772:G>A	122	125	2	0.5060728744939271
chr17:50606231:G>A	240	115	3	0.323943661971831
chr19:1122139:G>A	262	30	2	0.10273972602739725
chr2:169479571:G>A	148	104	2	0.4126984126984127
chr20:31844892:C>T	171	163	2	0.4880239520958084
chr4:25673138:T>A	290	118	3	0.28921568627450983
chr6:57183915:G>A	328	131	3	0.28540305010893247
chr8:36845662:G>A	62	60	2	0.4918032786885246
chr9:110550014:C>T	180	139	2	0.43573667711598746
chrX:24055003:A>T	646	156	4	0.19451371571072318
chrX:67723757:G>A	737	240	4	0.24564994882292732
chrX:109475578:G>A	484	158	4	0.24610591900311526
chrX:111410343:C>T	649	193	4	0.22921615201900236
