mutation_id	ref_counts	var_counts	total_cn	VAF
chr1:241772929:G>C	218	91	2	0.29449838187702265
chr15:29123383:C>T	323	115	2	0.2625570776255708
chr16:30958731:G>C	338	26	2	0.07142857142857142
chr19:41625935:C>T	467	15	2	0.03112033195020747
chr2:5693486:C>T	628	58	2	0.08454810495626822
chr3:78661216:G>C	172	101	2	0.36996336996337
chr3:133586585:G>A	382	33	2	0.07951807228915662
chr3:157437809:G>C	537	152	2	0.22060957910014514
chr3:186584450:G>C	276	83	2	0.23119777158774374
chr4:122286756:C>G	244	23	2	0.08614232209737828
chr4:127730628:G>C	438	26	2	0.05603448275862069
chr5:140836088:C>T	608	177	2	0.22547770700636943
chr6:159753492:G>A	406	15	2	0.035629453681710214
chr9:76711189:G>C	286	132	2	0.3157894736842105
chrX:47915188:A>G	209	11	1	0.05
