mutation_id	ref_counts	var_counts	total_cn	VAF
chr1:153968550:C>T	413	14	2	0.03278688524590164
chr1:246902534:C>T	176	36	2	0.16981132075471697
chr10:133186102:C>T	387	298	2	0.43503649635036495
chr13:108208839:G>C	240	16	2	0.0625
chr13:113087758:G>A	291	142	2	0.3279445727482679
chr14:106335084:T>CCGG	163	37	0	0.185
chr15:23645724:C>T	833	53	2	0.05981941309255079
chr2:113406870:ATTCA>GC	134	20	2	0.12987012987012986
chr2:209653303:G>A	580	31	2	0.05073649754500818
chr21:29329595:G>C	578	83	2	0.12556732223903178
chr3:155138143:A>G	291	83	2	0.22192513368983957
chr6:97272836:A>T	410	22	2	0.05092592592592592
chr7:7238374:C>T	252	197	2	0.43875278396436523
chrX:17721625:A>G	292	39	2	0.11782477341389729
