mutation_id	ref_counts	var_counts	total_cn	VAF
chr1:1047428:G>T	202	82	2	0.2887323943661972
chr1:75883662:T>G	176	110	2	0.38461538461538464
chr1:113590629:->ACTGGGTTT	332	53	2	0.13766233766233765
chr1:114621938:C>T	209	196	2	0.4839506172839506
chr1:182818684:G>A	127	122	2	0.4899598393574297
chr1:201209271:T>C	308	319	2	0.5087719298245614
chr1:216422131:C>G	176	155	2	0.46827794561933533
chr10:60076283:G>C	242	46	2	0.1597222222222222
chr10:86943161:G>A	405	376	2	0.4814340588988476
chr10:97572773:G>T	434	337	2	0.437094682230869
chr11:113700115:G>A	458	70	2	0.13257575757575757
chr12:11869441:->C	428	60	2	0.12295081967213115
chr12:11869679:T>C	727	103	2	0.12409638554216867
chr12:29758755:G>A	413	27	2	0.06136363636363636
chr12:120978922:G>A	452	394	2	0.4657210401891253
chr13:95853614:C>G	249	30	2	0.10752688172043011
chr14:33055939:G>A	271	30	2	0.09966777408637874
chr14:59997673:G>C	220	38	2	0.14728682170542637
chr14:105367374:G>A	190	197	2	0.5090439276485789
chr15:65077173:G>A	457	377	2	0.4520383693045564
chr16:20326430:A>G	177	162	2	0.4778761061946903
chr16:90037775:G>A	158	139	2	0.468013468013468
chr17:16623649:C>T	452	20	2	0.0423728813559322
chr17:50186914:G>A	303	266	2	0.46748681898066785
chr19:51769553:C>G	396	54	2	0.12
chr2:50236855:C>G	497	82	2	0.14162348877374784
chr2:69102891:C>T	325	65	2	0.16666666666666666
chr2:210591886:C>T	395	71	2	0.15236051502145923
chr2:214436751:C>A	216	19	2	0.08085106382978724
chr2:226864893:G>A	283	262	2	0.48073394495412847
chr3:112929260:G>A	236	211	2	0.4720357941834452
chr3:125012745:C>A	189	201	2	0.5153846153846153
chr3:154300640:->G	217	145	2	0.4005524861878453
chr3:165190270:C>A	179	170	2	0.4871060171919771
chr3:196947616:G>A	582	84	2	0.12612612612612611
chr4:154234674:G>T	265	254	2	0.48940269749518306
chr4:163700846:C>T	217	33	2	0.132
chr4:188105208:C>T	336	30	2	0.08196721311475409
chr5:141384779:G>A	296	266	2	0.47330960854092524
chr5:148665495:C>T	309	46	2	0.1295774647887324
chr6:26246734:C>T	188	150	2	0.4437869822485207
chr6:89689977:->AA	358	211	2	0.37082601054481545
chr6:130869850:C>T	474	38	2	0.07421875
chr7:148757011:T>C	279	41	2	0.128125
chr9:73159383:G>A	181	139	2	0.434375
chr9:106932300:G>A	506	46	2	0.08333333333333333
chr9:110408622:C>T	346	49	2	0.1240506329113924
chr9:135819074:C>T	386	354	2	0.4783783783783784
chrX:124031027:C>A	250	48	1	0.1610738255033557
chrX:143630550:C>T	133	57	1	0.3
