mutation_id	ref_counts	var_counts	total_cn	VAF
chr1:31815319:C>T	330	12	2	0.03508771929824561
chr14:23427774:G>A	222	178	2	0.445
chr2:219451786:G>A	550	39	2	0.06621392190152801
chr2:233454850:C>T	147	139	2	0.486013986013986
chr3:38551441:C>T	260	153	2	0.3704600484261501
chr3:139044110:C>T	288	271	2	0.4847942754919499
chr5:123090365:G>A	948	74	2	0.07240704500978473
chr6:33269135:C>T	792	44	2	0.05263157894736842
