mutation_id	ref_counts	var_counts	total_cn	VAF
chr1:114716127:C>T	364	73	2	0.16704805491990846
chr11:58837320:G>C	124	117	2	0.4854771784232365
chr13:25837166:T>C	138	83	2	0.3755656108597285
chr14:106592676:->CTCCTAGGGCCGA	31	4	2	0.11428571428571428
chr15:59081178:A>G	195	188	2	0.4908616187989556
chr16:51139546:G>T	402	168	3	0.29473684210526313
chr19:12754612:C>T	728	30	2	0.0395778364116095
chr3:100748148:G>A	162	162	2	0.5
chr3:154429028:G>A	716	32	2	0.0427807486631016
chr5:71470480:A>G	275	30	2	0.09836065573770492
chr6:43355904:T>G	322	205	2	0.3889943074003795
chr7:95528216:C>T	548	29	2	0.05025996533795494
chr8:24489247:C>A	246	185	2	0.42923433874709976
chr8:86151536:G>A	351	24	2	0.064
