mutation_id	ref_counts	var_counts	total_cn	VAF
chr1:237708907:T>A	194	169	2	0.465564738292011
chr10:47349699:C>T	343	242	2	0.41367521367521365
chr10:132117382:C>T	412	287	2	0.4105865522174535
chr11:92866906:C>T	63	209	1	0.7683823529411765
chr14:41887004:C>T	504	30	2	0.056179775280898875
chr14:77887178:C>A	331	231	2	0.4110320284697509
chr19:900901:G>A	248	182	2	0.4232558139534884
chr2:90221384:->CCA	22	42	2	0.65625
chr2:131533323:GAA>-	308	212	2	0.4076923076923077
chr2:211702057:A>C	371	246	2	0.3987034035656402
chr2:211702059:A>C	371	243	2	0.3957654723127036
chr2:215394665:G>A	288	164	2	0.36283185840707965
chr4:74748135:C>T	199	107	2	0.34967320261437906
chr6:26508599:G>A	301	187	2	0.3831967213114754
chr6:27451354:G>A	446	33	2	0.06889352818371608
chr6:28586715:C>A	173	118	2	0.4054982817869416
chr6:112114128:C>A	273	166	2	0.37813211845102507
chr7:107044716:C>A	368	145	2	0.2826510721247563
chr7:111741211:C>T	166	115	2	0.4092526690391459
chr9:26984348:G>A	75	52	2	0.4094488188976378
chrX:27821306:C>T	234	133	2	0.36239782016348776
chrX:78657371:C>T	698	23	2	0.0319001386962552
