mutation_id	ref_counts	var_counts	total_cn	VAF
chr1:59847106:G>A	188	40	2	0.17543859649122806
chr11:618799:C>G	1278	108	2	0.07792207792207792
chr11:16816954:G>A	780	83	2	0.09617612977983778
chr11:66975466:C>T	530	164	2	0.23631123919308358
chr11:108227802:G>C	158	8	2	0.04819277108433735
chr12:20653957:A>C	269	71	2	0.2088235294117647
chr12:27495778:G>C	384	88	2	0.1864406779661017
chr12:52834153:C>T	531	137	2	0.20508982035928144
chr12:53115486:G>A	733	105	2	0.12529832935560858
chr14:75281326:G>C	712	48	2	0.06315789473684211
chr14:106592678:->CTCGAGGG	74	15	1	0.16853932584269662
chr15:55620243:C>T	151	106	2	0.41245136186770426
chr16:61817531:C>T	385	119	2	0.2361111111111111
chr18:31760430:G>A	448	67	2	0.13009708737864079
chr19:34430579:G>A	128	7	2	0.05185185185185185
chr19:56208564:C>T	422	63	2	0.12989690721649486
chr2:48963543:C>A	534	42	2	0.07291666666666667
chr2:69895157:C>T	573	91	2	0.13704819277108435
chr2:90005629:->CGTC	76	46	1	0.3770491803278688
chr2:90221358:CTGTCAACAGTATTATAGTTTCCCTCCCACAGTGTTACAC>-	130	18	2	0.12162162162162163
chr2:202188169:C>T	209	42	2	0.16733067729083664
chr20:41202878:G>C	478	18	2	0.036290322580645164
chr20:51671171:G>C	696	24	2	0.03333333333333333
chr3:51312559:G>T	159	20	2	0.11173184357541899
chr6:117310250:C>T	276	21	2	0.0707070707070707
chrX:47239423:G>C	535	95	2	0.15079365079365079
