mutation_id	ref_counts	var_counts	total_cn	VAF
chr11:17640937:G>A	290	248	2	0.46096654275092935
chr16:67940115:->GCCC	293	192	2	0.3958762886597938
chr19:46494631:G>A	457	18	2	0.037894736842105266
chr19:55499858:G>A	223	154	2	0.40848806366047746
chr2:178663873:C>T	473	18	2	0.03665987780040733
chr20:59191411:C>T	626	68	2	0.09798270893371758
chr3:102477033:C>T	307	20	2	0.06116207951070336
chr5:140929182:T>C	234	105	2	0.30973451327433627
chr7:4208234:G>A	274	127	2	0.3167082294264339
chrX:153774025:G>A	817	84	2	0.0932297447280799
chrX:154435332:C>T	617	61	2	0.08997050147492626
