mutation_id	ref_counts	var_counts	total_cn	VAF
chr11:6567572:C>T	378	143	2	0.2744721689059501
chr14:74551069:C>T	263	90	2	0.254957507082153
chr15:59207593:G>A	197	90	2	0.313588850174216
chr16:2178905:G>A	346	12	2	0.0335195530726257
chr17:7676041:G>A	358	151	2	0.2966601178781925
chr17:72121762:C>T	567	98	2	0.14736842105263157
chr17:81957888:C>T	257	150	2	0.36855036855036855
chr18:80202898:C>T	113	60	2	0.3468208092485549
chr2:38074788:C>T	842	71	2	0.07776560788608981
chr2:74674579:C>T	284	204	2	0.4180327868852459
chr22:31615195:->C	537	293	2	0.3530120481927711
chr3:47084381:->CT	106	54	2	0.3375
chr4:72032017:G>A	419	176	2	0.2957983193277311
chr5:177307935:->CCCGGGC	260	171	2	0.39675174013921116
chr6:152441135:T>C	209	33	2	0.13636363636363635
chrX:50075801:T>G	164	12	1	0.06818181818181818
chrX:70402596:G>C	186	42	1	0.18421052631578946
