mutation_id	ref_counts	var_counts	total_cn	VAF
chr1:21874515:C>T	407	61	2	0.13034188034188035
chr1:154772145:G>A	411	126	2	0.2346368715083799
chr1:159802422:C>T	205	47	2	0.1865079365079365
chr11:19055982:G>A	603	32	2	0.050393700787401574
chr12:6591493:G>A	294	64	1	0.1787709497206704
chr12:25245347:C>T	338	55	2	0.13994910941475827
chr12:85805196:G>A	279	47	2	0.1441717791411043
chr17:44398579:C>T	371	60	2	0.13921113689095127
chr5:128328745:G>A	334	85	2	0.20286396181384247
chr9:106927389:G>A	432	75	2	0.14792899408284024
