mutation_id	ref_counts	var_counts	total_cn	VAF
chr10:37197289:G>A	313	73	2	0.18911917098445596
chr11:66425017:C>T	493	39	2	0.07330827067669173
chr13:30208680:G>A	290	61	2	0.1737891737891738
chr15:42006118:C>T	138	30	2	0.17857142857142858
chr16:3738616:C>T	376	13	2	0.033419023136246784
chr16:3738617:G>A	286	57	2	0.1661807580174927
chr17:20895791:C>T	343	79	2	0.1872037914691943
chr17:31181458:C>T	476	26	2	0.05179282868525897
chr19:48498787:C>T	171	43	2	0.20093457943925233
chr2:89142574:->AAGGGTG	82	25	1	0.2336448598130841
chr2:135804800:G>A	304	31	2	0.09253731343283582
chr22:38426947:C>T	632	41	2	0.06092124814264487
chr4:3518920:C>T	562	25	2	0.04258943781942078
chr4:154384425:C>T	470	35	2	0.06930693069306931
chr7:101447703:C>T	246	52	2	0.174496644295302
chrX:69162696:C>G	727	125	3	0.1467136150234742
chrX:104250420:C>T	1079	235	3	0.17884322678843226
