mutation_id	ref_counts	var_counts	total_cn	VAF
chr17:4597225:C>T	311	143	2	0.31497797356828194
chr17:28580094:A>G	213	42	2	0.16470588235294117
chr2:113406872:->TC	166	44	2	0.20952380952380953
chr3:150546077:->GGGG	343	114	2	0.24945295404814005
chr8:144247592:C>T	332	224	2	0.4028776978417266
