mutation_id	ref_counts	var_counts	total_cn	VAF
chr1:114716123:C>T	354	27	2	0.07086614173228346
chr1:119623689:G>A	430	211	2	0.3291731669266771
chr11:1250877:C>A	566	251	2	0.3072215422276622
chr12:6830411:C>T	560	49	2	0.08045977011494253
chr12:49033398:CA>-	472	188	2	0.28484848484848485
chr12:52488509:G>A	567	37	2	0.061258278145695365
chr12:80848271:G>A	367	21	2	0.05412371134020619
chr13:28034191:TA>-	303	68	2	0.18328840970350405
chr17:10533348:C>T	526	192	3	0.26740947075208915
chr17:78502981:G>A	674	22	3	0.031609195402298854
chr2:167243769:C>T	223	121	2	0.35174418604651164
chr2:185800618:C>T	384	25	2	0.061124694376528114
chr2:236581171:G>A	392	210	2	0.3488372093023256
chr20:31996864:C>T	666	44	2	0.061971830985915494
chr4:152976351:G>A	672	223	3	0.24916201117318434
chr5:145938174:C>T	473	145	2	0.23462783171521034
chr6:36822136:ATCCCTTGGGTATACATGACGCACACTGC>CCGAATGACGCACACTGCG	476	89	3	0.15752212389380532
chr7:86839682:G>A	404	142	3	0.2600732600732601
chr9:133443511:G>A	458	290	2	0.3877005347593583
chrX:71135135:G>A	327	224	2	0.40653357531760437
chrX:123326187:G>A	224	148	2	0.3978494623655914
