mutation_id	ref_counts	var_counts	total_cn	VAF
chr10:86662419:C>T	256	90	2	0.26011560693641617
chr12:94400958:T>G	104	71	2	0.4057142857142857
chr17:7042237:G>A	1025	82	2	0.07407407407407407
chr17:28610528:C>T	225	164	2	0.42159383033419023
chr17:45405041:G>A	754	74	2	0.0893719806763285
chr4:98478757:G>A	387	26	2	0.06295399515738499
chr6:26124545:C>T	472	42	2	0.08171206225680934
chr7:55202601:G>A	766	56	2	0.0681265206812652
chrX:154364880:A>C	131	276	1	0.6781326781326781
