mutation_id	ref_counts	var_counts	total_cn	VAF
chr1:11034835:C>T	220	66	4	0.23076923076923078
chr1:100214884:C>T	288	103	4	0.26342710997442453
chr11:17505911:G>A	240	51	4	0.17525773195876287
chr12:47798163:->T	265	65	4	0.19696969696969696
chr14:23347103:G>A	235	35	4	0.12962962962962962
chr17:75502266:A>G	784	57	4	0.06777645659928656
chr19:2290170:A>G	481	119	4	0.19833333333333333
chr19:8552162:G>T	281	22	4	0.07260726072607261
chr20:9459669:G>A	160	67	4	0.29515418502202645
chr21:37505560:G>A	458	39	4	0.07847082494969819
chr3:8990574:C>T	213	192	4	0.4740740740740741
chr3:12151252:G>A	196	49	4	0.2
chr3:123296136:T>C	219	173	4	0.4413265306122449
chr5:154946:C>G	226	63	4	0.2179930795847751
chr5:73173836:G>A	144	133	4	0.48014440433212996
chr6:146434647:A>G	494	81	4	0.1408695652173913
chr7:12688407:C>A	247	49	4	0.16554054054054054
chr8:130780850:C>T	211	37	4	0.14919354838709678
chr9:5078360:A>G	155	143	4	0.4798657718120805
chr9:133332314:G>A	377	101	4	0.2112970711297071
chrX:145822785:C>T	438	103	4	0.19038817005545286
