mutation_id	ref_counts	var_counts	total_cn	VAF
chr1:34197583:C>T	277	76	2	0.21529745042492918
chr1:52334765:G>T	276	15	2	0.05154639175257732
chr1:107057528:G>A	642	23	2	0.03458646616541353
chr1:152307321:T>A	476	83	2	0.148479427549195
chr1:247966196:G>A	394	30	2	0.07075471698113207
chr10:97370520:TT>-	252	34	2	0.11888111888111888
chr10:98387216:G>A	154	95	2	0.3815261044176707
chr10:113908475:TACAAA>CT	195	136	2	0.4108761329305136
chr10:125841771:T>G	333	12	2	0.034782608695652174
chr12:25225714:T>C	492	23	2	0.04466019417475728
chr14:34792864:A>G	424	22	2	0.04932735426008968
chr15:55546459:T>A	336	18	2	0.05084745762711865
chr15:88857572:G>T	398	32	2	0.07441860465116279
chr15:90999703:G>A	145	117	2	0.44656488549618323
chr16:9768909:C>T	230	139	2	0.37669376693766937
chr17:34629172:C>T	185	132	2	0.416403785488959
chr19:40014724:C>A	201	190	2	0.4859335038363171
chr2:186600379:G>T	194	143	3	0.42433234421364985
chr20:19696831:A>C	169	157	2	0.4815950920245399
chr20:34741115:G>A	261	38	2	0.12709030100334448
chr20:46502406:G>A	408	34	2	0.07692307692307693
chr21:10605467:G>A	806	58	2	0.06712962962962964
chr3:13819251:C>T	367	49	2	0.11778846153846154
chr3:167627252:T>C	296	33	2	0.10030395136778116
chr3:187698879:G>A	538	34	2	0.05944055944055944
chr5:55859539:G>T	251	34	2	0.11929824561403508
chr6:70491048:G>C	236	21	2	0.08171206225680934
chr6:168307583:G>A	366	249	2	0.40487804878048783
chr7:13931667:G>A	233	165	2	0.41457286432160806
chr7:37907596:G>T	446	48	2	0.09716599190283401
chr7:94910499:C>G	383	16	2	0.040100250626566414
chr8:90980365:G>T	304	15	2	0.047021943573667714
chr8:108449897:G>T	112	84	2	0.42857142857142855
chr9:114307750:C>T	324	33	2	0.09243697478991597
chr9:135624612:C>T	246	18	2	0.06818181818181818
chr9:137019277:G>A	248	54	2	0.17880794701986755
chrX:2490227:G>A	634	138	2	0.17875647668393782
