mutation_id	ref_counts	var_counts	total_cn	VAF
chr1:43660339:G>A	112	89	2	0.4427860696517413
chr1:164560005:G>A	313	56	2	0.15176151761517614
chr11:40115307:C>T	225	185	2	0.45121951219512196
chr11:47359995:->GAAGC	306	173	2	0.36116910229645094
chr11:66843013:G>A	348	274	2	0.4405144694533762
chr13:113096634:C>A	497	383	2	0.43522727272727274
chr14:75961047:G>A	157	152	2	0.4919093851132686
chr17:39791485:->TA	168	85	2	0.3359683794466403
chr17:47696197:G>A	290	201	2	0.4093686354378819
chr19:7745881:G>A	367	256	2	0.41091492776886035
chr2:8682893:T>-	114	69	2	0.3770491803278688
chr3:136317008:C>T	210	164	2	0.4385026737967914
chr3:146206597:C>T	219	148	2	0.4032697547683924
chr4:1644227:G>A	166	135	2	0.4485049833887043
chr9:111542575:G>A	156	82	2	0.3445378151260504
chr9:121772649:C>A	189	119	2	0.38636363636363635
