mutation_id	ref_counts	var_counts	total_cn	VAF
chr1:53464722:C>T	874	117	2	0.11806256306760847
chr1:81943277:A>C	472	22	2	0.044534412955465584
chr1:110604484:C>T	579	25	2	0.041390728476821195
chr11:6240175:G>A	580	20	2	0.03333333333333333
chr12:43432801:T>C	203	59	2	0.22519083969465647
chr14:21078949:G>A	317	32	2	0.09169054441260745
chr14:106301396:TAT>-	94	11	0	0.10476190476190476
chr14:106592675:->TCTTC	71	29	0	0.29
chr3:41615675:T>C	332	32	2	0.08791208791208792
chr8:80500227:A>C	294	84	2	0.2222222222222222
chrX:64193059:T>A	277	67	1	0.19476744186046513
chrX:64193060:C>A	277	67	1	0.19476744186046513
