mutation_id	ref_counts	var_counts	total_cn	VAF
chr1:114716123:C>T	346	26	2	0.06989247311827956
chr11:115217941:G>A	253	17	2	0.06296296296296296
chr12:25225627:G>A	85	48	2	0.3609022556390977
chr17:38297196:A>G	464	84	3	0.15328467153284672
chr3:41566051:G>A	105	54	2	0.33962264150943394
chr6:101686316:C>T	253	73	3	0.22392638036809817
chrX:114906893:C>T	307	210	2	0.40618955512572535
