mutation_id	ref_counts	var_counts	total_cn	VAF
chr1:17240739:G>A	176	79	2	0.30980392156862746
chr11:44081207:G>A	277	134	2	0.3260340632603406
chr11:113388022:G>A	704	56	2	0.07368421052631578
chr11:126264961:A>G	202	38	2	0.15833333333333333
chr12:26914474:C>T	231	129	2	0.35833333333333334
chr14:74358730:G>A	519	63	2	0.10824742268041238
chr15:64674202:C>A	416	49	2	0.1053763440860215
chr16:4991866:A>C	269	110	2	0.29023746701846964
chr17:45118119:G>A	393	45	2	0.10273972602739725
chr19:42287947:G>A	325	163	2	0.33401639344262296
chr19:47456950:C>T	475	54	2	0.10207939508506617
chr20:3785868:C>T	862	53	2	0.05792349726775956
chr4:8607382:->C	358	113	2	0.23991507430997877
chr4:55367623:C>T	429	26	2	0.05714285714285714
chr4:69096759:C>A	223	83	2	0.27124183006535946
