mutation_id	ref_counts	var_counts	total_cn	VAF
chr11:22239584:C>T	129	42	4	0.24561403508771928
chr17:28693732:C>A	246	72	4	0.22641509433962265
chr2:27568651:G>A	243	90	4	0.2702702702702703
chr2:118974545:C>T	275	115	4	0.2948717948717949
chr4:176120055:G>T	157	82	2	0.34309623430962344
chr5:53483508:G>A	155	61	4	0.2824074074074074
chr7:91266478:->C	290	74	4	0.2032967032967033
chr8:27921866:G>A	458	170	4	0.27070063694267515
