mutation_id	ref_counts	var_counts	total_cn	VAF
chr1:36431874:A>G	182	123	2	0.40327868852459015
chr1:114713908:T>A	346	203	2	0.3697632058287796
chr11:7071260:T>A	226	176	2	0.43781094527363185
chr3:129315568:C>T	713	44	2	0.05812417437252312
chr3:167478961:G>A	190	133	2	0.4117647058823529
chr9:73160287:G>T	384	30	2	0.07246376811594203
chrX:115191761:G>A	572	365	2	0.3895410885805763
