mutation_id	ref_counts	var_counts	total_cn	VAF
chr12:112450385:G>A	457	34	2	0.06924643584521385
chr13:38687868:T>C	484	40	2	0.07633587786259542
chr14:44505384:G>T	322	32	2	0.0903954802259887
chr14:81277473:A>T	212	128	2	0.3764705882352941
chr15:55847006:C>A	182	10	2	0.052083333333333336
chr17:29969242:G>T	304	12	2	0.0379746835443038
chr19:18856247:G>T	298	16	2	0.050955414012738856
chr2:8730912:A>T	504	21	2	0.04
chr2:85053285:G>A	474	32	2	0.06324110671936758
chr20:38241797:G>T	412	20	2	0.046296296296296294
