mutation_id	ref_counts	var_counts	total_cn	VAF
chr1:150557236:C>T	637	54	2	0.07814761215629522
chr1:200409232:C>G	501	44	2	0.08073394495412844
chr1:227733763:G>A	644	58	2	0.08262108262108261
chr10:127018802:C>T	180	139	2	0.43573667711598746
chr11:6170117:G>A	222	201	2	0.475177304964539
chr11:58617274:C>T	372	26	2	0.06532663316582915
chr12:11355499:A>C	287	12	2	0.04013377926421405
chr12:14536627:G>A	156	22	1	0.12359550561797752
chr12:108701320:G>A	246	24	2	0.08888888888888889
chr13:57633033:G>A	260	233	2	0.4726166328600406
chr14:24415025:C>T	280	243	2	0.4646271510516252
chr14:106129526:TTCCCCTCACTGTGTCTCTTGCACAGTAATACACA>CGGTGACAG	10	63	1	0.863013698630137
chr16:15030014:G>C	911	26	2	0.02774813233724653
chr17:20110450:C>T	190	197	2	0.5090439276485789
chr17:42811689:C>G	430	41	2	0.0870488322717622
chr17:63895343:G>A	311	183	2	0.37044534412955465
chr19:47355257:C>G	556	27	2	0.04631217838765009
chr2:27580425:G>A	316	19	2	0.056716417910447764
chr2:102339044:G>C	168	20	2	0.10638297872340426
chr2:178739786:C>G	183	122	2	0.4
chr2:200981691:G>A	518	33	2	0.05989110707803993
chr2:207828375:C>G	461	41	2	0.08167330677290836
chr21:38300053:G>A	476	33	2	0.06483300589390963
chr22:27797790:G>C	392	312	2	0.4431818181818182
chr3:12816886:G>A	478	27	2	0.053465346534653464
chr3:165189612:G>T	390	44	2	0.10138248847926268
chr4:56315345:G>T	532	34	2	0.06007067137809187
chr4:184475085:G>A	402	13	2	0.03132530120481928
chr5:138021122:G>C	200	129	2	0.39209726443769
chr6:56597966:A>C	155	152	2	0.495114006514658
chr6:117389507:C>G	226	29	1	0.11372549019607843
chr6:131598370:G>A	305	20	1	0.06153846153846154
chr6:131602269:C>T	197	34	1	0.1471861471861472
chr6:151351026:G>A	253	31	1	0.10915492957746478
chr7:66286510:G>C	130	108	2	0.453781512605042
chr8:74315121:G>A	273	235	2	0.4625984251968504
chr8:102833151:G>C	404	28	2	0.06481481481481481
chrX:53562923:C>T	314	37	2	0.10541310541310542
chrX:66599597:T>A	686	60	2	0.08042895442359249
