mutation_id	ref_counts	var_counts	total_cn	VAF
chr1:114716124:C>G	196	177	2	0.4745308310991957
chr1:205065906:C>T	123	128	2	0.5099601593625498
chr11:134140705:G>A	137	76	2	0.3568075117370892
chr12:22524505:C>T	157	128	2	0.44912280701754387
chr14:106657708:CTTCTCCTCACTGTGTCTCTCGCACAGTAATACACAGCCA>AG	8	92	1	0.92
chr17:18317770:C>T	211	199	2	0.4853658536585366
chr17:35170189:C>T	233	202	2	0.46436781609195404
chr17:41487169:C>T	67	79	2	0.541095890410959
chr19:9251141:T>C	176	174	2	0.49714285714285716
chr19:43997220:C>T	162	140	2	0.46357615894039733
chr3:9717094:G>A	206	165	2	0.444743935309973
chr3:139019924:C>T	253	151	2	0.37376237623762376
chr4:125408623:C>T	120	96	2	0.4444444444444444
chr5:17632222:G>C	259	177	2	0.4059633027522936
chr6:75855196:TGGGTT>-	133	106	2	0.4435146443514644
chr7:20658545:A>G	152	133	2	0.4666666666666667
chr7:101000336:C>A	4258	238	2	0.052935943060498224
chr8:56445864:G>A	335	275	2	0.45081967213114754
chr8:138613919:C>A	177	130	2	0.4234527687296417
chr9:37020771:A>C	14	228	1	0.9421487603305785
