mutation_id	ref_counts	var_counts	total_cn	VAF
chr1:20323387:A>G	310	20	2	0.06060606060606061
chr1:22647280:G>A	198	171	2	0.4634146341463415
chr1:175094152:C>T	207	179	2	0.4637305699481865
chr1:228371456:G>A	549	70	2	0.11308562197092084
chr11:1162029:G>A	297	89	2	0.23056994818652848
chr6:54940156:A>C	122	137	2	0.528957528957529
chrX:345644:T>C	279	47	2	0.1441717791411043
