mutation_id	ref_counts	var_counts	total_cn	VAF
chr1:235981614:C>T	127	37	4	0.22560975609756098
chr10:62399722:G>A	379	55	6	0.12672811059907835
chr13:28034183:A>G	216	39	4	0.15294117647058825
chr15:41813687:G>A	232	32	4	0.12121212121212122
chr16:3738604:T>C	215	48	4	0.18250950570342206
chr17:38715676:G>T	464	51	6	0.09902912621359224
chr2:105399288:C>T	336	26	4	0.0718232044198895
chr4:1961074:G>A	452	30	6	0.06224066390041494
chr4:7740235:C>T	322	68	6	0.17435897435897435
chr5:9226874:G>A	150	31	4	0.1712707182320442
chr6:7889541:T>C	284	26	6	0.08387096774193549
chrX:50376813:C>T	218	65	4	0.22968197879858657
