mutation_id	ref_counts	var_counts	total_cn	VAF
chr1:1255406:CGTCTGGAACCA>-	400	158	2	0.2831541218637993
chr1:34177868:G>A	316	210	2	0.39923954372623577
chr1:152302794:T>A	106	79	2	0.42702702702702705
chr10:67811499:A>C	125	102	2	0.44933920704845814
chr11:1164151:G>A	263	209	2	0.4427966101694915
chr11:46879017:T>A	167	103	2	0.3814814814814815
chr11:56418215:G>A	69	35	2	0.33653846153846156
chr12:100059363:T>C	67	63	2	0.4846153846153846
chr13:23250635:A>T	98	73	2	0.4269005847953216
chr13:101065457:G>A	383	20	2	0.04962779156327544
chr14:54702132:G>T	129	113	2	0.4669421487603306
chr14:106714684:TCT>AG	10	22	1	0.6875
chr15:23566040:G>A	360	246	2	0.40594059405940597
chr15:51341739:G>A	479	184	2	0.277526395173454
chr16:88611439:C>T	388	224	2	0.3660130718954248
chr17:36429079:C>T	593	371	2	0.3848547717842324
chr17:62664771:G>A	341	258	2	0.4307178631051753
chr18:63723315:C>T	203	169	2	0.4543010752688172
chr19:15380273:G>A	464	323	2	0.4104193138500635
chr19:15380274:G>A	466	324	2	0.41012658227848103
chr2:185761048:A>T	77	48	2	0.384
chr2:210220776:C>T	49	35	2	0.4166666666666667
chr20:16748503:T>G	57	30	2	0.3448275862068966
chr20:20277365:G>A	306	216	2	0.41379310344827586
chr20:31934714:G>A	222	148	2	0.4
chr3:7298707:G>A	105	68	2	0.3930635838150289
chr3:49653496:C>T	323	228	2	0.41379310344827586
chr3:57444768:C>T	57	22	2	0.27848101265822783
chr3:170893399:C>T	192	10	2	0.04950495049504951
chr5:45645215:C>A	76	77	2	0.5032679738562091
chr5:141385151:A>G	259	160	2	0.3818615751789976
chr6:2766077:C>G	892	36	2	0.03879310344827586
chr6:49786116:C>T	127	105	2	0.4525862068965517
chr8:51408789:C>T	247	236	2	0.4886128364389234
chr9:124466405:G>A	193	113	2	0.369281045751634
chr9:137228833:G>C	419	252	2	0.37555886736214605
chrX:91877167:C>T	52	39	2	0.42857142857142855
