mutation_id	ref_counts	var_counts	total_cn	VAF
chr1:114716123:C>T	315	44	2	0.12256267409470752
chr10:25597878:G>A	731	32	3	0.04193971166448231
chr12:25245350:C>T	251	60	2	0.19292604501607716
chr12:57475491:C>T	204	170	2	0.45454545454545453
chr14:22423041:->CGTT	105	32	4	0.23357664233576642
chr14:106627253:->CGTGG	377	58	3	0.13333333333333333
chr19:36113566:C>T	331	208	2	0.38589981447124305
chr3:47098041:G>A	336	16	2	0.045454545454545456
chr4:176687437:G>A	360	22	2	0.05759162303664921
chr6:17292015:G>A	566	29	3	0.04873949579831933
chr6:129366264:G>A	347	53	3	0.1325
chr8:1548969:G>A	921	66	2	0.0668693009118541
chr8:127740743:G>A	436	28	2	0.0603448275862069
chr8:143559345:G>A	140	98	2	0.4117647058823529
chr9:104536329:T>C	398	14	2	0.03398058252427184
chrX:109453793:T>G	324	13	2	0.03857566765578635
