mutation_id	ref_counts	var_counts	total_cn	VAF
chr1:197735768:A>G	25	3	4	0.10714285714285714
chr10:45627022:T>C	222	140	4	0.3867403314917127
chr11:60175509:G>T	143	91	4	0.3888888888888889
chr2:74877253:G>A	201	123	4	0.37962962962962965
chr2:99593828:C>T	333	232	4	0.41061946902654867
chr5:37046114:C>A	71	60	4	0.4580152671755725
chr7:72403333:C>T	358	62	4	0.14761904761904762
chr7:140753393:T>A	112	23	4	0.17037037037037037
chr9:5078360:A>G	222	78	4	0.26
chrX:136345269:G>C	305	68	4	0.18230563002680966
