mutation_id	ref_counts	var_counts	total_cn	VAF
chr1:108648940:C>A	202	126	2	0.38414634146341464
chr1:154948345:C>G	242	118	2	0.3277777777777778
chr11:124250361:G>A	211	97	2	0.31493506493506496
chr12:21297482:C>T	167	77	2	0.3155737704918033
chr12:25245344:->CGC	216	70	2	0.24475524475524477
chr12:112486612:G>A	253	143	2	0.3611111111111111
chr14:106714689:C>G	32	40	0	0.5555555555555556
chr17:28534995:C>T	431	272	2	0.3869132290184922
chr2:87339033:T>-	30	14	2	0.3181818181818182
chr2:185808201:C>G	144	67	2	0.3175355450236967
chr2:219492179:G>A	318	201	2	0.3872832369942196
chr22:23693934:A>C	239	113	2	0.3210227272727273
chr3:47057189:->ACACAGG	302	121	2	0.2860520094562648
chr5:115580995:C>T	289	165	2	0.3634361233480176
chr5:140836543:G>A	217	108	2	0.3323076923076923
chr6:26104250:C>T	238	110	2	0.3160919540229885
chr6:27831371:C>T	237	67	2	0.22039473684210525
chr6:49787177:G>C	109	48	2	0.3057324840764331
chr6:50840156:G>C	92	87	2	0.4860335195530726
chr6:57052788:C>T	132	63	2	0.3230769230769231
chr8:78686590:C>G	167	69	2	0.2923728813559322
chr8:115619931:G>A	215	99	2	0.31528662420382164
chr8:123681350:G>A	146	85	2	0.36796536796536794
chrX:34943567:C>G	75	142	1	0.6543778801843319
