mutation_id	ref_counts	var_counts	total_cn	VAF
chr1:43588922:G>A	343	38	3	0.09973753280839895
chr1:110053685:G>A	178	74	3	0.29365079365079366
chr1:115992079:C>G	179	99	3	0.35611510791366907
chr1:155904493:->GGG	140	52	3	0.2708333333333333
chr11:66266118:G>A	206	28	2	0.11965811965811966
chr16:1626107:C>T	150	21	2	0.12280701754385964
chr16:3738617:G>A	83	86	2	0.5088757396449705
chr16:48104270:C>T	137	126	2	0.4790874524714829
chr19:7900188:G>A	156	144	2	0.48
chr2:71364177:C>T	87	97	2	0.5271739130434783
chr2:115814851:G>A	90	68	2	0.43037974683544306
chr2:178636165:G>A	156	67	2	0.3004484304932735
chr5:13700856:T>G	132	52	3	0.2826086956521739
chr5:151531635:C>T	253	122	3	0.3253333333333333
chr8:141356915:G>A	496	56	3	0.10144927536231885
chr9:39078725:G>A	287	124	2	0.30170316301703165
