mutation_id	ref_counts	var_counts	total_cn	VAF
chr14:106639119:->CTCTCGACCTAACGA	213	26	6	0.1087866108786611
chr16:1218003:G>A	231	163	3	0.4137055837563452
chr19:51994494:T>C	134	6	3	0.04285714285714286
chr8:142536995:C>T	329	118	7	0.2639821029082774
chr9:99142585:T>C	303	144	6	0.3221476510067114
chrX:48575662:G>A	538	153	10	0.22141823444283648
