mutation_id	ref_counts	var_counts	total_cn	VAF
chr13:98863072:C>T	203	117	2	0.365625
chr15:82044427:T>A	462	38	2	0.076
chr15:93052461:G>A	212	136	2	0.39080459770114945
chr16:67952403:G>C	153	115	2	0.4291044776119403
chr22:26027500:C>T	228	207	2	0.47586206896551725
chr22:41972199:G>A	190	156	2	0.4508670520231214
chr4:1961074:G>A	182	125	2	0.40716612377850164
chr4:93626404:G>C	111	122	2	0.5236051502145923
chr6:52751592:G>T	90	90	2	0.5
chr7:123123170:C>T	180	120	2	0.4
chr9:120798749:G>A	214	98	2	0.3141025641025641
chrX:5893219:C>T	254	198	2	0.43805309734513276
