mutation_id	ref_counts	var_counts	total_cn	VAF
chr1:154345802:C>T	112	97	2	0.46411483253588515
chr1:235442910:G>A	148	108	2	0.421875
chr10:5395389:G>A	543	191	4	0.26021798365122617
chr10:50343606:G>A	450	127	4	0.22010398613518198
chr10:94403445:C>A	782	251	4	0.24298160696999033
chr10:121520166:C>T	379	106	4	0.21855670103092784
chr11:45252657:C>T	252	167	2	0.39856801909307876
chr11:123977592:C>T	239	163	2	0.4054726368159204
chr12:25245350:C>T	218	94	2	0.30128205128205127
chr14:106506995:->GGTGCGGAA	84	58	2	0.4084507042253521
chr19:3779542:G>A	280	142	2	0.33649289099526064
chr2:70165589:A>G	232	36	2	0.13432835820895522
chr2:88886149:CTC>-	119	71	2	0.3736842105263158
chr3:119544586:G>A	149	91	2	0.37916666666666665
chr4:153322789:C>T	368	18	2	0.046632124352331605
chr6:118314119:G>A	465	194	3	0.2943854324734446
chr9:35705612:C>T	228	168	2	0.42424242424242425
