mutation_id	ref_counts	var_counts	total_cn	VAF
chr1:78095046:G>A	179	82	2	0.31417624521072796
chr1:155318715:C>T	180	123	2	0.40594059405940597
chr15:92147001:G>A	274	16	2	0.05517241379310345
chr16:48105290:G>A	348	25	2	0.06702412868632708
chr18:26547178:G>A	171	158	2	0.48024316109422494
chr2:88861539:TTGGTCCCCTGGCCAAAACTGCACACACAATGG>CT	24	24	1	0.5
chr4:118138108:G>A	161	139	2	0.4633333333333333
chr5:132559359:G>A	106	74	2	0.4111111111111111
chr6:27133402:AACATTCAGGCCGTGCTACTGCCCAAA>T	196	76	2	0.27941176470588236
chr6:68936590:C>T	266	35	2	0.11627906976744186
chr8:78717477:G>A	167	26	2	0.13471502590673576
