mutation_id	ref_counts	var_counts	total_cn	VAF
chr1:28743927:->T	68	56	2	0.45161290322580644
chr1:36455846:C>T	256	190	2	0.4260089686098655
chr11:2847989:G>A	271	251	2	0.48084291187739464
chr11:6795185:C>T	245	141	2	0.36528497409326427
chr13:113263572:->CC	140	59	2	0.2964824120603015
chr17:61869296:C>T	66	47	2	0.415929203539823
chr2:166041375:C>T	59	66	2	0.528
chr2:209917852:C>T	500	69	2	0.12126537785588752
chr21:31266567:C>T	689	35	2	0.04834254143646409
chr9:98782533:C>T	286	11	2	0.037037037037037035
chrX:108695379:A>T	416	28	2	0.06306306306306306
