mutation_id	ref_counts	var_counts	total_cn	VAF
chr1:114713909:G>T	367	34	2	0.08478802992518704
chr1:114716123:C>T	407	59	2	0.12660944206008584
chr1:240868786:C>T	185	123	2	0.39935064935064934
chr11:14517739:G>A	174	20	2	0.10309278350515463
chr11:64116940:C>T	423	61	2	0.12603305785123967
chr12:130442535:C>T	316	134	2	0.29777777777777775
chr14:106470264:->GTGGG	232	60	3	0.2054794520547945
chr15:27957614:G>A	331	181	2	0.353515625
chr17:41841927:G>A	440	108	3	0.19708029197080293
chr19:41909092:C>G	330	20	2	0.05714285714285714
chr19:54129321:G>A	458	211	2	0.3153961136023916
chr19:54783506:G>T	353	40	2	0.10178117048346055
chr2:166199775:G>A	508	26	2	0.04868913857677903
chr2:208146117:C>T	295	47	2	0.13742690058479531
chr20:2862055:G>A	338	37	2	0.09866666666666667
chr20:36188377:G>A	311	20	2	0.06042296072507553
chr3:25620799:G>T	139	57	2	0.29081632653061223
chr3:50253148:G>A	212	174	2	0.45077720207253885
chr3:127575235:G>T	374	33	2	0.08108108108108109
chr4:125320936:C>T	515	52	3	0.09171075837742504
chr6:85490623:C>T	532	53	3	0.0905982905982906
chr7:149864197:A>C	660	18	2	0.02654867256637168
chr8:119593831:T>A	189	29	2	0.13302752293577982
chr9:74630363:G>T	396	16	2	0.038834951456310676
