mutation_id	ref_counts	var_counts	total_cn	VAF
chr1:114716123:C>T	265	127	2	0.3239795918367347
chr1:240806179:G>A	328	140	3	0.29914529914529914
chr10:112413277:G>A	270	23	3	0.07849829351535836
chr10:114162808:TT>-	385	111	3	0.22379032258064516
chr12:138572:C>T	263	218	2	0.45322245322245325
chr13:28018492:T>C	337	18	2	0.05070422535211268
chr16:67626578:T>C	171	93	2	0.3522727272727273
chr17:3216497:C>T	165	128	2	0.43686006825938567
chr19:55911813:G>A	178	183	2	0.5069252077562327
chr2:119587135:C>T	134	99	2	0.4248927038626609
chr4:2081642:C>T	258	48	3	0.1568627450980392
chr9:14859297:C>T	187	162	2	0.46418338108882523
chrX:107642477:G>A	118	75	2	0.38860103626943004
