mutation_id	ref_counts	var_counts	total_cn	VAF
chr1:12893030:C>G	260	8	2	0.029850746268656716
chr1:27547478:C>G	844	57	2	0.06326304106548279
chr1:43970664:G>A	153	102	2	0.4
chr1:50200963:G>C	187	30	2	0.1382488479262673
chr1:114716127:C>G	202	53	2	0.20784313725490197
chr1:118884852:C>T	291	59	2	0.16857142857142857
chr1:172453128:C>A	184	101	2	0.3543859649122807
chr10:47291:G>A	309	58	2	0.15803814713896458
chr10:62805591:G>A	1166	106	2	0.08333333333333333
chr12:129531132:G>C	300	181	2	0.3762993762993763
chr14:106627249:->CTCTCCCC	26	5	1	0.16129032258064516
chr15:23566319:C>T	311	270	2	0.46471600688468157
chr15:89486897:G>A	556	48	2	0.07947019867549669
chr16:67611181:C>T	264	20	2	0.07042253521126761
chr17:4789774:C>G	425	46	2	0.09766454352441614
chr17:30869574:C>G	236	26	2	0.09923664122137404
chr17:69020498:G>A	226	121	2	0.34870317002881845
chr17:80184002:G>C	712	52	2	0.06806282722513089
chr17:81202312:G>C	512	68	2	0.11724137931034483
chr19:2425228:C>T	319	237	2	0.4262589928057554
chr19:34466996:C>T	256	40	2	0.13513513513513514
chr19:48171838:G>A	437	282	2	0.39221140472878996
chr2:113406870:ATTCACAGTGTTACA>CCTT	66	36	2	0.35294117647058826
chr2:237388022:C>A	194	141	2	0.4208955223880597
chr22:37103385:G>A	824	60	2	0.06787330316742081
chr3:78627511:C>T	259	60	2	0.18808777429467086
chr3:111885217:G>C	273	56	2	0.1702127659574468
chr3:195778859:G>C	347	44	2	0.11253196930946291
chr4:73223013:C>T	95	48	2	0.3356643356643357
chr4:77774532:G>A	87	8	2	0.08421052631578947
chr4:90309364:G>A	119	23	2	0.1619718309859155
chr4:145162694:G>C	119	13	2	0.09848484848484848
chr4:161459282:T>C	122	40	2	0.24691358024691357
chr5:141345755:C>T	601	463	2	0.4351503759398496
chr7:151735918:C>G	376	63	2	0.14350797266514806
chr8:76704289:G>A	292	26	2	0.08176100628930817
chr9:127817165:G>A	423	42	2	0.09032258064516129
chrX:137030907:G>A	816	129	3	0.1365079365079365
