mutation_id	ref_counts	var_counts	total_cn	VAF
chr10:27860647:A>T	220	162	2	0.42408376963350786
chr10:103403166:G>A	363	127	2	0.25918367346938775
chr10:133268108:G>A	508	220	2	0.3021978021978022
chr11:62977255:G>A	424	168	2	0.28378378378378377
chr11:130208489:C>T	480	335	2	0.4110429447852761
chr12:52547956:G>T	245	101	2	0.29190751445086704
chr12:76031492:C>G	662	409	2	0.3818860877684407
chr14:37749120:G>T	386	42	2	0.09813084112149532
chr14:66490748:G>A	245	135	2	0.35526315789473684
chr14:92155243:C>G	302	111	2	0.2687651331719128
chr16:66988805:C>G	501	198	2	0.2832618025751073
chr17:4533285:C>T	312	230	2	0.42435424354243545
chr17:39715855:G>A	431	284	2	0.3972027972027972
chr17:40751186:C>T	295	194	2	0.3967280163599182
chr18:46969279:C>T	2323	283	2	0.10859554873369148
chr19:12464271:C>T	457	192	2	0.29583975346687214
chr19:12464523:C>T	469	166	2	0.2614173228346457
chr2:98563523:G>A	490	220	2	0.30985915492957744
chr2:130500604:T>G	372	55	2	0.1288056206088993
chr2:130620083:A>C	80	16	2	0.16666666666666666
chr21:31974606:G>A	501	62	2	0.11012433392539965
chr22:28773767:G>A	293	181	2	0.3818565400843882
chr4:1375366:C>A	288	194	2	0.4024896265560166
chr4:1961074:G>A	233	171	2	0.42326732673267325
chr4:176139944:G>C	302	22	2	0.06790123456790123
chr4:186618536:C>G	408	24	2	0.05555555555555555
chr5:153494033:A>G	278	180	2	0.3930131004366812
chr6:38842463:A>C	159	105	2	0.3977272727272727
chr6:122803774:G>A	323	189	2	0.369140625
chr7:95302332:G>C	258	37	2	0.12542372881355932
chr7:140754187:T>G	198	135	2	0.40540540540540543
chr7:156676512:G>A	548	221	2	0.28738621586475943
chr7:156684149:G>C	243	109	2	0.3096590909090909
chr9:76095904:C>A	458	60	2	0.11583011583011583
