mutation_id	ref_counts	var_counts	total_cn	VAF
chr1:84865402:G>A	110	62	2	0.36046511627906974
chr10:24543303:T>C	434	22	2	0.04824561403508772
chr11:22262170:T>C	114	106	2	0.4818181818181818
chr12:25225713:T>A	166	143	2	0.4627831715210356
chr15:42069963:T>C	236	200	2	0.45871559633027525
chr16:3850529:A>G	290	237	2	0.4497153700189753
chr16:9764338:G>A	243	181	2	0.4268867924528302
chr16:19463365:C>T	146	109	2	0.42745098039215684
chr17:29636777:T>C	288	130	3	0.31100478468899523
chr19:17624847:C>T	205	110	2	0.3492063492063492
chr19:21530638:A>C	139	82	2	0.37104072398190047
chr19:38374795:C>A	728	58	2	0.0737913486005089
chr19:49086489:G>A	255	190	2	0.42696629213483145
chr20:44750695:G>A	247	105	2	0.29829545454545453
chr4:15054163:T>C	218	104	3	0.32298136645962733
chr4:143699601:G>T	502	229	3	0.31326949384404923
chr4:165484457:G>A	242	94	3	0.27976190476190477
chr5:73562672:C>G	231	107	3	0.3165680473372781
chr5:155014477:C>G	475	196	3	0.29210134128166915
chr7:50382590:G>A	47	187	1	0.7991452991452992
chr7:90227414:C>T	285	112	3	0.28211586901763225
chr7:149281712:C>T	638	293	3	0.3147153598281418
chr9:137917252:G>A	115	127	2	0.5247933884297521
