mutation_id	ref_counts	var_counts	total_cn	VAF
chr1:154970518:G>A	272	80	2	0.22727272727272727
chr12:21828977:C>T	239	54	2	0.18430034129692832
chr12:58877532:C>T	369	133	2	0.2649402390438247
chr12:101354947:C>T	296	94	2	0.24102564102564103
chr12:101354948:C>T	298	94	2	0.23979591836734693
chr19:35560390:C>T	390	118	2	0.23228346456692914
chr2:148458837:C>T	293	50	2	0.1457725947521866
chr20:38309023:G>A	260	70	2	0.21212121212121213
chr20:56525838:T>C	253	39	2	0.13356164383561644
chr21:46273552:G>A	210	96	1	0.3137254901960784
chr5:139480857:C>A	371	95	2	0.20386266094420602
chr7:124747257:G>A	306	74	2	0.19473684210526315
