mutation_id	ref_counts	var_counts	total_cn	VAF
chr1:70039158:A>G	230	38	2	0.1417910447761194
chr1:152302748:C>A	252	14	2	0.05263157894736842
chr10:79291119:T>C	561	86	2	0.13292117465224113
chr12:6667880:GACTGGAAGTGTGGTGGTGGCTGTTGC>CGGATGGATGTAGGGTGGTGGCTGT	212	42	2	0.16535433070866143
chr12:6667920:GCTGCTGCTGCTG>AT	263	84	2	0.2420749279538905
chr14:32600745:G>C	275	78	2	0.22096317280453256
chr14:106470263:->CGGAGAA	92	19	1	0.17117117117117117
chr17:7673775:->GG	609	68	2	0.10044313146233383
chr21:31252048:C>T	312	291	2	0.48258706467661694
chr22:29298858:G>A	384	35	2	0.08353221957040573
chr3:52386724:G>A	384	40	2	0.09433962264150944
chr4:65643367:T>-	293	35	2	0.10670731707317073
chr5:131492767:G>A	128	101	2	0.4410480349344978
chr7:73831784:G>A	555	22	2	0.038128249566724434
chr7:90227001:C>T	301	30	2	0.09063444108761329
