mutation_id	ref_counts	var_counts	total_cn	VAF
chr1:10413217:C>T	204	170	2	0.45454545454545453
chr10:93797797:C>T	242	30	3	0.11029411764705882
chr10:132880892:G>A	410	187	3	0.3132328308207705
chr11:2640903:C>T	228	82	3	0.2645161290322581
chr11:46544003:GTGA>-	265	40	3	0.13114754098360656
chr11:55774178:G>T	453	83	3	0.15485074626865672
chr11:63631345:G>A	433	178	3	0.29132569558101473
chr11:109423708:C>T	686	107	3	0.13493064312736444
chr12:71139785:C>T	585	51	3	0.08018867924528301
chr14:19828317:G>A	200	40	3	0.16666666666666666
chr14:41887124:G>A	455	97	3	0.17572463768115942
chr17:40351956:C>T	520	99	3	0.15993537964458804
chr19:55014592:T>G	250	78	2	0.23780487804878048
chr2:24841259:G>A	124	53	2	0.2994350282485876
chr2:36583439:C>T	177	59	2	0.25
chr2:166015709:T>G	196	83	2	0.2974910394265233
chr3:122467399:C>A	118	36	2	0.23376623376623376
chr5:178035101:G>A	295	21	3	0.06645569620253164
chr6:44310374:C>G	659	110	3	0.14304291287386217
chr6:168044946:C>T	517	227	3	0.30510752688172044
chr9:18777602:C>T	262	194	2	0.42543859649122806
chrX:123465770:C>T	304	58	3	0.16022099447513813
