mutation_id	ref_counts	var_counts	total_cn	VAF
chr12:25245347:C>T	257	55	2	0.1762820512820513
chr2:233828920:A>G	450	64	2	0.1245136186770428
chr5:140884343:C>T	317	72	2	0.18508997429305912
chr9:18777771:T>G	662	75	2	0.10176390773405698
chr9:35810978:C>T	552	84	2	0.1320754716981132
