mutation_id	ref_counts	var_counts	total_cn	VAF
chr10:125774183:C>T	522	206	2	0.28296703296703296
chr11:281138:GGAGCTTCGTGGCTCCAAAGTGCAGACGCTGTTTCTCAGCAAAAA>-	32	3	2	0.08571428571428572
chr12:57179391:C>T	280	106	2	0.27461139896373055
chr13:102746253:G>A	428	52	2	0.10833333333333334
chr14:104176261:CTGGGTTCCTGGGGCCAGACAGACCTGACAGTCCTGGGCCAAC>-	25	3	2	0.10714285714285714
chr20:63006282:TCTTGGCGAGCAGCAGCGTGGCGA>-	32	3	2	0.08571428571428572
chr3:51645097:C>T	325	103	2	0.24065420560747663
chr3:171140465:C>A	236	200	2	0.45871559633027525
chr4:75033891:G>A	215	88	2	0.29042904290429045
chr4:125398811:G>A	147	61	2	0.2932692307692308
chr6:52273858:C>T	150	109	2	0.42084942084942084
chr8:144137884:A>G	870	100	2	0.10309278350515463
