mutation_id	ref_counts	var_counts	total_cn	VAF
chr1:230931301:G>A	163	33	2	0.1683673469387755
chr10:18514296:G>A	467	98	4	0.17345132743362832
chr10:19531351:G>A	235	18	4	0.07114624505928854
chr10:71807312:T>C	573	91	4	0.13704819277108435
chr10:82738608:G>T	412	66	4	0.13807531380753138
chr11:5755137:C>T	359	44	2	0.10918114143920596
chr12:75413607:G>T	177	52	2	0.22707423580786026
chr15:33838607:C>T	291	103	2	0.2614213197969543
chr16:89856125:C>T	241	134	2	0.35733333333333334
chr17:62677393:G>A	539	125	3	0.18825301204819278
chr17:78827342:C>T	170	137	3	0.44625407166123776
chr2:178750637:G>A	251	38	2	0.1314878892733564
chr20:62200780:C>T	369	79	2	0.17633928571428573
chr22:26026865:C>T	408	54	2	0.11688311688311688
chr3:56139672:T>C	155	59	2	0.2757009345794392
chr3:136002543:C>A	251	86	2	0.2551928783382789
chr4:866400:G>A	487	104	4	0.17597292724196278
chr4:8581210:C>T	1077	70	4	0.06102877070619006
chr5:141052017:C>T	470	18	2	0.036885245901639344
chr6:55174619:C>A	319	128	4	0.28635346756152125
chr7:103604463:C>T	206	107	2	0.34185303514376997
chr7:107200164:->TGGGT	177	16	2	0.08290155440414508
chr7:150856919:T>G	388	82	2	0.17446808510638298
chrX:56284471:C>T	527	175	4	0.2492877492877493
