mutation_id	ref_counts	var_counts	total_cn	VAF
chr11:89804168:T>G	291	34	2	0.10461538461538461
chr11:101473713:G>T	177	51	2	0.2236842105263158
chr12:11885968:C>T	270	61	1	0.18429003021148035
chr14:21525045:C>T	366	33	2	0.08270676691729323
chr19:9829976:G>A	293	20	2	0.06389776357827476
chr19:34428503:->GGCTCC	178	53	2	0.22943722943722944
chr2:90100670:C>G	326	111	1	0.2540045766590389
chr2:120984611:G>A	533	90	2	0.14446227929373998
chr2:202036232:G>A	336	134	2	0.2851063829787234
chr2:228019380:GTTGTCTGCTGGA>-	41	4	2	0.08888888888888889
chr20:31303341:->AAGTTTCAGGCAGCACTTTTGATCATTTGGGCAGGTT	21	3	2	0.125
chr3:9739412:G>A	359	76	2	0.17471264367816092
chr3:49114186:G>T	228	23	2	0.09163346613545817
chr3:89407277:A>G	288	20	2	0.06493506493506493
chr4:17837662:C>T	306	26	2	0.0783132530120482
chr4:73442312:G>A	252	12	2	0.045454545454545456
chr5:52800869:A>C	373	33	2	0.0812807881773399
chr5:80150904:C>T	152	83	2	0.35319148936170214
chr7:76510802:GATTGGACCCTGGGCGCCCGCCCCCCTCC>-	37	4	2	0.0975609756097561
chr9:33944459:G>T	234	72	2	0.23529411764705882
