mutation_id	ref_counts	var_counts	total_cn	VAF
chr1:13370720:C>G	359	39	2	0.09798994974874371
chr11:55811685:C>A	542	20	2	0.03558718861209965
chr15:43522950:C>T	550	82	2	0.12974683544303797
chr16:21125354:C>T	292	17	2	0.05501618122977346
chr17:7673775:C>G	390	135	1	0.2571428571428571
chr18:3879507:G>A	640	22	2	0.03323262839879154
chr18:22200723:C>T	316	210	2	0.39923954372623577
chr19:16525655:G>A	546	140	2	0.20408163265306123
chr2:89986702:TCCCACAGTGCTACAGCCCTGAGCACAAACCTCTCTGCTTGA>CCCTCTCGCCCTGAACAAAAACCTCCCGCTGG	50	6	2	0.10714285714285714
chr2:196319521:GTCTTG>C	284	90	2	0.24064171122994651
chr21:34880652:T>C	506	64	2	0.11228070175438597
chr6:34133244:C>A	499	106	2	0.17520661157024794
chr7:64266725:C>T	482	24	2	0.04743083003952569
chr8:85661525:G>A	1426	98	2	0.06430446194225722
chr8:87873164:C>A	454	85	2	0.15769944341372913
chr9:135547961:G>A	144	132	2	0.4782608695652174
