mutation_id	ref_counts	var_counts	total_cn	VAF
chr10:105214536:C>A	235	172	2	0.4226044226044226
chr10:132924838:C>T	301	232	2	0.4352720450281426
chr13:98440038:C>T	296	180	2	0.37815126050420167
chr13:102616409:A>G	136	86	2	0.38738738738738737
chr16:70901177:G>A	155	57	2	0.2688679245283019
chr19:44172125:C>T	91	81	2	0.47093023255813954
chr4:1961074:G>A	210	166	2	0.44148936170212766
chr6:30898279:G>A	298	219	2	0.42359767891682787
chr6:152428253:G>A	158	113	2	0.41697416974169743
chr9:135484605:C>T	219	140	2	0.38997214484679665
