mutation_id	ref_counts	var_counts	total_cn	VAF
chr10:102139098:AGG>-	131	7	2	0.050724637681159424
chr12:49024891:CA>TCCGGGAGGGGAACGG	21	5	2	0.19230769230769232
chr12:88160213:T>C	115	78	2	0.40414507772020725
chr2:144389983:T>C	181	155	2	0.46130952380952384
chr2:210654082:G>A	132	108	2	0.45
chr3:183790980:G>C	150	120	2	0.4444444444444444
chr6:36916477:G>A	127	97	2	0.4330357142857143
