mutation_id	ref_counts	var_counts	total_cn	VAF
chr16:57728521:C>T	510	26	2	0.048507462686567165
chr19:3977544:C>T	638	70	2	0.09887005649717515
chr2:237334644:G>A	130	151	2	0.5373665480427047
chr20:46546303:C>T	242	79	2	0.24610591900311526
chr3:165049870:C>A	33	22	2	0.4
