mutation_id	ref_counts	var_counts	total_cn	VAF
chr1:231163746:G>A	294	134	2	0.3130841121495327
chr11:17645761:C>T	175	157	2	0.47289156626506024
chr12:9203801:C>T	173	129	2	0.4271523178807947
chr14:19827940:C>-	949	234	2	0.1978021978021978
chr14:106639119:->CTCC	52	36	1	0.4090909090909091
chr16:74726239:G>A	169	106	2	0.38545454545454544
chr16:74999833:GGCAGGCATG>-	498	169	2	0.25337331334332835
chr17:78891894:G>A	288	227	2	0.4407766990291262
chr2:90005629:T>C	28	102	1	0.7846153846153846
chr2:95214805:C>T	208	155	2	0.42699724517906334
chr2:178738095:T>A	153	123	2	0.44565217391304346
chr2:215075577:G>C	183	57	2	0.2375
chr3:88465938:C>A	190	141	2	0.4259818731117825
chr3:195780908:CGT>-	185	80	2	0.3018867924528302
chr5:141355743:C>T	302	129	2	0.29930394431554525
chr7:54569174:G>T	215	169	2	0.4401041666666667
chr7:100991159:T>A	311	322	2	0.5086887835703001
