mutation_id	ref_counts	var_counts	total_cn	VAF
chr1:114716126:C>T	320	140	2	0.30434782608695654
chr1:152218967:C>T	310	276	2	0.4709897610921502
chr10:124696157:C>T	116	81	2	0.41116751269035534
chr11:64740915:->C	292	96	2	0.24742268041237114
chr12:25245350:C>T	313	47	2	0.13055555555555556
chr12:84886026:C>T	148	133	2	0.47330960854092524
chr14:73946463:C>T	456	24	2	0.05
chr15:52383128:G>A	192	175	2	0.4768392370572207
chr16:3731352:G>A	362	324	2	0.47230320699708456
chr17:36254514:C>T	388	55	2	0.12415349887133183
chr19:2207634:C>T	236	187	2	0.44208037825059104
chr19:31278959:C>T	471	44	2	0.0854368932038835
chr20:47672222:G>A	140	106	2	0.43089430894308944
chr20:59944447:G>T	499	50	2	0.09107468123861566
chr22:41177084:C>G	374	185	2	0.33094812164579607
chr4:73869491:C>T	523	266	3	0.33713561470215464
chr4:103057957:G>A	260	115	3	0.30666666666666664
chr4:103057958:A>C	259	111	3	0.3
chr5:141344087:G>A	336	57	2	0.1450381679389313
chr6:31631300:T>C	416	366	2	0.4680306905370844
chr6:33264428:G>T	220	197	2	0.4724220623501199
chr9:32634819:C>A	268	269	2	0.5009310986964618
chr9:95447075:C>T	375	304	2	0.4477172312223859
chr9:138120721:G>A	449	183	2	0.28955696202531644
