mutation_id	ref_counts	var_counts	total_cn	VAF
chr10:24600828:C>T	370	53	2	0.12529550827423167
chr10:121517346:G>A	250	151	2	0.3765586034912718
chr11:4545588:G>A	407	52	2	0.11328976034858387
chr11:56093875:G>T	398	18	2	0.04326923076923077
chr16:4381327:C>T	898	26	2	0.02813852813852814
chr16:55823574:C>T	402	130	2	0.24436090225563908
chr17:75913982:C>A	614	79	2	0.113997113997114
chr18:46477625:G>A	314	248	2	0.4412811387900356
chr2:90173413:->CGG	151	80	2	0.3463203463203463
chr2:113406870:ATTCA>G	14	85	2	0.8585858585858586
chr2:215407247:C>T	247	189	2	0.4334862385321101
chr2:237371799:C>T	369	169	2	0.3141263940520446
chr22:22031441:TATTACTGTCAGACCTGGGGCACTGGCATTCA>CCTGAAC	46	72	1	0.6101694915254238
chr3:113488969:G>A	207	40	2	0.16194331983805668
chr4:23884785:A>T	299	182	2	0.3783783783783784
chr5:37048666:G>C	110	82	2	0.4270833333333333
chr5:150676784:T>C	522	24	2	0.04395604395604396
chr6:29101778:A>G	434	15	2	0.0334075723830735
chr6:38815606:A>C	356	23	2	0.06068601583113457
chr6:99400703:G>C	178	19	1	0.09644670050761421
chr6:113956679:C>T	182	7	1	0.037037037037037035
chr7:124032865:C>G	834	48	2	0.05442176870748299
chr8:51861078:C>T	453	19	2	0.04025423728813559
chr9:27169603:C>T	222	55	2	0.19855595667870035
chrX:2854099:A>G	15	231	1	0.9390243902439024
chrX:27746988:G>T	356	21	1	0.05570291777188329
