mutation_id	ref_counts	var_counts	total_cn	VAF
chr11:70486678:G>A	388	44	2	0.10185185185185185
chr12:25245347:C>T	232	75	2	0.24429967426710097
chr12:25245350:C>T	260	36	2	0.12162162162162163
chr19:1047356:CCGCGGGTGGCCGCGTGG>-	23	3	2	0.11538461538461539
chr19:56814152:->GCCTCTCCATTTGGCTGTCCAGCCTCTCCAATGGGCTCTGCA	24	3	2	0.1111111111111111
chr2:43675646:T>GGG	10	20	2	0.6666666666666666
chr2:178664925:C>T	158	103	2	0.3946360153256705
chr2:178720501:T>A	214	27	2	0.11203319502074689
chr3:73383879:G>A	316	98	2	0.23671497584541062
chr7:31642209:C>A	178	137	2	0.43492063492063493
chr8:22245537:C>T	637	112	5	0.14953271028037382
chr8:144505402:G>A	482	225	5	0.31824611032531824
chrX:115170314:T>A	250	52	6	0.17218543046357615
chrX:124523498:G>C	456	64	6	0.12307692307692308
chrX:139582442:G>C	280	93	6	0.24932975871313673
