mutation_id	ref_counts	var_counts	total_cn	VAF
chr1:147620677:T>A	650	456	2	0.41229656419529837
chr1:147620678:G>A	645	464	2	0.41839495040577096
chr1:155204942:T>G	182	118	2	0.3933333333333333
chr11:47358976:->CCCCT	270	139	2	0.33985330073349634
chr13:27562603:C>T	291	166	2	0.36323851203501095
chr2:73268775:G>A	293	188	2	0.3908523908523909
chr6:73479843:C>T	106	58	2	0.35365853658536583
chr8:71215414:C>G	156	78	2	0.3333333333333333
chrX:22273306:G>A	580	47	2	0.07496012759170653
chrX:25015580:G>A	404	242	2	0.3746130030959752
chrX:129515739:C>A	183	111	2	0.37755102040816324
