mutation_id	ref_counts	var_counts	total_cn	VAF
chr1:39966878:C>T	334	75	4	0.18337408312958436
chr11:722762:C>T	548	190	4	0.25745257452574527
chr11:7509556:C>T	275	99	4	0.2647058823529412
chr11:19946428:G>A	319	96	4	0.23132530120481928
chr12:25245350:C>T	323	90	4	0.2179176755447942
chr12:26476911:C>A	87	27	4	0.23684210526315788
chr13:77068681:T>C	295	84	2	0.22163588390501318
chr15:74180850:G>A	659	36	4	0.051798561151079135
chr15:98969437:C>T	257	72	4	0.2188449848024316
chr19:1020913:G>T	696	221	4	0.2410032715376227
chr19:3590533:A>T	384	146	4	0.27547169811320754
chr19:51480517:C>G	329	103	4	0.23842592592592593
chr20:31933855:G>T	439	86	5	0.16380952380952382
chr20:38488617:AAGT>-	78	40	2	0.3389830508474576
chr20:38750142:A>C	288	14	2	0.046357615894039736
chr4:15962908:G>C	448	148	4	0.2483221476510067
chr5:13864554:C>A	292	118	4	0.28780487804878047
chr6:139135455:G>A	336	132	4	0.28205128205128205
chr7:148814092:G>A	680	70	4	0.09333333333333334
chrX:53210725:->T	177	125	2	0.4139072847682119
chrX:77574324:G>A	61	56	2	0.47863247863247865
chrX:77574325:T>C	61	56	2	0.47863247863247865
