mutation_id	ref_counts	var_counts	total_cn	VAF
chr1:155200831:G>C	264	134	2	0.33668341708542715
chr1:235993694:G>A	727	43	2	0.05584415584415584
chr10:5525379:C>T	422	216	2	0.3385579937304075
chr10:93797606:G>-	90	38	2	0.296875
chr11:100979003:C>G	245	19	2	0.07196969696969698
chr12:57200499:G>A	456	30	2	0.06172839506172839
chr12:71884947:C>G	240	79	2	0.2476489028213166
chr13:23760174:C>T	216	83	2	0.27759197324414714
chr14:19921154:G>A	286	82	2	0.22282608695652173
chr17:47848279:C>T	566	69	2	0.10866141732283464
chr19:21727325:G>A	173	71	2	0.29098360655737704
chr2:190895234:C>T	87	24	2	0.21621621621621623
chr21:33027291:GCGCAAGCTTTCCAAGATCGCCACGCTGCTGCTGGC>-	27	3	2	0.1
chr4:989283:G>A	440	244	2	0.3567251461988304
chr4:1961074:G>A	449	51	2	0.102
chr4:143698190:G>A	357	44	2	0.10972568578553615
chr6:28391437:G>A	190	63	2	0.2490118577075099
chr6:32813729:G>A	221	84	2	0.2754098360655738
chr6:97178533:G>A	146	12	2	0.0759493670886076
chr8:70069376:TCAGGTAACAGAGAAGCATCCGCAGGGGGCGGTGGAATTAAAGTG>-	21	3	2	0.125
