mutation_id	ref_counts	var_counts	total_cn	VAF
chr1:182883612:G>C	167	103	2	0.3814814814814815
chr1:182883613:C>T	165	101	2	0.37969924812030076
chr1:208217281:->C	372	168	2	0.3111111111111111
chr11:613841:G>A	409	247	2	0.37652439024390244
chr11:20388064:C>G	429	230	2	0.3490136570561457
chr11:88294368:C>G	481	15	2	0.03024193548387097
chr11:123432107:AT>TCCCTCG	260	91	2	0.25925925925925924
chr12:49027151:C>T	454	241	2	0.34676258992805753
chr13:33061330:A>C	324	205	2	0.387523629489603
chr14:23644410:C>T	275	56	2	0.1691842900302115
chr14:96303105:G>T	228	119	2	0.34293948126801155
chr14:102999614:C>T	265	189	2	0.41629955947136565
chr14:104772969:T>G	387	243	2	0.38571428571428573
chr15:31327764:C>G	423	248	2	0.36959761549925485
chr15:74338710:G>T	302	203	2	0.401980198019802
chr16:17198320:C>G	428	242	2	0.3611940298507463
chr16:67202953:C>T	275	223	2	0.44779116465863456
chr16:88533317:C>T	408	270	2	0.39823008849557523
chr19:1010456:G>A	519	310	2	0.37394451145958985
chr19:38403440:C>G	620	335	2	0.3507853403141361
chr19:48729051:G>C	544	320	2	0.37037037037037035
chr2:89099859:A>-	40	61	0	0.6039603960396039
chr20:2592406:G>C	154	74	2	0.32456140350877194
chr22:28306585:G>T	431	82	2	0.15984405458089668
chr3:151213539:G>A	416	120	2	0.22388059701492538
chr5:21975248:A>G	312	156	2	0.3333333333333333
chr5:37198770:G>A	286	173	2	0.3769063180827887
chr5:55815161:T>A	287	17	2	0.05592105263157895
chr5:151542764:C>G	324	194	2	0.3745173745173745
chr6:116877888:C>G	468	77	2	0.14128440366972478
chr7:1980487:->AG	357	157	2	0.30544747081712065
chr7:130346530:C>T	314	189	2	0.3757455268389662
chr8:141219743:C>T	804	50	2	0.0585480093676815
