mutation_id	ref_counts	var_counts	total_cn	VAF
chr10:48450374:C>T	534	272	2	0.337468982630273
chr11:102842890:G>A	106	45	2	0.2980132450331126
chr12:13753520:C>T	427	218	2	0.33798449612403103
chr12:25245351:C>T	109	36	2	0.2482758620689655
chr15:88858546:G>A	311	138	2	0.30734966592427615
chr15:88858547:C>A	310	138	2	0.3080357142857143
chr17:19328847:G>A	420	158	2	0.27335640138408307
chr17:28642870:T>C	74	7	2	0.08641975308641975
chr17:67024967:G>A	467	194	2	0.2934947049924357
chr17:76926628:A>G	402	211	2	0.3442088091353997
chr19:4558026:C>A	279	151	2	0.3511627906976744
chr19:15161686:C>T	691	90	2	0.11523687580025609
chr2:209820483:G>T	232	107	2	0.31563421828908556
chr2:223598191:G>C	211	117	2	0.3567073170731707
chr2:241246783:C>T	312	121	2	0.279445727482679
chr21:41437061:G>A	300	141	2	0.3197278911564626
chr3:119390886:C>T	422	211	2	0.3333333333333333
chr3:119402200:C>T	513	239	2	0.3178191489361702
chr3:165190716:C>T	52	22	2	0.2972972972972973
chr4:36151028:C>A	30	6	2	0.16666666666666666
chr6:28382512:A>G	75	35	2	0.3181818181818182
chr6:170566954:C>T	122	36	2	0.22784810126582278
chr7:144363235:A>G	1146	143	2	0.11093871217998448
chr9:5055705:->ATTAA	28	13	2	0.3170731707317073
