mutation_id	ref_counts	var_counts	total_cn	VAF
chr1:16052241:G>A	301	55	2	0.1544943820224719
chr11:44265054:C>T	622	34	3	0.051829268292682924
chr12:1778025:G>A	92	15	2	0.14018691588785046
chr14:106592675:->CCTCGACA	56	14	1	0.2
chr18:26916345:C>A	208	18	3	0.07964601769911504
chr19:19539706:C>T	271	45	2	0.14240506329113925
chr2:178344306:C>T	228	33	2	0.12643678160919541
chr2:233930703:A>T	232	17	2	0.06827309236947791
chr3:14494857:C>T	276	11	2	0.03832752613240418
chr4:76741267:G>A	453	114	3	0.20105820105820105
chr7:45660175:C>T	79	30	2	0.27522935779816515
chr9:110406222:C>T	291	39	3	0.11818181818181818
chrX:14530104:T>C	434	36	3	0.07659574468085106
chrX:51895710:G>C	578	27	3	0.04462809917355372
