mutation_id	ref_counts	var_counts	total_cn	VAF
chr11:3797980:A>T	564	30	2	0.050505050505050504
chr13:99501776:AGGT>CCGGTCGG	317	113	2	0.2627906976744186
chr16:27257492:C>T	309	191	2	0.382
chr16:58278563:G>A	318	198	2	0.38372093023255816
chr20:63414951:G>A	559	320	2	0.3640500568828214
chr3:35737280:C>T	859	83	2	0.0881104033970276
chr7:45592829:G>A	702	29	2	0.03967168262653899
chr8:106769723:G>A	336	229	2	0.40530973451327434
