mutation_id	ref_counts	var_counts	total_cn	VAF
chr1:151136128:A>-	202	224	3	0.5258215962441315
chr1:181798552:A>G	351	377	3	0.5178571428571429
chr12:11885950:->TGGGCCAGGGGGCCGC	288	43	2	0.1299093655589124
chr14:99174919:C>A	168	45	3	0.2112676056338028
chr14:106627251:->CTCGGTTGGG	203	43	2	0.17479674796747968
chr17:39673557:G>A	355	106	3	0.2299349240780911
chr2:198086151:C>T	176	100	2	0.36231884057971014
chr4:117084381:C>T	440	26	3	0.055793991416309016
chr6:161545424:C>T	331	106	3	0.2425629290617849
chrX:50310389:C>A	433	157	3	0.26610169491525426
