mutation_id	ref_counts	var_counts	total_cn	VAF
chr10:126049384:C>T	395	74	2	0.15778251599147122
chr11:56252645:C>A	313	206	2	0.3969171483622351
chr11:62801741:T>G	204	55	2	0.21235521235521235
chr12:14434384:C>T	247	12	2	0.04633204633204633
chr12:14436166:G>C	123	36	2	0.22641509433962265
chr12:25245351:C>T	384	30	2	0.07246376811594203
chr13:110186398:G>T	352	29	2	0.07611548556430446
chr14:105644603:T>C	607	67	2	0.09940652818991098
chr16:19116029:G>A	694	38	2	0.05191256830601093
chr16:89884620:A>C	194	118	2	0.3782051282051282
chr17:63482687:C>T	217	93	2	0.3
chr19:34430586:ATACT>-	140	19	2	0.11949685534591195
chr2:27200461:C>T	400	44	2	0.0990990990990991
chr4:86785335:G>A	288	25	2	0.07987220447284345
chr6:70588686:G>A	215	24	2	0.100418410041841
chr6:130878161:C>T	315	125	2	0.2840909090909091
chr6:142367807:T>A	382	31	2	0.07506053268765134
chr7:16566352:G>A	150	110	2	0.4230769230769231
chr7:144399158:A>G	112	16	2	0.125
chr8:30845346:G>A	126	66	2	0.34375
chr9:32630549:C>T	252	78	2	0.23636363636363636
chr9:36003844:G>A	150	115	2	0.4339622641509434
chr9:100349298:CTT>-	154	45	2	0.22613065326633167
chrX:644465:G>A	945	100	2	0.09569377990430622
