mutation_id	ref_counts	var_counts	total_cn	VAF
chr1:114716123:C>T	287	113	2	0.2825
chr11:54603912:A>T	255	106	2	0.29362880886426596
chr11:123977402:C>A	273	119	2	0.30357142857142855
chr12:57696300:G>A	270	135	2	0.3333333333333333
chr12:117330508:C>T	361	144	2	0.2851485148514851
chr14:78966074:G>A	344	140	2	0.2892561983471074
chr15:74243987:C>G	226	81	2	0.26384364820846906
chr18:49906625:G>A	194	86	2	0.30714285714285716
chr19:48713510:G>T	375	101	2	0.21218487394957983
chr2:97158129:C>T	61	18	2	0.22784810126582278
chr2:118846404:G>T	481	175	2	0.26676829268292684
chr2:178837585:C>G	212	96	2	0.3116883116883117
chr2:219557527:G>A	928	73	2	0.07292707292707293
chr20:3661232:G>C	672	295	2	0.3050672182006205
chr22:22812043:G>T	266	120	2	0.31088082901554404
chr3:89399464:T>G	366	110	2	0.23109243697478993
chr4:1961074:G>A	310	117	2	0.27400468384074944
chr5:115962945:G>C	483	159	2	0.24766355140186916
chr6:36366949:C>T	296	70	2	0.1912568306010929
chr6:125885179:G>A	222	75	2	0.25252525252525254
chr7:102474394:G>A	562	196	2	0.25857519788918204
chr9:104617527:G>A	261	74	2	0.2208955223880597
chrX:71393398:G>A	179	165	1	0.4796511627906977
