mutation_id	ref_counts	var_counts	total_cn	VAF
chr10:8064040:C>T	599	17	2	0.027597402597402596
chr2:232557930:C>T	443	54	2	0.10865191146881288
chr6:27254738:C>A	305	130	2	0.2988505747126437
