mutation_id	ref_counts	var_counts	total_cn	VAF
chr1:216199675:T>G	190	101	2	0.3470790378006873
chr10:75399442:C>T	636	183	2	0.22344322344322345
chr12:25245350:C>T	310	79	2	0.20308483290488433
chr12:49041113:->TACTAACGTACT	584	218	2	0.2718204488778055
chr16:29695131:C>T	327	212	2	0.39332096474953615
chr16:87891882:->GGGG	394	163	2	0.2926391382405745
chr19:618558:C>T	287	170	2	0.37199124726477023
chr19:6222592:G>A	511	146	2	0.2222222222222222
chr19:16157343:T>G	272	211	2	0.43685300207039335
chr19:40669994:C>T	310	109	2	0.26014319809069214
chr21:42313586:C>T	415	110	2	0.20952380952380953
chr22:38751348:T>A	272	92	2	0.25274725274725274
chr3:1383032:G>-	148	90	2	0.37815126050420167
chr3:65379403:G>T	584	146	2	0.2
chr7:57468802:G>T	134	27	2	0.16770186335403728
chr8:23303376:->ACCCCCTAGGGAGGGGG	268	113	2	0.29658792650918636
chr9:114049675:G>A	312	248	2	0.44285714285714284
