mutation_id	ref_counts	var_counts	total_cn	VAF
chr11:88509063:G>T	1069	188	2	0.14956245027844073
chr12:25245347:C>T	482	60	2	0.11070110701107011
chr14:100292811:C>T	1442	85	3	0.05566470203012443
chr17:4597282:G>A	522	82	2	0.1357615894039735
chr17:43861907:C>T	320	55	2	0.14666666666666667
chr17:47299380:C>T	528	52	2	0.0896551724137931
chr19:464021:C>T	947	170	2	0.1521933751119069
chr2:84824113:C>T	749	133	2	0.15079365079365079
chr20:63541533:C>T	786	151	2	0.16115261472785486
chr7:98921830:C>T	642	113	2	0.14966887417218544
chr8:123645789:G>T	626	76	2	0.10826210826210826
chr9:136799189:G>A	430	30	2	0.06521739130434782
