mutation_id	ref_counts	var_counts	total_cn	VAF
chr1:11648757:G>A	720	224	2	0.23728813559322035
chr1:36859884:G>T	447	20	2	0.042826552462526764
chr10:71690566:C>T	474	25	2	0.050100200400801605
chr11:72838837:C>T	252	113	2	0.3095890410958904
chr12:21378396:G>A	227	20	1	0.08097165991902834
chr14:93622171:C>T	540	44	2	0.07534246575342465
chr17:10526974:A>G	330	11	2	0.03225806451612903
chr17:19742123:C>T	356	243	2	0.4056761268781302
chr17:75564399:G>A	432	162	2	0.2727272727272727
chr18:36501938:T>G	132	8	2	0.05714285714285714
chr19:44748979:C>T	1251	124	2	0.09018181818181818
chr3:89407358:G>A	180	95	2	0.34545454545454546
chr4:8587131:C>T	526	205	2	0.280437756497948
chr4:55107852:C>A	542	44	2	0.07508532423208192
chr4:84751677:C>T	418	21	2	0.04783599088838269
chr4:143697943:G>A	416	26	2	0.058823529411764705
chr9:127825357:C>T	282	195	2	0.4088050314465409
chrX:37009149:C>T	130	132	1	0.5038167938931297
