mutation_id	ref_counts	var_counts	total_cn	VAF
chr1:114716126:C>T	160	158	2	0.4968553459119497
chr10:119165568:G>A	356	130	3	0.2674897119341564
chr12:52434298:G>A	291	142	3	0.3279445727482679
chr16:31219389:G>A	202	190	2	0.4846938775510204
chr6:158084166:C>T	247	99	3	0.2861271676300578
chrX:3310334:G>T	257	301	2	0.5394265232974911
