mutation_id	ref_counts	var_counts	total_cn	VAF
chr11:124991497:G>A	195	33	1	0.14473684210526316
chr14:100381153:C>T	575	106	2	0.15565345080763582
chr16:15036124:C>T	466	348	2	0.4275184275184275
chr3:54627817:G>A	472	44	2	0.08527131782945736
chr5:147373193:C>T	172	99	2	0.36531365313653136
chrX:140783916:G>A	402	318	2	0.44166666666666665
