mutation_id	ref_counts	var_counts	total_cn	VAF
chr1:114716123:C>T	279	175	2	0.3854625550660793
chr1:154571483:G>A	660	286	3	0.3023255813953488
chr12:19365986:G>A	199	131	2	0.396969696969697
chr12:112450509:A>C	138	111	2	0.4457831325301205
chr12:132625715:G>A	698	30	2	0.04120879120879121
chr14:33800803:G>A	820	312	3	0.2756183745583039
chr14:81277500:A>G	586	242	3	0.2922705314009662
chr14:104744885:G>A	401	111	3	0.216796875
chr19:5231387:C>T	333	255	2	0.4336734693877551
chr2:218993071:C>T	419	328	2	0.4390896921017403
chr22:22099208:->T	77	70	1	0.47619047619047616
chr22:41925437:G>A	309	270	2	0.46632124352331605
chr5:17611475:G>T	165	118	2	0.4169611307420495
chr6:6002496:C>T	347	174	3	0.33397312859884837
chr6:79673733:G>A	550	237	3	0.301143583227446
chr6:119189848:G>A	323	119	3	0.2692307692307692
chr9:111527656:G>A	319	229	2	0.41788321167883213
chrX:41474131:C>T	622	558	2	0.4728813559322034
