mutation_id	ref_counts	var_counts	total_cn	VAF
chr1:17623069:G>A	233	214	2	0.47874720357941836
chr1:114716123:C>T	231	157	2	0.40463917525773196
chr11:31106888:G>A	189	153	2	0.4473684210526316
chr14:80785326:C>T	360	141	3	0.281437125748503
chr15:70066098:C>T	315	261	2	0.453125
chr16:9764039:G>A	197	197	2	0.5
chr17:5132919:C>T	389	151	3	0.2796296296296296
chr17:41489595:G>A	397	201	3	0.33612040133779264
chr2:136114928:G>A	162	107	2	0.39776951672862454
chr2:178533789:G>A	169	154	2	0.47678018575851394
chr3:123733098:G>A	229	20	2	0.08032128514056225
chr4:84609448:C>T	204	80	3	0.28169014084507044
chr4:185624211:C>T	423	158	3	0.2719449225473322
chr8:144099407:C>T	531	231	3	0.3031496062992126
chr9:124856256:G>A	242	174	2	0.4182692307692308
