mutation_id	ref_counts	var_counts	total_cn	VAF
chr1:114716123:C>T	263	107	2	0.2891891891891892
chr11:27657919:G>A	270	112	2	0.2931937172774869
chr18:47248439:C>T	546	160	3	0.22662889518413598
chr2:119605263:C>T	172	79	2	0.3147410358565737
chr4:99316032:T>C	383	148	3	0.2787193973634652
chr4:186708797:G>A	358	135	3	0.2738336713995943
chr5:139321920:G>A	194	95	2	0.328719723183391
chr5:151505852:G>A	603	34	2	0.05337519623233909
chr6:160096546:G>A	438	139	3	0.24090121317157712
chr7:92123834:G>A	169	79	2	0.3185483870967742
chr9:116188043:C>T	426	226	2	0.34662576687116564
chrX:71132916:G>A	294	262	3	0.4712230215827338
