mutation_id	ref_counts	var_counts	total_cn	VAF
chr1:169726705:G>A	173	100	2	0.3663003663003663
chr1:169793269:->AG	253	118	2	0.31805929919137466
chr11:862592:G>A	738	52	2	0.06582278481012659
chr11:19934095:G>A	417	250	2	0.3748125937031484
chr11:117219592:C>T	238	112	2	0.32
chr14:92946336:A>T	594	48	2	0.07476635514018691
chr17:12958842:C>T	587	54	2	0.0842433697347894
chr18:13621117:C>T	205	138	2	0.40233236151603496
chr19:5212219:C>T	514	49	2	0.08703374777975133
chr19:45496814:G>A	855	59	2	0.06455142231947483
chr6:138433395:T>C	586	16	2	0.026578073089700997
chr8:123652662:C>T	234	111	2	0.3217391304347826
chr9:132903742:C>T	414	215	2	0.34181240063593005
chrX:10110018:G>C	860	21	4	0.02383654937570942
chrX:32573762:G>A	351	158	4	0.3104125736738703
chrX:54810198:C>G	560	114	4	0.16913946587537093
chrX:129499769:T>A	192	49	4	0.2033195020746888
chrX:148978401:G>T	410	72	4	0.14937759336099585
