mutation_id	ref_counts	var_counts	total_cn	VAF
chr12:57465826:->GA	220	70	2	0.2413793103448276
chr19:56221802:T>C	476	50	2	0.09505703422053231
chr2:164729968:T>G	294	15	2	0.04854368932038835
chr4:172952243:T>G	216	13	2	0.056768558951965066
chr8:22618652:C>T	284	82	2	0.22404371584699453
