mutation_id	ref_counts	var_counts	total_cn	VAF
chr1:114716127:C>G	314	142	2	0.31140350877192985
chr17:10503083:C>G	554	106	3	0.1606060606060606
chr17:32721174:G>A	296	112	3	0.27450980392156865
chr18:50729596:C>T	1244	172	3	0.12146892655367232
chr2:241202291:T>C	304	11	2	0.03492063492063492
