mutation_id	ref_counts	var_counts	total_cn	VAF
chr1:6142149:C>T	284	96	2	0.25263157894736843
chr10:12084687:T>C	425	70	2	0.1414141414141414
chr10:49646642:G>A	316	214	2	0.4037735849056604
chr10:94268966:G>T	211	56	2	0.20973782771535582
chr11:62648255:C>T	558	72	2	0.11428571428571428
chr11:92969879:G>A	534	313	2	0.3695395513577332
chr13:67226831:C>T	353	86	2	0.1958997722095672
chr13:95900917:C>G	168	47	2	0.2186046511627907
chr17:7674220:C>T	338	54	1	0.1377551020408163
chr17:43025396:G>C	707	88	2	0.11069182389937107
chr19:4944189:G>A	410	97	2	0.1913214990138067
chr2:30533206:C>T	600	18	2	0.02912621359223301
chr2:73451709:G>C	575	53	2	0.08439490445859872
chr2:160022776:C>G	369	98	2	0.20985010706638116
chr2:188996466:C>T	316	74	2	0.18974358974358974
chr20:5922921:C>T	426	230	2	0.35060975609756095
chr4:103050297:C>G	580	32	2	0.05228758169934641
chr4:121380639:C>T	401	73	2	0.1540084388185654
chr4:128891073:C>G	372	33	2	0.08148148148148149
chr4:172229677:G>C	493	26	2	0.05009633911368015
chr4:173529065:C>T	848	112	2	0.11666666666666667
chr5:45267180:A>G	310	176	2	0.36213991769547327
chr6:26183999:C>G	328	40	2	0.10869565217391304
chr6:41936007:->G	884	102	2	0.10344827586206896
chr6:105158577:G>A	409	106	2	0.2058252427184466
chr7:20755445:G>C	318	15	2	0.04504504504504504
chr7:88181587:C>G	306	76	2	0.19895287958115182
chr8:36836886:T>G	311	180	2	0.3665987780040733
chrX:48600553:G>A	319	67	1	0.17357512953367876
chrX:83874288:C>G	286	14	1	0.04666666666666667
chrX:86814756:G>C	318	55	1	0.14745308310991956
