mutation_id	ref_counts	var_counts	total_cn	VAF
chr1:23875453:G>C	492	147	2	0.2300469483568075
chr10:24990598:G>A	236	56	2	0.1917808219178082
chr10:37134026:A>T	169	120	2	0.41522491349480967
chr10:49746767:C>T	137	156	2	0.5324232081911263
chr11:5696535:A>G	328	275	2	0.4560530679933665
chr12:27771097:A>G	263	194	2	0.424507658643326
chr13:40666148:G>C	909	235	2	0.20541958041958042
chr14:22995949:G>A	288	33	2	0.102803738317757
chr14:106506994:TGTAT>-	16	49	1	0.7538461538461538
chr15:41504238:C>G	284	15	1	0.05016722408026756
chr17:28898488:T>C	309	247	2	0.4442446043165468
chr17:67024869:G>A	453	39	2	0.07926829268292683
chr18:9524693:->GCCCCGG	260	118	2	0.31216931216931215
chr18:58535487:A>G	297	181	2	0.3786610878661088
chr19:22759317:C>G	106	27	2	0.20300751879699247
chr19:53409122:G>C	135	66	2	0.3283582089552239
chr2:178575172:C>G	506	17	2	0.032504780114722756
chr3:194633126:G>A	736	75	2	0.09247842170160296
chr4:119057742:G>T	233	179	2	0.4344660194174757
chr5:134679710:T>C	147	113	2	0.4346153846153846
chr5:141350429:C>T	496	59	2	0.1063063063063063
chr5:149836991:C>T	610	91	2	0.12981455064194009
chr6:40432724:G>A	367	293	2	0.44393939393939397
chr7:16777880:G>A	360	30	2	0.07692307692307693
chr8:70641024:C>T	87	14	2	0.13861386138613863
chr9:131026303:C>T	269	153	2	0.36255924170616116
chr9:135757365:C>T	334	230	2	0.4078014184397163
