mutation_id	ref_counts	var_counts	total_cn	VAF
chr1:152220740:C>T	441	38	2	0.07933194154488518
chr10:119132558:A>G	357	140	3	0.28169014084507044
chr11:62530954:C>T	404	42	2	0.09417040358744394
chr12:49026878:G>A	400	150	2	0.2727272727272727
chr12:112450394:G>A	379	48	2	0.11241217798594848
chr19:1004650:G>A	737	50	2	0.06353240152477764
chr19:38519402:C>T	462	44	2	0.08695652173913043
chr19:54074951:G>A	743	32	2	0.04129032258064516
chr2:51028186:C>T	399	317	2	0.44273743016759776
chr22:46386553:G>C	638	66	2	0.09375
chr3:45722872:C>T	153	103	2	0.40234375
chr3:48416361:G>A	250	90	2	0.2647058823529412
chr3:184105777:C>T	162	20	2	0.10989010989010989
chr4:1961074:G>A	222	160	2	0.418848167539267
chr4:81110453:C>T	135	84	2	0.3835616438356164
chr7:134209883:C>T	228	165	2	0.4198473282442748
chr8:2973167:C>T	267	113	2	0.29736842105263156
chr8:20249807:C>T	328	51	2	0.1345646437994723
