mutation_id	ref_counts	var_counts	total_cn	VAF
chr10:59654077:->TGTTG	130	29	4	0.18238993710691823
chr11:2587631:G>A	598	155	4	0.2058432934926959
chr12:130437193:G>A	1036	74	4	0.06666666666666667
chr16:2185132:G>A	857	253	6	0.22792792792792793
chr17:41460119:G>A	290	100	4	0.2564102564102564
chr19:47545159:G>A	858	271	4	0.2400354295837024
chr3:47005842:G>A	356	95	2	0.2106430155210643
chr4:163528970:G>A	382	121	4	0.24055666003976142
