mutation_id	ref_counts	var_counts	total_cn	VAF
chr10:106607187:C>A	291	112	2	0.27791563275434245
chr11:95050656:C>T	470	182	2	0.2791411042944785
chr12:85015901:A>T	68	8	2	0.10526315789473684
chr16:87333885:C>A	292	156	2	0.3482142857142857
chr19:21971614:G>T	270	9	2	0.03225806451612903
chr2:97091542:G>A	629	49	2	0.07227138643067847
chr3:128485916:G>A	696	365	2	0.34401508011310084
