mutation_id	ref_counts	var_counts	total_cn	VAF
chr1:237792207:G>A	416	101	2	0.195357833655706
chr11:108173302:->CC	117	28	2	0.19310344827586207
chr12:57747095:C>G	205	54	2	0.2084942084942085
chr17:81952970:G>A	210	69	2	0.24731182795698925
chr2:219636334:G>T	353	149	2	0.2968127490039841
chr3:165188792:C>T	518	26	2	0.04779411764705882
chr3:177051670:->AA	168	92	2	0.35384615384615387
chr3:177051672:C>AAG	191	106	2	0.3569023569023569
chr8:72936780:C>T	239	160	2	0.40100250626566414
chr8:142879139:G>A	576	38	2	0.06188925081433225
