mutation_id	ref_counts	var_counts	total_cn	VAF
chr1:240207990:G>A	264	48	2	0.15384615384615385
chr12:21801159:G>A	126	67	2	0.3471502590673575
chr14:106627251:->TTAGG	110	14	0	0.11290322580645161
chr16:89919531:C>T	360	221	2	0.3803786574870912
chr17:7673776:G>A	296	210	2	0.4150197628458498
chr22:42595614:G>A	187	112	2	0.3745819397993311
chr3:47122294:G>A	152	116	2	0.43283582089552236
chr5:7626310:T>A	118	63	2	0.34806629834254144
chr8:66665665:C>T	143	125	2	0.4664179104477612
