mutation_id	ref_counts	var_counts	total_cn	VAF
chr1:116579546:C>T	422	114	2	0.2126865671641791
chr1:182887357:G>C	447	197	3	0.3059006211180124
chr10:84237487:G>A	763	117	3	0.13295454545454546
chr11:119277829:T>A	125	21	2	0.14383561643835616
chr12:20616273:C>G	258	164	2	0.3886255924170616
chr12:25225627:G>A	83	14	2	0.14432989690721648
chr12:32878395:G>A	252	174	2	0.4084507042253521
chr15:29137090:C>T	433	254	2	0.3697234352256186
chr15:54626835:G>A	67	36	2	0.34951456310679613
chr16:55491841:C>T	236	205	2	0.46485260770975056
chr18:7926588:C>T	313	135	3	0.3013392857142857
chr19:54939589:G>A	508	359	2	0.4140715109573241
chr2:188984760:C>G	101	58	2	0.36477987421383645
chr3:65363487:G>A	193	143	2	0.4255952380952381
chr6:27867269:G>C	269	422	3	0.6107091172214182
chr7:111863517:C>G	181	179	2	0.49722222222222223
chr9:74642607:C>T	357	258	2	0.4195121951219512
chrX:51744809:G>A	289	123	3	0.29854368932038833
