mutation_id	ref_counts	var_counts	total_cn	VAF
chr1:43305082:C>T	724	49	2	0.06338939197930142
chr1:63648649:C>T	156	119	2	0.43272727272727274
chr1:114716126:C>T	462	43	2	0.08514851485148515
chr1:152761249:G>A	234	168	2	0.417910447761194
chr10:84470419:G>A	45	9	2	0.16666666666666666
chr11:66866269:C>T	738	60	2	0.07518796992481203
chr12:57477574:T>C	518	53	2	0.09281961471103327
chr14:63317780:C>T	487	58	2	0.10642201834862386
chr14:106675049:C>A	16	10	2	0.38461538461538464
chr17:19309917:C>G	261	157	2	0.37559808612440193
chr19:42754569:C>A	130	68	2	0.3434343434343434
chr2:26927399:C>T	255	118	2	0.3163538873994638
chr2:189564148:G>T	218	159	2	0.4217506631299735
chr2:218432851:A>G	249	204	2	0.4503311258278146
chr20:45208624:G>T	398	25	2	0.0591016548463357
chr3:58008629:TCACACGCTGGT>CCCCCCCCCCCTCGGGCTGGTGG	329	38	2	0.10354223433242507
chr5:90823477:G>A	237	65	2	0.2152317880794702
chr6:28923216:G>A	279	192	2	0.40764331210191085
chr8:103880666:C>G	142	110	2	0.4365079365079365
chr9:105362989:C>T	216	73	2	0.25259515570934254
chr9:135753983:G>A	482	27	2	0.05304518664047151
chrX:3084336:T>C	452	136	2	0.23129251700680273
chrX:103719130:C>T	698	56	2	0.07427055702917772
