mutation_id	ref_counts	var_counts	total_cn	VAF
chr1:227040171:G>C	150	57	2	0.2753623188405797
chr1:228377286:C>T	243	154	2	0.3879093198992443
chr10:103612859:G>T	355	19	2	0.05080213903743316
chr12:7496975:C>T	226	110	2	0.3273809523809524
chr12:52428472:G>T	140	100	2	0.4166666666666667
chr12:81341205:C>T	100	60	2	0.375
chr13:33054088:G>A	377	59	2	0.1353211009174312
chr14:99175247:G>A	460	236	2	0.3390804597701149
chr15:59231724:C>T	178	97	2	0.3527272727272727
chr16:680590:A>G	428	300	2	0.41208791208791207
chr16:2974563:->G	282	103	2	0.2675324675324675
chr17:74525831:C>T	197	99	2	0.3344594594594595
chr19:48312029:G>A	146	86	2	0.3706896551724138
chr2:238131082:G>A	416	277	2	0.3997113997113997
chr20:9437013:C>T	151	78	2	0.3406113537117904
chr21:44682043:G>A	673	29	2	0.04131054131054131
chr3:14493765:G>A	364	197	2	0.3511586452762923
chr3:14897576:G>A	327	166	2	0.3367139959432049
chr4:41629702:G>A	122	78	2	0.39
chr9:128063863:G>T	271	108	2	0.2849604221635884
chr9:137148204:G>A	204	119	2	0.3684210526315789
chrX:1305641:G>A	348	16	2	0.04395604395604396
chrX:9895160:C>T	96	322	1	0.7703349282296651
chrX:152736573:A>C	50	130	1	0.7222222222222222
chrY:22180885:C>A	124	18	1	0.1267605633802817
