mutation_id	ref_counts	var_counts	total_cn	VAF
chr1:167824553:C>T	342	30	2	0.08064516129032258
chr1:220005335:G>C	61	37	2	0.37755102040816324
chr1:237614493:T>G	442	81	2	0.15487571701720843
chr10:51697797:->GC	392	218	2	0.35737704918032787
chr10:68946575:G>A	350	242	2	0.40878378378378377
chr10:73911562:G>A	574	86	2	0.1303030303030303
chr10:76977561:G>T	156	96	2	0.38095238095238093
chr11:77115458:G>A	1068	58	2	0.05150976909413854
chr12:39721157:G>A	78	78	2	0.5
chr13:36438755:C>T	293	188	2	0.3908523908523909
chr13:61413479:G>A	602	36	2	0.05642633228840126
chr16:262225:G>A	197	221	2	0.5287081339712919
chr16:766991:G>A	173	135	2	0.4383116883116883
chr17:18241906:C>A	374	74	2	0.16517857142857142
chr18:3879541:C>T	506	439	2	0.46455026455026455
chr18:25322175:T>G	251	60	2	0.19292604501607716
chr2:89937679:TCCCACAGTGGTACAG>CCCA	144	102	2	0.4146341463414634
chr2:191423923:G>A	225	32	2	0.1245136186770428
chr20:49374962:C>T	167	127	2	0.43197278911564624
chr22:35263822:G>A	320	26	2	0.07514450867052024
chr3:55888489:G>A	323	253	2	0.4392361111111111
chr3:127676005:C>T	753	78	2	0.09386281588447654
chr4:186620742:G>A	440	87	2	0.1650853889943074
chr5:114362851:G>A	952	78	2	0.07572815533980583
chr5:140929234:G>A	259	227	2	0.4670781893004115
chr5:141247387:G>A	940	104	2	0.09961685823754789
chr6:53005216:C>T	291	243	2	0.4550561797752809
chr7:38491049:C>A	63	42	2	0.4
chr7:99971770:C>T	286	44	2	0.13333333333333333
chrX:49075421:T>C	438	307	2	0.4120805369127517
