mutation_id	ref_counts	var_counts	total_cn	VAF
chr1:160127635:G>T	556	34	2	0.0576271186440678
chr1:193125127:CCAACCCAGAGAGTACTACAC>G	250	73	2	0.2260061919504644
chr11:67451618:A>G	597	54	2	0.08294930875576037
chr11:67451619:T>G	598	52	2	0.08
chr12:108900451:G>T	340	16	2	0.0449438202247191
chr14:106062143:ACTGTGTCTCTC>TTTACGGCG	52	106	1	0.6708860759493671
chr17:40772104:G>A	180	123	2	0.40594059405940597
chr17:42128334:G>C	342	49	2	0.12531969309462915
chr17:61968135:C>T	350	18	2	0.04891304347826087
chr19:7642246:C>T	255	201	2	0.4407894736842105
chr2:113406870:ATT>CCTCCCCA	51	19	2	0.2714285714285714
chr2:232839909:A>CCAATGAC	269	135	2	0.3341584158415842
chr3:48639922:C>T	345	264	2	0.43349753694581283
chr4:121907353:G>T	326	14	2	0.041176470588235294
chr6:7580776:A>G	535	16	2	0.029038112522686024
chr7:128907437:G>A	272	231	2	0.4592445328031809
chr8:58447429:G>A	354	44	2	0.11055276381909548
chrX:120875257:G>A	30	232	1	0.8854961832061069
