mutation_id	ref_counts	var_counts	total_cn	VAF
chr1:109669533:C>T	375	85	2	0.18478260869565216
chr16:67616876:G>C	203	143	2	0.41329479768786126
chr19:7872196:G>T	711	207	2	0.22549019607843138
chr2:209877962:C>T	136	106	2	0.4380165289256198
chr2:218812572:G>A	249	134	2	0.34986945169712796
chr21:45495362:G>A	268	56	3	0.1728395061728395
chr4:77020552:C>T	606	48	3	0.07339449541284404
chr4:103719337:G>T	580	189	3	0.24577373211963588
