mutation_id	ref_counts	var_counts	total_cn	VAF
chr1:46196731:C>T	270	109	2	0.287598944591029
chr1:115725539:C>T	220	60	2	0.21428571428571427
chr11:88567427:C>G	441	136	2	0.23570190641247835
chr16:58045140:A>G	684	342	2	0.3333333333333333
chr16:66392233:G>A	355	129	2	0.2665289256198347
chr17:17496098:G>A	588	198	2	0.25190839694656486
chr17:39225471:G>A	841	37	2	0.04214123006833713
chr17:80195194:C>T	696	30	2	0.04132231404958678
chr19:53068637:T>A	419	215	2	0.3391167192429022
chr2:168855446:C>G	380	14	2	0.03553299492385787
chr2:169492899:C>T	182	54	2	0.2288135593220339
chr3:52907284:C>T	500	24	2	0.04580152671755725
chr4:120818394:G>T	252	106	2	0.29608938547486036
chr7:78167963:C>T	310	162	2	0.3432203389830508
chr8:1549079:C>T	806	438	2	0.3520900321543408
chr8:18075557:G>C	327	69	2	0.17424242424242425
chr9:36966713:AC>TGATCAGCG	320	129	2	0.2873051224944321
chrX:70134542:G>A	129	142	1	0.5239852398523985
chrX:85265243:G>A	51	89	1	0.6357142857142857
