mutation_id	ref_counts	var_counts	total_cn	VAF
chr1:74370379:C>T	127	95	2	0.42792792792792794
chr19:3977544:C>T	340	251	2	0.42470389170896783
chr3:123291327:C>T	240	161	2	0.4014962593516209
chr4:15002987:->GCG	374	307	2	0.45080763582966227
chr8:8377460:T>A	424	319	2	0.42934051144010765
