mutation_id	ref_counts	var_counts	total_cn	VAF
chr1:53103391:C>T	309	47	2	0.13202247191011235
chr1:156959136:C>T	202	91	2	0.310580204778157
chr1:169708454:G>A	167	52	2	0.2374429223744292
chr11:17771735:G>A	220	96	2	0.3037974683544304
chr11:20601562:C>A	452	166	2	0.2686084142394822
chr12:25245351:C>G	343	24	2	0.0653950953678474
chr12:53196681:G>A	357	152	2	0.29862475442043224
chr16:55325118:G>A	425	38	2	0.08207343412526998
chr18:2589269:G>A	173	65	2	0.27310924369747897
chr22:46289441:C>T	368	158	2	0.30038022813688214
chr3:65356501:G>T	549	42	2	0.07106598984771574
chr4:55094908:G>C	261	102	2	0.2809917355371901
chr8:67095698:G>C	200	23	2	0.1031390134529148
chr8:144512170:C>T	419	54	2	0.11416490486257928
chr9:3293180:G>A	175	98	2	0.358974358974359
chrX:18650590:C>T	284	80	2	0.21978021978021978
chrX:47628177:G>T	503	187	2	0.2710144927536232
chrX:106943156:G>A	400	21	2	0.0498812351543943
chrX:130028794:C>G	497	24	2	0.046065259117082535
