mutation_id	ref_counts	var_counts	total_cn	VAF
chr1:11536378:G>A	334	51	2	0.13246753246753246
chr1:111981877:C>T	474	27	2	0.05389221556886228
chr12:32822524:C>T	267	30	2	0.10101010101010101
chr12:113438011:G>A	294	36	2	0.10909090909090909
chr14:101986729:G>A	204	97	5	0.3222591362126246
chr17:82441811:G>A	316	115	5	0.2668213457076566
chr2:95288536:C>T	304	48	2	0.13636363636363635
chr2:135315437:TAA>GAGGACCCCGGGCATGG	233	56	2	0.19377162629757785
chr22:17885892:C>T	422	27	5	0.060133630289532294
chr22:28796130:->G	297	112	5	0.27383863080684595
chr3:170480424:C>A	290	103	2	0.26208651399491095
chr4:17875581:T>A	208	108	5	0.34177215189873417
chr4:157321520:C>T	291	123	5	0.2971014492753623
chr5:19473504:G>A	187	66	2	0.2608695652173913
chr8:58147160:C>T	528	38	5	0.06713780918727916
chr8:133029945:C>T	527	246	5	0.3182406209573092
chrX:100664782:T>C	420	19	5	0.04328018223234624
