mutation_id	ref_counts	var_counts	total_cn	VAF
chr1:111982716:C>T	448	20	2	0.042735042735042736
chr1:114716127:C>T	323	83	2	0.2044334975369458
chr1:183648466:C>T	344	13	2	0.036414565826330535
chr10:75095639:G>A	229	121	2	0.3457142857142857
chr10:97895309:C>G	556	22	2	0.03806228373702422
chr11:3702559:C>T	262	148	2	0.36097560975609755
chr11:76451893:C>T	300	25	2	0.07692307692307693
chr11:88337509:G>C	221	142	2	0.39118457300275483
chr12:123161147:C>G	108	59	2	0.3532934131736527
chr13:26758985:G>C	402	17	2	0.0405727923627685
chr15:43635800:C>G	186	74	2	0.2846153846153846
chr15:62647428:G>C	280	15	2	0.05084745762711865
chr17:1616579:C>G	476	16	2	0.032520325203252036
chr18:5489126:G>A	396	208	2	0.3443708609271523
chr19:50362056:G>C	343	11	2	0.031073446327683617
chr19:53266894:G>C	217	123	2	0.36176470588235293
chr19:57978399:C>G	240	9	2	0.03614457831325301
chr19:58562644:C>G	917	26	2	0.027571580063626724
chr2:110125307:G>C	227	9	2	0.038135593220338986
chr2:178712038:G>A	167	67	2	0.2863247863247863
chr22:39017997:C>T	374	23	2	0.05793450881612091
chr22:45199964:C>T	402	118	2	0.22692307692307692
chr3:40532661:C>G	259	74	2	0.2222222222222222
chr5:156850854:G>C	374	15	2	0.038560411311053984
chr6:25915764:G>C	332	12	2	0.03488372093023256
chr6:29427342:G>C	752	26	2	0.033419023136246784
chr6:41936007:->G	495	240	2	0.32653061224489793
chr6:49550867:C>G	428	134	2	0.23843416370106763
chr6:63694623:G>C	122	61	2	0.3333333333333333
chr6:143536997:G>C	422	18	2	0.04090909090909091
chr6:165298041:G>A	430	16	2	0.03587443946188341
chr7:82916742:C>G	464	32	2	0.06451612903225806
chr8:47807194:C>T	264	111	2	0.296
chr8:112921688:G>A	279	76	2	0.2140845070422535
chr9:81932660:G>C	338	74	2	0.1796116504854369
chr9:114504249:C>T	311	90	2	0.22443890274314215
chrX:47413506:C>A	21	122	1	0.8531468531468531
chrX:83508483:C>T	299	12	1	0.03858520900321544
