mutation_id	ref_counts	var_counts	total_cn	VAF
chr10:14825563:G>A	263	198	4	0.42950108459869846
chr10:27414188:C>T	356	280	4	0.44025157232704404
chr11:110159316:G>A	322	71	4	0.1806615776081425
chr15:66320586:G>A	159	115	4	0.4197080291970803
chr16:67661944:G>A	393	104	4	0.20925553319919518
chr2:169152839:C>T	355	78	4	0.18013856812933027
chr5:130184350:A>T	292	275	4	0.48500881834215165
chr7:147903602:C>T	254	239	4	0.4847870182555781
