mutation_id	ref_counts	var_counts	total_cn	VAF
chr10:118594729:C>T	936	27	2	0.028037383177570093
chr11:8090156:C>T	679	93	2	0.12046632124352331
chr14:101983240:G>T	322	16	2	0.047337278106508875
chr15:74075980:C>T	506	52	2	0.0931899641577061
chr19:1912360:G>A	775	123	2	0.13697104677060135
chr19:55761863:C>T	275	90	2	0.2465753424657534
chr2:237553591:A>G	302	101	2	0.2506203473945409
chr3:48651918:C>A	330	163	2	0.3306288032454361
chr5:83521445:C>T	248	114	2	0.3149171270718232
chr6:138311500:G>A	199	88	2	0.30662020905923343
chr6:159742111:T>C	30	10	2	0.25
chr7:78167971:G>A	214	113	2	0.345565749235474
chr7:82915908:T>C	212	83	2	0.28135593220338984
chr9:21971121:G>A	704	52	2	0.06878306878306878
