mutation_id	ref_counts	var_counts	total_cn	VAF
chr1:213997819:G>A	906	30	4	0.03205128205128205
chr1:248273121:G>A	469	206	4	0.30518518518518517
chr10:101011938:G>C	556	189	4	0.2536912751677852
chr11:1254239:C>T	982	52	4	0.05029013539651837
chr11:108316030:G>A	164	24	2	0.1276595744680851
chr12:43427358:G>T	315	103	4	0.24641148325358853
chr12:128926430:C>G	274	14	4	0.04861111111111111
chr13:32184609:C>T	172	53	4	0.23555555555555555
chr14:79467297:G>A	415	303	4	0.4220055710306407
chr19:6375607:C>T	642	478	4	0.42678571428571427
chr2:90100738:TC>CGTCAGG	35	96	2	0.732824427480916
chr2:107872240:T>C	142	45	4	0.24064171122994651
chr21:30718751:G>A	246	15	4	0.05747126436781609
chr21:41992847:C>T	711	20	4	0.027359781121751026
chr5:90724925:G>T	30	11	4	0.2682926829268293
chr5:140876768:G>C	621	228	4	0.26855123674911663
chr6:55359137:C>G	47	28	4	0.37333333333333335
chrX:21856855:C>T	1128	48	4	0.04081632653061224
chrX:47413058:C>A	138	77	4	0.3581395348837209
chrX:48832172:G>A	1021	494	4	0.32607260726072607
chrX:91877537:G>T	186	83	4	0.30855018587360594
chrX:130022900:C>G	302	147	4	0.3273942093541203
