mutation_id	ref_counts	var_counts	total_cn	VAF
chr1:31679668:G>T	433	96	2	0.18147448015122875
chr14:34785882:G>A	370	26	2	0.06565656565656566
chr14:94290238:G>A	338	302	2	0.471875
chr17:10803843:G>A	234	243	2	0.5094339622641509
chr21:42903680:A>T	603	20	2	0.03210272873194221
chr22:50312212:C>G	528	32	2	0.05714285714285714
chr3:47062236:T>A	474	88	2	0.15658362989323843
chr3:47088132:->GCCCTATCA	320	68	2	0.17525773195876287
chr3:47120353:->GAGG	477	72	2	0.13114754098360656
chr4:22818868:C>T	314	75	2	0.1928020565552699
chr4:154366243:C>T	208	57	2	0.21509433962264152
chr4:161920576:G>T	412	17	2	0.039627039627039624
chr5:33576096:G>A	222	170	2	0.4336734693877551
chr6:55541796:C>T	100	67	2	0.40119760479041916
chr8:103885397:G>A	243	49	2	0.1678082191780822
chr9:137228914:C>T	347	293	2	0.4578125
