mutation_id	ref_counts	var_counts	total_cn	VAF
chr1:99686727:G>A	117	41	2	0.25949367088607594
chr10:101002776:A>T	646	260	3	0.2869757174392936
chr11:20630757:C>T	251	119	2	0.3216216216216216
chr12:25225713:T>A	113	38	2	0.25165562913907286
chr12:49044891:A>-	399	206	2	0.34049586776859503
chr12:96298929:C>A	104	36	2	0.2571428571428571
chr15:26939253:C>T	138	115	2	0.45454545454545453
chr15:48520660:G>A	172	88	2	0.3384615384615385
chr15:82688801:G>A	223	132	2	0.37183098591549296
chr16:1205161:C>G	296	176	2	0.3728813559322034
chr17:3821321:G>A	175	182	3	0.5098039215686274
chr2:33347422:C>T	302	176	2	0.3682008368200837
chr2:225627110:G>A	123	66	2	0.3492063492063492
chr20:46241111:C>T	432	222	2	0.3394495412844037
chr22:46365380:C>T	173	116	2	0.4013840830449827
chr4:25835219:G>A	360	96	3	0.21052631578947367
chrX:11138873:G>A	490	157	3	0.2426584234930448
chrX:49067286:G>A	998	317	3	0.24106463878326997
