mutation_id	ref_counts	var_counts	total_cn	VAF
chr11:1229762:G>A	576	46	2	0.07395498392282958
chr14:106592675:->GCCTA	98	22	2	0.18333333333333332
chr16:4673609:G>A	432	28	2	0.06086956521739131
chr2:90005628:CTCA>TCCAGGAGACC	133	32	2	0.19393939393939394
chr2:161879236:T>C	354	19	2	0.05093833780160858
chr5:7789696:C>T	394	30	2	0.07075471698113207
chr5:41052471:C>A	204	12	2	0.05555555555555555
chr5:140362119:C>T	242	140	2	0.36649214659685864
chr5:177310677:T>C	414	33	2	0.0738255033557047
chr8:6823581:G>A	228	100	2	0.3048780487804878
chrX:100599544:G>A	152	27	1	0.15083798882681565
