mutation_id	ref_counts	var_counts	total_cn	VAF
chr1:156908815:G>A	500	261	2	0.34296977660972405
chr1:206934574:G>A	367	309	2	0.45710059171597633
chr11:6616041:C>T	347	226	2	0.3944153577661431
chr11:64910654:G>A	475	328	2	0.40846824408468246
chr15:41841094:C>T	308	230	2	0.4275092936802974
chr15:84840507:G>A	427	294	2	0.4077669902912621
chr16:3204619:G>A	346	240	2	0.40955631399317405
chr17:35773228:A>G	501	422	2	0.457204767063922
chr2:219575389:C>A	347	287	2	0.4526813880126183
chr3:100824911:G>A	333	194	2	0.3681214421252372
chr4:25676245:C>A	641	262	3	0.2901439645625692
chr5:76701118:C>T	314	244	2	0.43727598566308246
chr8:90063433:C>T	78	21	2	0.21212121212121213
chr8:90063434:C>T	78	21	2	0.21212121212121213
chrX:111518908:T>A	279	197	2	0.41386554621848737
