mutation_id	ref_counts	var_counts	total_cn	VAF
chr12:128705365:C>T	213	175	2	0.45103092783505155
chr14:60002009:G>A	232	97	2	0.2948328267477204
chr14:106627243:ACTGTGTCTCT>TCTCTCTC	203	128	2	0.3867069486404834
chr14:106714684:->CTCGCC	18	9	1	0.3333333333333333
chr17:27645322:C>T	356	176	2	0.3308270676691729
chr18:33744330:A>G	303	187	2	0.3816326530612245
chr2:167248597:C>T	552	20	2	0.03496503496503497
chr20:3749983:G>A	334	178	2	0.34765625
chr22:20406314:->TA	360	247	2	0.40691927512355847
chr22:22162680:CACA>-	67	8	1	0.10666666666666667
chr3:1329935:G>-	229	22	2	0.08764940239043825
chr6:78604538:G>T	121	23	2	0.1597222222222222
chrX:1601533:G>A	1003	42	2	0.04019138755980861
