mutation_id	ref_counts	var_counts	total_cn	VAF
chr11:22279674:T>G	88	12	2	0.12
chr11:114551154:A>G	67	37	2	0.3557692307692308
chr15:51341717:C>T	474	261	2	0.3551020408163265
chr16:55567107:C>T	314	23	2	0.06824925816023739
chr16:89198129:C>A	282	173	2	0.3802197802197802
chr2:71589649:C>T	708	43	3	0.05725699067909454
chr20:17494662:G>A	508	68	2	0.11805555555555555
chr3:49131078:G>A	329	220	2	0.4007285974499089
chr5:168671233:G>A	402	254	2	0.3871951219512195
chr6:49447766:T>C	55	5	2	0.08333333333333333
chr6:113956679:C>G	98	17	2	0.14782608695652175
chr6:116919207:C>T	79	25	2	0.2403846153846154
chrX:136491990:C>T	134	58	1	0.3020833333333333
