mutation_id	ref_counts	var_counts	total_cn	VAF
chr1:85464956:C>T	565	213	2	0.2737789203084833
chr1:99688886:T>A	221	91	2	0.2916666666666667
chr1:215844296:G>C	146	54	2	0.27
chr10:68773093:G>A	122	48	2	0.2823529411764706
chr10:99329425:T>C	705	28	2	0.03819918144611187
chr11:111765320:C>T	267	21	2	0.07291666666666667
chr12:52378309:C>T	503	225	2	0.3090659340659341
chr12:96247155:C>T	512	88	2	0.14666666666666667
chr12:96247619:GCTTGGAAATCTCAGC>-	521	66	2	0.11243611584327087
chr16:2317319:A>G	270	115	2	0.2987012987012987
chr17:4745983:G>A	284	125	2	0.3056234718826406
chr17:74777363:C>G	245	104	2	0.2979942693409742
chr18:21799860:G>A	295	32	2	0.09785932721712538
chr19:4929340:C>G	694	22	2	0.030726256983240222
chr2:27567599:C>G	361	16	2	0.042440318302387266
chr2:27574153:C>T	205	108	2	0.3450479233226837
chr2:74101538:C>G	408	166	2	0.289198606271777
chr2:223775961:C>T	233	94	2	0.2874617737003058
chr20:3673616:G>C	462	204	2	0.3063063063063063
chr20:13164760:G>C	177	63	2	0.2625
chr20:46186672:C>T	275	64	2	0.1887905604719764
chr21:36245826:C>T	361	161	2	0.30842911877394635
chr22:44702306:G>A	461	179	2	0.2796875
chr4:71473066:C>G	527	21	2	0.03832116788321168
chr5:865474:G>A	464	210	2	0.3115727002967359
chr8:12132834:T>C	815	120	2	0.12834224598930483
chr9:104599270:G>A	378	87	2	0.1870967741935484
