mutation_id	ref_counts	var_counts	total_cn	VAF
chr1:18839695:G>A	302	156	2	0.3406113537117904
chr1:162579507:G>A	125	37	2	0.22839506172839505
chr1:237648594:C>T	261	18	2	0.06451612903225806
chr12:25245351:C>T	264	84	2	0.2413793103448276
chr13:23336254:G>A	220	83	2	0.2739273927392739
chr13:95074305:C>G	222	52	2	0.1897810218978102
chr14:63317657:C>T	191	73	2	0.2765151515151515
chr14:80504954:G>A	194	48	2	0.19834710743801653
chr14:106714684:->GCCCTAGG	83	26	2	0.23853211009174313
chr15:75688794:C>T	696	34	2	0.04657534246575343
chr17:19019851:G>A	371	96	2	0.20556745182012848
chr19:6586303:C>T	343	242	2	0.41367521367521365
chr19:8087133:G>A	508	190	2	0.2722063037249284
chr19:23145554:G>A	40	8	2	0.16666666666666666
chr2:67397626:G>C	535	143	2	0.21091445427728614
chr2:190659678:G>A	391	121	2	0.236328125
chr3:154122340:C>T	466	132	2	0.22073578595317725
chr4:186636029:G>A	227	90	2	0.28391167192429023
chr6:41930205:G>C	273	139	2	0.33737864077669905
chr6:83196195:G>C	152	33	2	0.1783783783783784
chr6:99550298:C>A	163	83	2	0.33739837398373984
chr6:117341186:C>T	219	45	2	0.17045454545454544
chr7:132489388:G>A	378	94	2	0.19915254237288135
chrX:103077736:C>T	36	226	2	0.8625954198473282
