mutation_id	ref_counts	var_counts	total_cn	VAF
chr1:3727120:G>A	251	60	4	0.19292604501607716
chr12:55221742:A>G	197	104	2	0.34551495016611294
chr12:76056121:T>C	14	3	2	0.17647058823529413
chr14:104593582:C>T	604	170	4	0.21963824289405684
chr15:42547411:G>A	416	29	2	0.0651685393258427
chr16:29814440:C>T	606	37	2	0.05754276827371695
chr2:89176323:GTGTGAGGAAATTGTGTAGCTTG>CTT	108	28	0	0.20588235294117646
chr2:90221292:->GAG	151	43	0	0.22164948453608246
chr2:240722577:G>A	909	33	3	0.03503184713375796
chr22:22162681:->TCAACC	50	31	2	0.38271604938271603
chr4:575919:G>A	688	200	4	0.22522522522522523
chr4:20253926:C>-	636	168	4	0.208955223880597
chr5:153811068:G>A	348	53	5	0.13216957605985039
chr9:93231040:G>T	249	113	2	0.31215469613259667
chrX:15363157:G>A	476	119	6	0.2
chrX:56265457:T>C	723	192	6	0.2098360655737705
