mutation_id	ref_counts	var_counts	total_cn	VAF
chr12:165759:C>T	394	47	2	0.10657596371882086
chr12:116007438:C>G	108	75	2	0.4098360655737705
chr13:75871147:C>T	128	65	2	0.33678756476683935
chr13:101103192:C>T	270	20	2	0.06896551724137931
chr15:31002120:A>G	453	14	2	0.029978586723768737
chr16:3736714:A>C	310	131	2	0.29705215419501135
chr17:7415545:G>A	396	38	3	0.08755760368663594
chr18:5891674:C>T	779	70	3	0.08244994110718493
chr18:12125680:G>A	259	112	3	0.3018867924528302
chr2:28601331:C>T	163	52	2	0.24186046511627907
chr2:84619779:T>C	198	88	2	0.3076923076923077
chr20:59254186:G>T	314	37	2	0.10541310541310542
chr3:36831138:G>A	264	106	2	0.2864864864864865
chr4:52744007:->CC	282	64	3	0.18497109826589594
chr4:52744009:A>CCC	323	79	3	0.19651741293532338
chr6:30619752:C>T	737	63	3	0.07875
chr6:160241541:G>T	333	113	3	0.2533632286995516
chr9:4585336:C>T	281	17	2	0.05704697986577181
chr9:36846868:C>T	390	24	2	0.057971014492753624
