mutation_id	ref_counts	var_counts	total_cn	VAF
chr1:36355241:AGA>-	246	68	2	0.21656050955414013
chr18:3879271:C>T	527	145	2	0.21577380952380953
chr19:55366125:A>G	634	38	2	0.05654761904761905
chr2:237358581:A>G	323	25	2	0.07183908045977011
chr20:2558549:G>A	692	24	2	0.0335195530726257
chr3:152836449:G>A	338	109	2	0.24384787472035793
chr4:7638468:C>T	277	69	2	0.1994219653179191
chr5:136356736:G>A	501	38	2	0.07050092764378478
chr6:54927515:G>A	164	38	2	0.18811881188118812
chr6:56141793:C>T	333	86	2	0.2052505966587112
chr7:41964732:G>A	497	42	2	0.07792207792207792
chr8:31640534:C>T	380	169	2	0.30783242258652094
chrX:115191430:C>T	1056	40	2	0.0364963503649635
