mutation_id	ref_counts	var_counts	total_cn	VAF
chr12:25245347:C>T	209	119	2	0.3628048780487805
chr13:101061979:G>A	135	74	2	0.35406698564593303
chr14:23387555:G>T	164	87	2	0.3466135458167331
chr16:23148938:G>T	134	89	2	0.3991031390134529
chr16:75545826:G>A	110	22	2	0.16666666666666666
chr2:88861921:->AA	90	104	1	0.5360824742268041
chr2:88861923:C>AAT	105	125	1	0.5434782608695652
chr20:49230258:G>A	541	26	2	0.04585537918871252
chr3:51391547:C>A	534	270	2	0.3358208955223881
chr3:158592465:C>T	181	90	2	0.33210332103321033
chr4:25277163:G>A	204	79	2	0.2791519434628975
chr5:136274756:C>T	260	130	2	0.3333333333333333
chr9:127397281:C>T	617	18	2	0.028346456692913385
chrX:19351353:G>A	319	177	2	0.35685483870967744
