mutation_id	ref_counts	var_counts	total_cn	VAF
chr1:18365372:C>A	373	202	2	0.35130434782608694
chr1:155760481:G>C	228	90	2	0.2830188679245283
chr1:217610396:G>C	152	7	2	0.0440251572327044
chr10:63207499:C>T	255	129	2	0.3359375
chr10:63207500:G>T	258	128	2	0.3316062176165803
chr10:126504763:C>T	584	52	2	0.08176100628930817
chr11:2149214:G>A	521	47	2	0.08274647887323944
chr13:48707039:C>T	167	133	2	0.44333333333333336
chr14:106324253:->TCAAA	87	57	1	0.3958333333333333
chr14:106506995:GTATCTTGC>TGAG	21	83	1	0.7980769230769231
chr14:106639118:->GGT	32	78	1	0.7090909090909091
chr16:19487281:C>T	236	154	2	0.39487179487179486
chr17:35362894:C>G	121	89	2	0.4238095238095238
chr18:72542083:G>A	387	183	2	0.32105263157894737
chr19:6501335:G>A	524	56	2	0.09655172413793103
chr19:34219451:G>C	486	55	2	0.10166358595194085
chr2:107866302:C>T	21	10	2	0.3225806451612903
chr2:211420502:G>T	368	27	2	0.06835443037974684
chr21:46557682:G>A	360	155	2	0.30097087378640774
chr3:48298500:C>T	348	33	2	0.08661417322834646
chr5:141403612:G>A	240	83	2	0.25696594427244585
chr9:137080664:GGGTGACTAGCCCTTTCCCCACCAGGAACTTTGCTGCCTTGGAAG>TCCCGGA	265	108	2	0.289544235924933
chrX:108591202:C>T	618	79	3	0.1133428981348637
