mutation_id	ref_counts	var_counts	total_cn	VAF
chr12:25245347:C>T	316	82	2	0.20603015075376885
chr12:113942368:G>A	603	68	2	0.10134128166915052
chr17:81127586:T>G	993	110	2	0.09972801450589303
chr7:1444980:C>T	697	93	2	0.11772151898734177
