mutation_id	ref_counts	var_counts	total_cn	VAF
chr1:15456765:G>A	403	44	2	0.09843400447427293
chr11:65585304:C>T	604	57	2	0.08623298033282904
chr12:25245347:C>T	364	29	2	0.0737913486005089
chr12:67311780:C>T	181	62	2	0.2551440329218107
chr12:112450352:A>T	246	83	2	0.25227963525835867
chr14:106627249:->TAC	232	82	3	0.2611464968152866
chr16:29901536:C>A	469	67	2	0.125
chr17:16735614:C>A	18	32	3	0.64
chr20:59996015:G>T	440	24	2	0.05172413793103448
chr22:36766182:C>A	260	72	2	0.21686746987951808
chr22:37096018:G>A	532	33	2	0.0584070796460177
chr22:37735219:G>A	400	214	2	0.3485342019543974
chr4:1238272:G>A	824	36	3	0.04186046511627907
chr4:5992916:C>T	608	19	3	0.030303030303030304
chr5:54519344:T>A	387	149	2	0.27798507462686567
chr6:72182677:G>A	928	47	3	0.048205128205128206
chr9:83880474:T>G	148	52	2	0.26
chrX:37453484:G>T	325	83	2	0.2034313725490196
chrX:123886468:T>A	520	34	2	0.061371841155234655
