mutation_id	ref_counts	var_counts	total_cn	VAF
chr1:114716127:C>T	450	49	2	0.09819639278557114
chr12:52014827:C>T	379	134	2	0.26120857699805067
chr12:106239740:G>A	362	155	2	0.29980657640232106
chr14:22449094:AAAGCTCTGTAGCACTGTGACTGGGGGATACGCA>TCT	66	43	0	0.3944954128440367
chr14:23393878:G>A	249	37	2	0.12937062937062938
chr18:49581497:T>C	361	53	2	0.1280193236714976
chr19:13136141:G>A	263	51	2	0.1624203821656051
chr19:34684144:T>G	209	27	2	0.11440677966101695
chr2:154242901:G>C	160	26	2	0.13978494623655913
chr3:123722148:C>T	323	35	2	0.09776536312849161
chr4:169991913:C>T	303	92	2	0.23291139240506328
chr5:1246018:G>A	706	113	2	0.13797313797313798
chr5:40947621:T>C	182	78	2	0.3
chr6:656675:C>T	471	143	2	0.23289902280130292
chr7:55198809:C>T	471	28	2	0.056112224448897796
chr7:88181536:A>T	240	87	2	0.26605504587155965
