mutation_id	ref_counts	var_counts	total_cn	VAF
chr12:112828365:C>T	396	15	2	0.0364963503649635
chr14:57581308:G>A	211	169	2	0.44473684210526315
chr14:59944718:A>C	220	15	2	0.06382978723404255
chr14:106506995:->CCT	90	62	2	0.40789473684210525
chr15:54013798:C>T	178	140	2	0.44025157232704404
chr16:75479746:C>T	307	244	2	0.44283121597096187
chr17:16382134:G>A	311	187	2	0.3755020080321285
chr19:44432345:C>T	162	139	2	0.46179401993355484
chr2:102441352:C>T	112	90	2	0.44554455445544555
chr2:206571783:C>T	147	122	2	0.45353159851301117
chr2:237749275:G>A	220	141	2	0.39058171745152354
chr20:63414132:G>A	279	190	2	0.4051172707889126
chr4:54273605:C>T	269	170	2	0.38724373576309795
chr4:173317726:G>A	104	89	2	0.46113989637305697
chr6:26156499:G>-	377	201	2	0.3477508650519031
chr8:86069505:C>A	353	263	2	0.42694805194805197
