mutation_id	ref_counts	var_counts	total_cn	VAF
chr1:152911202:C>A	270	250	4	0.4807692307692308
chr11:65405001:G>A	302	274	4	0.4756944444444444
chr12:52493031:C>A	413	307	4	0.4263888888888889
chr14:21665714:T>C	163	153	4	0.48417721518987344
chr14:106578742:TGT>GGTTGG	15	133	2	0.8986486486486487
chr17:21198801:C>G	312	50	4	0.13812154696132597
chr2:206309995:G>T	114	94	4	0.4519230769230769
chr3:15426503:A>G	104	95	4	0.47738693467336685
chr5:140697038:G>T	129	85	4	0.397196261682243
chr5:140795547:G>A	259	38	4	0.12794612794612795
chr5:140928342:C>A	367	230	4	0.3852596314907873
chr6:33315382:G>A	391	324	4	0.45314685314685316
chrX:18177597:G>A	295	119	6	0.28743961352657005
chrX:136024455:A>T	229	203	4	0.4699074074074074
