mutation_id	ref_counts	var_counts	total_cn	VAF
chr1:32248559:C>T	923	53	2	0.05430327868852459
chr1:186956314:G>A	264	22	2	0.07692307692307693
chr11:20055951:G>C	258	17	2	0.06181818181818182
chr11:26565732:C>T	74	43	2	0.36752136752136755
chr11:46719806:G>C	742	21	2	0.027522935779816515
chr11:72581458:C>T	342	25	2	0.0681198910081744
chr11:92800340:C>T	440	37	2	0.07756813417190776
chr12:12477943:C>G	452	19	2	0.040339702760084924
chr12:46778519:G>C	163	111	2	0.4051094890510949
chr14:23571283:C>T	784	24	2	0.0297029702970297
chr16:789122:C>T	708	332	2	0.3192307692307692
chr16:11876100:C>A	205	9	2	0.04205607476635514
chr16:18869245:G>A	438	40	2	0.08368200836820083
chr17:80822246:G>A	768	28	2	0.035175879396984924
chr19:6185529:C>T	271	168	2	0.3826879271070615
chr19:6187293:C>T	208	113	2	0.35202492211838005
chr19:8949793:C>G	341	213	2	0.3844765342960289
chr2:26311175:G>A	634	26	2	0.03939393939393939
chr2:74530212:G>A	872	65	2	0.06937033084311633
chr2:189053432:C>T	176	80	2	0.3125
chr2:197402635:C>G	237	150	2	0.3875968992248062
chr2:226795569:G>A	695	76	2	0.09857328145265888
chr4:163471984:G>A	258	166	2	0.3915094339622642
chr5:52933987:C>G	48	8	2	0.14285714285714285
chr5:177211000:C>G	364	30	2	0.07614213197969544
chr6:26197171:C>G	400	16	2	0.038461538461538464
chr6:78898091:G>C	158	105	2	0.39923954372623577
chr6:87677914:G>C	366	13	2	0.03430079155672823
chr6:133512963:G>C	226	74	2	0.24666666666666667
chr7:20380790:G>C	268	17	2	0.05964912280701754
chr7:95595090:G>A	166	85	2	0.3386454183266932
chr9:19786261:G>A	187	115	2	0.38079470198675497
chr9:72740156:C>G	155	47	2	0.23267326732673269
chr9:114345988:G>C	418	16	2	0.03686635944700461
chrX:112822605:C>G	644	21	2	0.031578947368421054
chrX:119088486:G>A	329	212	2	0.39186691312384475
chrX:155022538:G>A	282	12	2	0.04081632653061224
