mutation_id	ref_counts	var_counts	total_cn	VAF
chr1:171117419:G>A	244	36	2	0.12857142857142856
chr1:222731411:T>C	204	169	2	0.45308310991957107
chr1:248681560:A>C	390	62	2	0.13716814159292035
chr10:75030027:CTGCAGCAAACCAGCAT>-	377	185	2	0.3291814946619217
chr11:5390138:G>A	381	58	2	0.13211845102505695
chr11:57409978:G>A	389	82	2	0.1740976645435244
chr12:49049728:->C	446	241	2	0.3508005822416303
chr12:117667558:G>A	435	83	2	0.16023166023166024
chr14:23348278:G>A	267	210	2	0.44025157232704404
chr14:106627248:->GGTCGGGGA	148	104	1	0.4126984126984127
chr16:50066473:G>A	723	185	2	0.20374449339207049
chr16:57470122:G>A	417	27	2	0.060810810810810814
chr17:44260751:G>A	477	301	2	0.38688946015424164
chr17:45255419:T>G	260	200	2	0.43478260869565216
chr19:2206744:C>T	238	163	2	0.40648379052369077
chr19:47021698:A>G	669	171	2	0.20357142857142857
chr2:32063921:C>G	441	349	2	0.4417721518987342
chr2:105242054:C>T	344	267	2	0.4369885433715221
chr2:144389881:T>C	330	210	2	0.3888888888888889
chr2:148512914:A>G	286	57	2	0.1661807580174927
chr22:22031472:A>CCC	90	76	2	0.4578313253012048
chr3:142780994:C>T	108	75	2	0.4098360655737705
chr5:168190481:G>A	230	160	2	0.41025641025641024
chr6:34040617:G>A	401	263	2	0.3960843373493976
chr7:64015344:G>A	212	35	2	0.1417004048582996
chr8:141219743:C>T	517	165	2	0.24193548387096775
chr9:37002675:->GCCCTA	264	142	2	0.3497536945812808
chr9:37015064:T>C	371	247	2	0.39967637540453077
chrX:41345453:G>T	271	144	2	0.3469879518072289
chrX:148956423:G>A	736	32	2	0.041666666666666664
