mutation_id	ref_counts	var_counts	total_cn	VAF
chr1:31261580:C>T	251	156	4	0.3832923832923833
chr11:67066845:C>T	187	132	4	0.41379310344827586
chr12:52450585:G>A	878	144	4	0.14090019569471623
chr12:121814145:G>A	428	112	4	0.2074074074074074
chr13:21391777:G>A	336	85	4	0.20190023752969122
chr13:113065028:C>T	388	234	4	0.3762057877813505
chr14:22423042:->TCCA	23	40	4	0.6349206349206349
chr14:102507812:C>T	211	222	4	0.5127020785219399
chr14:106622361:->CCCCCTCT	60	8	3	0.11764705882352941
chr15:84863616:C>T	284	85	4	0.23035230352303523
chr17:1683592:->CTCCCACC	504	107	4	0.1751227495908347
chr17:61478670:T>A	489	102	4	0.17258883248730963
chr19:19570750:C>T	297	211	4	0.4153543307086614
chr2:113406872:->CC	145	43	4	0.22872340425531915
chr2:132645417:G>A	738	47	4	0.05987261146496815
chr22:41168568:->CCC	353	76	4	0.17715617715617715
chr3:141444548:C>A	534	52	4	0.08873720136518772
chr4:54736804:C>A	247	161	4	0.3946078431372549
chr5:90776473:C>T	267	62	4	0.1884498480243161
chr5:132487061:->TCGGGG	253	144	4	0.36272040302267
chr5:159323272:G>T	270	197	4	0.42184154175588867
chr7:154876017:C>T	431	357	4	0.4530456852791878
chr9:37015042:C>G	364	32	2	0.08080808080808081
chrX:136350026:C>T	396	272	4	0.40718562874251496
