mutation_id	ref_counts	var_counts	total_cn	VAF
chr1:43975148:G>A	1116	48	2	0.041237113402061855
chr1:44784254:C>A	433	279	2	0.39185393258426965
chr1:47219790:G>A	955	36	2	0.03632694248234107
chr11:118389780:G>A	433	106	2	0.19666048237476808
chr11:125960993:G>T	491	103	2	0.1734006734006734
chr14:31483041:C>T	378	29	2	0.07125307125307126
chr14:56609166:T>C	435	94	2	0.1776937618147448
chr19:3984175:C>T	558	44	2	0.07308970099667775
chr19:11378291:G>C	563	95	2	0.14437689969604864
chr6:138107157:C>T	448	84	2	0.15789473684210525
chr7:13900829:C>T	413	84	2	0.16901408450704225
chr7:38276313:TGGTATCACACCGGTCT>-	52	57	1	0.5229357798165137
chr8:132140080:C>T	273	146	2	0.34844868735083534
chr9:119167961:C>T	390	231	2	0.3719806763285024
