mutation_id	ref_counts	var_counts	total_cn	VAF
chr1:74249496:C>T	63	28	2	0.3076923076923077
chr1:241958882:C>G	331	258	2	0.4380305602716469
chr11:36227222:C>T	747	34	2	0.04353393085787452
chr11:63996647:C>T	248	176	2	0.41509433962264153
chr12:25245347:C>T	93	54	2	0.3673469387755102
chr17:68278221:C>T	157	50	6	0.24154589371980675
chr19:31277519:C>T	794	43	2	0.05137395459976105
chr2:85344639:G>A	393	278	2	0.4143070044709389
chr20:45309607:C>T	312	218	2	0.41132075471698115
chr3:147395960:G>C	654	48	2	0.06837606837606838
chr3:154429607:T>C	33	17	2	0.34
chr4:175634925:G>A	165	65	6	0.2826086956521739
chr7:99011404:G>T	359	306	2	0.46015037593984964
chrX:18174074:C>T	218	46	10	0.17424242424242425
chrX:40072646:G>A	1048	319	10	0.2333577176298464
