mutation_id	ref_counts	var_counts	total_cn	VAF
chr1:2529936:C>T	890	95	4	0.09644670050761421
chr1:173477440:G>C	652	33	4	0.04817518248175182
chr10:44982633:C>T	757	23	4	0.029487179487179487
chr11:62572662:C>T	402	147	4	0.2677595628415301
chr12:50098965:G>C	408	22	4	0.05116279069767442
chr14:23055597:C>G	628	24	4	0.03680981595092025
chr14:23429850:C>T	318	114	4	0.2638888888888889
chr15:33311090:G>A	492	46	2	0.08550185873605948
chr15:82783025:C>G	92	7	2	0.0707070707070707
chr17:1470464:C>G	707	46	4	0.06108897742363878
chr17:12722865:C>G	389	15	4	0.03712871287128713
chr17:58357833:G>C	596	40	4	0.06289308176100629
chr17:75778944:G>C	539	24	4	0.04262877442273535
chr19:49865235:C>G	614	35	4	0.053929121725731895
chr2:21007093:C>G	573	24	4	0.04020100502512563
chr2:69505616:G>C	376	22	4	0.05527638190954774
chr2:73926932:C>G	636	43	4	0.06332842415316642
chr2:203489687:G>C	427	17	4	0.038288288288288286
chr2:231109194:G>C	474	13	4	0.026694045174537988
chr3:14820985:C>T	293	138	4	0.32018561484918795
chr3:32138591:C>T	169	67	4	0.2838983050847458
chr3:40209913:C>G	436	32	4	0.06837606837606838
chr3:64023363:G>A	768	105	4	0.12027491408934708
chr4:9980702:C>T	329	113	4	0.25565610859728505
chr4:113355998:G>C	333	145	4	0.303347280334728
chr6:49692854:C>G	406	16	4	0.037914691943127965
chr6:132744476:G>A	222	78	4	0.26
chrX:48981269:C>G	344	24	2	0.06521739130434782
chrX:49832596:G>A	237	14	2	0.055776892430278883
chrX:53194305:C>T	167	288	2	0.6329670329670329
