mutation_id	ref_counts	var_counts	total_cn	VAF
chr1:959018:G>T	269	190	2	0.4139433551198257
chr1:24106023:C>T	346	45	2	0.11508951406649616
chr10:50233237:T>C	324	34	3	0.09497206703910614
chr10:62388460:C>T	473	96	3	0.1687170474516696
chr12:25245347:C>T	266	70	2	0.20833333333333334
chr14:105854440:T>C	388	82	3	0.17446808510638298
chr15:75414290:GATAA>CC	141	76	2	0.35023041474654376
chr16:55698005:G>A	184	65	2	0.26104417670682734
chr17:64504840:A>C	304	13	3	0.04100946372239748
chr19:48729120:G>A	632	24	2	0.036585365853658534
chr19:51713728:G>A	516	48	2	0.0851063829787234
chr19:55685440:C>T	175	73	2	0.29435483870967744
chr2:113005997:C>T	147	35	2	0.19230769230769232
chr2:113406872:->ACTC	80	57	2	0.41605839416058393
chr3:171128720:A>T	185	50	2	0.2127659574468085
chr3:184106581:C>T	343	45	2	0.11597938144329897
chr4:25018022:C>T	424	44	3	0.09401709401709402
chr6:169222283:C>T	533	121	3	0.18501529051987767
chrX:27979678:G>A	252	200	2	0.4424778761061947
