mutation_id	ref_counts	var_counts	total_cn	VAF
chr1:114463129:G>A	130	32	4	0.19753086419753085
chr1:154334187:C>T	338	56	4	0.14213197969543148
chr1:156652960:C>G	221	45	4	0.16917293233082706
chr1:178473083:G>A	258	22	4	0.07857142857142857
chr1:201005356:G>A	439	63	4	0.1254980079681275
chr10:132204850:G>C	261	58	4	0.18181818181818182
chr11:1251058:C>T	612	105	4	0.14644351464435146
chr11:33710281:G>A	406	24	4	0.05581395348837209
chr11:113204413:C>T	316	75	4	0.1918158567774936
chr12:14840455:C>T	61	35	2	0.3645833333333333
chr12:25225709:C>G	124	16	4	0.11428571428571428
chr12:43425686:G>A	85	14	4	0.1414141414141414
chr12:51688818:G>A	204	43	4	0.17408906882591094
chr12:103727336:G>C	324	10	4	0.029940119760479042
chr14:58488673:C>T	251	38	4	0.1314878892733564
chr16:49637693:C>T	421	68	4	0.1390593047034765
chr16:66402797:G>A	399	293	4	0.4234104046242775
chr17:46038566:G>C	494	22	4	0.04263565891472868
chr17:74849791:G>A	227	41	4	0.15298507462686567
chr18:63410358:C>T	140	95	4	0.40425531914893614
chr19:17936523:G>C	366	77	4	0.17381489841986456
chr19:24127757:C>G	117	25	4	0.176056338028169
chr19:40591114:C>G	468	67	4	0.1252336448598131
chr19:52315934:G>C	191	34	4	0.1511111111111111
chr2:8800414:C>G	232	46	4	0.16546762589928057
chr21:41441895:G>A	169	44	4	0.20657276995305165
chr22:42127975:C>G	409	72	4	0.1496881496881497
chr3:38550387:G>T	368	76	4	0.17117117117117117
chr3:47123128:->CGGGGCC	127	30	4	0.1910828025477707
chr3:47123130:T>GGGGCCCC	139	37	4	0.21022727272727273
chr3:58869399:->CC	198	47	4	0.19183673469387755
chr3:161249533:G>A	165	20	4	0.10810810810810811
chr3:177051659:->CCCC	151	94	4	0.3836734693877551
chr3:197017244:G>A	334	62	4	0.15656565656565657
chr4:1974977:C>G	348	61	4	0.1491442542787286
chr4:20589672:C>G	216	41	4	0.15953307392996108
chr4:70524892:G>A	240	42	4	0.14893617021276595
chr5:140835183:C>G	188	14	4	0.06930693069306931
chr5:149995693:G>A	408	72	4	0.15
chr6:27838890:G>T	430	68	4	0.13654618473895583
chr7:22193529:C>T	356	52	4	0.12745098039215685
chr7:87566845:C>T	195	136	4	0.4108761329305136
chr7:99533453:G>C	181	21	4	0.10396039603960396
chr8:24394116:G>C	207	28	4	0.11914893617021277
chr9:127715475:C>T	414	72	4	0.14814814814814814
chrX:18242477:G>A	178	12	2	0.06315789473684211
