mutation_id	ref_counts	var_counts	total_cn	VAF
chr1:40236040:G>A	187	167	2	0.4717514124293785
chr12:53723638:C>T	573	36	2	0.059113300492610835
chr14:106421709:TGTC>GGGAG	246	125	2	0.33692722371967654
chr15:33757485:C>T	216	182	2	0.457286432160804
chr15:40363820:C>A	748	20	2	0.026041666666666668
chr17:67107174:C>T	234	8	2	0.03305785123966942
chr2:209695642:T>C	183	158	2	0.4633431085043988
chr5:136356608:C>A	186	144	2	0.43636363636363634
chr5:174046843:C>G	553	32	2	0.0547008547008547
chr6:30952198:C>T	450	323	2	0.4178525226390686
chrX:132406242:G>C	252	24	1	0.08695652173913043
