mutation_id	ref_counts	var_counts	total_cn	VAF
chr1:74470400:T>C	258	15	2	0.054945054945054944
chr11:56346320:C>A	308	38	2	0.10982658959537572
chr13:26046568:G>C	179	34	2	0.1596244131455399
chr14:60461577:G>C	131	16	2	0.10884353741496598
chr14:103965475:G>A	256	22	2	0.07913669064748201
chr14:106627249:T>GGGGG	82	34	2	0.29310344827586204
chr16:72122985:G>A	116	15	2	0.11450381679389313
chr16:77367581:C>T	294	28	2	0.08695652173913043
chr20:3706612:G>A	238	60	2	0.20134228187919462
chr21:17565633:C>T	200	21	2	0.09502262443438914
chrX:29396287:T>C	76	28	1	0.2692307692307692
