mutation_id	ref_counts	var_counts	total_cn	VAF
chr15:49328046:G>C	356	13	2	0.03523035230352303
chr18:78993129:A>G	822	34	2	0.0397196261682243
chr2:15275792:C>T	212	16	2	0.07017543859649122
chr5:13901301:T>G	388	19	2	0.04668304668304668
chrX:141907076:T>C	402	47	1	0.10467706013363029
