mutation_id	ref_counts	var_counts	total_cn	VAF
chr1:99877754:A>T	172	88	2	0.3384615384615385
chr1:176595326:T>C	310	256	2	0.45229681978798586
chr10:15718848:G>T	389	225	2	0.36644951140065146
chr10:25176129:C>T	1114	50	2	0.0429553264604811
chr12:11869606:->C	521	365	3	0.41196388261851014
chr12:25245350:C>T	192	74	2	0.2781954887218045
chr14:39399749:G>A	289	135	3	0.31839622641509435
chr14:103742099:C>T	937	374	3	0.28527841342486654
chr14:105464058:G>T	526	176	3	0.25071225071225073
chr15:40364487:C>T	330	245	2	0.4260869565217391
chr16:3731323:AGG>-	674	346	2	0.3392156862745098
chr16:89636272:C>T	277	225	2	0.448207171314741
chr17:61950931:G>A	187	81	3	0.30223880597014924
chr18:78994761:G>A	2021	68	3	0.032551460028721876
chr19:8147186:C>T	270	159	2	0.3706293706293706
chr19:55486564:G>A	608	346	2	0.36268343815513626
chr22:20992879:G>A	259	172	2	0.3990719257540603
chr3:197858895:C>T	127	80	2	0.3864734299516908
chr4:792470:G>A	918	377	3	0.2911196911196911
chr4:17874671:->GGGA	276	68	3	0.19767441860465115
chr4:86775512:C>T	216	69	3	0.24210526315789474
chr4:163612718:C>A	207	76	3	0.26855123674911663
chr5:7414657:G>A	175	269	3	0.6058558558558559
chr5:180127673:C>T	560	171	3	0.23392612859097128
chr7:30055308:->T	162	81	2	0.3333333333333333
chr7:100467597:G>A	364	22	2	0.05699481865284974
chr7:117784265:T>A	134	59	2	0.30569948186528495
chr7:150952469:C>T	638	22	2	0.03333333333333333
chr9:37002651:C>A	321	277	2	0.46321070234113715
chr9:113584141:G>A	634	446	2	0.412962962962963
chrX:34656947:A>T	623	485	2	0.43772563176895307
chrX:153776929:C>T	951	32	2	0.03255340793489318
