mutation_id	ref_counts	var_counts	total_cn	VAF
chr1:32480995:G>A	423	96	2	0.18497109826589594
chr10:45750180:G>A	337	51	3	0.13144329896907217
chr10:131309219:G>C	445	84	4	0.15879017013232513
chr11:77084948:G>A	166	281	2	0.6286353467561522
chr13:110179004:C>T	137	208	2	0.6028985507246377
chr14:24255192:C>A	300	257	3	0.4614003590664273
chr14:106537810:->TCC	14	105	0	0.8823529411764706
chr15:51212490:G>A	308	121	2	0.28205128205128205
chr17:10344006:T>-	376	233	3	0.3825944170771757
chr2:53866829:G>C	420	16	2	0.03669724770642202
chr2:118842975:G>C	303	74	2	0.1962864721485411
chr3:148841881:G>A	439	21	2	0.04565217391304348
chr4:23831606:G>C	448	78	4	0.1482889733840304
chr6:115968673:G>A	124	143	2	0.5355805243445693
chr7:54553939:C>G	312	189	4	0.3772455089820359
chr7:56104259:->TTCCGCCCGGCTTCGCCCC	341	38	4	0.10026385224274406
chr8:134601510:->CGCCGGGGAAGGGAG	256	65	2	0.20249221183800623
chr9:77283646:A>G	22	6	2	0.21428571428571427
chrX:29955710:C>T	456	170	2	0.2715654952076677
chrX:115189755:C>G	553	150	2	0.21337126600284495
