mutation_id	ref_counts	var_counts	total_cn	VAF
chr12:10313434:T>C	158	105	2	0.39923954372623577
chr16:14584353:T>C	119	57	2	0.32386363636363635
chr22:17540658:G>A	268	220	2	0.45081967213114754
chr3:130598419:C>T	144	79	2	0.3542600896860987
chr4:65414437:C>T	124	84	2	0.40384615384615385
chr8:48729854:C>A	91	71	2	0.4382716049382716
