mutation_id	ref_counts	var_counts	total_cn	VAF
chr1:17697228:G>A	558	134	2	0.1936416184971098
chr12:112450407:A>T	293	211	2	0.41865079365079366
chr15:40183779:TT>-	305	188	2	0.3813387423935091
chr15:55829960:T>C	234	72	2	0.23529411764705882
chr17:31235729:G>A	440	174	3	0.28338762214983715
chr4:1961074:G>A	412	113	2	0.21523809523809523
chr9:33548673:C>T	211	90	2	0.29900332225913623
chr9:95469916:C>T	229	169	2	0.42462311557788945
