mutation_id	ref_counts	var_counts	total_cn	VAF
chr1:152353963:T>C	383	243	2	0.38817891373801916
chr12:25245347:C>T	316	179	2	0.3616161616161616
chr12:122855384:G>C	601	18	2	0.029079159935379646
chr7:4762242:G>A	427	299	2	0.4118457300275482
chr7:100677377:G>A	355	246	2	0.40931780366056575
chr7:111872310:C>A	82	6	2	0.06818181818181818
