mutation_id	ref_counts	var_counts	total_cn	VAF
chr1:114716126:C>T	132	45	2	0.2542372881355932
chr11:62979591:A>G	104	78	2	0.42857142857142855
chr13:28018507:C>T	138	21	2	0.1320754716981132
chr13:32357749:C>T	35	28	2	0.4444444444444444
chr16:69109992:G>A	97	67	2	0.40853658536585363
chr19:18667852:G>A	178	110	2	0.3819444444444444
chr3:43033531:C>T	135	122	2	0.47470817120622566
chr4:166039358:C>T	102	41	3	0.2867132867132867
chr4:169753710:C>A	141	19	3	0.11875
chr5:76733086:G>A	151	93	2	0.38114754098360654
chr7:15626910:C>A	92	33	2	0.264
chr8:70157029:C>T	165	241	3	0.5935960591133005
chr9:76850561:G>A	125	80	2	0.3902439024390244
chr9:85021399:G>T	96	67	2	0.4110429447852761
chrX:14845010:A>G	102	85	2	0.45454545454545453
chrX:139965494:C>T	130	10	2	0.07142857142857142
