mutation_id	ref_counts	var_counts	total_cn	VAF
chr1:86063733:T>G	206	132	2	0.3905325443786982
chr1:119895373:T>C	373	19	2	0.04846938775510204
chr1:175118739:G>A	425	104	2	0.19659735349716445
chr1:236559060:G>A	464	55	2	0.10597302504816955
chr10:91841341:C>T	335	21	2	0.05898876404494382
chr11:13405746:C>T	276	60	2	0.17857142857142858
chr11:93739241:G>A	306	17	2	0.05263157894736842
chr11:102865792:C>T	164	19	2	0.10382513661202186
chr13:108208918:G>C	238	12	2	0.048
chr15:23686753:C>T	469	20	2	0.0408997955010225
chr15:30556421:A>G	14	4	2	0.2222222222222222
chr16:15365356:G>A	38	28	2	0.42424242424242425
chr19:8962255:C>T	184	167	2	0.4757834757834758
chr19:39269581:G>A	333	218	2	0.3956442831215971
chr19:40673461:G>A	314	254	2	0.4471830985915493
chr2:185739381:G>A	414	15	2	0.03496503496503497
chr20:25775284:G>A	297	77	2	0.20588235294117646
chr5:95586659:G>A	156	32	2	0.1702127659574468
chr5:149200352:C>T	372	23	2	0.05822784810126582
chr5:157163123:G>A	234	232	2	0.4978540772532189
chr7:82826637:C>T	132	103	2	0.43829787234042555
chr8:81823895:G>A	117	86	2	0.4236453201970443
chr8:123182935:G>T	598	63	2	0.09531013615733737
chr9:104536717:C>G	149	115	2	0.4356060606060606
chr9:128435859:G>A	297	223	2	0.4288461538461538
chrX:101022059:C>T	364	22	2	0.05699481865284974
