mutation_id	ref_counts	var_counts	total_cn	VAF
chr1:2194058:C>T	426	307	2	0.41882673942701226
chr1:155030527:G>T	296	176	2	0.3728813559322034
chr12:4739314:G>T	125	85	2	0.40476190476190477
chr19:11236860:C>T	233	179	2	0.4344660194174757
chr3:382649:C>T	277	10	2	0.03484320557491289
chr3:78717804:A>G	170	125	2	0.423728813559322
chr3:89341795:C>T	168	118	2	0.4125874125874126
chr4:117084565:C>A	314	165	2	0.3444676409185804
chr6:169248887:C>T	412	252	2	0.3795180722891566
chr7:148811696:C>T	34	127	1	0.7888198757763976
chr9:104861755:C>T	197	169	2	0.46174863387978143
chr9:135784569:G>A	208	140	2	0.40229885057471265
