mutation_id	ref_counts	var_counts	total_cn	VAF
chr1:2228915:A>C	299	311	2	0.5098360655737705
chr1:22865052:C>T	264	233	2	0.4688128772635815
chr1:109579285:C>T	164	156	2	0.4875
chr10:104020536:C>T	146	153	2	0.5117056856187291
chr11:3093597:C>T	273	235	2	0.4625984251968504
chr13:28018498:ATG>-	176	154	2	0.4666666666666667
chr16:3738617:G>A	0	275	2	1.0
chr19:5456147:C>T	301	239	2	0.4425925925925926
chr2:26480841:G>A	312	271	2	0.4648370497427101
chr2:112187279:C>T	267	311	2	0.5380622837370242
chr2:176082449:C>A	193	186	2	0.49076517150395776
chr2:233637329:G>C	213	210	2	0.49645390070921985
chr3:50337240:G>C	267	239	2	0.4723320158102767
chr4:93515358:C>A	472	28	3	0.056
chr5:2749719:C>A	137	148	2	0.519298245614035
chr5:35691198:A>T	150	145	2	0.4915254237288136
chr5:179869833:G>A	151	147	2	0.49328859060402686
chr6:138278604:C>T	287	133	3	0.31666666666666665
chr9:87886056:C>G	320	229	2	0.41712204007285975
