mutation_id	ref_counts	var_counts	total_cn	VAF
chr10:47368090:T>C	246	185	4	0.42923433874709976
chr6:26204715:G>A	70	143	2	0.6713615023474179
chr7:117587740:A>T	128	54	4	0.2967032967032967
