mutation_id	ref_counts	var_counts	total_cn	VAF
chr1:6579362:C>G	523	17	2	0.03148148148148148
chr1:15308668:G>A	395	119	2	0.23151750972762647
chr1:149886402:C>A	352	183	2	0.34205607476635513
chr1:216422308:G>T	165	123	2	0.4270833333333333
chr11:71439033:T>A	304	259	2	0.46003552397868563
chr11:111285761:G>C	400	13	1	0.031476997578692496
chr11:113809183:G>A	370	32	1	0.07960199004975124
chr11:130428265:G>C	336	214	2	0.3890909090909091
chr12:39346494:G>C	457	101	2	0.18100358422939067
chr12:124354130:G>A	497	149	2	0.2306501547987616
chr13:52397646:C>G	355	101	2	0.22149122807017543
chr13:102741909:A>T	207	238	2	0.5348314606741573
chr14:88871629:A>T	325	294	2	0.47495961227786754
chr15:23441214:C>G	784	288	2	0.26865671641791045
chr16:86510959:C>T	503	173	2	0.2559171597633136
chr17:8190040:G>C	1292	45	2	0.033657442034405384
chr17:34954472:G>A	339	98	2	0.2242562929061785
chr18:35337363:G>A	429	162	2	0.27411167512690354
chr19:22402859:C>T	660	30	2	0.043478260869565216
chr2:170716450:G>T	495	460	2	0.4816753926701571
chr20:9580382:C>T	205	197	2	0.4900497512437811
chr22:49886578:C>T	421	136	2	0.24416517055655296
chr3:151338285:A>G	159	142	2	0.4717607973421927
chr5:24509625:C>T	246	188	2	0.43317972350230416
chr5:34922735:G>C	411	136	2	0.24862888482632542
chr6:142760518:G>A	563	55	2	0.0889967637540453
chr6:152220988:G>A	352	131	2	0.2712215320910973
chr6:152221452:G>A	343	108	2	0.2394678492239468
chr7:99531531:G>A	501	32	2	0.0600375234521576
chr9:39102608:C>T	328	52	1	0.1368421052631579
chrX:72143313:G>A	229	31	1	0.11923076923076924
chrX:83508480:C>T	13	325	1	0.9615384615384616
chrX:108736322:C>T	3	315	1	0.9905660377358491
