mutation_id	ref_counts	var_counts	total_cn	VAF
chr1:21887953:C>G	181	106	2	0.3693379790940767
chr1:159840721:G>C	133	87	2	0.39545454545454545
chr10:102450490:C>T	573	179	3	0.23803191489361702
chr10:102450491:C>T	572	179	3	0.23834886817576564
chr11:124265465:C>T	114	72	2	0.3870967741935484
chr11:124265702:C>G	215	103	2	0.3238993710691824
chr12:7501219:G>C	216	102	2	0.32075471698113206
chr17:42798613:G>C	388	111	3	0.22244488977955912
chr17:75521808:G>A	467	167	3	0.2634069400630915
chr19:4513551:C>A	335	58	2	0.1475826972010178
chr19:52511773:C>T	151	66	2	0.30414746543778803
chr2:19353517:G>A	246	154	2	0.385
chr2:100479371:C>G	257	105	2	0.2900552486187845
chr3:141907181:C>G	104	26	2	0.2
chr3:151458529:G>A	125	58	2	0.31693989071038253
chr4:73416353:C>T	58	26	2	0.30952380952380953
chr6:81751716:G>A	452	154	3	0.25412541254125415
chr6:118829151:G>A	383	122	3	0.24158415841584158
chr6:152135154:C>T	164	52	3	0.24074074074074073
chr8:3214539:C>A	215	119	2	0.3562874251497006
chr9:14776030:G>A	434	166	3	0.27666666666666667
