mutation_id	ref_counts	var_counts	total_cn	VAF
chr1:1923913:G>A	131	85	2	0.39351851851851855
chr1:15933962:G>A	359	22	2	0.05774278215223097
chr1:234608585:T>G	272	171	2	0.3860045146726862
chr1:236744765:G>A	228	114	2	0.3333333333333333
chr11:65947119:G>A	219	21	2	0.0875
chr11:67048623:G>A	209	39	2	0.15725806451612903
chr12:25245347:C>T	298	35	2	0.10510510510510511
chr12:125349717:A>C	315	37	2	0.10511363636363637
chr16:62982:C>T	172	29	2	0.14427860696517414
chr16:20985412:C>T	271	39	2	0.12580645161290321
chr17:6447592:C>T	345	134	3	0.2797494780793319
chr18:66505270:G>A	68	16	3	0.19047619047619047
chr2:178728366:T>-	152	80	2	0.3448275862068966
chr2:178728367:T>A	114	79	2	0.40932642487046633
chr22:30555210:C>T	337	96	2	0.22170900692840648
chr22:32191300:G>A	187	65	2	0.25793650793650796
chrX:120540503:C>A	129	15	3	0.10416666666666667
chrX:120540504:A>T	130	15	3	0.10344827586206896
