mutation_id	ref_counts	var_counts	total_cn	VAF
chr19:51643365:C>T	556	41	2	0.06867671691792294
chr19:53409121:C>T	36	10	2	0.21739130434782608
chr2:89027678:C>T	377	54	2	0.12529002320185614
chr20:34996647:G>A	379	126	2	0.2495049504950495
chr21:44591777:->GGCACGCAGCAGACG	693	143	2	0.17105263157894737
chr6:137009317:C>T	129	50	2	0.27932960893854747
chrX:54929655:C>A	604	26	3	0.04126984126984127
