mutation_id	ref_counts	var_counts	total_cn	VAF
chr1:169542118:T>C	226	170	2	0.4292929292929293
chr1:175014736:C>A	383	12	2	0.030379746835443037
chr12:79832470:C>T	176	104	2	0.37142857142857144
chr14:104954438:G>A	364	102	2	0.21888412017167383
chr19:885791:C>T	202	53	2	0.20784313725490197
chr19:1912767:C>T	470	136	2	0.22442244224422442
chr19:8731474:G>A	192	138	2	0.41818181818181815
chr2:1791938:G>A	148	65	2	0.3051643192488263
chr2:29071571:G>A	450	30	2	0.0625
chr2:90154553:T>C	44	20	1	0.3125
chr2:151514395:G>A	212	140	2	0.3977272727272727
chr2:178728926:C>G	228	39	2	0.14606741573033707
chr20:3854641:A>G	101	81	2	0.44505494505494503
chr3:54918772:G>A	232	127	2	0.35376044568245124
chr4:188101238:T>A	108	67	2	0.38285714285714284
chr5:72194705:->GGGGGG	201	85	2	0.2972027972027972
chr5:154446753:G>A	599	26	2	0.0416
chr8:38995456:C>T	177	56	2	0.24034334763948498
