mutation_id	ref_counts	var_counts	total_cn	VAF
chr1:36286562:G>A	226	184	2	0.44878048780487806
chr1:114716127:C>G	132	115	2	0.46558704453441296
chr1:177960853:G>A	376	52	3	0.12149532710280374
chr1:205241700:G>A	568	219	3	0.2782719186785261
chr11:1226243:G>C	278	226	2	0.44841269841269843
chr14:21869140:G>A	532	59	4	0.09983079526226735
chr15:22918820:G>A	634	31	2	0.04661654135338346
chr2:32098865:C>T	117	84	2	0.417910447761194
chr2:119158213:G>-	364	258	2	0.41479099678456594
chr20:13221875:C>T	276	224	2	0.448
chr3:149153544:C>T	163	102	2	0.3849056603773585
chr4:99419048:A>G	324	112	3	0.25688073394495414
chr5:141865270:C>T	231	170	2	0.4239401496259352
chr7:122302839:C>T	189	122	2	0.39228295819935693
chr9:25678305:C>T	152	126	2	0.45323741007194246
chrX:103500227:C>T	300	262	2	0.46619217081850534
chrY:21383459:G>A	5	103	1	0.9537037037037037
