mutation_id	ref_counts	var_counts	total_cn	VAF
chr1:202304582:G>A	320	88	2	0.21568627450980393
chr1:230357100:C>T	421	159	2	0.27413793103448275
chr15:71728558:G>T	224	122	2	0.35260115606936415
chr15:96332232:C>T	769	88	2	0.10268378063010501
chr17:47531472:->A	585	132	2	0.18410041841004185
chr19:15179096:G>A	615	69	2	0.10087719298245613
chr2:162189728:C>G	103	26	2	0.20155038759689922
chr2:178775917:C>T	532	27	2	0.04830053667262969
chr21:46003425:G>A	571	36	2	0.05930807248764415
chr4:665276:G>A	326	78	2	0.19306930693069307
chr4:46051493:C>A	232	53	2	0.18596491228070175
chr5:129461651:C>G	667	95	2	0.12467191601049869
chr5:140877305:G>A	357	249	2	0.41089108910891087
chr6:42632859:C>T	319	72	2	0.18414322250639387
chr7:27145680:GAGTCCTCCCCGCTG>CCCCA	389	149	2	0.27695167286245354
chr7:135164909:C>T	538	38	2	0.06597222222222222
chr9:32633635:G>A	624	154	2	0.19794344473007713
chr9:104826966:G>A	256	76	2	0.2289156626506024
chrX:32844803:G>A	342	85	2	0.1990632318501171
chrX:73827227:C>G	419	34	2	0.07505518763796909
