mutation_id	ref_counts	var_counts	total_cn	VAF
chr14:22423024:CTACTGTGCCTGTGACACCCACCCTGCT>AGG	16	40	1	0.7142857142857143
chr14:78645237:G>A	336	220	2	0.39568345323741005
chr15:70669172:C>A	151	91	2	0.3760330578512397
chr16:1256835:G>A	642	278	2	0.30217391304347824
chr17:16058057:->GGGGG	120	67	2	0.3582887700534759
chr17:51260692:C>T	498	391	2	0.4398200224971879
chr19:37738825:T>C	117	76	2	0.39378238341968913
chr2:27571640:G>A	234	161	2	0.40759493670886077
chr2:89937674:TGGCCTCCCACA>CAGAGG	129	61	2	0.32105263157894737
chr2:166199665:G>A	256	155	2	0.3771289537712895
chr3:89472594:G>A	236	148	2	0.3854166666666667
chr4:94302244:C>T	201	55	2	0.21484375
chr4:128162274:G>A	201	123	2	0.37962962962962965
chr5:1212461:C>T	444	26	2	0.05531914893617021
chr6:151468626:A>G	139	102	2	0.42323651452282157
chr7:44539689:C>T	316	202	2	0.38996138996138996
chr8:51408244:A>G	261	198	2	0.43137254901960786
chrX:73831203:C>T	462	17	2	0.03549060542797495
