mutation_id	ref_counts	var_counts	total_cn	VAF
chr12:11884559:G>T	334	43	6	0.11405835543766578
chr14:104802386:C>T	483	276	8	0.36363636363636365
chr22:28796138:->TAGTCTGAGTGCTGCCTCT	204	106	6	0.3419354838709677
chrX:16170724:C>T	391	100	5	0.20366598778004075
chrX:53562894:C>T	265	94	5	0.2618384401114206
chrX:66197766:G>C	460	46	5	0.09090909090909091
