mutation_id	ref_counts	var_counts	total_cn	VAF
chr1:31737730:G>A	277	47	2	0.14506172839506173
chr1:55007259:C>T	228	16	2	0.06557377049180328
chr18:44952439:T>-	134	89	1	0.3991031390134529
chr2:197402658:G>C	206	82	2	0.2847222222222222
chr2:219250621:G>A	265	91	2	0.2556179775280899
chr20:62312293:A>T	303	109	2	0.2645631067961165
chr22:37645510:G>A	155	45	2	0.225
chr7:130276641:A>C	105	51	2	0.3269230769230769
chr8:13214707:C>T	169	80	2	0.321285140562249
chrX:136033471:A>T	59	33	2	0.358695652173913
chrX:141906472:T>A	206	10	2	0.046296296296296294
