mutation_id	ref_counts	var_counts	total_cn	VAF
chr1:25972618:G>T	491	28	2	0.05394990366088632
chr12:103733072:G>A	357	195	2	0.3532608695652174
chr13:95884672:C>T	183	100	2	0.35335689045936397
chr17:38574897:G>A	602	60	2	0.09063444108761329
chr2:219552868:C>T	548	17	2	0.03008849557522124
chr3:11025485:C>A	291	104	2	0.26329113924050634
chr3:13637572:C>T	245	157	2	0.39054726368159204
chr3:38761236:T>A	161	69	2	0.3
chr6:29086678:C>G	480	120	2	0.2
chr6:85640498:C>G	189	72	2	0.27586206896551724
chr7:4017326:C>A	257	86	2	0.25072886297376096
