mutation_id	ref_counts	var_counts	total_cn	VAF
chr1:6473008:C>T	302	58	2	0.16111111111111112
chr1:155282631:C>T	663	129	2	0.16287878787878787
chr12:102396820:T>-	105	11	2	0.09482758620689655
chr17:7910539:G>A	776	39	2	0.04785276073619632
chr17:63483146:G>A	453	52	2	0.10297029702970296
chr3:8532809:G>A	369	68	2	0.15560640732265446
