mutation_id	ref_counts	var_counts	total_cn	VAF
chr1:52633513:G>A	616	21	2	0.03296703296703297
chr1:58682433:C>T	418	24	2	0.05429864253393665
chr1:68479313:T>C	96	65	2	0.40372670807453415
chr1:93079304:G>A	418	18	2	0.04128440366972477
chr10:86943137:C>T	341	284	2	0.4544
chr12:49039602:C>G	351	24	2	0.064
chr14:20118398:A>G	44	24	2	0.35294117647058826
chr15:79457567:G>A	192	156	2	0.4482758620689655
chr16:11508766:C>T	231	109	2	0.3205882352941177
chr18:65858931:C>A	76	64	2	0.45714285714285713
chr2:238255859:G>A	470	24	2	0.048582995951417005
chr3:58534368:G>A	160	112	2	0.4117647058823529
chr3:126621821:T>C	419	13	2	0.03009259259259259
chr4:166091284:C>T	217	69	2	0.24125874125874125
chr5:139813607:C>T	289	188	2	0.3941299790356394
chr5:141477512:A>C	421	22	2	0.04966139954853273
chr5:150297909:G>A	307	154	2	0.33405639913232105
chr8:118933023:C>T	207	151	2	0.42178770949720673
chr8:142877171:C>A	571	20	2	0.0338409475465313
