mutation_id	ref_counts	var_counts	total_cn	VAF
chr1:114716123:C>T	258	152	2	0.37073170731707317
chr10:116679618:T>-	396	159	3	0.2864864864864865
chr11:100271217:C>T	175	119	2	0.40476190476190477
chr11:117776830:C>T	246	127	2	0.34048257372654156
chr12:3020700:G>A	616	74	2	0.1072463768115942
chr12:39358320:G>A	342	10	2	0.028409090909090908
chr2:11640438:C>T	158	119	2	0.4296028880866426
chr4:163472364:C>T	375	126	3	0.25149700598802394
chrX:49345896:C>G	1294	68	2	0.049926578560939794
