mutation_id	ref_counts	var_counts	total_cn	VAF
chr1:18365284:C>T	344	27	2	0.07277628032345014
chr1:54612532:G>A	314	26	2	0.07647058823529412
chr10:126504744:G>A	443	209	3	0.3205521472392638
chr11:1236499:C>T	193	87	2	0.3107142857142857
chr13:28018498:ATG>-	160	84	2	0.3442622950819672
chr14:105488490:C>T	339	126	3	0.2709677419354839
chr16:1564045:CTGGGAGCGCGGCGTC>-	202	68	2	0.2518518518518518
chr17:5139625:C>T	362	98	3	0.21304347826086956
chr19:1255590:C>A	275	179	2	0.394273127753304
chr19:8936564:A>C	307	12	2	0.03761755485893417
chr19:46329409:G>A	447	34	2	0.07068607068607069
chr19:50320763:G>A	226	131	2	0.36694677871148457
chr2:50531341:G>A	223	110	2	0.3303303303303303
chr2:60792163:G>A	143	73	2	0.33796296296296297
chr2:112028453:C>T	195	111	2	0.3627450980392157
chr21:14965586:->GGACTCGGGGG	336	60	4	0.15151515151515152
chr21:14965592:T>A	344	70	4	0.16908212560386474
chr3:52511739:C>T	162	104	2	0.39097744360902253
chr4:7967092:C>T	321	81	3	0.20149253731343283
chr4:105967263:G>A	338	98	3	0.22477064220183487
chr4:182680571:C>T	257	68	3	0.20923076923076922
chr5:13829547:G>A	178	87	2	0.3283018867924528
chr5:140883973:G>A	426	30	2	0.06578947368421052
chr6:28085623:G>T	264	93	3	0.2605042016806723
chr7:43407638:G>A	215	101	2	0.31962025316455694
chrX:101241779:G>A	518	30	2	0.05474452554744526
