mutation_id	ref_counts	var_counts	total_cn	VAF
chr1:152827779:G>A	480	117	2	0.19597989949748743
chr1:201003696:G>A	290	147	2	0.33638443935926776
chr1:208038406:C>T	244	183	2	0.42857142857142855
chr15:92978341:->TCC	220	113	2	0.33933933933933935
chr16:1079571:G>A	442	261	2	0.3712660028449502
chr16:11514416:T>C	546	35	2	0.060240963855421686
chr17:31219026:G>T	242	84	2	0.25766871165644173
chr19:10759810:A>T	410	38	2	0.08482142857142858
chr2:25161540:C>T	368	221	2	0.37521222410865873
chr2:90005629:->CC	12	98	2	0.8909090909090909
chr2:124417473:G>A	206	164	2	0.44324324324324327
chr22:30449133:C>T	215	167	2	0.43717277486910994
chr3:100820270:C>T	540	18	2	0.03225806451612903
chr4:150828426:G>A	408	42	2	0.09333333333333334
chr5:73909784:C>T	715	30	2	0.040268456375838924
chr6:43283459:G>A	407	319	2	0.4393939393939394
chr6:157206917:C>T	592	56	2	0.08641975308641975
chrX:41166110:C>T	205	170	2	0.4533333333333333
chrX:49064600:C>T	473	240	2	0.33660589060308554
