mutation_id	ref_counts	var_counts	total_cn	VAF
chr17:6693070:C>T	379	154	2	0.28893058161350843
chr2:178651699:C>T	208	89	2	0.2996632996632997
chr2:241233873:G>A	611	57	2	0.08532934131736528
chr3:47120541:->CCCTGGG	113	93	1	0.45145631067961167
chr5:38957668:A>C	483	31	3	0.06031128404669261
chr5:169674391:A>T	988	88	3	0.08178438661710037
chr7:101000388:C>A	2176	254	2	0.10452674897119342
chrX:49175854:G>A	462	16	1	0.03347280334728033
