mutation_id	ref_counts	var_counts	total_cn	VAF
chr1:11719631:AGGAAAG>CC	378	150	3	0.2840909090909091
chr10:11329034:->CC	160	69	3	0.30131004366812225
chr10:11329036:G>CCC	172	20	3	0.10416666666666667
chr11:47580547:T>A	498	170	4	0.25449101796407186
chr11:119278165:G>T	215	82	4	0.2760942760942761
chr14:23558786:C>T	322	115	3	0.2631578947368421
chr14:76828397:G>A	221	85	3	0.2777777777777778
chr15:49012698:->T	186	78	3	0.29545454545454547
chr17:8235230:A>G	176	140	2	0.4430379746835443
chr2:178720242:C>A	252	92	3	0.26744186046511625
chr2:208251494:G>A	306	121	3	0.28337236533957844
chr22:19132357:C>A	464	91	3	0.16396396396396395
chr22:21053429:G>T	254	111	3	0.3041095890410959
chr3:169936430:C>A	89	86	2	0.49142857142857144
chr4:103183284:C>T	172	45	3	0.2073732718894009
chr6:150022170:T>G	444	111	4	0.2
chr8:431394:C>T	55	54	2	0.4954128440366973
chr8:94838569:T>C	144	123	2	0.4606741573033708
chr9:14806761:A>T	161	136	2	0.45791245791245794
chrX:141907256:G>T	215	225	2	0.5113636363636364
