mutation_id	ref_counts	var_counts	total_cn	VAF
chr1:22908121:C>T	366	68	2	0.15668202764976957
chr1:59997670:C>T	306	107	2	0.25907990314769974
chr1:220880003:->GGGC	707	91	2	0.11403508771929824
chr11:2666077:G>C	336	25	2	0.06925207756232687
chr12:112450394:G>A	316	93	2	0.2273838630806846
chr14:37422936:C>T	206	132	2	0.3905325443786982
chr16:28320823:G>A	607	107	2	0.14985994397759103
chr17:58208114:C>T	294	96	2	0.24615384615384617
chr19:4054074:A>G	444	87	1	0.1638418079096045
chr20:62324136:G>A	411	309	2	0.42916666666666664
chr20:64074519:->CG	330	82	2	0.19902912621359223
chr22:30646652:C>T	591	112	2	0.1593172119487909
chr22:50248682:G>A	340	63	2	0.15632754342431762
chr3:14514326:C>T	349	105	2	0.23127753303964757
chr3:39128915:C>T	198	37	2	0.1574468085106383
chr6:49733203:A>G	354	21	2	0.056
