mutation_id	ref_counts	var_counts	total_cn	VAF
chr11:64736802:C>A	641	66	2	0.09335219236209336
chr12:49032113:G>A	494	66	2	0.11785714285714285
chr14:106470256:CACTGTGTA>GCAAGG	89	14	2	0.13592233009708737
chr6:33164404:C>T	974	30	2	0.029880478087649404
chr6:142753743:C>T	359	104	2	0.22462203023758098
