mutation_id	ref_counts	var_counts	total_cn	VAF
chr1:39769811:G>A	540	206	2	0.2761394101876676
chr1:103006068:C>T	83	39	2	0.319672131147541
chr1:154191259:T>A	138	92	2	0.4
chr1:226161588:C>T	151	58	2	0.27751196172248804
chr10:48244836:G>T	79	35	2	0.30701754385964913
chr10:68828111:CGCGGCTGGCGCGCGCCGCCT>-	10	38	2	0.7916666666666666
chr11:103109742:C>A	343	33	2	0.08776595744680851
chr11:113416963:C>T	337	186	2	0.35564053537284895
chr12:52395033:C>T	857	95	2	0.09978991596638656
chr12:57737242:G>A	488	368	2	0.42990654205607476
chr14:37369558:G>T	75	33	2	0.3055555555555556
chr15:48134268:G>A	97	49	2	0.3356164383561644
chr16:22915105:C>T	412	322	2	0.43869209809264303
chr2:27102388:C>T	282	219	2	0.437125748502994
chr2:113406868:CCATTCACAGTGTTACAAGCCATAACAAAA>GG	121	42	2	0.25766871165644173
chr3:184936317:G>A	113	47	2	0.29375
chr5:140093:A>T	388	275	2	0.41478129713423834
chr5:140850247:G>A	67	484	2	0.8784029038112523
chr7:127613499:G>A	344	139	2	0.28778467908902694
chrX:152736995:C>T	305	154	2	0.3355119825708061
