mutation_id	ref_counts	var_counts	total_cn	VAF
chr1:158466169:G>A	452	16	2	0.03418803418803419
chr1:196331199:A>G	148	10	2	0.06329113924050633
chr1:213998116:G>C	402	56	2	0.1222707423580786
chr10:94132444:C>T	177	64	2	0.26556016597510373
chr10:116626001:G>A	301	120	2	0.2850356294536817
chr11:1556811:C>G	849	92	2	0.09776833156216791
chr11:22377487:C>T	368	35	2	0.08684863523573201
chr11:106054007:C>G	152	18	2	0.10588235294117647
chr12:53281545:C>T	363	38	2	0.09476309226932668
chr12:96286749:G>A	286	20	2	0.06535947712418301
chr15:40368724:T>A	387	144	2	0.2711864406779661
chr15:62766343:C>T	267	39	2	0.12745098039215685
chr16:10902171:C>T	238	161	2	0.40350877192982454
chr16:49523633:G>A	308	40	2	0.11494252873563218
chr17:67532945:C>G	285	37	2	0.11490683229813664
chr19:34433371:T>C	78	10	2	0.11363636363636363
chr20:21705908:G>A	716	59	2	0.07612903225806451
chr6:54941948:G>C	187	69	2	0.26953125
chr7:120745985:C>T	400	21	2	0.0498812351543943
chrX:121048612:G>C	275	47	1	0.14596273291925466
chrX:152647049:G>C	645	19	2	0.0286144578313253
chrX:153918874:A>T	629	50	2	0.07363770250368189
