mutation_id	ref_counts	var_counts	total_cn	VAF
chr1:36806267:C>T	366	145	2	0.2837573385518591
chr10:75030209:C>T	554	21	2	0.036521739130434785
chr11:62805327:->GGG	510	225	2	0.30612244897959184
chr12:25227337:C>T	181	216	2	0.5440806045340051
chr12:49031897:->GGCC	406	182	2	0.30952380952380953
chr12:111418367:C>A	498	286	2	0.3647959183673469
chr17:7315610:GAGA>-	488	103	2	0.17428087986463622
chr19:15189110:G>A	462	124	2	0.21160409556313994
chr2:138671623:G>T	460	20	2	0.041666666666666664
chr20:32435074:G>T	481	34	2	0.06601941747572816
chr3:124841459:C>T	362	153	2	0.2970873786407767
chr3:127923414:->GGA	207	79	2	0.2762237762237762
chr5:140926992:G>A	400	102	2	0.20318725099601595
chr5:170252457:C>T	112	35	2	0.23809523809523808
chr6:27865416:G>C	288	135	2	0.3191489361702128
chr6:143765525:->CCC	348	130	2	0.2719665271966527
chr8:30844233:C>T	154	118	2	0.4338235294117647
chr9:37020780:A>G	217	174	2	0.44501278772378516
