mutation_id	ref_counts	var_counts	total_cn	VAF
chr12:12487112:C>T	42	98	1	0.7
chr13:26046736:G>A	213	118	2	0.3564954682779456
chr14:106627248:->CCTCCCTACA	25	6	0	0.1935483870967742
chr17:79781914:A>T	402	16	2	0.03827751196172249
chr19:34445066:CTA>-	140	54	2	0.27835051546391754
chr2:127059098:G>A	544	55	2	0.09181969949916527
chr2:169510145:G>A	187	102	2	0.35294117647058826
chr3:77644884:G>A	145	74	2	0.3378995433789954
chr4:150490969:G>A	202	64	2	0.24060150375939848
