mutation_id	ref_counts	var_counts	total_cn	VAF
chr1:114713907:T>G	429	38	6	0.08137044967880086
chr11:72015243:G>A	270	159	4	0.3706293706293706
chr11:75268941:C>A	242	93	4	0.27761194029850744
chr11:121145794:G>A	219	144	4	0.39669421487603307
chr12:15549204:G>A	95	86	4	0.47513812154696133
chr17:7673802:C>G	112	205	4	0.6466876971608833
chr18:78993488:C>T	1006	33	8	0.03176130895091434
chr19:14177695:C>T	308	190	4	0.3815261044176707
chr2:240553036:G>A	140	80	4	0.36363636363636365
chr22:44825550:C>T	350	148	6	0.2971887550200803
chr5:147400823:G>T	233	33	5	0.12406015037593984
chr8:92095083:G>T	201	254	7	0.5582417582417583
