mutation_id	ref_counts	var_counts	total_cn	VAF
chr10:37197480:G>T	155	35	7	0.18421052631578946
chr10:117255511:G>T	274	119	4	0.30279898218829515
chr11:56641807:A>G	269	105	4	0.2807486631016043
chr12:112489080:T>C	279	82	4	0.22714681440443213
chr13:96090921:T>C	284	99	4	0.2584856396866841
chr14:93333371:C>A	398	58	10	0.12719298245614036
chr16:88715204:C>T	260	122	4	0.3193717277486911
chr17:47744924:C>T	294	174	4	0.3717948717948718
chr19:22316999:C>A	119	36	3	0.23225806451612904
chr19:41016823:G>A	211	39	4	0.156
chr19:43258206:G>T	201	82	4	0.28975265017667845
chr2:74523401:C>T	256	127	4	0.33159268929503916
chr2:113406873:C>-	117	77	4	0.39690721649484534
chr2:186740297:T>C	402	12	4	0.028985507246376812
chr20:35801532:C>T	159	65	4	0.29017857142857145
chr3:119648295:C>T	315	149	4	0.32112068965517243
chr4:99654496:C>T	567	152	7	0.2114047287899861
chr6:47682010:G>A	252	120	4	0.3225806451612903
chr7:78256252:C>T	434	24	4	0.05240174672489083
chr8:19439891:C>A	180	51	4	0.22077922077922077
chr8:26770164:G>A	173	126	4	0.4214046822742475
chr9:26998048:C>T	168	14	7	0.07692307692307693
chrX:44844143:C>T	180	129	5	0.4174757281553398
chrX:115123080:G>A	93	71	5	0.4329268292682927
