mutation_id	ref_counts	var_counts	total_cn	VAF
chr1:18482959:G>A	279	201	2	0.41875
chr11:59713031:C>T	379	103	3	0.21369294605809128
chr12:11884507:->TC	224	103	2	0.3149847094801223
chr12:69655625:C>A	647	22	3	0.03288490284005979
chr14:22449080:GGGGAAGTTTTTGTAAAGCTCTGTAGCACTGTGACTG>-	66	10	2	0.13157894736842105
chr15:51341756:G>A	639	32	2	0.04769001490312966
chr15:65076948:G>A	398	174	2	0.3041958041958042
chr16:88678500:C>T	270	110	2	0.2894736842105263
chr19:9266159:A>C	336	18	2	0.05084745762711865
chr19:54736024:C>T	275	151	2	0.3544600938967136
chr2:20671124:G>A	625	28	2	0.042879019908116385
chr20:3234176:C>T	231	141	2	0.3790322580645161
chr4:154366239:G>A	279	94	3	0.2520107238605898
chr5:11199547:C>T	381	91	3	0.19279661016949154
chr5:102498700:G>A	538	25	3	0.04440497335701599
chr7:154962431:T>C	268	17	2	0.05964912280701754
chr8:39837179:G>A	176	53	3	0.2314410480349345
chr8:123207553:C>T	1090	34	3	0.030249110320284697
