mutation_id	ref_counts	var_counts	total_cn	VAF
chr11:64344806:G>A	574	33	2	0.054365733113673806
chr11:121113072:G>A	168	60	2	0.2631578947368421
chr18:37565384:C>A	412	37	2	0.08240534521158129
chr19:55661187:G>A	369	99	2	0.21153846153846154
chr5:23522779:G>A	813	27	2	0.03214285714285714
chr6:137198329:C>A	234	74	2	0.24025974025974026
chr8:76854105:C>G	548	49	2	0.08207705192629816
chr9:19786120:C>G	365	24	2	0.061696658097686374
chr9:122615426:C>G	498	33	2	0.062146892655367235
