mutation_id	ref_counts	var_counts	total_cn	VAF
chr1:222590064:G>T	232	119	2	0.33903133903133903
chr10:25598711:G>A	125	86	2	0.4075829383886256
chr12:11839192:G>A	215	22	1	0.09282700421940929
chr14:22071139:C>A	187	105	2	0.3595890410958904
chr16:3738617:G>A	180	76	2	0.296875
chr17:18121376:G>A	364	239	2	0.3963515754560531
chr17:81536915:C>A	296	201	2	0.4044265593561368
chr19:4792512:C>A	386	222	2	0.3651315789473684
chr19:6694515:C>T	214	151	2	0.4136986301369863
chr19:41090175:G>A	196	117	2	0.3738019169329074
chr2:186829782:C>T	125	55	2	0.3055555555555556
chr2:186829783:A>T	126	55	2	0.30386740331491713
chr22:44736786:C>T	208	111	2	0.34796238244514105
chr3:78639807:T>A	211	132	2	0.3848396501457726
chr3:130345829:G>A	206	154	2	0.42777777777777776
chr4:271516:T>C	236	19	2	0.07450980392156863
chr4:138180729:C>T	130	62	2	0.3229166666666667
chr6:43040392:C>T	217	149	2	0.40710382513661203
chr6:43284993:C>T	232	161	2	0.40966921119592875
chr7:147903593:C>A	235	116	2	0.33048433048433046
