mutation_id	ref_counts	var_counts	total_cn	VAF
chr1:6451937:C>T	237	200	2	0.4576659038901602
chr1:225410307:T>C	9	62	1	0.8732394366197183
chr1:248180350:G>A	156	113	2	0.4200743494423792
chr12:6587933:T>G	196	10	2	0.04854368932038835
chr12:7406811:G>A	110	66	2	0.375
chr12:63147630:G>C	104	82	2	0.44086021505376344
chr12:109290238:C>T	204	218	2	0.5165876777251185
chr14:93593756:C>T	277	120	3	0.3022670025188917
chr17:69017779:A>G	176	68	3	0.2786885245901639
chr17:82027680:G>A	221	86	3	0.28013029315960913
chr19:1009400:C>G	329	232	2	0.41354723707664887
chr2:120797431:G>T	178	136	2	0.43312101910828027
chr20:44279032:G>A	146	122	2	0.4552238805970149
chr21:46132276:C>T	576	169	4	0.22684563758389262
chr21:46275322:C>T	227	57	4	0.2007042253521127
chr4:121138634:G>A	236	70	3	0.22875816993464052
chr5:140849999:C>T	290	277	2	0.48853615520282184
chr5:141332380:G>A	152	137	2	0.4740484429065744
chr7:144259428:G>A	364	101	2	0.2172043010752688
chrX:55181936:G>A	149	100	2	0.40160642570281124
chrX:139561710:C>T	141	118	2	0.4555984555984556
