mutation_id	ref_counts	var_counts	total_cn	VAF
chr1:17338152:G>A	128	79	2	0.38164251207729466
chr1:54216239:C>A	305	177	2	0.36721991701244816
chr1:154348538:G>A	213	143	2	0.40168539325842695
chr1:205308608:G>A	222	168	2	0.4307692307692308
chr1:215640610:G>A	249	175	2	0.41273584905660377
chr10:127552584:G>A	274	142	2	0.34134615384615385
chr12:11884474:->CT	209	172	2	0.45144356955380577
chr12:25245350:C>A	203	118	2	0.367601246105919
chr14:106373931:C>-	221	103	2	0.31790123456790126
chr16:77431556:G>A	261	168	2	0.3916083916083916
chr2:185792344:A>T	134	99	2	0.4248927038626609
chr2:209994236:C>T	249	138	2	0.35658914728682173
chr22:27982332:C>T	340	256	2	0.42953020134228187
chr3:44242134:G>A	327	236	2	0.4191829484902309
chr3:47120190:TAAA>-	102	78	2	0.43333333333333335
chr6:4069116:C>T	177	97	2	0.354014598540146
chr6:37462888:->G	238	160	2	0.4020100502512563
chr8:10898151:C>T	213	138	2	0.39316239316239315
chr8:60853305:->TGGAA	336	166	2	0.33067729083665337
