mutation_id	ref_counts	var_counts	total_cn	VAF
chr1:23394008:C>T	286	58	2	0.1686046511627907
chr1:114611089:G>A	131	103	2	0.44017094017094016
chr1:114716123:C>T	326	45	2	0.12129380053908356
chr1:151342641:G>A	342	45	2	0.11627906976744186
chr10:69246213:G>A	293	104	3	0.2619647355163728
chr11:57236533:C>T	504	47	2	0.0852994555353902
chr12:25245347:C>T	192	64	2	0.25
chr14:37592479:G>A	1614	149	4	0.08451503119682359
chr15:45104304:C>T	314	254	2	0.4471830985915493
chr16:3738617:G>A	246	31	2	0.11191335740072202
chr17:36169107:C>T	1339	177	3	0.11675461741424802
chr2:209813676:G>A	462	35	2	0.07042253521126761
chr2:218664102:C>T	262	291	2	0.5262206148282098
chr2:240682350:G>A	382	42	2	0.09905660377358491
chr21:30747140:G>A	539	202	3	0.2726045883940621
chr22:25029414:C>T	214	193	2	0.4742014742014742
chr3:38725293:C>T	155	149	2	0.4901315789473684
chr3:73624664:C>T	487	67	2	0.12093862815884476
chr4:1961074:G>A	409	183	3	0.3091216216216216
chr4:41613493:C>T	282	50	3	0.15060240963855423
chr4:83269861:T>G	208	34	3	0.14049586776859505
chr4:89029641:T>C	177	39	3	0.18055555555555555
chr7:93436029:C>T	169	139	2	0.4512987012987013
chr8:123333913:TT>-	407	40	3	0.0894854586129754
chr9:110503077:C>T	192	32	2	0.14285714285714285
