mutation_id	ref_counts	var_counts	total_cn	VAF
chr1:55046543:C>T	355	49	2	0.12128712871287128
chr1:114713908:T>G	608	32	2	0.05
chr1:116397904:G>A	350	32	2	0.08376963350785341
chr1:181755301:T>C	403	57	2	0.12391304347826088
chr1:186675291:G>A	328	56	2	0.14583333333333334
chr11:5788449:T>A	499	38	2	0.07076350093109869
chr11:88294185:G>C	532	48	2	0.08275862068965517
chr11:118530800:C>T	917	66	2	0.0671414038657172
chr14:33215372:G>A	330	61	2	0.15601023017902813
chr14:105707825:G>A	246	70	1	0.22151898734177214
chr14:106639119:T>C	76	12	1	0.13636363636363635
chr14:106639121:->CCCGG	128	15	1	0.1048951048951049
chr15:40369264:G>A	571	34	2	0.05619834710743802
chr17:60426311:G>A	242	53	2	0.17966101694915254
chr19:56815295:G>C	333	42	2	0.112
chr2:159748358:T>G	305	43	2	0.1235632183908046
chr2:178588661:G>A	343	41	2	0.10677083333333333
chr20:62353233:C>T	390	41	2	0.0951276102088167
chr21:31995915:C>A	476	40	2	0.07751937984496124
chr5:122152229:G>T	389	46	2	0.10574712643678161
chr9:132687241:G>T	298	12	2	0.03870967741935484
chrX:130039270:C>T	424	36	2	0.0782608695652174
chrX:141907872:C>T	444	69	2	0.13450292397660818
