mutation_id	ref_counts	var_counts	total_cn	VAF
chr12:11885968:C>T	245	144	2	0.37017994858611825
chr14:21020571:C>T	135	115	2	0.46
chr15:82989188:G>T	100	83	2	0.453551912568306
chr19:54727806:C>T	1038	53	2	0.04857928505957837
chr2:90039479:->CC	48	42	2	0.4666666666666667
chr2:241033857:C>T	336	217	2	0.3924050632911392
chr3:45772601:C>T	224	185	2	0.45232273838630804
chr3:89340922:G>C	142	112	2	0.4409448818897638
chr5:37205337:G>A	264	35	2	0.11705685618729098
chr6:111580348:G>A	372	238	2	0.3901639344262295
chr6:117503840:C>T	207	138	2	0.4
chr7:150952652:C>T	570	26	2	0.0436241610738255
chr8:30842428:G>A	204	15	2	0.0684931506849315
chrX:69505848:G>T	1002	36	2	0.03468208092485549
