mutation_id	ref_counts	var_counts	total_cn	VAF
chr12:84861632:C>T	223	12	2	0.05106382978723404
chr12:105058119:C>T	396	44	2	0.1
chr16:55698526:->TGGG	180	121	2	0.4019933554817276
chr19:1619404:->CGGCTGTGCCCA	295	194	2	0.3967280163599182
chr19:43613799:T>C	726	35	2	0.045992115637319315
chr2:120986581:C>T	478	31	2	0.060903732809430254
chr3:3845942:G>A	406	26	2	0.06018518518518518
chr3:134371393:C>T	396	46	2	0.10407239819004525
chr6:106649180:TATC>-	112	42	2	0.2727272727272727
chr7:152852174:C>T	370	23	2	0.058524173027989825
