mutation_id	ref_counts	var_counts	total_cn	VAF
chr13:41193565:C>T	306	66	2	0.1774193548387097
chr14:100883240:C>T	318	100	2	0.23923444976076555
chr15:55546742:C>G	236	28	2	0.10606060606060606
chr19:38448398:C>T	261	87	2	0.25
chr2:201704552:C>T	273	84	2	0.23529411764705882
chr6:146726104:C>T	150	114	2	0.4318181818181818
chr7:154669371:G>T	175	128	2	0.42244224422442245
chrX:70405833:A>G	262	77	2	0.22713864306784662
chrX:119574718:A>G	398	30	2	0.07009345794392523
chrX:119583160:G>C	269	85	2	0.2401129943502825
