mutation_id	ref_counts	var_counts	total_cn	VAF
chr11:6002620:G>A	247	26	2	0.09523809523809523
chr11:123943138:C>T	186	128	2	0.40764331210191085
chr12:25245345:C>T	267	30	2	0.10101010101010101
chr14:22512852:TGAACAGAG>GCCCACCCC	74	11	2	0.12941176470588237
chr15:63612309:C>T	336	11	2	0.03170028818443804
chr15:76171002:G>A	236	22	2	0.08527131782945736
chr16:3402110:->A	157	94	2	0.3745019920318725
chr17:7853408:C>T	306	270	2	0.46875
chr2:74100867:C>T	424	27	2	0.0598669623059867
chr20:3692871:G>A	302	29	2	0.08761329305135952
chr20:46502760:G>A	254	13	2	0.04868913857677903
chr5:41065367:C>T	181	94	2	0.3418181818181818
chr6:41061522:C>T	232	137	2	0.3712737127371274
chr8:91960427:A>T	437	55	2	0.11178861788617886
chr9:5078360:A>G	285	28	2	0.08945686900958466
