mutation_id	ref_counts	var_counts	total_cn	VAF
chr1:17079399:T>C	152	111	2	0.4220532319391635
chr1:86376256:G>A	70	29	2	0.29292929292929293
chr10:94361866:T>C	111	20	4	0.15267175572519084
chr10:132835345:C>A	582	24	4	0.039603960396039604
chr12:7137959:C>T	140	76	3	0.35185185185185186
chr12:112489084:G>C	356	161	3	0.3114119922630561
chr13:28018483:T>C	185	40	2	0.17777777777777778
chr15:62675268:G>A	312	24	2	0.07142857142857142
chr17:80067611:G>A	336	123	3	0.2679738562091503
chr18:12264370:G>A	305	139	3	0.3130630630630631
chr18:63410353:T>C	260	115	3	0.30666666666666664
chr19:50281613:G>A	334	27	2	0.07479224376731301
chr2:70959020:C>T	134	123	2	0.4785992217898833
chr2:77518727:G>A	159	174	2	0.5225225225225225
chr5:121852113:C>G	243	213	2	0.46710526315789475
chr5:181059372:C>T	623	46	2	0.0687593423019432
chr6:43621751:G>A	455	37	3	0.07520325203252033
chr6:85637006:A>G	404	30	3	0.06912442396313365
chrX:34943849:C>T	602	40	4	0.06230529595015576
chrX:47410316:G>A	510	127	4	0.19937205651491366
