mutation_id	ref_counts	var_counts	total_cn	VAF
chr1:53092702:A>C	332	79	2	0.1922141119221411
chr1:215628889:G>A	187	147	2	0.44011976047904194
chr14:104947998:T>-	403	58	2	0.12581344902386118
chr16:2232804:C>T	235	173	2	0.42401960784313725
chr18:63902410:C>T	171	22	2	0.11398963730569948
chr2:210579726:T>A	150	114	2	0.4318181818181818
chr7:45686035:G>A	371	334	2	0.47375886524822697
chr9:74747896:T>A	190	17	2	0.0821256038647343
