mutation_id	ref_counts	var_counts	total_cn	VAF
chr1:246987332:G>T	305	37	2	0.10818713450292397
chr12:21468646:C>T	121	64	2	0.34594594594594597
chr12:85244788:G>A	88	83	2	0.4853801169590643
chr12:107618198:A>G	209	132	2	0.3870967741935484
chr12:120219807:C>T	166	153	2	0.47962382445141066
chr12:129074036:A>G	236	179	2	0.43132530120481927
chr13:110192857:C>T	252	171	2	0.40425531914893614
chr14:106627251:->CTAGG	18	22	0	0.55
chr15:42142604:C>T	356	226	2	0.38831615120274915
chr17:30893603:G>A	391	17	2	0.041666666666666664
chr17:53823930:C>A	178	171	2	0.4899713467048711
chr18:6948418:C>T	160	106	2	0.39849624060150374
chr19:37613843:G>C	186	135	2	0.4205607476635514
chr19:50688031:C>T	389	44	2	0.10161662817551963
chr19:51455553:G>A	206	139	2	0.4028985507246377
chr2:120989477:C>T	259	215	2	0.45358649789029537
chr20:44066762:C>A	178	121	2	0.40468227424749165
chr4:186708265:C>T	202	155	2	0.4341736694677871
chr6:43259630:C>T	344	150	2	0.30364372469635625
chr7:31695593:G>A	159	133	2	0.4554794520547945
chr7:117810920:G>A	221	197	2	0.47129186602870815
chr8:143772207:G>A	812	55	2	0.06343713956170703
chr9:5078360:A>G	194	95	2	0.328719723183391
chr9:36966703:->GCACA	245	151	2	0.3813131313131313
chrX:31627731:C>T	432	181	3	0.29526916802610115
chrX:93709617:T>G	250	88	3	0.2603550295857988
chrX:132958369:C>A	600	245	3	0.28994082840236685
chrX:153319597:G>A	560	236	3	0.2964824120603015
