mutation_id	ref_counts	var_counts	total_cn	VAF
chr1:1435815:G>C	240	32	2	0.11764705882352941
chr1:20553346:G>A	407	53	2	0.11521739130434783
chr1:110674279:G>C	314	44	2	0.12290502793296089
chr1:153934909:G>A	187	124	2	0.3987138263665595
chr1:160290592:G>A	345	24	2	0.06504065040650407
chr10:98429551:C>A	196	20	2	0.09259259259259259
chr11:5709229:G>C	246	37	2	0.13074204946996468
chr11:19933319:C>T	421	30	2	0.06651884700665188
chr11:95026786:C>G	304	48	2	0.13636363636363635
chr11:101961930:G>A	112	20	2	0.15151515151515152
chr12:53506090:G>A	183	111	2	0.37755102040816324
chr12:112450406:G>A	211	39	2	0.156
chr14:105855103:G>A	378	30	2	0.07352941176470588
chr16:50307112:C>G	308	49	2	0.13725490196078433
chr16:58165695:G>A	176	18	2	0.09278350515463918
chr18:8379333:T>C	218	22	2	0.09166666666666666
chr18:33745701:T>C	252	42	2	0.14285714285714285
chr2:88992409:A>-	18	27	1	0.6
chr2:89937680:CC>-	14	8	2	0.36363636363636365
chr2:119681615:G>C	362	14	2	0.03723404255319149
chr2:130915732:C>T	321	38	2	0.10584958217270195
chr2:140601506:G>A	178	31	2	0.14832535885167464
chr21:30371932:C>T	281	108	3	0.2776349614395887
chr22:40407026:C>T	175	109	2	0.38380281690140844
chr22:41343453:G>C	273	36	2	0.11650485436893204
chr22:46316230:C>T	430	28	2	0.0611353711790393
chr3:49683093:C>T	297	12	2	0.038834951456310676
chr3:138755826:G>C	145	17	2	0.10493827160493827
chr3:151383820:G>A	195	36	2	0.15584415584415584
chr4:41613539:G>A	286	15	2	0.04983388704318937
chr4:69939175:G>A	40	7	2	0.14893617021276595
chr4:84609516:G>A	71	7	2	0.08974358974358974
chr4:112145674:G>C	467	45	2	0.087890625
chr5:111107351:C>G	220	19	2	0.0794979079497908
chr5:133199601:C>T	336	35	2	0.09433962264150944
chr5:176529302:C>G	247	22	2	0.08178438661710037
chr6:31900861:C>T	307	143	2	0.31777777777777777
chr6:56477412:A>G	243	36	2	0.12903225806451613
chr6:100463340:G>A	244	30	2	0.10948905109489052
chr6:157206182:G>A	64	28	2	0.30434782608695654
chr7:44676084:G>A	252	31	2	0.10954063604240283
chr7:100592804:G>C	148	34	2	0.18681318681318682
chr7:143388790:C>T	197	82	2	0.2939068100358423
chrX:49603672:G>A	137	19	1	0.12179487179487179
chrX:53192981:G>A	82	24	1	0.22641509433962265
