mutation_id	ref_counts	var_counts	total_cn	VAF
chr10:27735256:C>T	305	90	3	0.22784810126582278
chr10:27936787:G>A	323	154	3	0.3228511530398323
chr13:28034144:A>G	159	110	2	0.40892193308550184
chr13:37590470:G>A	176	144	2	0.45
chr17:19743379:C>T	362	143	3	0.28316831683168314
chr18:5428324:G>A	221	101	3	0.3136645962732919
chr19:590138:G>A	77	78	2	0.5032258064516129
chr19:8957757:G>A	196	18	2	0.08411214953271028
chr2:3643470:C>T	195	111	2	0.3627450980392157
chr5:149052236:T>C	80	42	2	0.3442622950819672
chr7:14478163:A>T	89	73	2	0.4506172839506173
chr7:158167282:G>A	110	82	2	0.4270833333333333
