mutation_id	ref_counts	var_counts	total_cn	VAF
chr1:81955876:G>C	226	22	4	0.08870967741935484
chr11:1242849:C>A	1250	52	4	0.039938556067588324
chr11:124993199:G>T	406	14	4	0.03333333333333333
chr12:52676362:C>T	376	156	4	0.2932330827067669
chr13:114027869:C>A	319	119	4	0.271689497716895
chr14:21081539:C>T	632	73	4	0.10354609929078014
chr14:106592675:->TTTCGA	166	52	2	0.23853211009174313
chr15:56464093:C>T	449	22	4	0.04670912951167728
chr16:83998302:TGAGGAACTGCTTCCAGT>GCCCC	326	86	4	0.2087378640776699
chr17:50192999:C>T	480	27	4	0.05325443786982249
chr17:76287199:T>C	249	89	4	0.26331360946745563
chr21:42863477:C>T	310	118	4	0.2757009345794392
chr22:26536355:T>C	426	155	4	0.2667814113597246
chr22:30370572:G>A	356	155	4	0.30332681017612523
chr3:132037564:C>A	296	76	4	0.20430107526881722
chr4:73161256:C>T	528	22	4	0.04
chr5:67134585:G>A	336	111	4	0.2483221476510067
