mutation_id	ref_counts	var_counts	total_cn	VAF
chr1:65622915:G>T	77	67	2	0.4652777777777778
chr1:114716126:C>T	184	71	2	0.2784313725490196
chr10:110835942:C>A	203	72	2	0.26181818181818184
chr13:28034144:A>G	228	15	2	0.06172839506172839
chr14:37827226:C>A	169	74	3	0.3045267489711934
chr14:94314540:G>A	442	182	3	0.2916666666666667
chr16:2990575:G>T	177	127	2	0.41776315789473684
chr16:3736794:C>A	143	99	2	0.4090909090909091
chr17:7203586:C>T	6	96	1	0.9411764705882353
chr2:164695383:G>A	87	65	2	0.4276315789473684
chr4:5828648:G>A	271	146	3	0.3501199040767386
chr5:141662236:T>G	399	18	2	0.04316546762589928
chrX:15252305:C>T	404	33	2	0.07551487414187644
chrX:131275006:C>T	107	89	2	0.45408163265306123
