mutation_id	ref_counts	var_counts	total_cn	VAF
chr10:113620605:T>C	176	57	3	0.2446351931330472
chr14:22449112:->GGTA	99	26	2	0.208
chr17:62666850:A>T	169	71	3	0.29583333333333334
chr20:62322136:G>A	162	115	2	0.4151624548736462
chr7:102605928:T>C	433	130	3	0.23090586145648312
chr7:115015821:G>T	281	84	3	0.23013698630136986
chr8:117807287:G>A	328	117	3	0.26292134831460673
