mutation_id	ref_counts	var_counts	total_cn	VAF
chr1:4712275:G>A	773	256	2	0.2487852283770651
chr1:29203193:C>A	328	99	2	0.23185011709601874
chr12:81134992:T>G	215	68	2	0.24028268551236748
chr14:85622221:C>A	494	125	2	0.20193861066235863
chr16:3791993:G>A	419	92	2	0.18003913894324852
chr17:75502019:C>T	898	226	2	0.20106761565836298
chr2:166423298:G>T	175	38	2	0.1784037558685446
chr3:172647934:G>A	412	145	2	0.26032315978456017
chr5:140883547:G>A	523	88	2	0.14402618657937807
chr6:26056101:T>A	518	134	2	0.20552147239263804
chr6:143136937:C>T	481	74	2	0.13333333333333333
chr7:67017899:G>A	410	111	2	0.21305182341650672
chr8:22616077:G>A	416	99	2	0.19223300970873786
