mutation_id	ref_counts	var_counts	total_cn	VAF
chr1:147758979:G>A	518	30	2	0.05474452554744526
chr10:48450360:C>T	770	40	3	0.04938271604938271
chr10:61940232:TGGTCAAGTGG>-	356	95	3	0.2106430155210643
chr11:1164522:C>G	230	183	2	0.4430992736077482
chr11:102721428:C>T	120	78	2	0.3939393939393939
chr12:827095:G>A	201	157	2	0.43854748603351956
chr12:20752393:T>C	169	117	2	0.4090909090909091
chr12:112450407:A>G	236	137	2	0.3672922252010724
chr14:23348214:C>T	501	177	3	0.2610619469026549
chr14:77327994:G>A	334	148	3	0.3070539419087137
chr15:33838072:G>A	233	201	2	0.4631336405529954
chr16:68564413:A>T	189	125	2	0.3980891719745223
chr19:19544016:G>A	244	258	2	0.5139442231075697
chr2:11640364:C>T	510	28	2	0.05204460966542751
chr2:106843319:C>T	262	252	2	0.490272373540856
chr2:165092477:AA>-	214	124	2	0.3668639053254438
chr2:238131184:C>T	306	283	2	0.48047538200339557
chr20:63313796:G>A	384	306	2	0.4434782608695652
chr3:139578871:C>A	137	134	2	0.4944649446494465
chr4:25012356:G>A	508	42	3	0.07636363636363637
chr5:2748958:G>A	381	240	2	0.3864734299516908
chr5:113122718:G>A	207	148	2	0.4169014084507042
chr5:129029690:C>T	123	69	2	0.359375
chr6:27867220:C>T	771	22	3	0.027742749054224466
chr6:49968737:C>T	430	151	3	0.25989672977624784
chr7:73831236:C>T	163	140	2	0.46204620462046203
chr9:13188783:C>T	128	119	2	0.4817813765182186
chr9:15214149:G>A	139	111	2	0.444
chr9:18753447:C>T	231	236	2	0.5053533190578159
chrX:35989358:C>T	482	122	3	0.20198675496688742
