mutation_id	ref_counts	var_counts	total_cn	VAF
chr1:1390511:T>A	131	59	2	0.3105263157894737
chr1:1390512:C>T	132	58	2	0.30526315789473685
chr1:1402194:G>T	188	115	2	0.3795379537953795
chr1:68153609:C>A	331	13	2	0.0377906976744186
chr1:118081551:C>T	366	18	2	0.046875
chr10:24543234:C>G	115	129	2	0.5286885245901639
chr10:112464617:G>A	333	18	2	0.05128205128205128
chr10:113849364:C>G	152	113	2	0.42641509433962266
chr11:58203768:C>T	175	152	2	0.4648318042813456
chr11:58947899:C>G	98	92	2	0.4842105263157895
chr11:101062733:G>A	160	20	2	0.1111111111111111
chr12:96564501:C>G	163	9	2	0.05232558139534884
chr12:120641225:C>T	248	258	2	0.5098814229249012
chr13:102741663:G>C	143	124	2	0.46441947565543074
chr14:28767330:G>A	177	153	2	0.4636363636363636
chr14:104712981:C>T	114	111	2	0.49333333333333335
chr15:49016879:G>A	142	76	2	0.3486238532110092
chr17:47523014:C>G	190	13	2	0.06403940886699508
chr17:54912672:G>C	85	42	2	0.33070866141732286
chr17:80344773:G>C	136	98	2	0.4188034188034188
chr19:7870551:G>A	143	106	2	0.42570281124497994
chr21:34669521:G>A	501	237	3	0.32113821138211385
chr3:140682587:C>G	399	13	2	0.03155339805825243
chr4:113903155:C>T	152	110	2	0.4198473282442748
chr4:153296012:G>A	137	81	2	0.37155963302752293
chr5:63960792:C>A	239	220	2	0.4793028322440087
chr5:134560924:C>T	246	11	2	0.042801556420233464
chr6:90008607:C>T	182	7	2	0.037037037037037035
chr6:158503084:C>G	208	186	2	0.4720812182741117
chr7:135231987:G>C	294	14	2	0.045454545454545456
chr8:27522430:C>G	241	12	2	0.04743083003952569
chr9:131580288:C>T	106	96	2	0.4752475247524752
