mutation_id	ref_counts	var_counts	total_cn	VAF
chr1:92289067:->GGT	108	61	2	0.3609467455621302
chr1:203180586:T>C	276	185	2	0.40130151843817785
chr1:215629026:C>T	172	111	2	0.392226148409894
chr11:69295795:C>T	344	253	2	0.423785594639866
chr12:101405912:A>C	72	46	2	0.3898305084745763
chr14:106714649:TGACACTCTCAGGATGTGGGTTTTCACACTGTGTCTCTCGCACAGTA>GGGG	14	60	1	0.8108108108108109
chr15:45142024:G>A	345	227	2	0.3968531468531469
chr17:15651444:C>T	352	299	2	0.4592933947772657
chr17:82441842:G>C	306	222	2	0.42045454545454547
chr20:59192184:G>A	486	40	1	0.07604562737642585
chr5:168247162:C>G	303	225	2	0.42613636363636365
chr6:117393258:C>T	132	67	2	0.33668341708542715
