mutation_id	ref_counts	var_counts	total_cn	VAF
chr15:55588816:C>T	357	102	2	0.2222222222222222
chr16:28063200:G>T	740	136	2	0.1552511415525114
chr2:88860604:->CGC	203	32	0	0.13617021276595745
chr2:143040565:G>A	309	56	2	0.15342465753424658
chr2:178868198:C>T	216	52	2	0.19402985074626866
chr22:21445625:G>A	794	23	2	0.028151774785801713
chr22:22899617:->C	417	71	2	0.14549180327868852
chrX:120875437:G>A	1220	40	2	0.031746031746031744
