mutation_id	ref_counts	var_counts	total_cn	VAF
chr1:59321577:A>G	195	184	2	0.48548812664907653
chr1:155023411:G>A	392	20	2	0.04854368932038835
chr1:201208988:G>T	418	304	2	0.42105263157894735
chr11:118107773:G>T	189	126	2	0.4
chr12:6912972:G>A	258	218	2	0.4579831932773109
chr13:38764334:G>A	130	79	2	0.37799043062200954
chr17:16344695:G>A	153	126	2	0.45161290322580644
chr2:101421759:C>A	394	17	2	0.0413625304136253
chr20:42791277:A>G	57	346	1	0.858560794044665
chr22:22031470:TCA>CCATTTTTCCC	163	65	2	0.2850877192982456
chr3:58534438:C>T	581	69	2	0.10615384615384615
chr9:83850292:C>A	134	77	2	0.36492890995260663
