mutation_id	ref_counts	var_counts	total_cn	VAF
chr1:149026808:C>T	15	12	2	0.4444444444444444
chr1:209634624:G>A	340	186	2	0.35361216730038025
chr1:214386908:C>T	200	108	2	0.35064935064935066
chr11:74345482:C>A	135	87	2	0.3918918918918919
chr12:25245350:C>A	207	92	2	0.3076923076923077
chr13:61412978:T>A	244	146	2	0.37435897435897436
chr14:106592683:CACAGTAAT>AG	54	11	2	0.16923076923076924
chr17:36943097:->C	344	186	2	0.35094339622641507
chr3:77632627:G>T	162	109	2	0.4022140221402214
chr5:31313392:C>A	181	80	2	0.3065134099616858
chr5:140829650:T>C	547	337	2	0.38122171945701355
chr7:144129484:C>T	193	133	2	0.40797546012269936
chr7:144129933:C>G	211	105	2	0.3322784810126582
chr9:136941659:C>T	359	196	2	0.35315315315315315
chrX:23392942:C>T	396	229	2	0.3664
