mutation_id	ref_counts	var_counts	total_cn	VAF
chr12:174668:G>T	587	238	2	0.2884848484848485
chr17:11763468:C>A	460	25	2	0.05154639175257732
chr17:30834769:A>T	180	85	2	0.32075471698113206
chr17:58660731:G>T	307	128	2	0.2942528735632184
chr17:62737053:C>T	406	19	2	0.04470588235294118
chr19:11361306:G>A	596	254	2	0.2988235294117647
chr19:55859108:T>A	308	148	2	0.32456140350877194
chr2:89937676:GCCTCCCACAGTG>CCCA	79	8	1	0.09195402298850575
chr2:90221293:GGATC>CCGGG	147	67	1	0.3130841121495327
chr2:218680610:C>T	217	78	2	0.26440677966101694
chr21:30319977:C>T	446	36	2	0.07468879668049792
chr3:98391245:A>T	63	26	2	0.29213483146067415
chr5:141393051:C>T	371	30	2	0.07481296758104738
chr6:26271176:C>T	492	19	2	0.03718199608610567
chr7:130308327:G>A	235	99	2	0.2964071856287425
chr8:118933016:G>A	330	111	2	0.25170068027210885
chr9:21970972:G>T	498	568	2	0.5328330206378987
chr9:37015157:CAATTAC>GGGGGCT	184	139	1	0.43034055727554177
chr9:37020757:G>A	195	195	1	0.5
chr9:128309777:G>A	379	216	2	0.3630252100840336
chrX:23001927:C>A	250	94	2	0.27325581395348836
