mutation_id	ref_counts	var_counts	total_cn	VAF
chr1:40762926:G>A	290	39	2	0.11854103343465046
chr1:114716126:C>T	214	145	2	0.403899721448468
chr11:49981816:T>A	142	109	2	0.4342629482071713
chr12:52449624:G>A	246	15	2	0.05747126436781609
chr16:3738617:G>A	61	171	2	0.7370689655172413
chr16:72107749:C>T	407	13	2	0.030952380952380953
chr19:54252537:C>T	487	36	2	0.06883365200764818
chr6:42106246:G>A	633	23	3	0.0350609756097561
chr6:160578610:G>C	440	25	3	0.053763440860215055
chr8:39982743:C>T	193	103	2	0.34797297297297297
chr9:92034852:G>A	170	86	2	0.3359375
