mutation_id	ref_counts	var_counts	total_cn	VAF
chr11:121145919:T>G	495	82	2	0.14211438474870017
chr12:80717334:C>T	355	66	2	0.15676959619952494
chr12:112450406:G>C	350	58	2	0.14215686274509803
chr17:40822006:G>A	462	67	2	0.1266540642722117
chr17:76938107:G>A	391	66	2	0.14442013129102846
chr18:14752657:G>A	221	30	2	0.11952191235059761
chr19:8086267:G>A	408	72	2	0.15
chr19:50625282:G>A	484	60	2	0.11029411764705882
chr2:98533467:C>T	244	33	2	0.11913357400722022
chr20:51010295:G>A	318	65	2	0.16971279373368145
chr3:184292078:G>A	508	68	2	0.11805555555555555
chr4:1961074:G>A	486	48	2	0.0898876404494382
chr7:2934478:C>T	319	50	2	0.13550135501355012
chr8:17885506:C>T	234	30	2	0.11363636363636363
chr8:84862347:G>A	387	57	2	0.12837837837837837
chr9:37015100:T>A	498	67	2	0.11858407079646018
chr9:116271396:A>G	273	45	2	0.14150943396226415
