mutation_id	ref_counts	var_counts	total_cn	VAF
chr17:18494293:C>T	549	225	3	0.29069767441860467
chr17:44776771:C>T	404	173	3	0.29982668977469673
chr17:45990006:C>T	751	280	3	0.27158098933074687
chr19:55772814:G>A	298	208	2	0.41106719367588934
chr2:120988694:T>A	960	32	2	0.03225806451612903
chr2:178602300:G>C	75	54	2	0.4186046511627907
chr2:203706586:C>G	380	256	2	0.4025157232704403
