mutation_id	ref_counts	var_counts	total_cn	VAF
chr10:62091597:->CC	302	127	2	0.29603729603729606
chr12:25245350:C>T	206	61	2	0.22846441947565543
chr12:104928245:G>A	435	20	2	0.04395604395604396
chr12:117582320:C>T	277	80	2	0.22408963585434175
chr17:15328004:T>C	308	13	2	0.040498442367601244
chr17:60180563:G>T	165	82	2	0.3319838056680162
chr18:58919331:G>A	452	36	2	0.07377049180327869
chr20:42110398:C>A	392	114	2	0.22529644268774704
chr20:46210405:C>T	670	38	2	0.05367231638418079
chr22:32229316:C>A	314	11	2	0.033846153846153845
chr3:38900027:G>A	356	36	2	0.09183673469387756
chr4:39465323:G>A	179	64	2	0.26337448559670784
chr4:117084491:C>G	264	80	2	0.23255813953488372
chr6:127475715:G>A	622	37	2	0.05614567526555387
chr7:99005255:C>T	419	19	2	0.04337899543378995
chr8:142542227:G>A	369	212	2	0.3648881239242685
chr8:143726774:C>G	374	175	2	0.31876138433515483
chrX:71377666:C>T	436	34	2	0.07234042553191489
chrX:124081444:G>A	378	19	2	0.04785894206549118
