mutation_id	ref_counts	var_counts	total_cn	VAF
chr12:25225627:G>A	98	83	2	0.4585635359116022
chr16:3738617:G>A	187	46	2	0.19742489270386265
chr17:8513845:G>A	273	91	3	0.25
chr19:12754564:C>T	129	89	2	0.40825688073394495
chr2:169175309:C>T	183	43	2	0.1902654867256637
chr5:151544979:G>A	161	124	2	0.43508771929824563
chr7:103482964:G>A	97	47	2	0.3263888888888889
chr8:51475063:G>A	170	97	2	0.36329588014981273
chr9:112997332:G>A	110	86	2	0.4387755102040816
chrX:17731899:T>A	298	205	3	0.40755467196819084
chrX:42777849:A>T	587	52	3	0.081377151799687
chrX:145822730:G>A	978	58	3	0.055984555984555984
chrX:153725784:T>A	1202	40	3	0.0322061191626409
