mutation_id	ref_counts	var_counts	total_cn	VAF
chr10:27035322:C>T	279	96	2	0.256
chr11:117998846:C>T	374	94	2	0.20085470085470086
chr17:42979181:C>G	384	22	2	0.054187192118226604
chr18:58920221:C>T	507	64	2	0.11208406304728546
chr19:4910890:->TTTT	234	90	2	0.2777777777777778
chr19:15232048:C>T	525	140	2	0.21052631578947367
chr2:90005628:CTCACACAGT>TCAATG	78	25	2	0.24271844660194175
chr3:111112341:G>A	422	35	2	0.07658643326039387
chr6:41590132:G>A	508	75	2	0.12864493996569468
chr7:100885018:T>C	288	34	2	0.10559006211180125
chr9:110048838:G>A	490	80	2	0.14035087719298245
chr9:117414750:G>A	654	90	2	0.12096774193548387
chrX:143509063:C>A	194	56	1	0.224
