mutation_id	ref_counts	var_counts	total_cn	VAF
chr10:37201242:G>A	166	16	6	0.08791208791208792
chr11:19946454:C>T	354	74	4	0.17289719626168223
chr11:120120657:G>A	342	18	4	0.05
chr11:124397149:A>G	248	45	4	0.15358361774744028
chr12:25245347:C>T	315	72	4	0.18604651162790697
chr16:20319685:G>T	299	79	4	0.20899470899470898
chr19:4217944:G>T	688	171	5	0.1990686845168801
chr3:73389839:G>A	228	50	4	0.17985611510791366
chr4:125463600:C>A	331	53	6	0.13802083333333334
chr6:39927498:G>A	476	79	6	0.14234234234234233
chr8:39769432:T>A	318	66	4	0.171875
chr8:138594162:C>T	251	63	4	0.20063694267515925
chrX:70043111:A>T	586	127	6	0.17812061711079943
chrX:118747056:A>T	390	70	6	0.15217391304347827
