mutation_id	ref_counts	var_counts	total_cn	VAF
chr1:155293322:C>T	478	168	4	0.26006191950464397
chr11:637332:G>T	712	269	4	0.2742099898063201
chr15:49917000:G>T	344	88	4	0.2037037037037037
chr17:81940837:C>T	122	98	2	0.44545454545454544
chr19:37152557:T>A	248	85	4	0.2552552552552553
chr2:131228276:C>A	344	53	4	0.13350125944584382
chr20:41483511:C>T	336	12	4	0.034482758620689655
chr3:52441689:G>A	293	112	4	0.2765432098765432
chr5:34922716:A>C	230	77	4	0.250814332247557
chrX:141881690:A>C	217	26	2	0.10699588477366255
chrX:141881691:G>A	219	27	2	0.10975609756097561
