mutation_id	ref_counts	var_counts	total_cn	VAF
chr12:54292990:C>T	580	30	2	0.04918032786885246
chr12:55247636:T>C	277	263	2	0.48703703703703705
chr15:71012865:C>A	180	71	2	0.28286852589641437
chr16:1201812:C>A	402	299	2	0.42653352353780316
chr2:54899726:G>A	560	16	2	0.027777777777777776
chr3:130431867:C>T	253	205	2	0.44759825327510916
chr4:51996004:T>C	282	238	2	0.4576923076923077
chr6:38175138:G>A	257	187	2	0.42117117117117114
chr9:135486214:G>A	761	38	2	0.04755944931163955
chrX:73841707:A>G	183	43	3	0.1902654867256637
