mutation_id	ref_counts	var_counts	total_cn	VAF
chr12:117539806:G>A	556	171	2	0.23521320495185694
chr17:40884940:C>T	487	65	2	0.11775362318840579
chr19:54941502:C>T	353	88	2	0.19954648526077098
chr20:45304552:G>C	664	26	2	0.03768115942028986
chr20:53253957:G>T	259	83	2	0.24269005847953215
chr22:43838866:C>T	121	26	2	0.17687074829931973
chr3:97992919:A>G	310	13	2	0.04024767801857585
chr3:185652097:G>A	360	20	2	0.05263157894736842
chr4:99539308:C>A	281	28	2	0.09061488673139159
chr6:42828552:T>C	417	32	2	0.07126948775055679
chr6:113956679:C>G	118	7	2	0.056
chr7:87545987:C>T	254	20	2	0.072992700729927
chr9:93665791:G>A	436	23	2	0.05010893246187364
