mutation_id	ref_counts	var_counts	total_cn	VAF
chr1:151401318:G>A	292	118	2	0.28780487804878047
chr1:154869827:C>T	652	82	2	0.11171662125340599
chr1:186144695:C>T	213	84	2	0.2828282828282828
chr10:69232896:G>A	287	110	2	0.2770780856423174
chr12:25225628:C>T	86	28	2	0.24561403508771928
chr16:30983772:G>T	234	115	2	0.32951289398280803
chr18:9550175:C>T	272	123	2	0.31139240506329113
chr19:55715110:C>A	268	128	2	0.32323232323232326
chr2:32947544:C>T	598	258	2	0.3014018691588785
chr2:169241247:C>A	345	155	2	0.31
chr21:36245563:G>A	366	147	2	0.28654970760233917
chr3:47084309:A>T	228	88	2	0.27848101265822783
chr5:141123728:G>A	1250	38	2	0.029503105590062112
chr9:138058587:G>A	312	145	2	0.3172866520787746
