mutation_id	ref_counts	var_counts	total_cn	VAF
chr12:21300560:A>T	182	98	2	0.35
chr19:32731773:T>-	22	3	2	0.12
chr4:176729713:G>A	137	48	2	0.2594594594594595
chrX:105219450:G>T	450	136	2	0.23208191126279865
