mutation_id	ref_counts	var_counts	total_cn	VAF
chr1:47994458:C>T	468	46	4	0.08949416342412451
chr1:54597409:C>A	221	131	4	0.3721590909090909
chr1:111766502:G>A	143	72	4	0.33488372093023255
chr12:52549299:G>C	226	142	4	0.3858695652173913
chr12:56104766:A>T	337	213	4	0.38727272727272727
chr12:124913546:C>A	521	46	4	0.08112874779541446
chr14:106810431:CTCACTGTGTCT>-	101	73	3	0.41954022988505746
chr17:1270599:G>A	283	153	4	0.35091743119266056
chr17:18734898:A>T	217	142	4	0.3955431754874652
chr17:44399274:A>G	416	13	4	0.030303030303030304
chr19:8087828:G>A	105	80	4	0.43243243243243246
chr19:47209163:T>C	124	64	4	0.3404255319148936
chr2:26924911:A>G	197	117	4	0.37261146496815284
chr2:219467220:C>T	326	176	4	0.350597609561753
chr20:50608408:G>T	244	108	4	0.3068181818181818
chr22:22099211:->CG	271	78	4	0.22349570200573066
chr3:122555398:T>C	224	121	4	0.3507246376811594
chr4:2932599:C>A	160	63	3	0.2825112107623318
chr4:82503090:C>A	203	11	4	0.0514018691588785
chr4:101196055:T>G	333	39	4	0.10483870967741936
chr6:116877316:C>T	382	34	4	0.08173076923076923
chr6:138424139:C>T	306	181	4	0.37166324435318276
chr7:154052879:C>T	258	134	4	0.34183673469387754
chr8:11749019:C>T	107	170	2	0.6137184115523465
chr9:131061187:G>A	246	127	4	0.34048257372654156
chrX:115192311:C>A	426	224	4	0.3446153846153846
