mutation_id	ref_counts	var_counts	total_cn	VAF
chr1:6456144:G>T	406	18	2	0.04245283018867924
chr1:17071451:C>A	254	40	2	0.1360544217687075
chr1:119514052:G>A	237	216	2	0.4768211920529801
chr1:186336673:C>T	254	22	2	0.07971014492753623
chr11:55638667:T>A	242	190	2	0.4398148148148148
chr11:117524942:G>A	642	33	2	0.04888888888888889
chr12:47857240:G>A	272	15	2	0.05226480836236934
chr12:106335675:C>G	170	93	2	0.35361216730038025
chr13:25469114:C>G	409	14	2	0.03309692671394799
chr16:54932137:C>G	584	25	2	0.041050903119868636
chr17:2363523:G>A	588	52	2	0.08125
chr19:39539563:C>G	344	43	2	0.1111111111111111
chr2:106806787:C>T	402	188	2	0.31864406779661014
chr2:113406872:TCACAGTGTTA>CCTAG	16	67	2	0.8072289156626506
chr21:46353314:C>G	272	27	2	0.0903010033444816
chr22:43502660:C>A	421	15	2	0.034403669724770644
chr3:46265388:C>T	383	16	2	0.040100250626566414
chr3:98497841:G>A	303	184	2	0.37782340862423
chr3:124730549:C>T	579	17	2	0.028523489932885907
chr5:36116573:G>C	196	31	2	0.13656387665198239
chr6:56618507:C>T	417	26	2	0.05869074492099323
chr6:129260815:C>G	246	9	2	0.03529411764705882
chr7:28956126:C>G	664	21	2	0.030656934306569343
chr9:69723384:C>T	420	14	2	0.03225806451612903
chrX:27748691:G>C	624	16	2	0.025
chrX:111248595:G>C	450	47	2	0.09456740442655935
