mutation_id	ref_counts	var_counts	total_cn	VAF
chr10:48446447:A>G	315	232	2	0.42413162705667273
chr11:4287564:C>T	625	146	2	0.1893644617380026
chr13:61413907:C>A	698	42	2	0.05675675675675676
chr15:28202465:C>T	427	137	2	0.2429078014184397
chr19:4217950:G>T	1098	56	2	0.04852686308492201
chr19:8937039:C>A	156	115	2	0.42435424354243545
chr19:35720279:C>T	269	187	2	0.4100877192982456
chr19:49746721:C>T	1022	35	2	0.033112582781456956
chr19:56158594:->TGGCCTCC	231	118	2	0.33810888252148996
chr20:35654649:G>A	872	46	2	0.05010893246187364
chr22:22031472:A>T	147	101	2	0.40725806451612906
chr22:41176971:T>GCC	337	165	2	0.3286852589641434
chr3:171128835:A>C	227	154	2	0.4041994750656168
chr4:152329755:T>G	55	46	2	0.45544554455445546
chr5:143298732:A>T	120	7	2	0.05511811023622047
chr6:26183974:->G	444	254	2	0.3638968481375358
chr9:14868860:C>G	525	48	2	0.08376963350785341
chrX:51495978:G>T	975	42	3	0.04129793510324484
