mutation_id	ref_counts	var_counts	total_cn	VAF
chr10:24607888:G>A	159	102	2	0.39080459770114945
chr11:44935583:G>T	450	28	2	0.058577405857740586
chr16:1459125:G>C	288	156	2	0.35135135135135137
chr19:46412698:C>A	372	224	2	0.37583892617449666
chr19:52282171:G>A	97	46	2	0.32167832167832167
chr2:88861923:->CT	240	78	2	0.24528301886792453
chr4:73450133:C>T	146	89	2	0.37872340425531914
chr5:132823475:C>T	412	293	2	0.4156028368794326
chr7:64707248:->TGC	198	112	2	0.36129032258064514
chr7:64707250:A>GCTC	222	126	2	0.3620689655172414
chr8:143727373:C>T	575	372	2	0.3928194297782471
