mutation_id	ref_counts	var_counts	total_cn	VAF
chr10:73634641:G>T	322	166	4	0.3401639344262295
chr12:25245350:C>T	186	105	4	0.36082474226804123
chr19:1074205:G>A	265	136	4	0.33915211970074816
chr22:21057124:G>A	417	20	4	0.04576659038901602
chr22:22899616:->GG	288	165	4	0.36423841059602646
chrX:141897493:G>T	67	235	2	0.7781456953642384
