mutation_id	ref_counts	var_counts	total_cn	VAF
chr1:114716127:C>T	276	42	2	0.1320754716981132
chr1:237700451:C>T	158	21	2	0.11731843575418995
chr14:106470255:TCACTGTGTAT>CCTG	123	35	2	0.22151898734177214
chr15:90804215:G>-	246	45	2	0.15463917525773196
chr2:90173414:->G	64	22	2	0.2558139534883721
chr2:241872072:G>A	526	114	2	0.178125
chr4:108859716:T>C	342	50	2	0.12755102040816327
chr4:157336613:C>T	246	30	2	0.10869565217391304
chr5:173325880:T>A	240	58	2	0.19463087248322147
chr5:181005554:C>T	280	44	2	0.13580246913580246
chr6:168042711:G>C	495	72	2	0.12698412698412698
chr7:55954921:C>T	189	18	2	0.08695652173913043
chr7:148807671:->TGCGGCCCCAGC	222	38	2	0.14615384615384616
chr8:72937322:G>T	352	58	2	0.14146341463414633
chr8:116863156:->AGGG	176	46	2	0.2072072072072072
