mutation_id	ref_counts	var_counts	total_cn	VAF
chr1:11958543:G>A	492	80	2	0.13986013986013987
chr1:15548383:C>T	207	119	2	0.36503067484662577
chr1:85159162:C>T	406	38	2	0.08558558558558559
chr1:114510761:C>T	680	184	2	0.21296296296296297
chr10:100495537:G>C	343	13	2	0.03651685393258427
chr10:126996816:C>T	206	114	2	0.35625
chr11:4769437:G>T	226	133	2	0.37047353760445684
chr12:39720838:A>G	120	50	2	0.29411764705882354
chr13:95996077:G>C	166	89	2	0.34901960784313724
chr13:98439960:G>A	290	190	2	0.3958333333333333
chr14:24065138:G>A	386	34	2	0.08095238095238096
chr14:39279490:G>C	196	9	2	0.04390243902439024
chr15:23566910:C>G	498	21	2	0.04046242774566474
chr15:82666907:C>T	249	155	2	0.38366336633663367
chr17:7709270:G>T	552	375	2	0.4045307443365696
chr17:81941205:G>A	848	35	2	0.039637599093997736
chr2:29065042:C>T	691	72	2	0.09436435124508519
chr2:96848368:C>T	674	37	2	0.052039381153305204
chr2:189004079:C>T	589	22	2	0.03600654664484452
chr2:202981649:C>G	408	27	2	0.06206896551724138
chr2:232486203:C>T	826	29	2	0.03391812865497076
chr20:38727641:T>C	1080	37	2	0.03312444046553268
chr20:62861055:C>G	411	14	2	0.03294117647058824
chr21:33349457:C>A	436	36	2	0.07627118644067797
chr3:52402341:G>A	492	301	2	0.37957124842370743
chr3:121533104:G>A	350	189	2	0.35064935064935066
chr3:125019538:G>C	487	48	2	0.08971962616822429
chr4:8471095:C>G	394	17	2	0.0413625304136253
chr4:68314169:C>T	341	188	2	0.3553875236294896
chr4:74174668:G>A	223	12	2	0.05106382978723404
chr4:168221757:G>T	255	121	2	0.32180851063829785
chr5:122401028:G>A	578	41	2	0.06623586429725363
chr6:31164627:G>C	438	20	2	0.043668122270742356
chr6:43198707:G>T	666	65	2	0.08891928864569083
chr6:56179655:G>C	356	27	2	0.07049608355091384
chr6:73451926:G>C	1092	29	2	0.025869759143621766
chr6:130154938:C>T	556	20	2	0.034722222222222224
chr7:134158040:G>C	119	98	2	0.45161290322580644
chr8:17868680:G>A	253	226	2	0.4718162839248434
chr8:100721514:C>T	640	38	2	0.05604719764011799
chr8:105801580:C>T	230	141	2	0.38005390835579517
chr8:132814756:G>A	529	60	2	0.10186757215619695
chr9:13168537:C>A	181	164	2	0.4753623188405797
chrX:139598409:C>G	97	17	1	0.14912280701754385
