mutation_id	ref_counts	var_counts	total_cn	VAF
chr11:33667945:C>T	570	482	2	0.45817490494296575
chr11:124030058:A>G	286	66	2	0.1875
chr19:5243905:C>A	344	260	2	0.4304635761589404
chr3:47042636:->T	207	102	2	0.3300970873786408
chr4:165294436:A>G	69	61	2	0.46923076923076923
chr6:111559464:C>A	265	181	2	0.40582959641255606
chr7:143052673:C>G	592	117	2	0.16502115655853314
chr8:60852212:G>A	259	231	2	0.4714285714285714
chr9:72059314:A>G	154	127	2	0.45195729537366547
chr9:136764441:G>A	434	394	2	0.4758454106280193
