mutation_id	ref_counts	var_counts	total_cn	VAF
chr1:211018885:G>A	338	69	2	0.16953316953316952
chr11:33750608:A>G	195	35	2	0.15217391304347827
chr15:100117010:A>T	458	16	2	0.03375527426160337
chr17:47696151:G>A	701	93	2	0.11712846347607053
chr19:38466291:G>A	841	170	2	0.1681503461918892
chr4:5731620:C>T	577	88	2	0.13233082706766916
chr4:99654567:G>A	552	62	2	0.10097719869706841
chr5:132825424:C>T	1159	127	2	0.09875583203732503
chr8:141475962:C>A	473	105	2	0.18166089965397925
chrX:152922749:G>A	617	90	2	0.1272984441301273
