mutation_id	ref_counts	var_counts	total_cn	VAF
chr1:114716126:C>G	379	154	4	0.28893058161350843
chr1:205844135:C>-	474	107	6	0.18416523235800344
chr1:247532184:C>G	646	72	6	0.10027855153203342
chr11:62524856:G>A	375	47	4	0.11137440758293839
chr12:40944085:C>A	392	142	4	0.26591760299625467
chr13:113667540:G>A	416	183	4	0.3055091819699499
chr14:44505621:T>C	485	56	5	0.10351201478743069
chr16:1079714:C>T	618	123	4	0.1659919028340081
chr19:19257945:C>T	766	350	4	0.31362007168458783
chr19:39100779:G>A	409	124	4	0.2326454033771107
chr19:55178294:G>A	525	65	4	0.11016949152542373
chr2:144389881:T>C	479	63	4	0.11623616236162361
chr2:167250784:G>A	389	149	4	0.27695167286245354
chr3:47113962:->AGG	358	48	4	0.11822660098522167
chr3:186742074:T>G	335	72	4	0.1769041769041769
chr5:1221881:A>G	473	129	6	0.21428571428571427
chr6:99613336:C>T	1425	57	5	0.038461538461538464
chr7:5351834:C>A	153	95	2	0.38306451612903225
chr8:127738438:C>A	719	321	4	0.30865384615384617
chr9:2115841:G>A	380	63	6	0.14221218961625282
