mutation_id	ref_counts	var_counts	total_cn	VAF
chr10:122336511:C>A	340	94	2	0.21658986175115208
chr12:25245350:C>G	327	42	2	0.11382113821138211
chr18:54361798:C>T	512	34	3	0.06227106227106227
