mutation_id	ref_counts	var_counts	total_cn	VAF
chr1:98691601:C>T	122	68	2	0.35789473684210527
chr1:241958526:G>A	166	141	2	0.4592833876221498
chr1:245609493:G>A	265	168	2	0.38799076212471134
chr10:133555661:C>A	340	11	2	0.03133903133903134
chr12:121954147:->CC	182	28	2	0.13333333333333333
chr14:106506997:->G	6	44	1	0.88
chr3:15256883:C>T	115	76	2	0.39790575916230364
chr3:126414198:C>T	191	155	2	0.4479768786127168
chr4:39446576:G>A	254	74	2	0.22560975609756098
chr6:158506596:A>G	177	40	2	0.18433179723502305
chr7:50382648:->C	150	116	2	0.43609022556390975
chr7:50382650:T>CC	308	134	2	0.3031674208144796
chrX:72139704:C>T	12	99	1	0.8918918918918919
