mutation_id	ref_counts	var_counts	total_cn	VAF
chr1:11502069:G>A	350	19	3	0.051490514905149054
chr1:42435330:G>T	92	129	3	0.583710407239819
chr1:99306541:G>A	229	106	3	0.3164179104477612
chr1:114709583:C>T	354	22	3	0.05851063829787234
chr1:114713911:C>T	136	200	3	0.5952380952380952
chr1:225240645:A>C	229	9	3	0.037815126050420166
chr10:98443160:C>T	208	78	3	0.2727272727272727
chr11:70820455:C>T	263	418	3	0.6138032305433186
chr11:114298121:C>T	178	94	3	0.34558823529411764
chr12:49044864:G>A	91	241	2	0.7259036144578314
chr14:100329594:C>G	231	58	2	0.20069204152249134
chr15:73597354:G>A	104	70	2	0.40229885057471265
chr17:2033815:C>G	39	120	1	0.7547169811320755
chr17:7675233:A>G	28	106	1	0.7910447761194029
chr17:41487131:G>A	134	70	3	0.3431372549019608
chr17:45830533:C>G	363	175	3	0.3252788104089219
chr19:57254021:G>A	264	32	2	0.10810810810810811
chr2:169185982:G>A	185	17	3	0.08415841584158416
chr22:22704679:G>A	50	41	1	0.45054945054945056
chr3:326015:G>A	128	54	2	0.2967032967032967
chr3:50117104:C>T	104	86	2	0.45263157894736844
chr3:113655969:CTC>-	247	30	2	0.10830324909747292
chr3:133380476:G>A	310	42	2	0.11931818181818182
chr3:189972998:C>T	122	78	2	0.39
chr6:113945392:T>A	142	13	2	0.08387096774193549
chr7:80804232:A>G	200	15	3	0.06976744186046512
chr7:95251790:G>T	124	55	3	0.30726256983240224
chr8:94882811:->A	270	82	5	0.23295454545454544
chr8:101719413:C>T	356	103	5	0.22440087145969498
chr8:104349219:G>A	669	75	4	0.10080645161290322
chr9:74775944:G>A	100	177	2	0.6389891696750902
