mutation_id	ref_counts	var_counts	total_cn	VAF
chr1:237595560:G>A	175	178	2	0.5042492917847026
chr12:20653996:G>A	190	174	2	0.47802197802197804
chr12:25245321:G>T	343	38	2	0.09973753280839895
chr14:80895788:G>A	104	97	2	0.48258706467661694
chr14:103110143:G>A	226	151	2	0.4005305039787798
chr17:74347869:C>T	273	24	2	0.08080808080808081
chr2:187484857:G>T	426	20	2	0.04484304932735426
chr20:5923367:A>G	348	39	2	0.10077519379844961
chr20:40688812:G>A	237	117	2	0.3305084745762712
chr4:1974864:A>G	126	81	2	0.391304347826087
chr4:95840205:C>T	174	183	2	0.5126050420168067
chr6:31741261:->CCCCT	154	100	2	0.3937007874015748
chr7:151191836:C>T	387	17	2	0.04207920792079208
chr8:120247647:C>G	187	108	2	0.36610169491525424
chrX:51407640:G>A	636	30	2	0.04504504504504504
chrX:73849140:C>T	272	24	2	0.08108108108108109
