mutation_id	ref_counts	var_counts	total_cn	VAF
chr1:1518987:C>T	456	131	2	0.2231686541737649
chr1:186309833:G>A	209	103	2	0.3301282051282051
chr10:69409066:G>A	177	107	2	0.3767605633802817
chr11:68158522:G>C	216	174	2	0.4461538461538462
chr14:92687956:G>A	509	21	2	0.03962264150943396
chr14:106714684:TCTCGCACAGTAA>CCCAG	64	47	2	0.42342342342342343
chr15:70854001:C>T	376	206	2	0.3539518900343643
chr15:75394716:C>T	156	102	2	0.3953488372093023
chr16:30964218:A>T	630	26	2	0.039634146341463415
chr19:3382028:G>A	300	223	2	0.42638623326959846
chr19:16325843:G>A	382	274	2	0.4176829268292683
chr19:37888450:->CGAGAGC	222	163	2	0.42337662337662335
chr2:27234216:T>C	157	94	2	0.3745019920318725
chr2:132782375:C>T	201	144	2	0.41739130434782606
chr20:51004689:G>A	254	169	2	0.39952718676122934
chr3:77568370:A>T	241	164	2	0.4049382716049383
chr3:139578959:C>T	269	240	2	0.4715127701375246
chr4:1961074:G>A	382	26	2	0.06372549019607843
chr4:3136303:T>A	223	109	2	0.32831325301204817
chr4:140628310:G>A	190	132	2	0.40993788819875776
chr5:151800285:A>G	160	131	2	0.45017182130584193
chr5:178727049:T>G	422	14	2	0.03211009174311927
chr7:6652561:C>T	264	237	2	0.47305389221556887
chr9:67110571:G>A	215	24	2	0.100418410041841
chrX:105740602:C>G	49	177	1	0.7831858407079646
