mutation_id	ref_counts	var_counts	total_cn	VAF
chr11:62728923:->GAC	230	216	2	0.484304932735426
chr13:19177433:G>T	317	220	2	0.409683426443203
chr17:82374520:G>A	338	296	2	0.4668769716088328
chr19:22181256:G>A	324	21	2	0.06086956521739131
chr2:113406871:TTCACAGTG>-	54	61	1	0.5304347826086957
chr22:36348967:C>T	167	135	2	0.4470198675496689
chr22:46391226:G>A	226	101	2	0.308868501529052
chr5:140843377:G>A	276	257	2	0.4821763602251407
chr8:87873695:C>T	294	106	2	0.265
chr9:122615063:T>C	451	14	2	0.030107526881720432
