mutation_id	ref_counts	var_counts	total_cn	VAF
chr12:80367662:C>A	166	94	2	0.36153846153846153
chr13:32247491:G>A	256	21	2	0.07581227436823104
chr13:102736899:A>G	440	26	2	0.055793991416309016
chr15:57192276:A>T	155	149	2	0.4901315789473684
chr19:49070851:->T	166	155	2	0.48286604361370716
chr2:100007359:G>A	234	203	2	0.4645308924485126
chr2:113406870:ATT>-	111	37	2	0.25
chr2:140867601:C>T	172	138	2	0.44516129032258067
chr20:53953458:A>G	225	158	2	0.412532637075718
chr4:168433103:T>C	136	99	2	0.42127659574468085
chr5:23524480:G>T	232	198	2	0.4604651162790698
chr5:37205420:T>C	212	168	2	0.4421052631578947
chr8:91189609:G>A	171	175	2	0.5057803468208093
