mutation_id	ref_counts	var_counts	total_cn	VAF
chr1:176595016:G>A	250	120	4	0.32432432432432434
chr10:19203871:G>A	162	183	6	0.5304347826086957
chr10:123666848:C>T	430	461	6	0.5173961840628507
chr11:5884574:C>T	209	108	4	0.34069400630914826
chr11:40115260:C>T	236	131	4	0.3569482288828338
chr12:23536643:G>A	200	103	4	0.33993399339933994
chr13:38688561:G>A	261	201	4	0.43506493506493504
chr13:110307013:G>A	341	172	4	0.33528265107212474
chr16:4883881:C>T	259	162	4	0.3847980997624703
chr17:321297:C>T	299	201	4	0.402
chr17:67030791:C>T	240	159	4	0.39849624060150374
chr2:169226544:C>A	245	39	4	0.13732394366197184
chr2:169510410:G>A	235	139	4	0.3716577540106952
chr20:3748293:G>A	305	203	4	0.39960629921259844
chr3:121324554:G>A	153	109	4	0.41603053435114506
chr3:126068145:G>A	293	153	4	0.3430493273542601
chr3:138068188:G>T	232	138	4	0.372972972972973
chr3:171737958:C>T	219	103	4	0.3198757763975155
chr4:1348140:G>A	210	104	4	0.33121019108280253
chr5:32089665:G>A	273	160	4	0.3695150115473441
chr5:35065173:G>A	209	121	4	0.36666666666666664
chr6:39912289:C>T	153	98	4	0.3904382470119522
chr7:78194944:C>T	203	138	4	0.4046920821114369
chr9:21206879:C>T	64	142	2	0.6893203883495146
chr9:129100554:C>T	233	140	4	0.3753351206434316
chrX:27979800:G>A	52	352	4	0.8712871287128713
