mutation_id	ref_counts	var_counts	total_cn	VAF
chr1:3411734:G>A	573	306	2	0.34812286689419797
chr10:54185178:G>A	362	14	2	0.03723404255319149
chr14:101765180:A>G	204	115	2	0.3605015673981191
chr15:34229827:C>G	440	19	2	0.04139433551198257
chr16:20640484:C>T	244	139	2	0.3629242819843342
chrX:153703977:C>T	360	25	3	0.06493506493506493
