mutation_id	ref_counts	var_counts	total_cn	VAF
chr1:114716123:C>T	233	39	4	0.14338235294117646
chr10:77001412:C>T	239	35	6	0.12773722627737227
chr10:113721690:C>T	280	50	6	0.15151515151515152
chr15:66781104:G>A	501	104	4	0.171900826446281
chr16:71431257:G>A	263	42	4	0.1377049180327869
chr8:141518695:G>A	409	50	6	0.10893246187363835
