mutation_id	ref_counts	var_counts	total_cn	VAF
chr11:134374625:C>T	286	15	2	0.04983388704318937
chr12:34022729:C>G	440	31	2	0.06581740976645435
chr12:51820983:G>A	414	29	2	0.0654627539503386
chr12:80356865:C>T	324	16	2	0.047058823529411764
chr12:85980289:G>A	338	11	2	0.03151862464183381
chr17:10531813:G>C	173	66	1	0.27615062761506276
chr18:3457850:C>T	408	31	2	0.07061503416856492
chr18:12686422:C>T	142	46	2	0.24468085106382978
chr2:127428579:C>T	374	29	2	0.07196029776674938
chr2:149437785:G>A	295	11	2	0.03594771241830065
chr3:38551238:C>T	278	53	2	0.16012084592145015
chr3:102438554:G>A	264	53	2	0.167192429022082
chr5:9108193:G>C	410	20	2	0.046511627906976744
chr6:155244700:C>T	302	12	2	0.03821656050955414
chr9:2073586:C>T	260	12	2	0.04411764705882353
