mutation_id	ref_counts	var_counts	total_cn	VAF
chr11:63229384:C>T	281	75	3	0.21067415730337077
chr13:113800847:C>T	168	101	2	0.3754646840148699
chr20:32434789:C>T	504	41	2	0.07522935779816514
chr20:42791204:A>T	142	87	2	0.3799126637554585
chr4:102799456:C>G	296	61	4	0.17086834733893558
chr8:10611606:G>A	615	139	4	0.1843501326259947
chr8:101666619:C>T	381	104	4	0.21443298969072164
