mutation_id	ref_counts	var_counts	total_cn	VAF
chr10:77835771:C>T	399	201	2	0.335
chr11:68158946:G>-	255	108	2	0.2975206611570248
chr12:25245350:C>A	300	124	2	0.29245283018867924
chr17:21415457:C>T	1574	47	2	0.028994447871684145
chr19:41888800:C>T	334	168	2	0.3346613545816733
chr20:62821799:C>T	337	217	2	0.3916967509025271
chr5:168247851:C>T	395	221	2	0.3587662337662338
chr6:31679187:->CCAAGAGGC	442	188	2	0.2984126984126984
chr7:43444987:G>A	476	242	2	0.3370473537604457
chrX:6534099:G>A	837	126	2	0.1308411214953271
