mutation_id	ref_counts	var_counts	total_cn	VAF
chr11:89191318:C>A	52	273	2	0.84
chr12:112450362:A>T	288	34	2	0.10559006211180125
chr14:51725842:G>A	288	52	4	0.15294117647058825
chr15:86142049:G>A	182	112	2	0.38095238095238093
chr16:1602587:T>C	254	10	2	0.03787878787878788
chr16:3749626:C>T	39	125	2	0.7621951219512195
chr19:39173294:C>A	362	224	2	0.3822525597269625
chr2:206005168:C>A	226	106	2	0.3192771084337349
chr2:232520653:G>A	261	188	2	0.41870824053452116
chr20:51009795:G>A	314	188	2	0.3745019920318725
chr22:20996054:G>T	249	179	2	0.4182242990654206
chr4:55097691:C>A	266	26	3	0.08904109589041095
chr4:182679743:C>T	425	188	3	0.3066884176182708
chr6:25619548:G>A	341	66	3	0.16216216216216217
chr7:39464563:TAGA>-	154	42	2	0.21428571428571427
chr9:39358513:G>A	225	108	2	0.32432432432432434
chr9:69391713:C>T	243	171	2	0.41304347826086957
