mutation_id	ref_counts	var_counts	total_cn	VAF
chr12:65240986:G>A	388	18	2	0.04433497536945813
chr12:120503862:T>G	346	34	2	0.08947368421052632
chr14:106470262:GTATCTTTTGCACAGTAATACAA>-	46	10	0	0.17857142857142858
chr15:22918727:C>A	425	144	2	0.2530755711775044
chr15:41710951:C>T	252	144	2	0.36363636363636365
chr15:89690601:G>A	354	33	2	0.08527131782945736
chr15:99361394:C>T	181	172	2	0.48725212464589235
chr16:3749657:->TGGG	109	12	2	0.09917355371900827
chr16:67185184:C>T	460	30	2	0.061224489795918366
chr16:67616873:G>A	222	24	2	0.0975609756097561
chr16:67620722:G>A	194	57	2	0.22709163346613545
chr17:8888380:G>A	458	20	2	0.04184100418410042
chr17:78803639:->GACCG	238	137	2	0.36533333333333334
chr2:88860907:CTCCGCCGAAAGTGAGCCAC>TTGA	51	16	0	0.23880597014925373
chr22:20431240:C>G	317	236	2	0.4267631103074141
chr22:23573303:G>A	268	26	2	0.08843537414965986
chr3:48695385:->CTTGTTGTGGCC	307	55	2	0.15193370165745856
chr3:177051510:TAGT>-	70	12	0	0.14634146341463414
chr5:72194348:C>T	220	146	2	0.3989071038251366
chr7:94664882:G>A	328	25	2	0.0708215297450425
chr9:113408903:C>G	217	143	2	0.3972222222222222
chrX:115192041:G>A	648	42	2	0.06086956521739131
chrX:153964613:A>G	245	162	2	0.39803439803439805
