mutation_id	ref_counts	var_counts	total_cn	VAF
chr11:130473375:G>T	376	351	2	0.4828060522696011
chr17:8076210:G>A	346	278	2	0.44551282051282054
chr21:30590275:A>T	306	39	2	0.11304347826086956
chr5:141399681:C>T	608	65	2	0.09658246656760773
chr9:13143492:C>A	164	162	2	0.49693251533742333
chr9:33466354:C>A	639	27	2	0.04054054054054054
chrX:71536245:A>T	342	156	2	0.3132530120481928
chrX:118975006:G>A	536	316	2	0.37089201877934275
