mutation_id	ref_counts	var_counts	total_cn	VAF
chr12:27716419:C>T	326	38	3	0.1043956043956044
chr12:112450358:G>C	333	35	3	0.09510869565217392
chr16:766214:G>A	240	71	2	0.2282958199356913
chr2:200477883:G>A	454	18	2	0.038135593220338986
chr20:47188284:G>A	402	13	2	0.03132530120481928
chr22:21208225:G>A	630	73	3	0.10384068278805121
chr3:49510756:C>T	183	119	2	0.39403973509933776
chrY:12818474:A>C	116	57	2	0.32947976878612717
