mutation_id	ref_counts	var_counts	total_cn	VAF
chr1:110223407:G>A	327	140	2	0.29978586723768735
chr11:62560416:T>C	160	114	2	0.41605839416058393
chr12:29477181:G>A	210	70	2	0.25
chr12:52676442:G>A	526	29	2	0.05225225225225225
chr14:106592678:->CTGAA	33	44	0	0.5714285714285714
chr16:21202114:G>A	150	108	2	0.4186046511627907
chr16:56969916:T>C	195	150	2	0.43478260869565216
chr17:75739964:G>A	588	42	2	0.06666666666666667
chr19:34428523:G>A	263	150	2	0.36319612590799033
chr3:131542785:G>T	300	12	2	0.038461538461538464
chr3:177051509:ATA>CC	142	128	2	0.4740740740740741
chr8:11757011:C>T	341	38	1	0.10026385224274406
chr9:847030:C>T	267	168	2	0.38620689655172413
chr9:3270519:C>T	133	63	2	0.32142857142857145
chrX:22077520:C>T	272	165	2	0.37757437070938216
