mutation_id	ref_counts	var_counts	total_cn	VAF
chr1:158398634:TA>GGGAGG	283	71	2	0.20056497175141244
chr13:32079007:A>T	264	47	2	0.15112540192926044
chr14:24574296:G>C	587	49	2	0.0770440251572327
chr16:75229667:C>G	719	32	2	0.0426098535286285
chr17:58310954:G>A	647	151	2	0.18922305764411027
chr5:51387611:C>G	856	25	2	0.028376844494892167
chr5:141376018:C>T	930	109	2	0.10490856592877768
chr5:153490957:C>A	493	42	2	0.07850467289719626
chr6:79487307:T>C	236	48	2	0.16901408450704225
chr7:117278285:A>G	536	57	2	0.09612141652613827
chrX:18165117:G>A	581	133	2	0.18627450980392157
chrX:135911938:C>G	92	12	2	0.11538461538461539
