mutation_id	ref_counts	var_counts	total_cn	VAF
chr1:151342983:C>T	274	46	2	0.14375
chr12:49031216:->AG	196	75	2	0.2767527675276753
chr12:112450406:G>C	235	59	2	0.20068027210884354
chr14:106714681:GTCTCT>ACCCTC	34	3	2	0.08108108108108109
chr16:58038388:C>A	146	52	2	0.26262626262626265
chr17:7673772:->CCCCT	205	54	1	0.2084942084942085
chr19:7677719:G>A	97	79	2	0.44886363636363635
chr2:53854159:C>T	240	44	2	0.15492957746478872
chr2:137450897:C>T	253	57	2	0.18387096774193548
chr3:48990883:C>T	206	51	2	0.19844357976653695
chr3:122856348:C>T	168	40	2	0.19230769230769232
chr4:109959417:G>A	180	30	2	0.14285714285714285
chr5:140883441:G>A	218	82	2	0.2733333333333333
chr6:27133379:->C	191	41	2	0.17672413793103448
chr6:87415712:G>A	141	41	2	0.22527472527472528
chr8:85328607:G>A	248	38	2	0.13286713286713286
chrX:15288020:C>T	244	85	2	0.25835866261398177
chrX:153057663:G>A	331	55	2	0.14248704663212436
