mutation_id	ref_counts	var_counts	total_cn	VAF
chr1:6125134:G>A	221	132	2	0.37393767705382436
chr1:100214884:C>T	372	39	2	0.0948905109489051
chr1:116600198:T>C	283	235	2	0.45366795366795365
chr10:46999970:C>T	163	114	2	0.41155234657039713
chr12:25245350:C>T	233	36	2	0.13382899628252787
chr14:106511117:T>-	22	69	1	0.7582417582417582
chr16:3564222:G>T	484	22	2	0.043478260869565216
chr2:89937679:TCCCACAGTGGTACAGCCCTGA>CCGGGTAGACCAAT	87	10	2	0.10309278350515463
chr2:90115401:->CCG	10	12	2	0.5454545454545454
chr2:178559716:A>G	218	121	2	0.35693215339233036
chr2:219435102:C>T	828	89	2	0.0970556161395856
chr2:226798630:C>T	500	60	2	0.10714285714285714
chr2:240895916:G>A	299	244	2	0.44935543278084716
chr4:36308356:C>G	485	14	2	0.028056112224448898
chr5:94523930:C>T	117	33	2	0.22
chr6:45547274:G>A	250	22	2	0.08088235294117647
chr7:100488572:C>T	737	32	2	0.04161248374512354
chr8:123514251:A>G	313	29	2	0.0847953216374269
chrX:73846340:A>-	323	64	2	0.165374677002584
