mutation_id	ref_counts	var_counts	total_cn	VAF
chr1:181758807:T>C	202	184	2	0.47668393782383417
chr1:206116772:->GG	335	224	2	0.4007155635062612
chr10:85602556:G>A	306	246	2	0.44565217391304346
chr12:52403839:C>A	434	146	2	0.2517241379310345
chr12:81445601:C>A	310	93	2	0.23076923076923078
chr14:67584030:C>A	300	91	2	0.23273657289002558
chr17:81104077:G>A	242	175	2	0.4196642685851319
chr18:47028931:C>T	2946	262	2	0.0816708229426434
chr19:55015026:C>G	406	300	2	0.42492917847025496
chr2:203706596:G>T	311	228	2	0.4230055658627087
chr2:240763271:C>T	273	226	2	0.4529058116232465
chr20:45408433:G>T	372	285	2	0.4337899543378995
chr22:22031468:ATT>-	113	44	2	0.2802547770700637
chr3:4645673:C>T	516	15	2	0.02824858757062147
chr3:49703434:C>A	289	48	2	0.142433234421365
chr4:6035932:C>T	306	252	2	0.45161290322580644
chr4:99650853:C>G	163	133	2	0.44932432432432434
chr7:38358514:T>-	52	26	1	0.3333333333333333
chr7:107953572:G>A	217	150	2	0.4087193460490463
chr8:8890504:C>A	172	156	2	0.47560975609756095
