mutation_id	ref_counts	var_counts	total_cn	VAF
chr1:216677440:C>T	427	89	2	0.17248062015503876
chr1:248203579:C>G	290	16	2	0.05228758169934641
chr11:7089870:C>T	602	161	2	0.21100917431192662
chr12:80889311:C>A	233	8	2	0.03319502074688797
chr14:106578734:TCACTGTGTGTCTC>CCCGTCAGGG	60	68	0	0.53125
chr15:23610630:T>A	189	53	2	0.2190082644628099
chr15:65077467:C>T	660	161	2	0.1961023142509135
chr15:78111266:G>A	230	66	2	0.22297297297297297
chr16:1218537:C>T	659	160	2	0.19536019536019536
chr19:38916237:C>T	447	33	2	0.06875
chr2:88947286:GTGTAACACTGTGGGAGAA>AAGG	45	4	0	0.08163265306122448
chr2:232482445:G>A	454	103	2	0.18491921005385997
chr3:44571230:T>A	350	23	2	0.06166219839142091
chr4:186621433:G>A	240	11	2	0.043824701195219126
chr6:157184392:C>T	516	48	2	0.0851063829787234
chr7:94664368:C>T	762	38	2	0.0475
chr9:114323722:G>A	478	106	2	0.1815068493150685
chrX:27463207:G>T	296	14	1	0.04516129032258064
