mutation_id	ref_counts	var_counts	total_cn	VAF
chr1:32889078:C>T	281	202	4	0.41821946169772256
chr1:37761448:G>T	485	419	4	0.46349557522123896
chr1:152109986:C>G	429	135	4	0.2393617021276596
chr1:152110966:C>T	364	153	4	0.29593810444874274
chr1:154965693:C>T	292	258	4	0.4690909090909091
chr1:158700647:C>G	143	60	4	0.2955665024630542
chr10:116623992:C>A	455	50	4	0.09900990099009901
chr11:59639328:G>A	227	26	4	0.10276679841897234
chr11:61743711:C>T	417	335	4	0.4454787234042553
chr12:130442347:C>A	284	257	4	0.47504621072088726
chr14:106592677:->CCGGGGG	19	2	0	0.09523809523809523
chr18:66544212:C>T	143	23	4	0.13855421686746988
chr2:112182910:G>C	449	65	4	0.1264591439688716
chr22:17906761:G>A	489	53	4	0.09778597785977859
chr3:36889886:C>T	284	96	4	0.25263157894736843
chr3:97872673:C>G	175	48	4	0.21524663677130046
chr3:135179951:T>A	316	88	4	0.21782178217821782
chr3:138173556:G>T	178	44	4	0.1981981981981982
chr3:164982246:G>C	34	26	4	0.43333333333333335
chr4:105453598:C>T	36	5	4	0.12195121951219512
chr5:14462893:A>G	549	49	4	0.08193979933110368
chr7:128844096:C>T	477	367	4	0.43483412322274884
chrX:2490544:T>C	916	106	2	0.10371819960861056
