mutation_id	ref_counts	var_counts	total_cn	VAF
chr10:133073194:G>A	361	52	2	0.12590799031476999
chr11:5200191:G>T	181	43	2	0.19196428571428573
chr11:60951058:A>G	610	85	2	0.1223021582733813
chr12:25245350:C>T	334	31	2	0.08493150684931507
chr15:26937304:A>G	326	29	2	0.08169014084507042
chr17:747014:G>A	666	28	3	0.040345821325648415
chr2:209694807:G>T	422	34	2	0.07456140350877193
chr20:9401510:C>T	308	14	2	0.043478260869565216
chr20:42472513:C>A	606	27	2	0.04265402843601896
chr21:31217625:C>T	660	99	4	0.13043478260869565
chr5:134661259:C>A	380	53	2	0.12240184757505773
chr6:84737157:G>A	581	39	3	0.06290322580645161
chrX:140783789:G>A	792	64	3	0.07476635514018691
