mutation_id	ref_counts	var_counts	total_cn	VAF
chr1:13416448:C>G	432	26	2	0.056768558951965066
chr10:20961728:C>T	348	22	2	0.05945945945945946
chr11:78200763:C>T	318	59	2	0.15649867374005305
chr11:93761515:G>A	176	12	2	0.06382978723404255
chr19:12973426:G>A	235	131	2	0.35792349726775957
chr2:70835767:C>A	177	110	2	0.3832752613240418
chr2:113406872:->CC	110	13	2	0.10569105691056911
chr6:51791317:C>A	286	133	2	0.31742243436754175
chr7:98971931:->GT	210	91	2	0.3023255813953488
