mutation_id	ref_counts	var_counts	total_cn	VAF
chr1:231163390:G>A	619	312	2	0.3351235230934479
chr12:157038:G>A	288	184	2	0.3898305084745763
chr14:90184341:G>A	503	63	2	0.11130742049469965
chr17:81510744:G>A	358	214	2	0.3741258741258741
chr19:49190771:C>T	164	137	2	0.45514950166112955
chr21:46388850:G>C	388	140	2	0.26515151515151514
chr22:20997235:->CGGGG	232	65	2	0.21885521885521886
chr3:47121883:G>T	130	48	2	0.2696629213483146
chr7:37133148:G>A	344	33	2	0.08753315649867374
chr7:51029212:C>T	353	44	2	0.11083123425692695
chr8:19505532:G>A	348	237	2	0.40512820512820513
chr8:76852103:G>T	424	39	2	0.08423326133909287
