mutation_id	ref_counts	var_counts	total_cn	VAF
chr1:205338545:T>A	227	161	2	0.41494845360824745
chr11:86068690:T>C	322	145	2	0.31049250535331907
chr12:25225713:T>A	273	134	2	0.32923832923832924
chr15:35084380:C>T	559	43	2	0.07142857142857142
chr17:1479645:C>T	228	123	2	0.3504273504273504
chr19:48498867:G>T	117	92	2	0.44019138755980863
chr2:207124134:C>T	329	160	2	0.32719836400818
chr3:108553700:TTC>-	79	40	2	0.33613445378151263
chr5:140856650:G>A	245	128	2	0.34316353887399464
chr7:90352897:G>A	200	147	2	0.42363112391930835
chrX:45083511:->GGCATCT	310	124	2	0.2857142857142857
chrX:73850010:T>G	266	14	2	0.05
