mutation_id	ref_counts	var_counts	total_cn	VAF
chr10:85602386:C>T	354	184	2	0.3420074349442379
chr12:89599287:T>A	115	63	2	0.3539325842696629
chr12:92144287:->GA	251	130	2	0.34120734908136485
chr12:92144289:T>AGG	288	158	2	0.3542600896860987
chr14:79467351:G>A	201	134	2	0.4
chr14:106578742:TGTCTC>GGTTTCAGA	50	67	1	0.5726495726495726
chr15:28705498:G>A	287	123	2	0.3
chr18:58343063:G>A	193	136	2	0.4133738601823708
chr19:42729996:A>T	320	132	2	0.2920353982300885
chr22:20974105:C>T	249	145	2	0.3680203045685279
chr3:142547854:A>T	256	160	2	0.38461538461538464
chrX:153804540:G>A	72	213	1	0.7473684210526316
