mutation_id	ref_counts	var_counts	total_cn	VAF
chr1:42449999:C>T	331	78	2	0.19070904645476772
chr1:85781269:T>C	187	94	2	0.33451957295373663
chr1:114708648:C>T	226	76	2	0.25165562913907286
chr1:147619793:G>A	440	16	2	0.03508771929824561
chr10:26292917:G>A	177	48	2	0.21333333333333335
chr10:101037132:C>T	321	85	2	0.20935960591133004
chr11:22259597:G>C	320	82	2	0.20398009950248755
chr11:56094027:C>T	290	86	2	0.22872340425531915
chr11:117780652:C>T	475	33	2	0.06496062992125984
chr12:53049224:G>C	251	69	2	0.215625
chr12:98626411:C>T	414	14	2	0.03271028037383177
chr14:58474760:G>C	312	20	2	0.060240963855421686
chr16:381791:C>A	330	110	2	0.25
chr16:1079936:C>T	324	76	2	0.19
chr17:28855266:C>G	412	108	2	0.2076923076923077
chr19:41837260:G>C	406	14	2	0.03333333333333333
chr2:53923410:G>C	292	11	2	0.036303630363036306
chr2:72741417:G>A	264	80	2	0.23255813953488372
chr2:77518821:C>A	313	77	2	0.19743589743589743
chr2:178572280:G>C	340	126	2	0.2703862660944206
chr2:240946223:G>A	225	104	2	0.3161094224924012
chr3:38097535:G>C	196	66	2	0.25190839694656486
chr3:124743992:C>T	247	63	2	0.2032258064516129
chr4:1961074:G>A	432	28	2	0.06086956521739131
chr4:2129212:C>A	262	15	2	0.05415162454873646
chr5:38370395:C>T	322	176	2	0.3534136546184739
chr5:121852168:C>T	554	36	2	0.061016949152542375
chr7:101042215:C>T	502	32	2	0.0599250936329588
chr7:101164041:G>A	610	19	2	0.030206677265500796
chr8:39147157:C>G	21	3	2	0.125
chr8:66152388:G>A	231	69	2	0.23
chr8:144548084:G>C	574	16	2	0.02711864406779661
chr9:19286938:G>C	320	51	2	0.13746630727762804
chr9:137243452:G>A	394	100	2	0.20242914979757085
chrX:18730185:G>C	160	69	1	0.30131004366812225
