mutation_id	ref_counts	var_counts	total_cn	VAF
chr1:59915979:C>T	24	156	1	0.8666666666666667
chr11:15077422:C>T	204	136	2	0.4
chr12:885026:G>C	444	25	2	0.053304904051172705
chr14:106627252:->CTTGGA	28	10	1	0.2631578947368421
chr17:31226459:->C	8	96	1	0.9230769230769231
chr18:53530566:G>T	168	136	2	0.4473684210526316
chr2:178770195:G>A	232	216	2	0.48214285714285715
chr2:219038578:G>T	123	24	2	0.16326530612244897
chr4:46041232:C>T	91	100	2	0.5235602094240838
chr4:102801499:C>T	62	42	2	0.40384615384615385
chr5:149832762:G>A	412	63	2	0.13263157894736843
chr7:3951897:C>T	147	136	2	0.48056537102473496
chr7:55160320:A>G	106	81	2	0.43315508021390375
chrX:148980756:G>C	69	51	2	0.425
chrX:154353418:G>C	263	208	2	0.4416135881104034
