mutation_id	ref_counts	var_counts	total_cn	VAF
chr1:20981160:G>A	188	93	2	0.3309608540925267
chr1:54871452:C>T	406	25	2	0.058004640371229696
chr10:16764501:G>A	276	20	3	0.06756756756756757
chr11:5508736:C>T	512	31	2	0.0570902394106814
chr11:78658756:G>A	261	50	2	0.1607717041800643
chr12:45050626:G>A	676	20	2	0.028735632183908046
chr12:49022634:G>A	320	16	2	0.047619047619047616
chr12:52550057:G>A	329	21	2	0.06
chr15:28843756:G>A	184	12	2	0.061224489795918366
chr16:27740131:C>A	291	58	2	0.166189111747851
chr17:37701077:G>A	810	76	3	0.08577878103837472
chr17:76009165:G>A	735	58	3	0.07313997477931904
chr18:27993620:C>T	346	30	3	0.0797872340425532
chr19:48452863:C>T	529	52	2	0.08950086058519793
chr2:50346698:G>A	237	18	2	0.07058823529411765
chr22:41172584:T>A	190	99	2	0.34256055363321797
chr3:125108000:C>T	342	29	2	0.07816711590296496
chr3:136002195:T>A	170	13	2	0.07103825136612021
chr3:174279353:C>G	317	14	2	0.04229607250755287
chr5:73898050:G>A	229	18	2	0.0728744939271255
chr7:130305877:G>A	299	64	2	0.1763085399449036
chr7:143511295:C>T	706	36	2	0.04851752021563342
chr8:109972565:G>A	538	27	3	0.047787610619469026
chr8:143727594:C>T	1027	39	3	0.036585365853658534
