mutation_id	ref_counts	var_counts	total_cn	VAF
chr10:116860793:G>A	136	83	2	0.3789954337899543
chr12:52680054:A>T	665	103	2	0.13411458333333334
chr16:3729110:->TTGTCCT	389	221	2	0.3622950819672131
chr16:20374891:T>C	184	138	2	0.42857142857142855
chr16:80620796:C>T	189	125	2	0.3980891719745223
chr16:87334109:G>A	323	266	2	0.45161290322580644
chr18:65814510:G>A	167	131	2	0.4395973154362416
chr19:6746504:G>A	184	133	2	0.4195583596214511
chr19:35511432:G>T	681	18	2	0.02575107296137339
chr4:163472892:C>T	402	141	3	0.2596685082872928
chr6:129456416:G>A	513	80	3	0.13490725126475547
chr7:100175693:G>A	266	214	2	0.44583333333333336
chr7:120274725:G>A	299	240	2	0.4452690166975881
chrX:27462553:G>A	331	137	3	0.29273504273504275
chrX:120253961:G>A	416	128	3	0.23529411764705882
