mutation_id	ref_counts	var_counts	total_cn	VAF
chr1:33652360:C>T	274	116	2	0.29743589743589743
chr1:114716123:C>T	355	109	2	0.2349137931034483
chr14:93263790:G>-	236	50	3	0.17482517482517482
chr14:106592675:->GGGTA	129	40	3	0.23668639053254437
chr17:43492802:C>T	424	99	3	0.18929254302103252
chr18:36372682:G>A	506	30	3	0.055970149253731345
chr2:48963363:A>T	345	132	2	0.27672955974842767
chr2:233960921:C>T	336	124	2	0.26956521739130435
chr2:240750444:C>T	225	81	2	0.2647058823529412
chr20:35267209:C>A	259	88	2	0.25360230547550433
chr5:850400:C>T	188	76	2	0.2878787878787879
chr6:77462917:G>A	489	112	3	0.18635607321131448
chr8:112976056:C>A	405	90	3	0.18181818181818182
