mutation_id	ref_counts	var_counts	total_cn	VAF
chr19:10871722:C>T	258	11	2	0.040892193308550186
chr7:14613355:C>A	265	12	2	0.04332129963898917
