mutation_id	ref_counts	var_counts	total_cn	VAF
chr1:16986028:C>A	520	27	3	0.04936014625228519
chr1:114716126:C>G	326	26	2	0.07386363636363637
chr1:229549401:A>C	228	14	2	0.05785123966942149
chr1:237610840:G>A	482	16	2	0.0321285140562249
chr10:12164452:T>C	239	10	2	0.040160642570281124
chr10:73797946:G>C	666	25	2	0.0361794500723589
chr11:17721412:C>T	612	52	2	0.0783132530120482
chr12:49027295:G>A	183	136	2	0.4263322884012539
chr12:57256006:C>T	358	31	2	0.07969151670951156
chr12:111418803:G>A	161	339	2	0.678
chr14:21093176:C>T	639	78	3	0.1087866108786611
chr14:33800933:G>T	552	97	3	0.14946070878274267
chr14:106592675:->AGAGCCAGGCCATCCCCCCAGCAACGCA	160	16	3	0.09090909090909091
chr16:3736717:C>T	410	18	2	0.04205607476635514
chr16:27708867:C>T	328	36	2	0.0989010989010989
chr16:69168872:C>T	256	62	2	0.1949685534591195
chr16:81133626:C>G	362	24	2	0.06217616580310881
chr17:7674230:C>T	219	78	2	0.26262626262626265
chr17:10523582:C>T	341	62	2	0.15384615384615385
chr17:15314168:C>T	316	76	2	0.19387755102040816
chr17:18758336:G>A	36	5	2	0.12195121951219512
chr17:31996816:G>C	174	75	3	0.30120481927710846
chr17:49512875:C>T	347	290	3	0.4552590266875981
chr19:17328519:G>A	718	23	2	0.0310391363022942
chr19:18589477:A>T	325	135	2	0.29347826086956524
chr2:113406869:CATTC>TTT	111	23	2	0.17164179104477612
chr21:30440586:C>T	678	182	4	0.2116279069767442
chr3:37779924:C>A	212	12	2	0.05357142857142857
chr3:69287785:C>T	290	20	2	0.06451612903225806
chr3:71130624:G>C	412	15	2	0.0351288056206089
chr3:195870174:->G	128	16	2	0.1111111111111111
chr4:575276:G>A	111	66	3	0.3728813559322034
chr4:48490800:C>T	966	28	3	0.028169014084507043
chr4:186618251:G>C	619	23	3	0.03582554517133956
chr4:186636821:G>C	556	26	3	0.044673539518900345
chr5:7850986:C>T	504	16	2	0.03076923076923077
chr5:141419365:G>A	586	48	2	0.07570977917981073
chr6:116462340:C>A	463	126	2	0.21392190152801357
chr8:23441623:C>T	342	105	3	0.2348993288590604
chr8:51408305:C>T	425	122	3	0.2230347349177331
chr8:142750390:C>T	616	50	3	0.07507507507507508
chr9:66918323:G>C	334	13	3	0.037463976945244955
chrX:31071701:C>T	908	64	3	0.06584362139917696
chrX:31348629:G>A	560	31	3	0.05245346869712352
chrX:48466068:G>C	648	34	3	0.04985337243401759
chrX:156003725:G>C	954	95	2	0.0905624404194471
