mutation_id	ref_counts	var_counts	total_cn	VAF
chr1:64844837:G>T	383	75	2	0.16375545851528384
chr12:20616297:C>T	512	44	2	0.07913669064748201
chr12:83050952:->A	226	177	2	0.4392059553349876
chr14:21924651:->C	106	52	1	0.3291139240506329
chr14:21941655:TGACAC>CCCA	16	40	2	0.7142857142857143
chr17:57885544:->GG	398	81	2	0.16910229645093947
chr19:19515179:G>A	351	280	2	0.4437400950871632
chr21:44364257:C>T	194	154	2	0.4425287356321839
chr3:186854360:C>T	425	65	2	0.1326530612244898
chr4:23812765:C>A	203	178	2	0.4671916010498688
chr7:139089696:G>C	318	66	2	0.171875
chr9:5078360:A>G	238	17	2	0.06666666666666667
chr9:5089726:C>A	274	33	2	0.10749185667752444
chr9:92403252:C>T	98	81	2	0.45251396648044695
chr9:123366307:->GGAGTTTA	518	138	2	0.21036585365853658
