mutation_id	ref_counts	var_counts	total_cn	VAF
chr1:216000453:G>A	260	191	2	0.42350332594235035
chr10:127737745:G>A	633	251	3	0.2839366515837104
chr10:132198887:G>A	561	208	3	0.270481144343303
chr10:132348078:C>T	506	182	3	0.26453488372093026
chr11:4682276:C>T	264	179	2	0.4040632054176072
chr12:25245347:C>T	193	138	2	0.4169184290030212
chr12:51190400:G>T	240	203	2	0.4582392776523702
chr12:98832068:G>A	242	157	2	0.39348370927318294
chr15:73343435:G>A	127	131	2	0.5077519379844961
chr16:51140595:C>T	255	173	2	0.40420560747663553
chr16:52450487:G>A	275	185	2	0.40217391304347827
chr19:46160447:T>C	208	155	2	0.42699724517906334
chr2:198084172:C>T	163	135	2	0.45302013422818793
chr2:215346911:C>T	169	109	2	0.3920863309352518
chr4:1974938:A>G	513	259	3	0.33549222797927464
chr4:71758041:C>T	197	97	3	0.3299319727891156
chr4:176163175:C>T	349	139	3	0.2848360655737705
chr5:72238050:A>T	207	179	2	0.4637305699481865
chr7:1746982:G>A	241	211	2	0.4668141592920354
