mutation_id	ref_counts	var_counts	total_cn	VAF
chr1:62209990:GAGGAGGAAGAGCCCTCAGGGCTGGAGGAGGAA>-	244	12	2	0.046875
chr11:73001104:G>A	62	45	2	0.4205607476635514
chr12:25245350:C>T	114	52	2	0.3132530120481928
chr12:117232038:G>A	320	195	2	0.3786407766990291
chr15:70893592:C>T	29	25	2	0.46296296296296297
chr17:6080995:C>T	834	378	3	0.3118811881188119
chr18:9887998:G>A	488	187	3	0.277037037037037
chr2:218643211:G>C	345	249	2	0.41919191919191917
chr6:52832889:C>A	120	80	2	0.4
chr7:143571876:G>A	101	197	2	0.6610738255033557
