mutation_id	ref_counts	var_counts	total_cn	VAF
chr1:54609926:A>G	152	133	2	0.4666666666666667
chr1:114716123:C>T	217	87	2	0.28618421052631576
chr12:18705261:G>T	239	153	2	0.3903061224489796
chr14:62779730:G>A	134	23	2	0.1464968152866242
chr14:106627253:->CGCGA	168	40	2	0.19230769230769232
chr17:4540459:AGCACCGTCAGGTCCAAGGTC>-	333	173	2	0.34189723320158105
chr3:165017837:C>T	150	96	2	0.3902439024390244
chr9:27169500:C>T	230	26	2	0.1015625
chrX:27821350:G>A	91	138	1	0.6026200873362445
chrX:41665369:C>T	91	179	1	0.662962962962963
