mutation_id	ref_counts	var_counts	total_cn	VAF
chr1:86579577:T>C	76	56	2	0.42424242424242425
chr1:152351779:C>A	134	145	2	0.5197132616487455
chr10:50127175:G>A	199	137	2	0.40773809523809523
chr11:1000436:C>T	162	136	2	0.4563758389261745
chr11:47590382:C>T	224	208	2	0.48148148148148145
chr14:21092337:G>T	268	227	2	0.4585858585858586
chr14:33676238:G>A	171	94	2	0.35471698113207545
chr14:67562662:G>A	212	194	2	0.47783251231527096
chr16:3767781:TTCTT>-	237	148	2	0.38441558441558443
chr17:28689553:G>A	120	58	2	0.3258426966292135
chr18:22177107:C>A	130	119	2	0.4779116465863454
chr19:48499404:G>A	168	117	2	0.4105263157894737
chr2:106496236:G>A	154	67	2	0.3031674208144796
chr21:17797040:G>T	420	156	4	0.2708333333333333
chr21:45475500:C>T	518	164	4	0.2404692082111437
chr3:141066541:G>A	262	253	2	0.4912621359223301
chr5:5140715:G>A	236	166	2	0.4129353233830846
chr6:52076317:G>A	148	105	2	0.4150197628458498
chr8:138152964:->T	194	103	2	0.3468013468013468
