mutation_id	ref_counts	var_counts	total_cn	VAF
chr12:25245351:C>T	330	146	2	0.3067226890756303
chr12:69880290:C>T	269	143	2	0.3470873786407767
chr12:119156712:C>T	657	454	2	0.40864086408640865
chr15:33825615:G>T	138	72	2	0.34285714285714286
chr15:74175131:C>T	440	307	2	0.4109772423025435
chr3:112639018:G>A	316	236	2	0.427536231884058
chr6:73369291:G>A	378	297	2	0.44
