mutation_id	ref_counts	var_counts	total_cn	VAF
chr1:77518707:C>T	186	75	2	0.28735632183908044
chr1:235182262:C>A	268	24	2	0.0821917808219178
chr10:126504179:C>G	350	63	2	0.15254237288135594
chr11:5152318:C>T	295	10	2	0.03278688524590164
chr12:48184177:C>T	359	152	2	0.2974559686888454
chr14:21852787:G>C	310	38	2	0.10919540229885058
chr14:45206128:ATG>-	34	6	2	0.15
chr14:106511116:->TCTCGG	26	10	0	0.2777777777777778
chr14:106511175:A>G	51	8	0	0.13559322033898305
chr17:4741084:G>A	268	75	2	0.21865889212827988
chr19:12734458:->C	506	231	2	0.31343283582089554
chr19:15685151:G>A	243	11	2	0.04330708661417323
chr2:197402635:C>G	188	82	2	0.3037037037037037
chr2:206557440:G>A	157	43	2	0.215
chr3:64686676:C>T	259	124	2	0.3237597911227154
chr7:142812585:->ATCCCCCGT	97	28	2	0.224
chr9:97354903:C>T	236	22	2	0.08527131782945736
chr9:124453549:C>T	648	52	2	0.07428571428571429
chrX:152767372:C>A	77	137	1	0.6401869158878505
