mutation_id	ref_counts	var_counts	total_cn	VAF
chr1:27105724:G>A	276	28	2	0.09210526315789473
chr11:55726519:C>G	372	11	2	0.028720626631853787
chr11:57485204:G>C	316	30	2	0.08670520231213873
chr11:62533531:G>A	489	28	2	0.05415860735009671
chr11:82934321:G>C	226	29	2	0.11372549019607843
chr11:114582704:C>T	336	34	2	0.0918918918918919
chr11:123608522:C>G	161	125	2	0.4370629370629371
chr12:5045380:C>T	190	38	1	0.16666666666666666
chr12:47773379:C>G	506	27	2	0.05065666041275797
chr12:85056078:G>A	169	21	2	0.11052631578947368
chr12:100939449:G>C	131	80	2	0.3791469194312796
chr12:112446394:G>C	132	105	2	0.4430379746835443
chr12:132761771:C>A	458	42	2	0.084
chr15:21410898:C>T	249	14	2	0.053231939163498096
chr15:83982920:G>A	247	160	2	0.3931203931203931
chr17:16061425:G>A	159	90	2	0.3614457831325301
chr17:32142726:G>A	459	73	2	0.13721804511278196
chr17:44189164:G>C	442	25	2	0.05353319057815846
chr18:8705705:G>A	482	60	2	0.11070110701107011
chr19:10914014:G>A	403	24	2	0.05620608899297424
chr19:37169886:G>A	361	32	2	0.08142493638676845
chr19:52321775:A>T	316	14	2	0.04242424242424243
chr19:53456311:G>A	326	56	2	0.14659685863874344
chr19:54909422:G>T	333	258	2	0.4365482233502538
chr2:61370408:G>C	196	7	2	0.034482758620689655
chr2:88529127:G>A	222	208	2	0.48372093023255813
chr2:233841229:C>G	319	43	2	0.11878453038674033
chr2:233842142:C>G	306	38	2	0.11046511627906977
chr20:63247658:C>A	585	60	2	0.09302325581395349
chr22:40860776:G>A	258	10	2	0.03731343283582089
chr3:101849801:C>T	635	42	2	0.0620384047267356
chr3:121460125:G>A	394	32	2	0.07511737089201878
chr3:184381798:C>T	436	26	2	0.05627705627705628
chr4:125490942:C>T	437	22	2	0.04793028322440087
chr5:33614251:C>T	136	94	2	0.40869565217391307
chr5:52800736:G>C	520	30	2	0.05454545454545454
chr5:75596413:G>A	268	19	2	0.06620209059233449
chr5:149368044:C>G	304	59	2	0.162534435261708
chr5:176597808:C>T	482	29	2	0.05675146771037182
chr6:42128717:C>T	308	11	2	0.034482758620689655
chr6:142753511:C>T	424	21	2	0.04719101123595506
chr7:20158618:G>A	358	28	2	0.07253886010362694
chr8:22355485:G>A	348	25	2	0.06702412868632708
chr8:98707277:G>C	179	14	2	0.07253886010362694
chr8:119568179:G>A	226	10	2	0.0423728813559322
chr9:35043112:G>C	201	177	2	0.46825396825396826
chr9:109147144:G>C	374	29	2	0.07196029776674938
chrX:23001718:G>A	426	12	2	0.0273972602739726
chrX:70278531:C>T	325	13	2	0.038461538461538464
chrX:111912473:C>G	538	27	2	0.047787610619469026
chrX:153777978:G>C	501	14	2	0.027184466019417475
