mutation_id	ref_counts	var_counts	total_cn	VAF
chr11:113399715:C>T	608	36	2	0.055900621118012424
chr15:63983715:G>C	446	36	2	0.07468879668049792
chr3:64099880:C>T	297	76	2	0.2037533512064343
chr7:55160161:G>A	273	32	2	0.10491803278688525
