mutation_id	ref_counts	var_counts	total_cn	VAF
chr1:114424671:G>A	492	17	2	0.03339882121807466
chr1:170992317:G>A	127	49	2	0.2784090909090909
chr10:25023751:G>T	170	9	2	0.05027932960893855
chr10:87366349:C>T	968	206	2	0.17546848381601363
chr11:55968263:G>A	169	50	2	0.228310502283105
chr11:94544737:G>A	639	75	2	0.10504201680672269
chr11:114522970:C>T	318	17	2	0.050746268656716415
chr11:117465047:C>T	416	48	2	0.10344827586206896
chr12:25245351:C>G	293	63	2	0.17696629213483145
chr13:70107672:C>T	662	39	2	0.05563480741797432
chr15:89329106:G>A	250	10	2	0.038461538461538464
chr16:154093:C>T	210	10	2	0.045454545454545456
chr16:85655866:C>T	483	155	2	0.24294670846394983
chr19:629547:G>A	380	42	2	0.0995260663507109
chr19:7527547:G>A	251	147	2	0.3693467336683417
chr19:7626259:C>G	367	17	2	0.044270833333333336
chr19:35939833:C>G	696	32	2	0.04395604395604396
chr19:35939914:C>G	664	38	2	0.05413105413105413
chr19:53874192:C>T	407	101	2	0.19881889763779528
chr19:58562392:C>T	915	66	2	0.0672782874617737
chr2:90221382:->TTTCC	43	34	2	0.44155844155844154
chr2:205301688:G>A	520	42	2	0.07473309608540925
chr21:46411357:G>A	539	87	3	0.1389776357827476
chr6:56536877:G>C	325	80	2	0.19753086419753085
chr7:112895687:C>G	305	46	2	0.13105413105413105
chrX:7843737:G>C	266	40	1	0.13071895424836602
