mutation_id	ref_counts	var_counts	total_cn	VAF
chr1:12825056:C>T	241	23	2	0.08712121212121213
chr1:154429378:G>A	183	124	2	0.40390879478827363
chr10:79942857:T>A	182	67	2	0.26907630522088355
chr10:102837079:C>A	111	73	2	0.3967391304347826
chr10:117138026:G>C	267	14	2	0.0498220640569395
chr12:106501366:C>G	224	49	2	0.1794871794871795
chr14:50872265:G>T	322	11	2	0.03303303303303303
chr14:106335080:TCTTTCGCACAGTAATACACA>AG	205	58	2	0.22053231939163498
chr15:43793785:C>T	314	22	2	0.06547619047619048
chr15:54013010:G>T	143	77	2	0.35
chr16:67375361:G>C	275	69	2	0.2005813953488372
chr16:84099294:G>A	147	37	2	0.20108695652173914
chr17:19714745:C>T	358	34	2	0.08673469387755102
chr17:50741134:G>T	157	93	2	0.372
chr19:24127261:C>G	145	27	2	0.1569767441860465
chr19:34430594:G>A	190	22	2	0.10377358490566038
chr19:34452096:G>A	207	23	2	0.1
chr19:34454520:G>A	131	24	2	0.15483870967741936
chr2:237342099:G>A	282	38	2	0.11875
chr4:2931270:->GT	320	60	2	0.15789473684210525
chr4:6333672:C>T	221	43	2	0.16287878787878787
chr4:37443974:T>C	232	46	2	0.16546762589928057
chr4:44622418:A>G	121	29	2	0.19333333333333333
chr4:71473121:C>G	194	9	2	0.04433497536945813
chr5:136357024:C>T	333	78	2	0.1897810218978102
chr5:150649931:C>T	585	30	2	0.04878048780487805
chr6:70300130:C>G	294	14	2	0.045454545454545456
chr8:31032718:C>-	324	82	2	0.2019704433497537
chr8:109480095:T>A	164	23	2	0.12299465240641712
chr9:68384479:G>A	160	21	2	0.11602209944751381
chr9:104569531:C>T	274	42	2	0.13291139240506328
chrX:26160847:G>C	300	17	2	0.05362776025236593
chrX:27462648:C>A	211	33	2	0.13524590163934427
chrX:78272876:C>G	307	22	2	0.0668693009118541
chrX:118975279:G>C	494	18	2	0.03515625
