mutation_id	ref_counts	var_counts	total_cn	VAF
chr1:51933374:A>G	319	76	2	0.19240506329113924
chr1:161218721:ACGGTA>-	267	57	2	0.17592592592592593
chr10:79292281:->ACCCCC	522	88	3	0.14426229508196722
chr11:30894382:G>A	172	80	2	0.31746031746031744
chr12:80353324:G>A	124	24	2	0.16216216216216217
chr13:28018503:A>C	285	34	2	0.10658307210031348
chr13:28034144:A>G	302	27	2	0.08206686930091185
chr15:86554515:G>T	127	105	2	0.4525862068965517
chr16:1154020:C>T	303	43	2	0.12427745664739884
chr17:17215308:C>T	441	36	3	0.07547169811320754
chr17:63496984:C>T	348	32	3	0.08421052631578947
chr17:69085102:C>T	432	138	3	0.24210526315789474
chr18:24366897:G>A	316	17	2	0.05105105105105105
chr18:78992965:C>T	248	38	2	0.13286713286713286
chr2:20263397:C>T	392	55	2	0.12304250559284116
chr22:42129827:C>T	388	233	2	0.3752012882447665
chr3:25618449:G>A	220	38	2	0.14728682170542637
chr5:113085170:G>A	190	48	2	0.20168067226890757
chr6:89696523:A>G	456	26	3	0.05394190871369295
chr6:160718357:G>A	459	99	3	0.1774193548387097
chr6:167022466:A>G	389	87	3	0.18277310924369747
chr7:107701144:C>T	87	31	2	0.2627118644067797
chrX:2489206:A>G	887	103	2	0.10404040404040404
chrX:92618882:G>A	386	56	2	0.12669683257918551
