mutation_id	ref_counts	var_counts	total_cn	VAF
chr14:22515615:ACTCTGTGCAT>-	190	39	2	0.1703056768558952
chr14:22515633:G>A	224	49	2	0.1794871794871795
chr14:24132403:C>T	576	189	2	0.24705882352941178
chr2:113406854:AGGATTATACTACCCCATTCACAGTG>CACCCC	222	62	2	0.21830985915492956
chr21:33888268:C>T	284	180	3	0.3879310344827586
chr3:129531019:G>A	491	168	2	0.2549317147192716
chr5:90763392:G>A	326	126	2	0.27876106194690264
chr9:128494645:A>T	384	123	2	0.24260355029585798
chrX:6533771:C>T	288	42	1	0.12727272727272726
