mutation_id	ref_counts	var_counts	total_cn	VAF
chr1:237500723:G>A	167	40	4	0.1932367149758454
chr12:39342062:G>A	124	24	4	0.16216216216216217
chr4:95245050:C>T	243	86	4	0.2613981762917933
chr7:33383722:C>T	226	23	4	0.09236947791164658
chr9:5078362:A>C	116	71	3	0.37967914438502676
chr9:5089726:C>A	222	9	3	0.03896103896103896
chrX:135171105:C>A	334	104	4	0.2374429223744292
