mutation_id	ref_counts	var_counts	total_cn	VAF
chr1:153687199:G>A	129	112	2	0.46473029045643155
chr10:104162377:C>A	212	134	2	0.3872832369942196
chr12:85980244:G>A	220	150	2	0.40540540540540543
chr15:75687965:G>A	433	73	2	0.1442687747035573
chr17:50618971:C>T	434	66	2	0.132
chr19:50210397:G>A	286	218	2	0.43253968253968256
chr20:16367566:C>T	434	18	2	0.03982300884955752
chr7:16527041:G>A	221	181	2	0.4502487562189055
chr9:37020736:G>A	292	122	2	0.2946859903381642
chrX:105948688:C>T	188	9	1	0.04568527918781726
