mutation_id	ref_counts	var_counts	total_cn	VAF
chr1:158354634:C>T	141	89	2	0.3869565217391304
chr1:247949593:G>A	156	76	2	0.3275862068965517
chr10:26286447:G>A	299	74	3	0.19839142091152814
chr11:56989733:G>T	76	46	2	0.3770491803278688
chr12:11885952:->G	233	99	2	0.29819277108433734
chr12:14643684:C>A	195	111	2	0.3627450980392157
chr12:25245350:C>G	181	92	2	0.336996336996337
chr12:49052197:GAGA>-	385	190	2	0.33043478260869563
chr13:24913013:G>T	140	80	2	0.36363636363636365
chr14:106592675:->TCTCCCTGGC	118	32	3	0.21333333333333335
chr15:39589263:A>T	252	171	2	0.40425531914893614
chr16:51141023:G>A	272	157	2	0.36596736596736595
chr17:10544125:G>A	97	26	3	0.21138211382113822
chr19:17101891:C>T	285	168	2	0.3708609271523179
chr19:49873229:G>A	499	336	2	0.4023952095808383
chr20:63693192:C>A	239	136	2	0.3626666666666667
chr22:18528847:TGGGAGGAGCTGTCGAGTCAGGTACG>CTT	105	27	2	0.20454545454545456
chr22:21468182:TGGGAGGAGCTGTCGAGTCAGGTACG>CTT	258	72	2	0.21818181818181817
chr5:140871353:G>A	314	194	2	0.38188976377952755
chr6:41806315:G>A	757	250	3	0.24826216484607747
chr8:36807399:G>A	159	87	2	0.35365853658536583
chrX:154450058:G>A	313	190	2	0.37773359840954274
