mutation_id	ref_counts	var_counts	total_cn	VAF
chr1:119622826:G>A	374	218	2	0.36824324324324326
chr10:133459692:G>A	513	352	2	0.4069364161849711
chr11:33583407:C>T	220	169	2	0.43444730077120824
chr12:25245350:C>T	246	89	2	0.2656716417910448
chr15:43638994:A>T	199	89	2	0.3090277777777778
chr19:21972807:G>A	153	48	2	0.23880597014925373
chr2:210009707:G>A	382	17	2	0.042606516290726815
chr4:1727776:A>C	404	19	2	0.04491725768321513
chr4:3524978:C>T	222	171	2	0.4351145038167939
chr4:93828960:G>A	292	136	2	0.3177570093457944
chr5:33963879:G>A	317	145	2	0.31385281385281383
chr6:27808491:C>T	124	82	1	0.39805825242718446
chr6:34036211:G>A	345	178	2	0.3403441682600382
chr7:44114028:G>C	358	207	2	0.3663716814159292
chr7:50400487:C>T	516	16	2	0.03007518796992481
chr8:109398459:G>A	96	43	2	0.30935251798561153
chr8:139618723:G>A	228	152	2	0.4
chr9:65676090:C>T	766	24	2	0.030379746835443037
chrX:100700926:C>G	202	10	1	0.04716981132075472
chrX:101356885:C>T	91	190	1	0.6761565836298933
