mutation_id	ref_counts	var_counts	total_cn	VAF
chr10:26273666:C>T	244	109	3	0.3087818696883853
chr10:62805763:C>G	656	37	3	0.05339105339105339
chr11:67628389:G>C	121	85	2	0.41262135922330095
chr11:92800760:T>A	166	134	2	0.44666666666666666
chr12:20680263:G>A	190	18	2	0.08653846153846154
chr12:66189309:A>C	165	99	2	0.375
chr15:88849613:C>A	257	216	2	0.45665961945031713
chr17:50677936:T>C	126	90	2	0.4166666666666667
chr18:50040242:C>G	508	22	3	0.04150943396226415
chr19:3759838:C>T	458	39	2	0.07847082494969819
chr19:45494682:G>A	474	35	2	0.068762278978389
chr19:46756057:C>T	302	254	2	0.4568345323741007
chr2:170717071:G>A	444	42	2	0.08641975308641975
chr2:209817864:G>C	303	40	2	0.11661807580174927
chr2:227995561:C>T	214	128	2	0.3742690058479532
chr22:17121093:G>A	417	32	2	0.07126948775055679
chr22:25032636:A>C	162	19	2	0.10497237569060773
chr3:47847312:G>A	301	22	2	0.06811145510835913
chr3:47848211:G>C	190	22	2	0.10377358490566038
chr3:57633349:->ACGAGG	100	58	2	0.3670886075949367
chr3:130477107:G>A	55	15	2	0.21428571428571427
chr3:193327048:G>A	99	90	2	0.47619047619047616
chr4:109766739:C>G	378	22	2	0.055
chr4:125463581:C>T	364	19	2	0.04960835509138381
chr5:139623412:G>C	252	25	2	0.09025270758122744
chr6:10402593:C>G	282	14	3	0.0472972972972973
chr6:113956678:T>C	259	99	3	0.276536312849162
chr7:12370862:G>C	198	12	2	0.05714285714285714
chr7:142797120:C>-	32	125	2	0.7961783439490446
chr9:130626499:G>A	214	22	2	0.09322033898305085
