mutation_id	ref_counts	var_counts	total_cn	VAF
chr1:114713907:T>G	294	137	2	0.31786542923433875
chr15:89625426:G>A	366	219	2	0.37435897435897436
chr16:4272735:G>T	222	130	2	0.3693181818181818
chr17:7429230:G>A	382	157	3	0.2912801484230056
chr4:1655443:G>A	736	255	3	0.25731584258324924
chr5:140850217:C>T	553	341	2	0.3814317673378076
chr7:28507634:C>T	228	122	2	0.3485714285714286
chr8:143869123:C>T	439	274	2	0.38429172510518933
chr9:137437183:G>A	366	60	2	0.14084507042253522
