mutation_id	ref_counts	var_counts	total_cn	VAF
chr1:208096765:C>T	198	185	3	0.4830287206266319
chr11:56105793:T>A	184	21	2	0.1024390243902439
chr12:25225713:T>A	310	27	2	0.08011869436201781
chr13:28018496:->CGGCCC	118	33	2	0.2185430463576159
chr14:22105750:C>T	354	132	3	0.2716049382716049
chr14:93947416:C>A	634	151	3	0.19235668789808918
chr16:3736202:T>A	210	10	2	0.045454545454545456
chr16:3736783:G>C	188	71	2	0.27413127413127414
chr16:78432622:G>A	260	113	2	0.30294906166219837
chr18:76984888:C>T	263	27	2	0.09310344827586207
chr2:10603124:C>T	292	28	2	0.0875
chr2:241441504:C>T	396	36	2	0.08333333333333333
chr21:44457002:C>T	748	142	4	0.15955056179775282
chr3:19896810:C>T	236	21	2	0.08171206225680934
chr3:73384316:G>A	239	101	2	0.29705882352941176
chr3:139020338:G>T	294	32	2	0.09815950920245399
chr4:67859666:T>C	158	83	3	0.34439834024896265
chr4:99654159:C>T	349	70	3	0.16706443914081145
chr5:168529625:G>T	14	4	2	0.2222222222222222
chr6:27867466:T>A	546	42	3	0.07142857142857142
chr6:31582311:->CT	553	144	3	0.2065997130559541
chr6:128397682:C>T	232	62	3	0.2108843537414966
chr6:160606531:C>T	285	50	3	0.14925373134328357
chr9:2717832:C>T	317	38	2	0.10704225352112676
chrX:27747180:G>T	354	41	2	0.10379746835443038
chrX:27821353:G>A	407	28	2	0.06436781609195402
