mutation_id	ref_counts	var_counts	total_cn	VAF
chr1:202013943:G>A	203	165	2	0.4483695652173913
chr1:228308304:->TCC	194	159	2	0.45042492917847027
chr10:71362395:G>C	238	176	2	0.4251207729468599
chr10:97679803:C>T	304	283	2	0.48211243611584326
chr11:108257535:G>A	99	51	2	0.34
chr12:32720759:G>C	4	36	1	0.9
chr12:81299366:C>A	134	81	2	0.3767441860465116
chr13:23338474:G>C	472	15	2	0.030800821355236138
chr13:26682904:G>A	185	146	2	0.44108761329305135
chr14:105986816:G>A	48	6	0	0.1111111111111111
chr2:178718201:G>C	155	86	2	0.35684647302904565
chr20:10652230:G>T	104	79	2	0.43169398907103823
chr20:64098373:C>T	268	233	2	0.46506986027944114
chr21:32000738:G>C	155	128	2	0.45229681978798586
chr3:157460236:G>C	150	108	2	0.4186046511627907
chr5:75616875:G>C	49	22	2	0.30985915492957744
chr7:102196673:G>A	216	178	2	0.4517766497461929
chr7:128851583:G>A	139	111	2	0.444
chr8:123369063:C>T	71	68	2	0.4892086330935252
