mutation_id	ref_counts	var_counts	total_cn	VAF
chr1:210242275:C>T	147	51	2	0.25757575757575757
chr10:60074899:C>T	152	25	2	0.14124293785310735
chr12:25245350:C>T	145	23	2	0.13690476190476192
chr12:132664409:->CCCGG	276	23	2	0.07692307692307693
chr13:28018498:ATG>-	111	18	2	0.13953488372093023
chr16:3736747:G>A	136	118	2	0.4645669291338583
chr16:71069437:G>A	123	80	2	0.39408866995073893
chr2:219547775:G>A	196	167	2	0.46005509641873277
chr7:50400587:C>T	109	93	2	0.4603960396039604
chr8:98429180:G>A	171	73	3	0.29918032786885246
