mutation_id	ref_counts	var_counts	total_cn	VAF
chr1:114599314:G>A	253	74	2	0.22629969418960244
chr1:159193467:C>T	325	105	2	0.2441860465116279
chr12:11884540:C>T	448	80	4	0.15151515151515152
chr12:25245347:C>T	376	56	4	0.12962962962962962
chr12:48494932:G>A	339	89	4	0.20794392523364486
chr12:49038598:->TGGT	585	78	4	0.11764705882352941
chr12:104102140:T>A	230	54	4	0.19014084507042253
chr14:70167352:T>G	653	126	6	0.16174582798459564
chr16:30764287:G>A	411	109	2	0.20961538461538462
chr18:65880453:T>G	354	75	4	0.17482517482517482
chr19:49932747:C>A	434	116	2	0.2109090909090909
chr2:74674513:C>T	280	107	2	0.27648578811369506
chr2:165992387:C>T	297	82	2	0.21635883905013192
chr2:219563626:A>T	336	20	2	0.056179775280898875
chr3:122568707:AG>-	375	97	2	0.2055084745762712
chr4:184217753:G>A	488	108	4	0.18120805369127516
chr5:141330808:G>A	374	125	2	0.250501002004008
chr6:128005134:T>C	396	48	3	0.10810810810810811
chrX:73680994:C>T	85	32	3	0.27350427350427353
