mutation_id	ref_counts	var_counts	total_cn	VAF
chr1:113980565:C>T	207	122	2	0.3708206686930091
chr11:34995107:G>A	211	116	2	0.3547400611620795
chr11:62667034:A>G	161	91	2	0.3611111111111111
chr12:112489096:C>A	241	126	2	0.34332425068119893
chr12:117761035:C>T	238	43	2	0.15302491103202848
chr15:23440639:G>A	824	183	2	0.1817279046673287
chr16:879713:C>T	233	106	2	0.31268436578171094
chr16:89552995:G>A	154	96	2	0.384
chr17:50078834:C>T	177	78	2	0.3058823529411765
chr18:26546865:G>A	217	281	3	0.5642570281124498
chr18:58920174:G>A	405	157	3	0.2793594306049822
chr19:55182088:G>A	262	162	2	0.38207547169811323
chr2:26460941:C>T	246	184	2	0.42790697674418604
chr2:219640462:C>T	360	41	2	0.10224438902743142
chr3:134925873:C>T	169	108	2	0.3898916967509025
chr5:161686255:G>A	139	99	2	0.41596638655462187
chr6:150956021:C>T	397	90	3	0.18480492813141683
chr6:160043244:G>A	268	89	3	0.24929971988795518
chr8:27987552:C>T	222	268	3	0.5469387755102041
