mutation_id	ref_counts	var_counts	total_cn	VAF
chr11:5755413:C>T	402	93	2	0.18787878787878787
chr11:35619883:G>A	730	56	2	0.07124681933842239
chr14:102039499:A>G	419	51	2	0.10851063829787234
chr14:106675021:GCACAG>CC	42	19	1	0.3114754098360656
chr15:55641116:C>T	298	24	2	0.07453416149068323
chr15:56094115:G>A	472	42	2	0.08171206225680934
chr15:81362225:A>T	171	10	2	0.055248618784530384
chr16:3443136:->G	491	131	2	0.21061093247588425
chr18:11752495:G>A	418	91	2	0.1787819253438114
chr19:45761772:G>A	552	133	2	0.19416058394160585
chr2:69869807:T>C	623	33	2	0.05030487804878049
chr2:166042334:G>A	220	113	2	0.33933933933933935
chr2:225582107:G>A	689	43	2	0.05874316939890711
chr20:41454626:C>T	127	59	2	0.3172043010752688
chr3:120331227:G>C	241	74	2	0.23492063492063492
chr3:136152085:G>C	371	28	2	0.07017543859649122
chr5:1037985:C>T	606	181	2	0.22998729351969505
chr5:148203142:T>C	188	91	2	0.32616487455197135
chr6:110424892:T>C	144	82	2	0.36283185840707965
chr7:45686171:G>A	319	108	2	0.2529274004683841
chr8:108784411:G>A	394	99	2	0.20081135902636918
chrX:130015149:G>T	421	22	1	0.04966139954853273
chrX:130015150:G>A	416	24	1	0.05454545454545454
chrX:153944319:G>T	176	152	1	0.4634146341463415
