mutation_id	ref_counts	var_counts	total_cn	VAF
chr1:22601634:C>T	366	43	2	0.10513447432762836
chr1:223622815:T>C	159	139	2	0.4664429530201342
chr10:87232690:G>A	122	26	2	0.17567567567567569
chr11:61863736:CTT>-	277	38	2	0.12063492063492064
chr14:50770943:G>A	215	172	2	0.4444444444444444
chr16:24113056:G>C	189	66	2	0.25882352941176473
chr2:219420576:G>A	238	133	2	0.3584905660377358
chr20:32161356:C>A	147	47	2	0.2422680412371134
chr20:34098614:T>A	202	10	2	0.04716981132075472
chr3:38697972:T>C	376	31	2	0.07616707616707617
chr5:151473743:C>T	225	64	2	0.22145328719723184
chr8:143920370:G>A	446	73	2	0.14065510597302505
chr8:144807708:C>T	602	19	2	0.030595813204508857
