mutation_id	ref_counts	var_counts	total_cn	VAF
chr15:75650572:A>C	265	46	2	0.14790996784565916
chr16:28873769:A>G	390	270	2	0.4090909090909091
chr16:81999653:C>T	581	21	2	0.03488372093023256
chr18:7011329:G>A	266	167	2	0.3856812933025404
chr19:2997862:C>A	208	151	2	0.4206128133704735
chr19:55482431:C>T	687	95	2	0.12148337595907928
chr2:55922359:C>T	144	133	2	0.48014440433212996
chr2:233511782:G>C	200	135	2	0.40298507462686567
chr5:36049183:A>G	276	204	2	0.425
chr5:103881118:G>-	131	54	2	0.2918918918918919
chr6:38175151:T>C	280	62	2	0.18128654970760233
chr7:18793406:G>C	407	128	2	0.23925233644859814
chr7:102469020:G>A	388	290	2	0.4277286135693215
chr8:72936099:C>T	606	30	2	0.04716981132075472
