mutation_id	ref_counts	var_counts	total_cn	VAF
chr1:211479137:C>G	375	134	4	0.2632612966601179
chr12:80673277:T>G	236	9	4	0.036734693877551024
chr14:69054750:G>A	388	38	4	0.0892018779342723
chr15:43421989:A>T	260	106	3	0.2896174863387978
chr15:90934127:G>T	196	115	4	0.36977491961414793
chr19:47544591:G>A	412	47	4	0.10239651416122005
chr2:219532460:G>A	167	95	4	0.36259541984732824
chr4:68330217:T>A	166	9	4	0.05142857142857143
chr5:63960855:C>T	614	19	4	0.030015797788309637
