mutation_id	ref_counts	var_counts	total_cn	VAF
chr1:23971921:->AC	268	106	2	0.28342245989304815
chr1:153056647:G>A	420	225	2	0.3488372093023256
chr11:19234810:T>G	321	169	2	0.3448979591836735
chr12:18683304:A>G	182	137	2	0.42946708463949845
chr12:25245351:C>T	206	141	2	0.40634005763688763
chr12:125025058:G>A	390	296	2	0.4314868804664723
chr13:52474915:->TTCC	124	54	2	0.30337078651685395
chr15:61868712:C>A	251	148	2	0.37092731829573933
chr17:78803698:T>C	393	270	2	0.4072398190045249
chr2:65268595:G>A	184	133	2	0.4195583596214511
chr20:10663989:G>A	258	176	2	0.4055299539170507
chr22:24433550:C>T	414	330	2	0.4435483870967742
chr5:55269430:C>T	139	141	2	0.5035714285714286
chr6:129460215:C>T	138	99	2	0.4177215189873418
chr8:24956492:C>A	274	256	2	0.4830188679245283
chr9:14720209:C>T	85	459	2	0.84375
