mutation_id	ref_counts	var_counts	total_cn	VAF
chr1:52771514:G>T	169	87	2	0.33984375
chr1:155291881:C>A	276	197	2	0.4164904862579281
chr10:116561554:A>G	193	127	2	0.396875
chr11:831677:C>T	335	192	2	0.36432637571157495
chr11:130473070:C>T	137	85	2	0.38288288288288286
chr12:112489048:C>T	164	103	2	0.3857677902621723
chr13:23886405:G>A	241	160	2	0.39900249376558605
chr19:54163071:C>A	243	149	2	0.38010204081632654
chr2:29072888:G>C	211	114	2	0.3507692307692308
chr2:219540467:C>T	265	183	2	0.40848214285714285
chr3:47113875:C>G	117	80	2	0.40609137055837563
chr3:193442449:C>T	249	165	2	0.39855072463768115
chrX:18595379:->AAG	30	46	1	0.6052631578947368
