mutation_id	ref_counts	var_counts	total_cn	VAF
chr1:155187320:G>A	356	245	2	0.40765391014975044
chr10:96595624:T>C	228	139	2	0.3787465940054496
chr11:4367465:C>T	281	185	2	0.3969957081545064
chr11:48110067:G>A	234	159	2	0.40458015267175573
chr11:64242458:G>A	346	272	2	0.4401294498381877
chr11:108316013:T>C	58	154	1	0.7264150943396226
chr12:117220213:->A	401	234	2	0.36850393700787404
chr15:86269943:C>T	204	158	2	0.43646408839779005
chr17:78426983:C>T	253	193	2	0.4327354260089686
chr18:10672851:G>A	95	77	2	0.4476744186046512
chr19:5593971:G>A	366	267	2	0.4218009478672986
chr2:219637776:C>T	230	187	2	0.44844124700239807
chr22:22031442:ATTACTGTCAGACCTGGGGCACTGGCATTCACACAGTGA>TTAGGGG	80	64	2	0.4444444444444444
chr22:22343733:CCC>-	147	83	2	0.36086956521739133
chr5:141179812:T>G	1293	433	2	0.2508690614136732
chr6:131884940:G>A	165	45	1	0.21428571428571427
chr6:144437602:->GCG	35	102	1	0.7445255474452555
chr6:144437608:G>C	33	107	1	0.7642857142857142
chr7:81991237:C>T	83	34	2	0.2905982905982906
