mutation_id	ref_counts	var_counts	total_cn	VAF
chr11:45650023:G>A	472	19	2	0.038696537678207736
chr11:47359973:->GCCCC	448	62	2	0.12156862745098039
chr14:100381592:C>T	212	155	2	0.4223433242506812
chr16:2085268:G>A	266	90	2	0.25280898876404495
chr16:3757928:C>T	402	30	2	0.06944444444444445
chr17:65056579:C>T	158	138	2	0.46621621621621623
chr19:8335029:G>A	342	268	2	0.43934426229508194
chr19:48640210:A>G	193	141	2	0.4221556886227545
chr8:27658930:G>A	209	162	2	0.4366576819407008
