mutation_id	ref_counts	var_counts	total_cn	VAF
chr1:46533369:G>A	900	63	2	0.06542056074766354
chr12:20650487:C>T	256	54	2	0.17419354838709677
chr13:25551463:C>A	279	108	2	0.27906976744186046
chr17:41612240:C>T	484	105	2	0.17826825127334464
chr19:3730559:C>T	539	30	2	0.05272407732864675
chr2:160126486:G>A	378	83	2	0.18004338394793926
chr2:185800941:G>C	218	60	2	0.2158273381294964
chr2:240875974:G>A	590	26	2	0.04220779220779221
chr2:240966229:C>T	518	17	2	0.03177570093457944
chr3:44243542:G>C	333	20	2	0.056657223796033995
chr3:107773003:->TGGCCCCT	276	36	2	0.11538461538461539
chr3:148741445:G>A	392	71	2	0.15334773218142547
chr4:127896814:C>T	263	12	2	0.04363636363636364
chr6:10801909:G>A	173	84	2	0.32684824902723736
chr6:33293067:G>A	454	170	2	0.2724358974358974
chr7:7243617:C>T	492	20	2	0.0390625
chr7:78132969:C>G	787	38	2	0.04606060606060606
chr8:112650221:C>T	322	22	2	0.06395348837209303
chr9:2718711:G>A	537	17	2	0.030685920577617327
chr9:133390788:C>T	317	21	2	0.0621301775147929
chrX:123394971:T>C	354	15	3	0.04065040650406504
chrX:139562029:C>T	526	16	3	0.02952029520295203
