mutation_id	ref_counts	var_counts	total_cn	VAF
chr14:62069690:G>T	265	87	2	0.2471590909090909
chr14:106714682:TCT>GAACCAAGGCGCTTGCGG	132	42	2	0.2413793103448276
chr17:39183778:G>A	401	73	2	0.1540084388185654
chr18:46450730:G>T	296	38	2	0.11377245508982035
chr19:56088354:C>T	295	19	2	0.06050955414012739
