mutation_id	ref_counts	var_counts	total_cn	VAF
chr1:67093243:G>T	170	145	2	0.4603174603174603
chr1:94177923:T>G	230	186	2	0.44711538461538464
chr1:100351796:A>C	482	29	2	0.05675146771037182
chr11:30012033:G>A	363	94	2	0.20568927789934355
chr13:28035621:C>A	346	44	2	0.11282051282051282
chr13:38690958:G>T	239	182	2	0.4323040380047506
chr18:50238671:A>C	198	131	2	0.3981762917933131
chr19:31277732:C>T	758	57	2	0.06993865030674846
chr19:40560208:G>T	287	268	2	0.4828828828828829
chr19:49032506:G>A	400	54	2	0.11894273127753303
chr22:24868435:C>T	880	43	2	0.04658721560130011
chr3:169381247:C>T	285	186	2	0.39490445859872614
chr6:136151230:T>C	206	176	2	0.4607329842931937
chr7:50391799:->TG	302	175	2	0.3668763102725367
chr7:158773367:C>T	304	259	2	0.46003552397868563
chr8:127738435:C>A	443	383	2	0.463680387409201
