mutation_id	ref_counts	var_counts	total_cn	VAF
chr1:39569619:G>A	194	103	2	0.3468013468013468
chr1:150986397:G>T	175	97	2	0.35661764705882354
chr11:27657939:C>T	351	45	2	0.11363636363636363
chr11:55994326:C>A	256	29	2	0.10175438596491228
chr11:74921238:G>A	194	102	2	0.34459459459459457
chr14:58138431:A>G	182	113	2	0.38305084745762713
chr14:106578742:TGTCTCGCAC>CCGGGTG	172	71	2	0.29218106995884774
chr14:106627248:->CCTTCCC	58	14	2	0.19444444444444445
chr14:106639118:->CCTTCCC	124	28	1	0.18421052631578946
chr15:41696705:ACTCGACGATTCA>TCGGGG	237	79	2	0.25
chr16:27501339:T>C	212	25	2	0.10548523206751055
chr19:34495720:C>A	334	31	2	0.08493150684931507
chr2:90100738:T>CCGGGC	144	61	3	0.2975609756097561
chr2:131263515:A>G	336	12	2	0.034482758620689655
chr2:237342135:C>T	200	98	2	0.3288590604026846
chr7:117427447:G>A	211	132	2	0.3848396501457726
chr8:30812413:G>T	264	157	2	0.37292161520190026
chrX:108169606:C>T	41	88	1	0.6821705426356589
