mutation_id	ref_counts	var_counts	total_cn	VAF
chr1:34904461:G>A	300	104	2	0.25742574257425743
chr1:153070660:G>A	276	148	2	0.3490566037735849
chr1:159934569:G>A	221	98	2	0.3072100313479624
chr10:71812838:->AG	344	58	3	0.14427860696517414
chr11:18744186:C>T	162	25	2	0.13368983957219252
chr11:65868313:T>C	138	98	1	0.4152542372881356
chr11:124543040:G>A	229	126	2	0.35492957746478876
chr12:25245347:C>T	240	64	2	0.21052631578947367
chr12:112450395:C>T	377	45	2	0.1066350710900474
chr14:21092053:G>A	582	138	3	0.19166666666666668
chr14:69797138:C>T	234	81	4	0.2571428571428571
chr2:201537459:C>T	148	54	2	0.26732673267326734
chr20:32435501:G>A	238	145	2	0.3785900783289817
chr4:2337433:G>A	315	189	5	0.375
chr7:93133909:T>A	181	86	2	0.32209737827715357
chr9:81991824:C>T	425	50	2	0.10526315789473684
chrX:124523421:C>T	198	152	2	0.4342857142857143
