mutation_id	ref_counts	var_counts	total_cn	VAF
chr1:2406810:A>G	762	149	2	0.16355653128430298
chr1:24082148:G>A	364	229	2	0.38617200674536256
chr1:84570632:G>A	171	93	2	0.3522727272727273
chr1:173530006:G>A	174	98	2	0.3602941176470588
chr10:25952222:G>A	88	69	2	0.4394904458598726
chr11:281599:T>G	352	314	2	0.47147147147147145
chr11:35663252:G>-	367	272	2	0.42566510172143973
chr12:5732873:C>T	295	242	2	0.4506517690875233
chr12:52591593:C>T	258	212	2	0.451063829787234
chr14:70733186:G>A	630	114	2	0.1532258064516129
chr14:78243455:C>T	588	115	2	0.16358463726884778
chr17:64064000:T>A	195	180	2	0.48
chr19:55614015:C>-	719	424	2	0.37095363079615046
chr22:22031468:ATTCACACA>TCGGAGGGG	20	97	2	0.8290598290598291
chr4:7434684:C>T	402	309	2	0.4345991561181435
chr5:134138089:CCCCAACTCTCTCTCTACGAACATTTCA>G	415	168	2	0.2881646655231561
chr5:140802649:G>A	970	136	2	0.12296564195298372
chr7:151066599:C>T	523	440	2	0.4569055036344756
chr8:13499369:G>A	293	54	2	0.15561959654178675
chr8:25336364:T>C	152	123	2	0.44727272727272727
chr8:143378342:G>A	550	50	2	0.08333333333333333
chrX:29283203:C>T	33	186	1	0.8493150684931506
