mutation_id	ref_counts	var_counts	total_cn	VAF
chr14:106657725:TCTCGCACAGTAA>CGAGG	62	14	1	0.18421052631578946
chr17:40352070:G>A	146	35	2	0.19337016574585636
chr19:46003105:G>A	411	85	2	0.17137096774193547
chr4:150908843:G>A	173	30	2	0.1477832512315271
chr8:7450719:C>A	684	33	2	0.04602510460251046
