mutation_id	ref_counts	var_counts	total_cn	VAF
chr11:1247437:C>T	472	272	2	0.3655913978494624
chr20:3270486:G>A	528	18	2	0.03296703296703297
chr3:328312:C>G	301	63	2	0.17307692307692307
chr7:98925235:G>A	253	143	2	0.3611111111111111
chr7:139139931:A>T	194	85	2	0.3046594982078853
chr8:72936021:C>T	283	144	2	0.3372365339578454
