mutation_id	ref_counts	var_counts	total_cn	VAF
chr17:9728449:C>A	414	17	2	0.03944315545243619
chr22:36306570:C>A	519	29	2	0.05291970802919708
chr6:28086291:C>T	354	26	2	0.06842105263157895
chr7:53035982:G>C	527	72	2	0.12020033388981637
chr8:52656459:C>A	121	15	2	0.11029411764705882
chrX:45069608:G>A	134	140	2	0.5109489051094891
