mutation_id	ref_counts	var_counts	total_cn	VAF
chr1:114716123:C>T	187	112	2	0.3745819397993311
chr10:48726016:G>A	207	255	3	0.551948051948052
chr11:62839197:->GC	227	126	2	0.35694050991501414
chr16:766177:C>T	225	162	2	0.4186046511627907
chr16:3731260:G>A	280	183	2	0.3952483801295896
chr2:74505593:G>A	139	94	2	0.4034334763948498
chr20:51004387:G>A	215	178	2	0.4529262086513995
chr5:16179494:G>C	179	92	2	0.33948339483394835
chr6:116765408:G>T	296	112	3	0.27450980392156865
chr7:123169164:G>A	131	69	2	0.345
chrX:8533035:C>T	148	96	2	0.39344262295081966
