mutation_id	ref_counts	var_counts	total_cn	VAF
chr10:91630591:G>A	348	36	2	0.09375
chr10:133197091:G>C	494	30	2	0.05725190839694656
chr12:6587505:G>A	471	15	2	0.030864197530864196
chr2:96124070:G>A	438	41	2	0.08559498956158663
chr3:126157461:G>A	440	42	2	0.08713692946058091
chr5:23522870:T>A	290	16	2	0.05228758169934641
chr6:43299467:T>A	293	22	2	0.06984126984126984
