mutation_id	ref_counts	var_counts	total_cn	VAF
chr1:147908474:C>T	323	153	2	0.32142857142857145
chr1:176594656:C>G	269	138	2	0.33906633906633904
chr10:100176031:T>G	145	80	2	0.35555555555555557
chr12:25245350:C>A	330	33	2	0.09090909090909091
chr19:1108340:C>T	355	40	2	0.10126582278481013
chr6:31116331:G>A	584	233	2	0.28518971848225216
chr9:106926811:C>A	314	109	3	0.2576832151300236
