mutation_id	ref_counts	var_counts	total_cn	VAF
chr1:153679699:C>G	369	38	2	0.09336609336609336
chr10:104454506:C>G	253	28	2	0.099644128113879
chr12:57183831:C>T	212	183	2	0.46329113924050636
chr13:37577791:C>T	98	77	2	0.44
chr13:38687525:G>A	396	274	2	0.408955223880597
chr14:94088300:G>C	324	12	2	0.03571428571428571
chr14:106714671:TTCACACTGTGTCTCTCGCACAGTAATACACGGCCG>-	26	6	2	0.1875
chr15:40873498:C>T	98	80	2	0.449438202247191
chr15:50958786:G>C	191	7	2	0.03535353535353535
chr16:3404492:G>A	372	13	2	0.033766233766233764
chr16:23705084:G>A	241	165	2	0.4064039408866995
chr16:70571151:C>T	388	12	2	0.03
chr17:65153436:G>A	249	26	2	0.09454545454545454
chr17:74695134:C>T	338	18	2	0.05056179775280899
chr19:10554182:C>G	398	14	2	0.03398058252427184
chr19:36102781:G>A	305	41	2	0.11849710982658959
chr19:37476002:C>G	95	17	2	0.15178571428571427
chr19:43873301:C>G	272	17	2	0.058823529411764705
chr19:50402710:C>G	414	12	2	0.028169014084507043
chr19:57547907:G>A	340	34	2	0.09090909090909091
chr5:151342920:G>A	134	101	2	0.4297872340425532
chr7:157621468:C>G	319	34	2	0.09631728045325778
chr8:50792801:C>A	144	97	2	0.4024896265560166
chr9:81993327:C>G	322	14	2	0.041666666666666664
chrX:48791970:C>G	682	17	2	0.024320457796852647
chrX:116436726:G>A	191	147	2	0.4349112426035503
