mutation_id	ref_counts	var_counts	total_cn	VAF
chr1:24514445:G>A	352	76	2	0.17757009345794392
chr1:98698834:C>T	265	61	2	0.18711656441717792
chr1:108898077:->CCCC	271	36	2	0.11726384364820847
chr1:190098838:T>C	364	22	2	0.05699481865284974
chr10:1015783:C>T	209	135	2	0.39244186046511625
chr10:70752197:G>A	364	62	2	0.14553990610328638
chr12:7487963:T>C	213	54	1	0.20224719101123595
chr12:38767701:T>C	338	18	2	0.05056179775280899
chr12:101697924:G>C	524	66	2	0.11186440677966102
chr13:113735282:C>T	327	26	1	0.07365439093484419
chr15:62762399:C>A	332	51	2	0.13315926892950392
chr15:62781193:G>A	339	89	2	0.20794392523364486
chr17:3876290:G>A	336	43	2	0.11345646437994723
chr19:7626218:C>T	347	48	2	0.12151898734177215
chr19:32353601:T>C	359	48	2	0.11793611793611794
chr19:45872856:C>T	540	48	2	0.08163265306122448
chr2:178608674:C>G	321	74	2	0.18734177215189873
chr2:196001858:C>A	246	15	2	0.05747126436781609
chr2:199760826:C>T	342	12	2	0.03389830508474576
chr3:97873973:G>A	295	81	2	0.2154255319148936
chr4:105823262:T>G	346	17	2	0.046831955922865015
chr5:65785779:A>G	176	101	2	0.36462093862815886
chr5:73753029:G>A	368	106	2	0.22362869198312235
chr5:137892490:G>A	219	12	2	0.05194805194805195
chr6:75115829:G>A	360	39	2	0.09774436090225563
chr7:78501644:C>A	392	108	2	0.216
chr8:138679633:C>A	323	222	2	0.4073394495412844
chr9:104605344:G>A	455	60	2	0.11650485436893204
chrX:111401227:C>A	656	35	2	0.05065123010130246
