mutation_id	ref_counts	var_counts	total_cn	VAF
chr1:37880143:C>T	312	43	2	0.12112676056338029
chr1:70038682:G>A	266	18	2	0.06338028169014084
chr1:149910910:C>A	543	34	2	0.058925476603119586
chr1:152351723:C>G	362	12	2	0.03208556149732621
chr10:32293158:C>G	134	10	2	0.06944444444444445
chr11:6027345:G>C	326	21	2	0.06051873198847262
chr12:122279051:C>T	256	24	2	0.08571428571428572
chr13:49482806:C>G	44	15	2	0.2542372881355932
chr13:79366854:C>G	207	35	2	0.1446280991735537
chr13:102742500:G>C	191	46	2	0.1940928270042194
chr14:18601827:G>C	756	28	2	0.03571428571428571
chr15:99105577:G>A	624	47	2	0.07004470938897168
chr19:813697:TCT>-	486	128	2	0.20846905537459284
chr19:5720055:G>T	638	72	2	0.10140845070422536
chr19:7478325:C>T	337	126	2	0.27213822894168466
chr19:15644006:C>T	300	128	2	0.29906542056074764
chr20:35303945:TCG>-	244	50	2	0.17006802721088435
chr21:28936539:C>A	262	35	3	0.11784511784511785
chr22:41150098:C>T	601	36	2	0.0565149136577708
chr3:40532178:C>T	240	27	2	0.10112359550561797
chr4:23814441:C>G	298	79	2	0.20954907161803712
chr4:41619198:C>T	190	51	2	0.21161825726141079
chr4:121804717:C>T	216	59	2	0.21454545454545454
chr4:122274342:G>C	108	26	2	0.19402985074626866
chr5:149830869:C>T	188	71	2	0.27413127413127414
chr6:46883610:C>T	284	33	2	0.10410094637223975
chrX:12921564:G>T	358	35	2	0.089058524173028
chrX:102602916:C>T	561	40	2	0.06655574043261231
