mutation_id	ref_counts	var_counts	total_cn	VAF
chr1:114716123:C>T	175	87	4	0.3320610687022901
chr1:160748498:C>T	175	66	5	0.27385892116182575
chr10:99387858:C>G	340	117	7	0.25601750547045954
chr10:120575271:C>T	556	37	7	0.06239460370994941
chr11:67279229:->ACC	287	53	4	0.15588235294117647
chr11:82733397:C>T	430	53	4	0.10973084886128365
chr3:45595565:->CCAAC	266	113	4	0.29815303430079154
chr5:133968538:->TGTCCCC	433	67	4	0.134
chr5:133975966:C>G	336	51	4	0.13178294573643412
chr7:56116221:G>A	283	113	4	0.28535353535353536
chrX:26139340:C>T	268	67	5	0.2
chrX:31496909:C>T	193	149	5	0.43567251461988304
