mutation_id	ref_counts	var_counts	total_cn	VAF
chr1:13893723:G>A	177	63	2	0.2625
chr1:114713907:T>G	243	39	2	0.13829787234042554
chr11:72758607:G>A	137	48	2	0.2594594594594595
chr12:25245350:C>T	243	68	2	0.21864951768488747
chr8:22585355:G>A	392	157	3	0.2859744990892532
chr8:76855832:C>T	308	133	3	0.30158730158730157
chr8:118111592:C>T	290	164	3	0.36123348017621143
chrX:93672113:C>T	304	41	2	0.11884057971014493
