mutation_id	ref_counts	var_counts	total_cn	VAF
chr1:228282103:C>T	426	32	2	0.06986899563318777
chr12:76031136:T>C	364	46	2	0.11219512195121951
chr12:111447762:T>A	246	147	2	0.37404580152671757
chr14:23347204:C>T	208	54	3	0.20610687022900764
chr14:81396128:C>T	340	89	3	0.20745920745920746
chr17:3514599:G>A	148	71	2	0.3242009132420091
chr17:42207711:T>G	290	26	2	0.08227848101265822
chr2:219570364:C>T	719	21	2	0.02837837837837838
chr3:73383751:G>A	530	21	2	0.038112522686025406
chr5:157488317:C>A	403	17	2	0.04047619047619048
chr7:50400587:C>T	264	56	2	0.175
chr7:98988769:G>A	148	31	2	0.17318435754189945
chr9:70413178:G>C	356	96	2	0.21238938053097345
chrX:50638263:C>T	358	17	2	0.04533333333333334
chrX:54814751:G>T	201	27	2	0.11842105263157894
chrX:126819862:G>T	207	53	2	0.20384615384615384
chrX:129489025:C>T	342	36	2	0.09523809523809523
