mutation_id	ref_counts	var_counts	total_cn	VAF
chr1:64142527:C>T	495	60	2	0.10810810810810811
chr1:109269121:G>A	338	36	2	0.0962566844919786
chr1:241769437:T>G	292	42	2	0.12574850299401197
chr10:32711695:A>G	187	26	2	0.12206572769953052
chr11:60767593:C>T	541	65	2	0.10726072607260725
chr11:83930412:G>T	286	33	2	0.10344827586206896
chr11:103204825:T>A	116	26	2	0.18309859154929578
chr11:111875469:G>C	294	73	2	0.1989100817438692
chr11:111875825:G>C	291	78	2	0.21138211382113822
chr12:49336456:C>T	421	82	2	0.16302186878727634
chr12:52451569:G>C	482	63	2	0.11559633027522936
chr12:132140862:G>A	330	50	2	0.13157894736842105
chr13:113539406:G>C	397	87	2	0.1797520661157025
chr15:71811515:G>A	398	44	2	0.09954751131221719
chr15:72563419:C>T	280	26	2	0.08496732026143791
chr16:67611181:C>T	276	85	2	0.23545706371191136
chr17:20866620:G>A	390	143	2	0.2682926829268293
chr17:32778567:C>A	208	56	2	0.21212121212121213
chr17:37097138:G>A	521	18	2	0.03339517625231911
chr18:47035213:G>A	353	114	2	0.24411134903640258
chr18:61816441:G>C	190	47	2	0.19831223628691982
chr19:7126616:G>A	220	38	2	0.14728682170542637
chr19:20949127:G>A	475	17	2	0.034552845528455285
chr19:48414400:C>T	311	90	2	0.22443890274314215
chr2:178552374:C>G	374	34	2	0.08333333333333333
chr2:233760912:C>T	348	118	2	0.2532188841201717
chr21:46401619:A>C	800	42	5	0.0498812351543943
chr3:1329801:C>T	206	26	2	0.11206896551724138
chr3:74334835:A>T	361	44	2	0.10864197530864197
chr3:102477474:C>T	236	80	2	0.25316455696202533
chr3:131699969:C>T	205	34	2	0.14225941422594143
chr3:194431193:C>G	268	32	2	0.10666666666666667
chr4:169992096:C>T	253	83	2	0.24702380952380953
chr5:33937276:C>T	447	138	2	0.2358974358974359
chr7:100819814:->G	342	96	2	0.2191780821917808
chr7:118234854:G>A	262	24	2	0.08391608391608392
chr8:42187502:G>A	393	135	2	0.2556818181818182
chr8:143249920:G>C	214	78	2	0.2671232876712329
chr9:214718:C>G	708	95	2	0.11830635118306351
chr9:14088297:A>G	129	53	2	0.29120879120879123
chr9:91731066:G>T	345	121	2	0.259656652360515
chr9:129005458:C>G	354	97	2	0.21507760532150777
chr9:136508981:G>A	464	53	2	0.10251450676982592
chrX:55007025:C>G	776	30	2	0.03722084367245657
