mutation_id	ref_counts	var_counts	total_cn	VAF
chr1:18854909:G>A	257	106	2	0.29201101928374656
chr11:26599702:G>A	139	92	2	0.39826839826839827
chr11:46378489:G>A	346	14	2	0.03888888888888889
chr11:56122604:G>A	332	96	2	0.22429906542056074
chr11:124921303:C>A	864	24	2	0.02702702702702703
chr14:106627248:->TCTCTCCA	136	28	2	0.17073170731707318
chr15:26883503:C>T	203	156	2	0.43454038997214484
chr2:74534645:C>A	232	151	2	0.39425587467362927
chr2:144389881:T>C	494	30	2	0.05725190839694656
chr2:169320863:C>T	187	113	2	0.37666666666666665
chr3:10142105:C>T	374	281	2	0.42900763358778626
chr3:48641917:G>A	424	58	2	0.12033195020746888
chr4:48565648:G>C	226	162	2	0.4175257731958763
chr4:48565650:G>A	220	158	2	0.41798941798941797
chr4:140559982:A>C	198	142	2	0.4176470588235294
chr7:152183078:G>A	197	143	2	0.42058823529411765
chr9:74755418:T>C	243	63	2	0.20588235294117646
chrX:125320503:G>A	18	197	1	0.9162790697674419
