mutation_id	ref_counts	var_counts	total_cn	VAF
chr1:9726972:G>A	330	59	2	0.15167095115681234
chr1:11835993:C>T	313	65	2	0.17195767195767195
chr11:56136996:G>A	129	51	2	0.2833333333333333
chr12:52591490:C>T	172	74	2	0.3008130081300813
chr15:34356789:A>T	343	105	2	0.234375
chr15:34356918:G>T	191	123	2	0.39171974522292996
chr15:48220639:G>A	195	12	2	0.057971014492753624
chr19:42042637:C>T	428	159	2	0.2708688245315162
chr21:39462415:C>G	166	50	2	0.23148148148148148
chr4:124670082:T>C	338	20	2	0.055865921787709494
chr6:46143471:A>-	284	93	2	0.246684350132626
chr8:116847640:G>A	183	73	2	0.28515625
chr9:136497418:G>A	664	191	2	0.22339181286549709
chrX:27822285:C>T	300	19	1	0.05956112852664577
