mutation_id	ref_counts	var_counts	total_cn	VAF
chr1:3402822:C>T	190	151	2	0.44281524926686217
chr1:156984426:G>A	164	82	2	0.3333333333333333
chr10:48479639:C>T	609	46	2	0.07022900763358779
chr11:101944281:C>T	76	37	2	0.3274336283185841
chr12:6831834:C>T	156	80	2	0.3389830508474576
chr18:58517089:G>A	392	153	2	0.28073394495412846
chr19:8962887:C>A	237	221	2	0.48253275109170307
chr19:48757004:G>A	335	73	2	0.17892156862745098
chr2:88860921:->GCGCTCAG	210	94	1	0.3092105263157895
chr2:90100737:CTCCCACAGTGTT>GG	35	38	2	0.5205479452054794
chr2:223777738:C>T	192	159	2	0.452991452991453
chr20:38324026:A>T	126	103	2	0.4497816593886463
chr5:13850715:G>A	206	154	2	0.42777777777777776
chrX:108620324:C>T	479	69	2	0.1259124087591241
chrX:119087812:C>T	247	188	2	0.432183908045977
