mutation_id	ref_counts	var_counts	total_cn	VAF
chr1:53594648:G>A	310	109	2	0.26014319809069214
chr1:156672696:C>A	252	201	3	0.44370860927152317
chr11:124382417:C>T	107	35	2	0.24647887323943662
chr12:112488454:G>C	184	53	2	0.22362869198312235
chr12:117278072:C>T	148	87	2	0.3702127659574468
chr19:6166000:G>T	170	13	2	0.07103825136612021
chr4:95219179:T>C	347	78	3	0.18352941176470589
chr6:38577631:G>T	212	70	3	0.24822695035460993
chr6:159232557:G>A	512	188	3	0.26857142857142857
chrX:153421235:CCGCGGCGAGAAGCCCTACG>-	313	113	2	0.2652582159624413
