mutation_id	ref_counts	var_counts	total_cn	VAF
chr1:26697510:->G	444	184	2	0.2929936305732484
chr1:111982294:C>T	520	50	2	0.08771929824561403
chr10:71777743:C>T	256	175	2	0.4060324825986079
chr11:111354540:->G	340	188	2	0.3560606060606061
chr14:75771786:C>T	272	160	2	0.37037037037037035
chr15:77615188:C>T	293	181	2	0.3818565400843882
chr17:1771109:T>C	258	165	2	0.3900709219858156
chr22:32084586:C>T	388	52	2	0.11818181818181818
chr22:41176991:->A	390	48	2	0.1095890410958904
chr3:44242360:G>A	311	160	2	0.33970276008492567
chr5:840368:G>T	387	118	2	0.23366336633663368
chr6:26204915:C>T	203	135	2	0.3994082840236686
chr8:22025460:G>A	437	42	2	0.08768267223382047
chr8:58146353:C>T	350	195	2	0.3577981651376147
