mutation_id	ref_counts	var_counts	total_cn	VAF
chr1:207697548:->GGACAAGGACA	243	144	2	0.37209302325581395
chr12:98829203:G>A	108	69	2	0.3898305084745763
chr13:113322346:G>A	371	266	2	0.4175824175824176
chr15:41457834:->ATTTCC	165	92	2	0.35797665369649806
chr19:2408440:G>A	533	346	2	0.39362912400455063
chr19:12581156:C>T	146	81	2	0.3568281938325991
chr19:49700706:C>T	346	272	2	0.4401294498381877
chr2:90173412:TC>-	64	84	2	0.5675675675675675
chr2:209922363:G>A	231	130	2	0.3601108033240997
chr3:177051507:->TA	188	93	2	0.3309608540925267
chr5:141925500:G>A	199	121	2	0.378125
chr8:30847069:G>A	7	12	2	0.631578947368421
chr8:81679184:T>C	80	86	2	0.5180722891566265
chr8:143706738:C>T	518	342	2	0.39767441860465114
chrX:154766397:G>A	230	161	2	0.4117647058823529
