mutation_id	ref_counts	var_counts	total_cn	VAF
chr1:240093048:G>A	617	80	2	0.11477761836441894
chr10:95247279:A>C	608	45	3	0.06891271056661562
chr11:128970992:C>T	644	47	3	0.06801736613603473
chr12:82857307:C>G	176	176	2	0.5
chr16:69336591:G>A	218	133	2	0.3789173789173789
chr17:16382578:G>A	145	89	2	0.3803418803418803
chr19:4930869:T>A	154	100	2	0.3937007874015748
chr19:58396737:C>T	410	57	2	0.12205567451820129
chr3:77635022:C>T	135	102	2	0.43037974683544306
chr4:154797868:G>A	273	94	3	0.2561307901907357
chr4:186621591:C>T	449	34	3	0.07039337474120083
chr5:177604304:G>A	464	48	2	0.09375
chr7:64068967:G>A	212	156	2	0.42391304347826086
chr8:43193819:C>T	250	138	2	0.3556701030927835
chrX:8554036:G>A	496	158	3	0.2415902140672783
chrX:154030381:C>G	624	56	3	0.08235294117647059
