mutation_id	ref_counts	var_counts	total_cn	VAF
chr10:79940780:A>G	185	46	2	0.19913419913419914
chr11:2643556:C>T	93	24	2	0.20512820512820512
chr11:71110012:C>T	126	91	2	0.41935483870967744
chr13:109783848:A>T	470	302	2	0.3911917098445596
chr20:5922607:C>T	229	157	2	0.4067357512953368
chr8:431412:A>G	18	3	2	0.14285714285714285
chr8:14108199:G>A	175	106	2	0.37722419928825623
chr9:5078360:A>G	129	64	2	0.3316062176165803
chr9:17394596:G>A	24	15	2	0.38461538461538464
