mutation_id	ref_counts	var_counts	total_cn	VAF
chr1:23798628:C>T	119	89	2	0.42788461538461536
chr10:283411:A>T	167	142	2	0.459546925566343
chr10:21556823:C>T	210	187	2	0.47103274559193953
chr15:30925218:A>-	232	151	2	0.39425587467362927
chr15:33867715:G>A	386	22	2	0.05392156862745098
chr18:59338805:C>T	158	170	2	0.5182926829268293
chr2:27375656:C>T	168	166	2	0.49700598802395207
chr2:89176355:AT>GGAG	13	18	0	0.5806451612903226
chr3:47106061:C>T	136	141	2	0.5090252707581228
chr4:13627510:C>T	274	9	2	0.03180212014134275
chr4:176131597:A>-	259	98	2	0.27450980392156865
chr5:122152182:G>T	162	147	2	0.47572815533980584
chr5:147509787:G>A	224	249	2	0.5264270613107822
chr6:76011184:A>T	66	48	2	0.42105263157894735
chr8:72936804:C>T	155	151	2	0.4934640522875817
chr8:102551814:C>T	13	258	2	0.9520295202952029
chr8:127739019:G>A	3	319	2	0.9906832298136646
chrX:11664822:C>T	181	136	2	0.42902208201892744
