mutation_id	ref_counts	var_counts	total_cn	VAF
chr1:52413921:C>A	320	80	2	0.2
chr10:131093317:T>C	137	88	2	0.39111111111111113
chr14:50338993:G>A	191	32	2	0.14349775784753363
chr4:3439679:G>A	344	75	2	0.17899761336515513
chr5:45262489:G>A	284	265	2	0.48269581056466304
chr5:150297548:C>T	466	113	2	0.19516407599309155
chr7:140479281:T>G	566	158	2	0.21823204419889503
chr8:132184274:G>T	174	153	2	0.46788990825688076
chr9:5078360:A>G	142	35	2	0.1977401129943503
chr9:128720233:G>A	301	221	2	0.42337164750957856
chrX:66198884:G>C	159	104	2	0.39543726235741444
