mutation_id	ref_counts	var_counts	total_cn	VAF
chr10:17827646:G>A	260	160	2	0.38095238095238093
chr13:113089618:G>A	166	96	2	0.366412213740458
chr14:91309915:C>G	183	133	2	0.4208860759493671
chr16:57911790:C>T	170	109	2	0.3906810035842294
chr20:13390373:C>G	150	88	2	0.3697478991596639
chr20:54173514:C>T	426	91	2	0.1760154738878143
chr3:187235750:G>A	303	70	2	0.1876675603217158
chr4:168511720:->G	279	163	2	0.36877828054298645
chr7:64266242:G>C	215	95	2	0.3064516129032258
chr8:39211162:G>C	149	80	2	0.34934497816593885
chrX:71106012:G>A	146	97	2	0.3991769547325103
