mutation_id	ref_counts	var_counts	total_cn	VAF
chr10:92474934:C>-	185	109	2	0.3707482993197279
chr12:2606654:C>T	46	100	1	0.684931506849315
chr12:82965620:G>A	164	115	2	0.4121863799283154
chr13:19178260:G>A	140	100	2	0.4166666666666667
chr15:62650173:C>T	184	94	2	0.3381294964028777
chr17:32721122:C>T	234	136	2	0.3675675675675676
chr17:81461497:->AGGGAGAGCGGCATGCCTGGGCCCATC	451	106	2	0.19030520646319568
chr21:33283119:T>G	322	12	2	0.03592814371257485
chr3:77622384:G>T	257	150	2	0.36855036855036855
chr5:141247435:G>A	1037	36	2	0.033550792171481825
chr7:38317017:CAC>AAAAATCGAACCCGGCCGG	22	55	1	0.7142857142857143
chr9:135945046:->TATGG	204	117	2	0.3644859813084112
