mutation_id	ref_counts	var_counts	total_cn	VAF
chr10:96480459:G>A	223	70	3	0.23890784982935154
chr11:62796539:G>A	202	85	2	0.2961672473867596
chr12:25225628:C>T	96	40	2	0.29411764705882354
chr12:120346231:G>A	372	162	2	0.30337078651685395
chr15:41990171:A>G	212	120	2	0.3614457831325301
chr16:15598912:G>A	298	133	2	0.308584686774942
chr17:49506468:C>T	912	67	3	0.06843718079673136
chr18:8069952:C>T	316	39	3	0.10985915492957747
chr18:21499919:G>A	248	340	3	0.5782312925170068
chr2:102708424:C>T	348	28	2	0.07446808510638298
chr2:124524397:G>A	196	107	2	0.35313531353135313
chr4:7793774:G>A	471	24	3	0.048484848484848485
chr5:7835463:C>T	142	64	2	0.3106796116504854
chr5:26881546:C>T	203	107	2	0.34516129032258064
chr8:112921678:G>A	385	28	2	0.06779661016949153
chrX:105767317:G>A	293	149	2	0.33710407239819007
