mutation_id	ref_counts	var_counts	total_cn	VAF
chr13:32770660:->TC	232	133	2	0.3643835616438356
chr2:177898096:G>A	219	170	2	0.4370179948586118
chr22:22899605:CTGTGTCACAGTGTGTGGTATTCGGCGGAGGG>ATTCCCTCGGA	18	99	2	0.8461538461538461
chr7:48245927:C>G	236	213	2	0.47438752783964366
chr9:114638617:G>A	242	196	2	0.4474885844748858
