mutation_id	ref_counts	var_counts	total_cn	VAF
chr1:114716126:C>T	211	155	2	0.42349726775956287
chr1:197040588:C>A	77	48	2	0.384
chr1:236590877:A>T	163	72	2	0.30638297872340425
chr10:68231624:->G	370	119	3	0.24335378323108384
chr10:86718825:C>T	346	104	3	0.2311111111111111
chr10:133528491:G>A	311	128	3	0.29157175398633256
chr11:132436726:C>A	204	118	2	0.36645962732919257
chr12:41573579:G>A	272	122	2	0.3096446700507614
chr13:98915332:C>T	120	71	2	0.3717277486910995
chr15:33736310:C>A	165	97	2	0.3702290076335878
chr15:42217804:T>A	178	92	2	0.34074074074074073
chr16:1079506:C>T	361	218	2	0.3765112262521589
chr16:19285859:G>T	242	107	2	0.30659025787965616
chr16:70973450:C>T	190	40	2	0.17391304347826086
chr17:7907389:C>T	437	164	3	0.27287853577371046
chr17:8827205:C>T	228	59	3	0.20557491289198607
chr17:81715070:C>A	235	83	3	0.2610062893081761
chr18:580689:C>T	452	139	3	0.23519458544839256
chr18:50664303:G>T	467	161	3	0.25636942675159236
chr2:118971527:C>T	278	164	2	0.37104072398190047
chr2:191414151:G>A	213	86	2	0.28762541806020064
chr2:203441163:G>A	221	107	2	0.32621951219512196
chr20:38354363:G>A	199	95	2	0.3231292517006803
chr20:50608399:C>A	80	188	2	0.7014925373134329
chr3:39143810:->G	325	132	2	0.2888402625820569
chr5:41203171:T>A	354	121	3	0.25473684210526315
chr5:142144588:A>G	121	47	2	0.27976190476190477
chr5:179079832:C>T	183	98	2	0.3487544483985765
chr6:10902930:A>T	257	62	3	0.19435736677115986
chr6:117270689:G>A	778	273	3	0.2597526165556613
chr8:97277755:G>A	769	177	4	0.18710359408033828
chr8:143707867:G>A	977	258	4	0.2089068825910931
chrX:128051839:G>T	557	165	3	0.22853185595567868
