mutation_id	ref_counts	var_counts	total_cn	VAF
chr11:27498665:C>T	243	50	2	0.17064846416382254
chr12:112450416:A>G	412	30	2	0.06787330316742081
chr12:112489080:T>C	323	45	2	0.12228260869565218
chr16:71385586:G>A	228	68	2	0.22972972972972974
chr22:41810237:G>C	343	120	2	0.2591792656587473
chr3:1383334:T>C	216	26	2	0.10743801652892562
chr7:150857055:C>G	441	72	2	0.14035087719298245
chr9:116975212:C>T	206	41	2	0.1659919028340081
chrX:40697117:T>C	223	222	2	0.49887640449438203
chrX:101353325:G>C	237	179	2	0.43028846153846156
chrX:154466189:G>A	520	21	2	0.038817005545286505
