mutation_id	ref_counts	var_counts	total_cn	VAF
chr1:114713908:T>G	179	172	2	0.49002849002849
chr15:33785681:G>A	132	104	2	0.4406779661016949
chr4:52003246:A>G	146	97	2	0.3991769547325103
chr7:106868615:G>A	247	169	2	0.40625
chr7:140754187:T>G	157	117	2	0.42700729927007297
chr8:76705246:G>A	203	437	4	0.6828125
chr9:14747724:C>T	18	89	1	0.8317757009345794
chrX:21657053:C>A	363	310	2	0.4606240713224368
