mutation_id	ref_counts	var_counts	total_cn	VAF
chr1:27954379:G>A	249	30	2	0.10752688172043011
chr1:114716123:C>T	293	44	2	0.13056379821958458
chr13:43860036:GCT>-	98	12	2	0.10909090909090909
chr14:61746959:A>G	393	35	3	0.08177570093457943
chr16:18520898:T>G	922	145	3	0.1358950328022493
chr18:49929518:G>A	676	67	4	0.0901749663526245
chr2:230357933:G>A	132	85	2	0.391705069124424
chr22:39684493:C>T	423	51	2	0.10759493670886076
chr5:177096717:G>A	788	50	3	0.059665871121718374
chr6:162814199:C>A	492	45	3	0.08379888268156424
chrX:49226456:G>A	422	71	2	0.1440162271805274
