mutation_id	ref_counts	var_counts	total_cn	VAF
chr10:35608174:C>T	770	59	3	0.07117008443908324
chr10:93600723:G>A	710	20	3	0.0273972602739726
chr16:3731323:AGG>-	408	49	2	0.10722100656455143
chr17:11937495:C>T	180	99	2	0.3548387096774194
chr4:134200928:C>A	328	120	3	0.26785714285714285
chr5:314444:G>A	198	103	2	0.34219269102990035
chr5:141864175:G>C	292	148	2	0.33636363636363636
chr7:83961498:C>T	190	113	2	0.37293729372937295
