mutation_id	ref_counts	var_counts	total_cn	VAF
chr11:114439583:G>A	456	310	2	0.4046997389033943
chr15:74411614:G>A	478	57	2	0.10654205607476636
chr19:58394534:C>T	183	97	2	0.3464285714285714
