mutation_id	ref_counts	var_counts	total_cn	VAF
chr11:64713674:G>A	416	14	2	0.03255813953488372
chr11:71582407:G>A	274	157	2	0.3642691415313225
chr11:102872951:G>A	366	30	2	0.07575757575757576
chr14:22490488:GTGTATC>TT	43	184	4	0.8105726872246696
chr14:106062141:TCACTGTGTCTCTCGCACAGTAA>CCCCTAAGACG	60	97	1	0.6178343949044586
chr15:78545747:A>G	137	75	2	0.35377358490566035
chr17:41395253:G>A	440	24	2	0.05172413793103448
chr18:45063405:G>A	371	224	2	0.3764705882352941
chr19:4550806:G>A	170	130	2	0.43333333333333335
chr19:36017659:G>A	138	98	2	0.4152542372881356
chr19:41683876:G>A	239	148	2	0.38242894056847543
chr20:35632366:A>T	154	127	2	0.45195729537366547
chr4:56811700:A>G	107	55	2	0.3395061728395062
chr4:99428608:C>T	154	119	2	0.4358974358974359
chr6:165388453:G>A	104	70	2	0.40229885057471265
chr7:73606045:G>T	428	290	2	0.403899721448468
chr7:117735307:T>C	250	162	2	0.3932038834951456
chr8:24955981:C>A	311	244	2	0.43963963963963965
chr8:141180851:C>T	167	110	2	0.3971119133574007
chr9:109167249:C>T	422	16	2	0.0365296803652968
chr9:112454135:C>T	147	101	2	0.40725806451612906
