mutation_id	ref_counts	var_counts	total_cn	VAF
chr1:114713914:G>T	328	34	2	0.09392265193370165
chr1:173751886:A>C	163	56	2	0.2557077625570776
chr1:228212480:G>A	400	181	2	0.31153184165232356
chr11:1018396:G>C	630	195	2	0.23636363636363636
chr11:44053050:G>T	380	22	2	0.05472636815920398
chr11:108316093:C>T	323	82	2	0.20246913580246914
chr13:38851748:T>A	162	88	2	0.352
chr14:31107079:G>A	270	16	2	0.055944055944055944
chr14:88517184:C>G	279	93	2	0.25
chr14:106537810:->CTCCCC	32	3	2	0.08571428571428572
chr14:106770572:CTGTGGTAT>TCCTGTGG	121	61	2	0.33516483516483514
chr17:8111463:C>T	216	116	2	0.3493975903614458
chr19:1068701:C>T	398	143	2	0.2643253234750462
chr19:20949828:C>T	308	12	2	0.0375
chr19:39269792:C>T	364	16	2	0.042105263157894736
chr2:225513669:G>A	124	69	2	0.35751295336787564
chr22:22031468:ATTCACA>CG	13	76	1	0.8539325842696629
chr3:193321739:G>C	246	102	2	0.29310344827586204
chr4:1961074:G>A	193	78	2	0.2878228782287823
chr4:5793703:C>T	308	25	2	0.07507507507507508
chr4:79325649:C>T	412	42	2	0.09251101321585903
chr7:16794991:G>A	370	25	2	0.06329113924050633
chr9:110775822:G>A	256	20	2	0.07246376811594203
