mutation_id	ref_counts	var_counts	total_cn	VAF
chr1:215786694:T>A	148	117	2	0.44150943396226416
chr10:96376694:G>A	222	9	2	0.03896103896103896
chr15:58772192:G>A	374	36	2	0.08780487804878048
chr15:75689952:C>T	283	248	2	0.4670433145009416
chr16:88885145:G>T	343	246	2	0.41765704584040747
chr19:34428433:A>G	264	16	2	0.05714285714285714
chr19:34430649:C>A	228	22	2	0.088
chr2:178560194:T>C	186	127	2	0.4057507987220447
chr2:233682431:C>G	355	42	2	0.10579345088161209
chr20:9580848:C>T	216	133	2	0.38108882521489973
chr22:22099196:ATGGGTAGTGGCATTTC>GGGGA	43	45	1	0.5113636363636364
chr3:64153332:G>A	334	36	2	0.0972972972972973
chr3:88138762:G>A	240	42	2	0.14893617021276595
chr3:139006155:T>G	302	262	2	0.4645390070921986
chr3:187226452:G>A	166	134	2	0.44666666666666666
chr4:79407782:T>A	183	142	2	0.4369230769230769
chr5:121852013:C>T	588	48	2	0.07547169811320754
chr8:62918473:C>T	194	87	2	0.3096085409252669
chr8:104356127:C>A	214	12	2	0.05309734513274336
chr8:109445509:C>G	364	40	2	0.09900990099009901
chr9:81990809:G>C	260	122	2	0.3193717277486911
chr9:130923868:C>T	325	42	2	0.11444141689373297
