mutation_id	ref_counts	var_counts	total_cn	VAF
chr1:114716127:C>T	606	62	2	0.09281437125748503
chr1:207584871:G>A	280	82	2	0.2265193370165746
chr10:24501521:G>T	438	32	2	0.06808510638297872
chr11:108407113:G>A	221	24	2	0.09795918367346938
chr14:34761885:G>A	222	164	2	0.42487046632124353
chr15:57995085:A>G	285	48	2	0.14414414414414414
chr15:88531309:C>G	598	36	2	0.056782334384858045
chr19:58472088:A>T	665	28	2	0.04040404040404041
chr2:113406872:->AAAGGC	132	65	2	0.3299492385786802
chr2:235799484:G>A	490	56	2	0.10256410256410256
chr5:31267622:G>A	278	231	2	0.4538310412573674
chr5:137886102:T>G	354	26	2	0.06842105263157895
chr6:33206151:G>A	617	31	2	0.047839506172839504
chr8:76852562:G>A	462	25	2	0.0513347022587269
