mutation_id	ref_counts	var_counts	total_cn	VAF
chr1:37817449:->A	231	114	2	0.33043478260869563
chr1:109161922:G>A	179	114	2	0.3890784982935154
chr12:119672401:G>C	194	146	2	0.4294117647058823
chr2:45976495:T>C	303	204	2	0.40236686390532544
chr4:119261774:G>T	228	135	2	0.371900826446281
chr8:123652213:G>A	240	173	2	0.4188861985472155
chr9:14857723:C>A	18	134	1	0.881578947368421
chrX:48512379:C>T	327	231	2	0.41397849462365593
chrX:88754033:C>T	243	211	2	0.4647577092511013
