mutation_id	ref_counts	var_counts	total_cn	VAF
chr1:21756625:C>T	217	91	2	0.29545454545454547
chr1:32368483:C>T	193	103	2	0.34797297297297297
chr1:117414812:A>G	105	82	2	0.4385026737967914
chr1:164792604:->CGGCGGCAG	269	74	2	0.21574344023323616
chr10:26157487:C>T	141	57	2	0.2878787878787879
chr11:26994856:C>T	305	64	2	0.17344173441734417
chr12:81109617:T>C	143	54	2	0.27411167512690354
chr16:1204311:C>T	400	57	2	0.12472647702407003
chr16:1210937:G>A	184	119	2	0.3927392739273927
chr2:28998216:G>A	138	123	2	0.47126436781609193
chr22:27797551:G>A	490	53	2	0.09760589318600368
chr22:39686235:G>A	472	16	2	0.03278688524590164
chr3:197026718:G>C	198	66	2	0.25
chr5:141246613:G>A	183	72	2	0.2823529411764706
chr6:32046344:G>A	322	116	2	0.2648401826484018
chrX:153870854:G>A	34	273	2	0.8892508143322475
