mutation_id	ref_counts	var_counts	total_cn	VAF
chr15:50593621:C>G	134	8	2	0.056338028169014086
chr16:11178477:C>T	302	235	2	0.4376163873370577
chr20:32433870:G>T	174	97	2	0.35793357933579334
chrX:77523253:T>A	153	104	2	0.4046692607003891
