mutation_id	ref_counts	var_counts	total_cn	VAF
chr1:20191206:C>T	398	19	2	0.045563549160671464
chr1:40489617:C>T	284	17	2	0.05647840531561462
chr1:248203286:C>T	608	33	2	0.0514820592823713
chr12:11884467:->GG	90	11	1	0.10891089108910891
chr12:117484492:C>T	327	54	2	0.14173228346456693
chr19:8111075:T>C	302	14	2	0.04430379746835443
chr19:42907662:G>A	541	40	2	0.06884681583476764
chr19:58509962:C>T	385	12	2	0.030226700251889168
chr2:15945862:ACATCCT>-	205	125	2	0.3787878787878788
chr22:22031470:TCA>CCCCCC	145	24	2	0.14201183431952663
chr8:70066397:C>A	462	34	2	0.06854838709677419
chr9:133255642:C>T	472	17	2	0.034764826175869123
chrX:47241339:C>T	585	18	2	0.029850746268656716
