mutation_id	ref_counts	var_counts	total_cn	VAF
chr1:68494570:T>A	260	22	2	0.07801418439716312
chr1:111982274:G>A	306	39	2	0.11304347826086956
chr1:152884755:G>A	282	41	2	0.12693498452012383
chr11:120302326:C>T	396	34	2	0.07906976744186046
chr12:25245347:C>T	350	33	2	0.08616187989556136
chr13:107866532:G>A	322	42	2	0.11538461538461539
chr17:50088324:G>A	181	71	2	0.28174603174603174
chr19:2252338:C>T	256	48	2	0.15789473684210525
chr19:11018979:G>C	454	30	2	0.06198347107438017
chr21:33909157:G>A	404	24	2	0.056074766355140186
chr21:44558537:G>A	1022	36	2	0.034026465028355386
chr5:32074264:C>T	300	42	2	0.12280701754385964
