mutation_id	ref_counts	var_counts	total_cn	VAF
chr10:96983389:->TTCCCCCAGGGAAACC	218	108	2	0.3312883435582822
chr11:56663716:G>A	208	148	2	0.4157303370786517
chr14:20380337:->CC	314	150	2	0.3232758620689655
chr14:23042841:C>T	622	59	2	0.08663729809104258
chr14:92070922:G>A	291	180	2	0.3821656050955414
chr14:100107131:C>-	366	199	2	0.35221238938053095
chr16:1220474:C>T	751	281	3	0.27228682170542634
chr17:76399787:G>A	248	163	2	0.39659367396593675
chr18:57436243:C>T	711	442	2	0.383347788378144
chr19:6427152:C>G	296	232	2	0.4393939393939394
chr19:8937636:C>A	174	147	2	0.45794392523364486
chr2:24261651:->T	194	96	2	0.3310344827586207
chr2:105092458:G>A	235	152	2	0.39276485788113696
chr2:189564054:C>T	232	156	2	0.4020618556701031
chr3:142963070:C>T	338	242	2	0.41724137931034483
chr5:140830206:C>T	324	194	2	0.3745173745173745
chr6:56606003:T>G	108	68	2	0.38636363636363635
chr7:87196698:T>C	76	36	2	0.32142857142857145
chr7:100433052:G>C	273	232	2	0.4594059405940594
chr9:32635570:C>T	30	124	2	0.8051948051948052
chrX:47142661:G>A	308	202	2	0.396078431372549
chrX:47413541:->GAAG	216	123	2	0.36283185840707965
chrX:48970179:C>T	397	256	2	0.39203675344563554
chrX:102140912:C>T	431	238	2	0.35575485799701045
