mutation_id	ref_counts	var_counts	total_cn	VAF
chr11:17570251:C>T	158	124	2	0.4397163120567376
chr11:65778245:G>T	704	23	2	0.03163686382393398
chr11:66334718:C>T	421	305	2	0.4201101928374656
chr11:67286422:->C	282	146	2	0.3411214953271028
chr12:57576338:G>A	300	11	2	0.03536977491961415
chr12:130371505:T>G	159	106	2	0.4
chr12:130872593:G>C	260	151	2	0.36739659367396593
chr19:6306736:C>T	219	128	2	0.3688760806916426
chr2:27577373:G>A	142	109	2	0.4342629482071713
chr2:95181300:C>T	257	135	2	0.34438775510204084
chr2:105269589:C>T	342	219	2	0.39037433155080214
chr2:113006683:C>G	212	134	2	0.3872832369942196
chr2:178729663:C>T	180	92	2	0.3382352941176471
chr2:198086200:C>T	134	54	2	0.2872340425531915
chr2:237381275:G>A	247	190	2	0.43478260869565216
chr20:63963792:C>T	289	187	2	0.39285714285714285
chr3:27421685:G>C	242	182	2	0.42924528301886794
chr3:46830457:C>G	181	121	2	0.40066225165562913
chr4:1974938:A>G	353	120	2	0.2536997885835095
chr4:78265084:C>A	402	24	2	0.056338028169014086
chr4:143543514:C>T	128	56	2	0.30434782608695654
chr4:173332863:T>C	187	120	2	0.39087947882736157
chr5:16761498:G>A	165	80	2	0.32653061224489793
chr6:12749750:G>A	402	13	2	0.03132530120481928
chr6:73241704:C>T	171	118	2	0.4083044982698962
chr7:120275372:G>A	252	155	2	0.3808353808353808
chr8:2059223:G>A	265	194	2	0.4226579520697168
chr9:85741836:G>C	464	205	2	0.3064275037369208
chr9:92416882:G>C	163	90	2	0.3557312252964427
chr9:137521703:C>T	274	116	2	0.29743589743589743
chrX:140504070:A>C	299	144	2	0.32505643340857787
chrX:154361371:G>A	414	268	2	0.39296187683284456
