mutation_id	ref_counts	var_counts	total_cn	VAF
chr1:176791355:C>A	113	82	2	0.4205128205128205
chr12:25245350:C>T	153	109	2	0.41603053435114506
chr14:22905377:G>A	254	126	3	0.33157894736842103
chr4:109945131:A>G	227	112	3	0.3303834808259587
chr4:182751939:G>A	307	124	3	0.2877030162412993
chr5:141366150:G>A	194	162	2	0.4550561797752809
chr7:73736631:C>T	177	164	2	0.4809384164222874
