mutation_id	ref_counts	var_counts	total_cn	VAF
chr1:46815233:G>A	181	132	4	0.4217252396166134
chr10:20812802:C>T	243	97	6	0.2852941176470588
chr10:86919384:C>T	318	91	6	0.22249388753056235
chr11:61527993:C>T	268	143	4	0.34793187347931875
chr11:90135600:C>T	253	21	4	0.07664233576642336
chr12:25245350:C>T	185	124	4	0.40129449838187703
chr12:111447499:->C	192	46	4	0.19327731092436976
chr12:111447501:G>C	184	47	4	0.20346320346320346
chr12:132144966:T>C	268	21	5	0.0726643598615917
chr14:106062149:TCTCTCGCAC>GTTCCTAA	46	29	0	0.38666666666666666
chr15:29117106:G>A	300	109	4	0.2665036674816626
chr16:3736154:A>G	306	174	6	0.3625
chr17:17175355:C>A	345	28	6	0.07506702412868632
chr17:65537019:G>A	426	189	6	0.3073170731707317
chr18:12673438:C>T	418	88	8	0.17391304347826086
chr2:71664359:G>A	274	24	4	0.08053691275167785
chr2:90221382:TCCCACAGTGTT>CTTTCGAG	31	29	4	0.48333333333333334
chr2:215037056:C>A	116	50	4	0.30120481927710846
chr3:130379824:G>A	256	79	4	0.23582089552238805
chr3:130470894:G>A	213	27	4	0.1125
chr3:151127870:A>G	159	81	4	0.3375
chr4:90308459:C>T	394	32	6	0.07511737089201878
chr5:32786259:A>T	321	61	6	0.15968586387434555
chr6:47795386:G>A	596	62	6	0.09422492401215805
chr7:101038178:T>C	351	24	4	0.064
chr7:122451456:C>T	139	7	4	0.04794520547945205
chr8:119595883:C>T	288	84	6	0.22580645161290322
chr9:12702333:C>T	245	64	4	0.20711974110032363
chr9:131127650:G>A	164	117	4	0.41637010676156583
chrX:23380036:G>A	235	88	4	0.2724458204334365
chrX:57908299:A>G	188	121	4	0.39158576051779936
chrX:140504850:G>C	476	18	4	0.03643724696356275
