mutation_id	ref_counts	var_counts	total_cn	VAF
chr1:150627525:G>A	490	31	2	0.05950095969289827
chr1:156920901:C>A	375	179	2	0.3231046931407942
chr13:24789366:T>C	99	63	2	0.3888888888888889
chr13:28035621:C>G	241	121	2	0.3342541436464088
chr19:36236911:A>G	296	15	2	0.04823151125401929
chr2:186762476:A>T	322	20	2	0.05847953216374269
chr20:58668099:T>C	374	29	2	0.07196029776674938
chr4:182754581:C>A	390	140	4	0.2641509433962264
chr5:140857746:G>A	470	21	2	0.04276985743380855
chr6:21595280:C>A	1034	41	4	0.03813953488372093
chr6:137001819:C>T	641	18	4	0.027314112291350532
chr9:101477056:G>A	340	41	2	0.10761154855643044
chrX:114731488:C>A	501	185	4	0.2696793002915452
