mutation_id	ref_counts	var_counts	total_cn	VAF
chr1:197477826:C>T	258	68	2	0.2085889570552147
chr15:40338897:G>A	232	62	2	0.2108843537414966
chr19:11378060:G>A	336	73	2	0.1784841075794621
chr22:22899618:TGT>-	215	38	2	0.15019762845849802
chr4:71450441:G>C	290	10	2	0.03333333333333333
chr5:52947378:G>C	199	38	2	0.16033755274261605
chr7:128838273:G>A	175	73	2	0.29435483870967744
chr8:28520706:T>C	276	77	2	0.21813031161473087
chr8:35766918:G>A	188	51	2	0.21338912133891214
chr9:110408886:G>A	231	50	2	0.17793594306049823
chrX:115188297:T>A	50	30	1	0.375
