mutation_id	ref_counts	var_counts	total_cn	VAF
chr1:40838369:G>A	437	175	2	0.28594771241830064
chr1:46512481:C>T	414	31	2	0.0696629213483146
chr10:60888433:C>T	348	135	2	0.2795031055900621
chr11:9962067:C>T	308	97	2	0.23950617283950618
chr15:22926027:G>A	372	139	2	0.2720156555772994
chr17:7576584:G>A	362	145	2	0.2859960552268245
chr17:78358934:G>A	479	179	2	0.27203647416413373
chr19:48599149:T>A	206	84	2	0.2896551724137931
chr2:29051882:G>A	401	151	2	0.27355072463768115
chr2:130916468:C>T	465	189	2	0.2889908256880734
chr22:37495887:C>T	337	175	2	0.341796875
chr22:46658260:G>A	210	88	2	0.2953020134228188
chr4:61733115:C>A	317	124	2	0.2811791383219955
chr4:71453538:T>C	283	107	2	0.2743589743589744
chr4:108070711:TCTT>-	324	41	2	0.11232876712328767
chr4:113330313:C>T	282	118	2	0.295
chr6:56166942:C>T	299	119	2	0.284688995215311
chr6:56616860:C>T	306	115	2	0.27315914489311166
chr6:57128803:A>C	311	114	2	0.26823529411764707
chr7:50382593:A>T	332	223	2	0.4018018018018018
chr7:148809336:G>A	185	80	2	0.3018867924528302
chr8:138596942:C>T	210	78	2	0.2708333333333333
chr9:136859080:G>A	295	108	2	0.2679900744416873
chrX:85108074:C>T	477	195	2	0.29017857142857145
chrX:126821376:T>A	588	218	2	0.2704714640198511
chrX:130260419:T>G	223	95	2	0.29874213836477986
chrX:136349026:T>G	384	138	2	0.26436781609195403
