mutation_id	ref_counts	var_counts	total_cn	VAF
chr1:114716126:C>T	268	19	2	0.06620209059233449
chr11:124753860:C>T	233	179	2	0.4344660194174757
chr12:25245347:C>T	194	72	2	0.2706766917293233
chr14:93643665:G>A	820	45	4	0.05202312138728324
chr18:49569539:C>T	351	82	3	0.18937644341801385
chr2:166038036:C>T	177	72	2	0.2891566265060241
chr2:219055793:C>T	243	152	2	0.3848101265822785
chr22:31426753:G>T	147	61	2	0.2932692307692308
chr4:114623205:C>T	323	77	3	0.1925
chr4:182793559:C>T	312	71	3	0.185378590078329
chr5:140871071:G>A	310	112	3	0.26540284360189575
chr6:31947156:C>T	489	150	3	0.2347417840375587
chr6:35486552:C>T	795	24	3	0.029304029304029304
chr6:43046954:T>A	564	40	3	0.06622516556291391
chr6:82365725:G>A	307	87	3	0.22081218274111675
chrX:50695864:G>A	284	127	2	0.30900243309002434
