mutation_id	ref_counts	var_counts	total_cn	VAF
chr17:40093071:C>T	433	36	2	0.0767590618336887
chr19:8959533:G>A	244	49	2	0.16723549488054607
chr2:88886139:TATTATAGTACTCCTCCCACAGTGCTTCA>C	161	41	2	0.20297029702970298
chr22:30468639:C>T	380	83	2	0.17926565874730022
chr22:36266019:G>A	122	24	2	0.1643835616438356
chr3:64616018:C>T	308	83	2	0.21227621483375958
chr6:138335089:C>T	409	62	2	0.1316348195329087
chr8:80641400:C>T	188	47	2	0.2
