mutation_id	ref_counts	var_counts	total_cn	VAF
chr1:153975836:C>G	240	8	2	0.03225806451612903
chr11:2313697:A>G	241	57	2	0.1912751677852349
chr11:118497991:C>G	291	41	2	0.12349397590361445
chr12:81263341:G>A	242	118	2	0.3277777777777778
chr12:119472062:A>G	205	94	2	0.31438127090301005
chr13:32330995:G>A	123	50	2	0.28901734104046245
chr13:38784789:C>T	222	20	2	0.08264462809917356
chr14:44995854:C>T	53	22	2	0.29333333333333333
chr19:16484112:C>T	106	68	2	0.39080459770114945
chr19:21972735:G>A	95	42	2	0.30656934306569344
chr19:34438700:G>A	279	78	2	0.2184873949579832
chr2:61470686:C>T	474	40	2	0.07782101167315175
chr2:108010468:G>T	278	32	2	0.1032258064516129
chr3:119415964:G>C	272	31	2	0.10231023102310231
chr3:152415031:C>T	272	95	2	0.25885558583106266
chr3:184060024:C>G	150	27	2	0.15254237288135594
chr4:105473917:G>T	199	119	2	0.3742138364779874
chr5:140807996:A>G	126	17	2	0.11888111888111888
chr6:43299430:C>T	152	82	2	0.3504273504273504
chr7:108184443:G>C	153	48	2	0.23880597014925373
chr8:18025367:G>C	20	5	2	0.2
chr8:91218926:C>G	138	56	2	0.28865979381443296
chr9:21994303:CGGAGGGTCACCAAGA>TTAGAGGG	553	106	2	0.16084977238239756
chrX:86812987:C>G	200	15	1	0.06976744186046512
