mutation_id	ref_counts	var_counts	total_cn	VAF
chr4:182793759:C>T	300	42	2	0.12280701754385964
chr6:22569731:T>C	390	59	2	0.13140311804008908
chr6:152453608:C>T	402	49	2	0.10864745011086474
chr7:6653854:G>C	408	58	2	0.12446351931330472
chr7:154803905:G>T	315	38	2	0.10764872521246459
