mutation_id	ref_counts	var_counts	total_cn	VAF
chr1:22784544:G>A	368	67	4	0.15402298850574714
chr1:114716126:C>T	249	63	4	0.20192307692307693
chr11:7090245:C>T	302	75	4	0.1989389920424403
chr11:77040523:C>T	610	191	4	0.23845193508114856
chr11:85726286:G>A	211	79	4	0.27241379310344827
chr12:122134050:C>T	52	24	4	0.3157894736842105
chr14:77555499:C>T	238	32	6	0.11851851851851852
chr14:102047881:C>T	370	100	6	0.2127659574468085
chr16:13235062:C>T	283	91	4	0.24331550802139038
chr17:18119637:C>T	455	101	6	0.18165467625899281
chr17:45830498:C>T	717	137	6	0.16042154566744732
chr19:50715658:C>A	265	78	4	0.22740524781341107
chr19:51529905:G>A	410	130	4	0.24074074074074073
chr2:132645267:G>A	553	48	4	0.07986688851913477
chr2:209976264:A>G	238	68	4	0.2222222222222222
chr3:178828319:C>T	382	51	4	0.11778290993071594
chr6:128082467:T>A	339	103	6	0.2330316742081448
chr7:137609587:C>T	198	59	4	0.22957198443579765
chrX:123398659:C>T	125	80	4	0.3902439024390244
