mutation_id	ref_counts	var_counts	total_cn	VAF
chr11:70161707:C>A	217	179	2	0.45202020202020204
chr6:39191001:C>A	244	138	2	0.3612565445026178
chr6:123224129:C>G	268	11	2	0.03942652329749104
