mutation_id	ref_counts	var_counts	total_cn	VAF
chr1:7663407:C>T	372	170	2	0.31365313653136534
chr1:33533795:C>T	175	117	2	0.4006849315068493
chr11:1103825:G>A	368	150	2	0.28957528957528955
chr13:45476200:G>A	95	46	2	0.3262411347517731
chr14:106389395:->T	118	60	2	0.33707865168539325
chr19:34341507:G>A	584	18	2	0.029900332225913623
chr2:144389881:T>C	366	171	2	0.31843575418994413
chr5:98779633:G>A	358	186	2	0.34191176470588236
chr6:26056137:CTTTCGTTTGCACCA>TGG	190	190	2	0.5
chr6:26108045:T>C	109	235	2	0.6831395348837209
chr7:2217975:T>C	266	138	2	0.3415841584158416
chr7:135727397:C>T	320	180	2	0.36
chrX:49251397:C>A	519	254	2	0.32858990944372574
