mutation_id	ref_counts	var_counts	total_cn	VAF
chr1:81990609:G>A	212	90	4	0.2980132450331126
chr1:146975702:C>G	286	13	4	0.043478260869565216
chr11:1233803:G>A	268	120	4	0.30927835051546393
chr12:27028385:G>A	296	20	4	0.06329113924050633
chr12:57595187:C>T	201	86	4	0.29965156794425085
chr12:122183262:C>T	510	32	4	0.05904059040590406
chr14:74798940:C>T	246	46	6	0.15753424657534246
chr15:42719558:C>T	177	71	4	0.2862903225806452
chr16:1213821:C>T	283	84	4	0.22888283378746593
chr16:3738616:C>T	187	39	4	0.17256637168141592
chr18:49902721:C>T	360	78	6	0.1780821917808219
chr19:13144788:C>A	265	69	4	0.20658682634730538
chr19:50668087:G>A	398	115	4	0.22417153996101363
chr2:39707078:G>A	292	14	4	0.0457516339869281
chr20:54610457:C>A	287	81	6	0.22010869565217392
chr22:43600194:C>T	214	77	4	0.2646048109965636
chr4:8415832:G>A	172	161	6	0.48348348348348347
chr4:46058316:A>C	215	45	6	0.17307692307692307
chr4:72339605:G>A	303	95	6	0.23869346733668342
chr4:74452602:C>T	144	32	6	0.18181818181818182
chr4:169620738:->TTCCCAGGCC	188	30	6	0.13761467889908258
chr5:151512572:C>T	149	52	4	0.25870646766169153
chr6:38789865:G>C	238	9	4	0.03643724696356275
chr6:43049632:C>T	146	64	4	0.3047619047619048
chr6:127155334:G>A	230	92	4	0.2857142857142857
chr6:129638494:C>T	364	12	4	0.031914893617021274
chr7:30429400:C>G	235	52	4	0.18118466898954705
chrX:37009296:C>T	625	123	8	0.16443850267379678
