mutation_id	ref_counts	var_counts	total_cn	VAF
chr12:80211996:A>C	275	14	2	0.04844290657439446
chr15:88032967:G>A	243	178	2	0.42280285035629456
chr2:131252972:G>A	618	40	2	0.060790273556231005
chr22:22031470:TCACA>-	107	100	2	0.4830917874396135
chr4:1309681:G>C	277	190	2	0.4068522483940043
chr4:71450427:C>T	175	102	2	0.36823104693140796
chr5:136977952:G>A	99	50	2	0.33557046979865773
chr6:30708020:G>A	409	294	2	0.4182076813655761
chr9:122789878:G>A	157	121	2	0.4352517985611511
chrX:54456330:A>G	574	36	2	0.05901639344262295
chrX:134245381:C>T	146	143	3	0.49480968858131485
