mutation_id	ref_counts	var_counts	total_cn	VAF
chr1:173186664:A>G	92	50	2	0.352112676056338
chr1:182473921:C>G	216	7	2	0.03139013452914798
chr10:103447178:C>T	141	110	2	0.43824701195219123
chr11:108353806:G>C	166	8	2	0.04597701149425287
chr12:88545841:G>C	136	7	2	0.04895104895104895
chr12:117582317:C>T	203	27	2	0.11739130434782609
chr15:33662817:G>C	220	14	2	0.05982905982905983
chr16:88516565:G>A	112	75	2	0.40106951871657753
chr17:9880489:C>T	82	25	2	0.2336448598130841
chr18:214818:C>G	249	10	2	0.03861003861003861
chr19:5212044:C>T	166	95	2	0.36398467432950193
chr19:47094532:C>T	342	15	2	0.04201680672268908
chr2:178450372:C>T	169	90	2	0.3474903474903475
chr2:186694254:C>T	230	88	2	0.27672955974842767
chr2:218387205:C>T	175	54	2	0.23580786026200873
chr22:22031468:ATTCACA>TTGGGG	64	47	2	0.42342342342342343
chr3:39502609:C>T	356	144	2	0.288
chr3:48628506:C>T	164	10	2	0.05747126436781609
chr4:1961074:G>A	187	18	2	0.08780487804878048
chr4:103106301:C>G	77	41	2	0.3474576271186441
chr4:163585797:G>C	184	9	2	0.046632124352331605
chr5:9379823:C>A	102	58	2	0.3625
chr5:93881597:G>A	110	8	2	0.06779661016949153
chr6:43572574:G>A	122	32	2	0.2077922077922078
chr6:138881099:A>G	126	82	2	0.3942307692307692
chr8:109972381:G>C	272	30	2	0.09933774834437085
chr8:138596960:G>C	72	76	2	0.5135135135135135
chrX:50470052:C>T	267	105	2	0.28225806451612906
chrX:130015338:C>T	369	65	2	0.1497695852534562
chrX:136348350:G>A	180	58	2	0.24369747899159663
chrX:153774246:G>A	420	14	2	0.03225806451612903
