mutation_id	ref_counts	var_counts	total_cn	VAF
chr1:31792307:C>T	207	121	2	0.36890243902439024
chr1:145826603:CAGTGACAC>-	116	84	2	0.42
chr11:5200272:G>A	121	77	2	0.3888888888888889
chr11:11332759:G>A	105	81	2	0.43548387096774194
chr11:64267525:C>T	178	142	2	0.44375
chr12:19518104:G>A	60	33	2	0.3548387096774194
chr13:110473122:C>T	135	108	2	0.4444444444444444
chr15:32968873:G>A	122	68	2	0.35789473684210527
chr16:3736750:T>A	196	110	2	0.35947712418300654
chr17:41379151:G>A	245	56	2	0.18604651162790697
chr17:82090972:G>A	127	125	2	0.49603174603174605
chr18:21403949:G>A	206	52	3	0.20155038759689922
chr2:48962817:C>T	145	95	2	0.3958333333333333
chr2:88178876:C>T	153	99	2	0.39285714285714285
chr2:130194148:C>T	409	140	2	0.2550091074681239
chr2:131480387:G>A	190	24	2	0.11214953271028037
chr2:165131388:C>T	100	86	2	0.46236559139784944
chr22:25874292:C>T	81	77	2	0.4873417721518987
chr3:150972661:G>A	154	116	2	0.42962962962962964
chr4:25676187:C>T	204	77	3	0.27402135231316727
chr5:38482094:C>T	323	124	3	0.27740492170022374
chr6:101889704:C>T	233	92	3	0.28307692307692306
chr6:123464977:C>T	197	88	3	0.3087719298245614
chr6:127475740:G>A	380	171	3	0.3103448275862069
chr7:99707878:C>T	155	129	2	0.45422535211267606
chr8:56445730:C>T	350	153	3	0.30417495029821073
chr9:121310765:C>T	298	114	3	0.2766990291262136
chrX:41216261:T>G	230	16	2	0.06504065040650407
chrX:131085706:C>T	145	123	2	0.458955223880597
chrX:151743604:C>T	184	151	2	0.4507462686567164
