mutation_id	ref_counts	var_counts	total_cn	VAF
chr15:38351517:C>T	391	45	2	0.10321100917431193
chr17:10516283:G>A	266	76	2	0.2222222222222222
chr2:113406872:->AAC	161	29	2	0.15263157894736842
chr7:111124468:G>A	356	47	2	0.11662531017369727
