mutation_id	ref_counts	var_counts	total_cn	VAF
chr10:19133928:G>C	554	16	2	0.028070175438596492
chr10:23002054:G>A	301	116	2	0.27817745803357313
chr10:125752857:G>A	565	113	2	0.16666666666666666
chr11:1277195:C>T	630	465	2	0.4246575342465753
chr12:123841483:G>A	993	117	2	0.10540540540540541
chr12:133058795:C>G	944	32	2	0.03278688524590164
chr13:100449288:C>T	682	20	2	0.02849002849002849
chr14:31066290:G>T	446	94	2	0.17407407407407408
chr14:32092050:G>C	569	100	2	0.14947683109118087
chr14:106622360:->CCGCGGA	36	12	2	0.25
chr15:41502474:G>C	350	225	2	0.391304347826087
chr16:23700592:T>A	490	364	2	0.4262295081967213
chr16:67653213:C>T	339	261	2	0.435
chr16:78756971:C>G	528	235	2	0.30799475753604194
chr17:7673781:C>G	669	346	2	0.34088669950738915
chr17:35846944:G>A	1028	44	2	0.041044776119402986
chr18:37259212:G>A	453	300	2	0.398406374501992
chr19:4930738:G>-	378	183	2	0.32620320855614976
chr19:51716977:C>T	310	186	2	0.375
chr2:189003764:C>T	876	22	2	0.024498886414253896
chr2:189475384:G>C	206	124	2	0.37575757575757573
chr2:228017850:C>T	514	299	2	0.3677736777367774
chr2:232521414:C>T	413	269	2	0.3944281524926686
chr20:59987630:G>A	329	65	2	0.1649746192893401
chr3:133617255:G>C	516	277	2	0.3493064312736444
chr3:139044358:A>C	509	394	2	0.4363233665559247
chr3:141580384:G>C	467	103	2	0.18070175438596492
chr4:70606697:G>A	680	22	2	0.03133903133903134
chr5:146104242:G>A	300	10	1	0.03225806451612903
chr6:56168146:G>A	424	16	2	0.03636363636363636
chr6:64902202:C>A	538	20	2	0.035842293906810034
chr6:69361148:C>A	509	25	2	0.04681647940074907
chr7:156954106:G>C	460	19	2	0.03966597077244259
chr8:66468329:G>A	367	154	2	0.29558541266794625
chr9:106926710:C>T	444	354	2	0.44360902255639095
chr9:133573913:G>A	607	433	2	0.41634615384615387
