mutation_id	ref_counts	var_counts	total_cn	VAF
chr14:106511117:->CACCCCCGGCCAA	26	12	2	0.3157894736842105
chr14:106511175:A>G	52	11	2	0.1746031746031746
chr2:89142573:GAGGTG>TGGGGGGA	110	56	1	0.3373493975903614
chr2:113406868:CCATTC>TTCA	67	52	2	0.4369747899159664
chr4:78508732:T>A	127	88	2	0.40930232558139534
chrX:115190223:G>A	724	22	2	0.029490616621983913
