mutation_id	ref_counts	var_counts	total_cn	VAF
chr12:6593556:G>A	357	59	4	0.14182692307692307
chr12:112450362:A>T	284	51	4	0.15223880597014924
chr14:41887189:G>T	467	37	6	0.07341269841269842
chr15:28027886:C>T	283	49	4	0.14759036144578314
chr16:20349066:C>T	423	36	4	0.0784313725490196
chr19:18589430:->G	305	114	4	0.2720763723150358
chr2:18584872:G>A	540	44	4	0.07534246575342465
chr4:56315918:C>G	460	36	6	0.07258064516129033
chr4:70409480:C>T	342	94	6	0.21559633027522937
chr6:10989799:G>A	462	42	6	0.08333333333333333
chr7:27110532:C>T	664	25	4	0.036284470246734396
chr7:94427846:T>G	196	62	4	0.24031007751937986
chr8:142665389:C>T	261	112	4	0.3002680965147453
chr9:135485012:G>A	368	44	4	0.10679611650485436
chrX:20176256:G>A	270	46	6	0.14556962025316456
chrX:149932693:G>T	630	22	6	0.03374233128834356
