mutation_id	ref_counts	var_counts	total_cn	VAF
chr14:46842011:C>T	234	47	2	0.16725978647686832
chr14:78966329:G>A	198	163	2	0.4515235457063712
chr14:104746289:T>C	434	28	2	0.06060606060606061
chr14:106714682:TCT>CTCC	29	5	1	0.14705882352941177
chr15:82659926:C>T	219	192	2	0.46715328467153283
chr19:9969648:G>A	279	196	2	0.4126315789473684
chr19:41683887:C>T	278	100	2	0.26455026455026454
chr19:51714064:G>A	374	161	2	0.30093457943925234
chr2:33398378:G>A	292	10	2	0.033112582781456956
chr2:73916630:G>A	384	18	2	0.04477611940298507
chr2:89937631:->GTCC	164	43	2	0.20772946859903382
chr2:89937677:CCTCCCACAGTGGTA>-	56	20	2	0.2631578947368421
chr2:219162003:C>T	476	16	2	0.032520325203252036
chr3:14511260:C>T	242	184	2	0.431924882629108
chr3:147391208:G>A	325	93	2	0.22248803827751196
chr3:182913875:T>C	359	14	2	0.03753351206434316
chr4:143695658:C>T	227	186	2	0.45036319612590797
chr7:86786520:C>T	357	182	2	0.33766233766233766
chr7:144095162:G>A	215	161	2	0.42819148936170215
chrX:3101180:G>A	261	18	1	0.06451612903225806
chrX:49533926:G>-	4	8	1	0.6666666666666666
chrX:54930463:G>A	303	42	1	0.12173913043478261
chrX:74304380:T>C	164	223	1	0.5762273901808785
chrX:153536350:C>T	478	40	1	0.07722007722007722
