mutation_id	ref_counts	var_counts	total_cn	VAF
chr1:15932984:->C	302	178	2	0.37083333333333335
chr1:64177592:G>A	402	26	2	0.06074766355140187
chr1:114716126:C>T	194	118	2	0.3782051282051282
chr1:151815418:C>A	100	102	2	0.504950495049505
chr1:216083575:G>T	85	65	2	0.43333333333333335
chr1:228359598:G>A	132	135	2	0.5056179775280899
chr10:102798075:A>G	254	10	2	0.03787878787878788
chr10:133555816:C>T	152	99	2	0.3944223107569721
chr11:62571853:C>T	121	118	2	0.49372384937238495
chr12:40278007:G>C	182	11	2	0.05699481865284974
chr12:96621642:G>T	104	99	2	0.4876847290640394
chr12:112489105:A>T	213	199	2	0.4830097087378641
chr19:35011499:->TC	187	133	2	0.415625
chr2:178658116:C>T	159	149	2	0.4837662337662338
chr20:49010303:G>A	169	163	2	0.49096385542168675
chr21:41741813:G>T	197	165	2	0.4558011049723757
chr3:47057418:->CGAGGA	209	137	2	0.3959537572254335
chr4:68072401:T>A	129	85	2	0.397196261682243
chr6:168308852:G>A	209	183	2	0.46683673469387754
chr6:169237697:C>T	237	218	2	0.47912087912087914
chr7:151054044:G>A	47	88	1	0.6518518518518519
chr9:37015114:T>A	1372	166	7	0.10793237971391417
