mutation_id	ref_counts	var_counts	total_cn	VAF
chr1:201228393:C>T	446	35	2	0.07276507276507277
chr11:19192351:G>A	191	114	2	0.3737704918032787
chr12:49557696:G>C	301	173	2	0.3649789029535865
chr14:106592675:->GGTGGA	84	27	2	0.24324324324324326
chr15:63923127:C>T	264	74	2	0.21893491124260356
chr2:173910230:C>T	137	77	2	0.3598130841121495
chr2:184936383:C>T	142	112	2	0.4409448818897638
chr2:206305139:C>G	343	56	2	0.14035087719298245
chr4:65365079:G>T	424	40	2	0.08620689655172414
