mutation_id	ref_counts	var_counts	total_cn	VAF
chr1:11124516:G>A	232	171	2	0.42431761786600497
chr1:65366108:G>A	171	137	2	0.4448051948051948
chr1:71078556:G>A	135	98	2	0.4206008583690987
chr1:181732841:C>T	181	141	2	0.43788819875776397
chr12:25225628:C>T	28	17	2	0.37777777777777777
chr12:115997130:C>T	218	183	2	0.456359102244389
chr14:106714682:TCT>GGGGG	81	74	2	0.4774193548387097
chr18:14542737:C>T	360	318	2	0.4690265486725664
chr2:74415117:C>T	474	339	2	0.41697416974169743
chr20:18398555:G>A	174	148	2	0.45962732919254656
chr5:150201144:G>A	562	217	3	0.2785622593068036
chr7:95363865:C>A	114	106	2	0.4818181818181818
chrX:34943046:G>A	19	269	1	0.9340277777777778
