mutation_id	ref_counts	var_counts	total_cn	VAF
chr1:6645905:G>A	144	137	2	0.4875444839857651
chr1:57015340:G>A	269	177	2	0.3968609865470852
chr1:192659504:A>T	113	97	2	0.46190476190476193
chr10:26697803:C>T	287	191	2	0.399581589958159
chr12:6592418:G>A	227	27	2	0.1062992125984252
chr12:25245350:C>G	206	106	2	0.33974358974358976
chr12:49554477:G>A	197	210	2	0.515970515970516
chr12:51820657:->GCGG	371	184	2	0.33153153153153153
chr12:78122174:G>A	208	190	2	0.47738693467336685
chr13:20983569:C>T	213	191	2	0.47277227722772275
chr13:28028203:G>T	368	37	2	0.09135802469135802
chr14:106714679:GTGTCTCTCGCACAGT>TCCGCACAGGA	12	93	1	0.8857142857142857
chr16:67611242:CTTATGAAAATGAAGTGTCTAAA>-	260	28	1	0.09722222222222222
chr16:68316046:C>A	162	103	2	0.3886792452830189
chr18:50729282:C>T	269	241	2	0.4725490196078431
chr19:7612451:C>T	454	48	2	0.09561752988047809
chr19:15053804:C>T	336	19	2	0.05352112676056338
chr19:39502838:C>T	243	121	2	0.3324175824175824
chr2:3671179:G>A	234	126	2	0.35
chr2:38074592:C>T	337	186	2	0.35564053537284895
chr2:174572392:G>A	190	181	2	0.48787061994609165
chr2:189565453:C>T	201	196	2	0.49370277078085645
chr2:236581091:T>C	305	199	2	0.3948412698412698
chr20:48998482:G>A	208	12	2	0.05454545454545454
chr4:157152985:C>T	304	102	3	0.2512315270935961
chr4:157317664:A>G	352	24	3	0.06382978723404255
chr5:177994250:C>T	334	321	2	0.4900763358778626
chr6:44282441:C>T	466	72	2	0.13382899628252787
chr8:119418139:G>A	446	54	2	0.108
chr8:143791249:C>T	327	304	2	0.48177496038034867
chrX:3324522:G>T	276	171	2	0.3825503355704698
chrX:78012931:A>C	484	35	2	0.0674373795761079
