mutation_id	ref_counts	var_counts	total_cn	VAF
chr1:233666783:G>A	429	250	2	0.36818851251840945
chr1:237788022:G>A	358	44	2	0.10945273631840796
chr10:122514213:G>A	170	64	2	0.27350427350427353
chr11:89440693:G>A	58	11	2	0.15942028985507245
chr12:6057857:G>A	247	97	2	0.2819767441860465
chr14:22539072:->GCC	144	109	2	0.4308300395256917
chr18:58919184:G>A	346	26	2	0.06989247311827956
chr19:2207673:G>A	400	34	2	0.07834101382488479
chr19:49889887:G>A	348	315	2	0.4751131221719457
chr2:118843218:T>A	243	154	2	0.3879093198992443
chr21:37151942:->A	132	58	2	0.30526315789473685
chr3:136948429:->TCCC	116	41	2	0.2611464968152866
chr6:87015418:T>C	412	17	2	0.039627039627039624
chr7:41966008:G>A	458	357	2	0.43803680981595094
chr8:23256532:C>T	292	88	2	0.23157894736842105
chr9:5089753:T>C	235	92	2	0.28134556574923547
