mutation_id	ref_counts	var_counts	total_cn	VAF
chr10:97901633:C>T	197	122	2	0.3824451410658307
chr11:40115410:G>T	268	114	2	0.29842931937172773
chr17:64496860:T>C	416	198	2	0.32247557003257327
chr19:30445224:C>T	353	43	2	0.10858585858585859
chr2:47833008:TAAA>-	140	26	2	0.1566265060240964
chr20:63533645:C>T	527	88	2	0.14308943089430895
chr22:22162681:->AGC	110	72	2	0.3956043956043956
chr3:74424864:G>T	165	95	2	0.36538461538461536
chr3:141066497:G>A	393	286	2	0.4212076583210604
chr3:189971899:C>T	148	106	2	0.41732283464566927
chr6:167951187:G>A	178	82	2	0.3153846153846154
chr7:100773365:A>G	431	219	2	0.33692307692307694
