mutation_id	ref_counts	var_counts	total_cn	VAF
chr1:45623891:C>T	220	24	2	0.09836065573770492
chr1:114716126:C>T	232	36	2	0.13432835820895522
chr1:152110816:C>G	650	61	2	0.08579465541490858
chr1:152111315:C>T	485	72	2	0.12926391382405744
chr1:152112751:C>T	516	52	2	0.09154929577464789
chr1:225406827:C>T	181	54	2	0.2297872340425532
chr1:241958089:C>T	410	35	2	0.07865168539325842
chr1:241958955:A>G	316	28	2	0.08139534883720931
chr12:112450406:G>A	364	23	2	0.059431524547803614
chr14:36663105:C>T	478	32	2	0.06274509803921569
chr15:67388976:T>G	130	117	2	0.47368421052631576
chr15:90875807:G>A	415	49	2	0.10560344827586207
chr16:1195440:C>T	125	103	2	0.4517543859649123
chr19:6682216:G>T	158	33	2	0.17277486910994763
chr22:46260612:G>A	336	35	2	0.09433962264150944
chr3:139044527:C>A	510	46	2	0.08273381294964029
chr4:84604327:A>G	201	73	2	0.2664233576642336
chr4:121040011:T>A	183	78	2	0.2988505747126437
chr6:117538782:A>G	138	107	2	0.43673469387755104
chr7:101003197:G>A	61	12	2	0.1643835616438356
chr7:148172468:T>A	129	85	2	0.397196261682243
chr8:31640665:C>G	303	116	2	0.27684964200477324
chr9:38575539:C>T	150	60	2	0.2857142857142857
chr9:93317556:C>T	559	15	2	0.02613240418118467
chrX:19955465:G>A	507	52	2	0.09302325581395349
chrX:73849787:G>C	166	22	2	0.11702127659574468
chrX:153807291:C>A	371	35	2	0.08620689655172414
