mutation_id	ref_counts	var_counts	total_cn	VAF
chr1:235981674:C>T	410	61	2	0.12951167728237792
chr10:19327660:G>A	244	44	2	0.1527777777777778
chr12:64091335:->T	446	94	2	0.17407407407407408
chr12:100600468:C>T	416	87	2	0.17296222664015903
chr12:121819862:G>A	483	61	2	0.11213235294117647
chr14:73261240:G>A	620	33	2	0.05053598774885146
chr14:106592676:T>GGC	36	9	0	0.2
chr14:106627251:->TCTTGGGTCTCCCCTC	68	25	1	0.26881720430107525
chr14:106714682:TCTCTCGCA>GAAG	57	31	2	0.3522727272727273
chr15:54265416:A>T	249	113	2	0.31215469613259667
chr16:50319998:C>T	233	159	2	0.40561224489795916
chr17:562730:C>T	258	37	2	0.12542372881355932
chr17:15314086:C>A	272	55	2	0.16819571865443425
chr2:88886153:T>C	31	68	2	0.6868686868686869
chr2:102024546:A>T	348	36	2	0.09375
chr2:206757370:T>A	286	25	2	0.08038585209003216
chr2:232549770:C>T	506	35	2	0.06469500924214418
chr3:45035727:A>G	410	270	2	0.39705882352941174
chr4:6289084:->CCCGCTGAA	469	43	2	0.083984375
chr6:75858902:A>G	145	43	2	0.22872340425531915
chr6:152974906:C>T	270	24	2	0.08163265306122448
