mutation_id	ref_counts	var_counts	total_cn	VAF
chr1:110198405:C>T	175	117	2	0.4006849315068493
chr1:114716127:C>T	421	31	2	0.06858407079646017
chr1:197125141:C>T	252	16	2	0.05970149253731343
chr13:28034180:T>G	231	19	2	0.076
chr14:31173663:->CTTTCC	262	153	2	0.3686746987951807
chr14:106592676:->G	153	93	2	0.3780487804878049
chr15:33870994:G>A	122	94	2	0.4351851851851852
chr17:32995681:G>T	232	182	2	0.4396135265700483
chr19:15253589:C>A	855	64	2	0.06964091403699674
chr19:52766286:->CC	216	139	2	0.39154929577464787
chr2:154709814:C>A	127	74	2	0.3681592039800995
chr3:7461627:C>G	493	16	2	0.03143418467583497
chr4:47558079:G>A	271	190	2	0.4121475054229935
chr4:68951536:C>A	288	12	2	0.04
chr4:186614273:G>A	142	93	2	0.39574468085106385
chr8:51408185:C>T	207	149	2	0.41853932584269665
chr8:85661556:G>T	1546	122	2	0.07314148681055156
chr9:122526562:G>A	264	174	2	0.3972602739726027
chrX:153580143:C>T	716	70	2	0.089058524173028
