mutation_id	ref_counts	var_counts	total_cn	VAF
chr1:24339744:C>T	178	124	2	0.4105960264900662
chr10:100354508:C>T	279	221	2	0.442
chr11:34136722:C>T	236	160	2	0.40404040404040403
chr12:95890884:G>A	140	107	2	0.4331983805668016
chr15:63057015:C>T	170	136	2	0.4444444444444444
chr18:27992817:G>T	168	128	2	0.43243243243243246
chr4:89113606:->GG	234	127	2	0.3518005540166205
chr5:179822993:G>A	198	159	2	0.44537815126050423
chr6:29555957:C>A	620	60	2	0.08823529411764706
chr6:157318811:C>T	309	247	2	0.4442446043165468
chr9:5078360:A>G	155	113	2	0.4216417910447761
chrX:81119814:C>T	18	284	2	0.9403973509933775
