mutation_id	ref_counts	var_counts	total_cn	VAF
chr1:11247642:C>T	158	167	4	0.5138461538461538
chr1:18840247:C>T	506	59	4	0.10442477876106195
chr1:114716127:C>T	200	182	4	0.47643979057591623
chr1:170055399:C>A	311	13	6	0.040123456790123455
chr1:218436110:C>T	224	239	6	0.5161987041036717
chr10:47368327:T>C	236	178	4	0.42995169082125606
chr10:88939539:C>A	221	31	4	0.12301587301587301
chr11:56318591:T>C	134	114	4	0.4596774193548387
chr12:49973469:G>A	264	212	4	0.44537815126050423
chr17:72123928:GGCGCCCCCGCAGCCGCAGGC>-	482	194	4	0.2869822485207101
chr17:76398472:C>T	144	72	4	0.3333333333333333
chr18:44953222:C>T	230	135	4	0.3698630136986301
chr2:186828177:G>T	243	14	4	0.054474708171206226
chr2:200812428:C>A	339	170	4	0.33398821218074654
chr22:35765465:G>A	136	36	4	0.20930232558139536
chr3:65379503:C>A	237	193	4	0.44883720930232557
chr4:6277523:C>T	666	24	4	0.034782608695652174
chr4:125487524:T>G	196	133	4	0.40425531914893614
chr5:140821956:C>T	301	180	4	0.37422037422037424
chrX:27747661:G>A	322	26	2	0.07471264367816093
chrX:123326124:A>G	330	21	2	0.05982905982905983
