mutation_id	ref_counts	var_counts	total_cn	VAF
chr1:64846697:->GGA	380	54	2	0.12442396313364056
chr13:30283652:T>G	412	22	2	0.05069124423963134
chr16:58115299:G>T	292	44	2	0.13095238095238096
chr18:80202823:G>A	349	52	2	0.12967581047381546
chr4:56314119:C>T	457	30	2	0.061601642710472276
chr8:143867709:C>G	664	82	2	0.10991957104557641
