mutation_id	ref_counts	var_counts	total_cn	VAF
chr1:174548016:C>A	108	70	2	0.39325842696629215
chr15:56394717:G>A	28	20	2	0.4166666666666667
chr16:633312:C>T	472	391	2	0.45307068366164543
chr16:24953017:G>C	247	192	2	0.43735763097949887
chr19:18141929:C>T	312	221	2	0.4146341463414634
chr2:185797198:A>T	70	44	2	0.38596491228070173
chr5:140802732:C>T	599	408	2	0.4051638530287984
chr5:141360527:C>T	370	29	2	0.07268170426065163
chr6:2948445:C>T	332	237	2	0.4165202108963093
chr6:96610620:G>C	231	166	2	0.4181360201511335
chr8:68331077:C>G	451	328	2	0.42105263157894735
chr8:120209791:G>A	170	142	2	0.4551282051282051
chr9:35300566:G>A	194	10	2	0.049019607843137254
chrX:19413445:G>T	130	75	2	0.36585365853658536
chrX:103713765:G>C	357	262	2	0.42326332794830374
