mutation_id	ref_counts	var_counts	total_cn	VAF
chr1:114716126:C>T	392	25	2	0.05995203836930456
chr1:152308583:C>T	276	42	2	0.1320754716981132
chr10:84225502:A>G	243	247	3	0.5040816326530613
chr11:55604366:T>G	139	20	2	0.12578616352201258
chr12:25245350:C>G	208	32	2	0.13333333333333333
chr12:64875443:G>A	354	184	2	0.3420074349442379
chr13:45587064:G>A	117	80	2	0.40609137055837563
chr16:3289449:C>T	279	128	2	0.3144963144963145
chr17:58598974:G>A	250	176	2	0.4131455399061033
chr18:12427043:C>T	558	42	4	0.07
chr19:50320671:G>A	600	94	2	0.13544668587896252
chr2:178605010:C>T	248	43	2	0.14776632302405499
chr22:36937808:C>T	496	107	2	0.17744610281923714
chr3:50358448:G>A	303	223	2	0.42395437262357416
chr4:76741004:G>A	568	148	2	0.20670391061452514
chr4:99652253:C>T	564	19	2	0.032590051457975985
chr5:891154:C>T	237	103	2	0.3029411764705882
chr5:9629973:C>T	159	20	2	0.11173184357541899
chr5:148827222:C>T	270	139	2	0.33985330073349634
chr5:157488477:G>A	181	85	2	0.31954887218045114
chr6:7356100:T>A	263	17	3	0.060714285714285714
chr6:28301950:C>T	404	39	3	0.08803611738148984
chr6:39586315:C>T	340	114	3	0.2511013215859031
chr6:56620285:C>T	330	54	3	0.140625
chr6:70156358:G>A	238	65	3	0.2145214521452145
chr7:4861763:C>T	474	110	2	0.18835616438356165
chrX:9932375:G>A	611	129	2	0.17432432432432432
chrX:48934765:G>A	564	87	2	0.1336405529953917
chrX:70605442:C>T	175	46	2	0.2081447963800905
chrX:74592842:->CC	282	53	2	0.1582089552238806
chrX:141906418:C>T	180	80	2	0.3076923076923077
