mutation_id	ref_counts	var_counts	total_cn	VAF
chr1:93550955:G>A	95	38	2	0.2857142857142857
chr12:10938888:T>C	534	29	2	0.05150976909413854
chr12:25245350:C>T	189	73	2	0.2786259541984733
chr21:29588976:A>G	446	82	4	0.1553030303030303
chr5:178986709:C>T	492	27	2	0.05202312138728324
chr7:86765607:C>T	178	25	2	0.12315270935960591
chr7:107791105:G>A	272	148	2	0.3523809523809524
chr8:52158923:T>C	147	77	2	0.34375
chrX:9896142:C>T	264	221	2	0.4556701030927835
