mutation_id	ref_counts	var_counts	total_cn	VAF
chr1:6235738:G>A	349	92	2	0.20861678004535147
chr1:86486685:G>A	284	65	2	0.18624641833810887
chr11:108121612:T>G	438	16	2	0.03524229074889868
chr12:49549481:C>T	453	21	2	0.04430379746835443
chr12:49796476:G>A	343	79	2	0.1872037914691943
chr12:55247975:C>T	192	55	2	0.22267206477732793
chr12:112450395:C>T	305	64	2	0.17344173441734417
chr12:116766896:C>G	259	11	2	0.040740740740740744
chr12:122981958:C>T	255	40	2	0.13559322033898305
chr13:33017017:C>T	616	22	2	0.034482758620689655
chr14:23388208:G>A	536	86	3	0.1382636655948553
chr14:24819311:C>T	378	73	3	0.16186252771618626
chr14:87949852:G>C	186	8	2	0.041237113402061855
chr15:74180183:C>T	544	28	2	0.04895104895104895
chr15:83268133:C>T	216	50	2	0.18796992481203006
chr16:31427807:C>T	524	15	2	0.027829313543599257
chr17:75502628:C>T	666	75	2	0.10121457489878542
chr18:14837280:G>A	214	28	2	0.11570247933884298
chr19:34454279:A>T	195	42	2	0.17721518987341772
chr19:50790675:C>T	265	59	2	0.18209876543209877
chr19:55857912:G>A	288	72	2	0.2
chr19:55954892:C>T	338	89	2	0.20843091334894615
chr2:89937508:G>A	388	31	2	0.07398568019093078
chr2:176092964:C>G	752	20	2	0.025906735751295335
chr2:178727168:C>T	420	13	2	0.03002309468822171
chr2:216160072:G>A	263	15	2	0.0539568345323741
chr21:21410380:G>C	330	38	3	0.10326086956521739
chr3:56641423:C>T	277	71	2	0.20402298850574713
chr3:93896586:C>G	176	12	2	0.06382978723404255
chr4:1961074:G>A	492	36	2	0.06818181818181818
chr4:23813934:C>T	370	85	2	0.18681318681318682
chr5:31299479:C>T	249	45	2	0.15306122448979592
chr5:57482622:C>T	408	61	2	0.1300639658848614
chr5:140877631:C>T	352	82	2	0.1889400921658986
chr5:168666542:C>T	460	75	2	0.14018691588785046
chr5:169883181:G>A	364	79	2	0.17832957110609482
chr6:36230441:G>A	232	48	2	0.17142857142857143
chr6:53128720:C>T	382	73	2	0.16043956043956045
chr6:75314827:C>T	360	75	2	0.1724137931034483
chr7:48471549:C>T	244	60	2	0.19736842105263158
chr7:152235817:C>A	177	48	2	0.21333333333333335
chr8:43013081:C>T	209	41	2	0.164
chr8:109382505:C>T	280	51	2	0.1540785498489426
chr8:143727081:G>A	678	150	2	0.18115942028985507
chrX:12716874:G>A	461	79	2	0.14629629629629629
chrX:21656126:G>A	650	127	2	0.16344916344916344
chrX:53573833:C>T	495	98	2	0.16526138279932545
chrX:70926593:C>A	363	57	2	0.1357142857142857
chrX:71224329:G>A	635	129	2	0.168848167539267
chrX:101883699:G>A	463	77	2	0.1425925925925926
