mutation_id	ref_counts	var_counts	total_cn	VAF
chr1:37718708:C>T	266	153	2	0.36515513126491644
chr11:1088073:G>A	360	14	2	0.0374331550802139
chr14:70978541:C>T	218	120	2	0.35502958579881655
chr14:106592669:CACTGTGTC>-	18	7	0	0.28
chr15:43698707:A>C	411	13	2	0.030660377358490566
chr16:795741:C>G	350	216	2	0.38162544169611307
chr18:10761088:G>C	167	95	2	0.36259541984732824
chr18:31458583:G>T	279	22	2	0.07308970099667775
chr19:18451611:C>T	251	144	2	0.36455696202531646
chr19:51081540:G>A	195	110	2	0.36065573770491804
chr2:43824347:C>A	188	113	2	0.3754152823920266
chr21:32325297:T>C	468	50	2	0.09652509652509653
chr3:100816745:G>A	366	19	2	0.04935064935064935
chr3:126642064:G>A	358	24	2	0.06282722513089005
chr3:129315563:A>C	650	34	2	0.049707602339181284
chr4:86784522:C>G	314	15	2	0.04559270516717325
chr5:60603402:G>A	126	80	2	0.3883495145631068
chr5:111484057:G>A	196	127	2	0.3931888544891641
chr7:81762756:G>T	241	116	2	0.32492997198879553
chrX:66172548:C>T	181	11	1	0.057291666666666664
