mutation_id	ref_counts	var_counts	total_cn	VAF
chr1:229269601:C>G	90	58	2	0.3918918918918919
chr10:35640548:G>A	954	76	2	0.07378640776699029
chr10:102367115:G>A	530	48	2	0.08304498269896193
chr12:112141182:C>G	447	37	2	0.07644628099173553
chr12:122206475:G>A	542	392	2	0.4197002141327623
chr13:42606631:C>T	252	19	2	0.07011070110701106
chr14:94563966:G>A	408	244	2	0.37423312883435583
chr14:106129537:GTGTCTCTT>CCCCCTCG	27	87	1	0.7631578947368421
chr16:20324016:C>T	459	254	2	0.35624123422159887
chr16:88856264:->G	718	393	2	0.35373537353735374
chr17:7847909:C>G	570	344	2	0.37636761487964987
chr17:45983217:G>A	720	438	2	0.37823834196891193
chr17:53823127:G>A	347	224	2	0.3922942206654991
chr17:83085159:T>A	770	458	2	0.3729641693811075
chr19:34460482:A>T	55	19	2	0.25675675675675674
chr19:45179527:G>T	842	568	2	0.40283687943262414
chr2:102508155:C>G	196	126	2	0.391304347826087
chr3:98498427:A>G	18	12	2	0.4
chr4:1961074:G>A	478	291	2	0.3784135240572172
chr4:41982717:G>A	669	115	2	0.14668367346938777
chr4:90308459:C>T	223	115	2	0.34023668639053256
chr5:102295977:->GACCC	373	185	2	0.33154121863799285
chr5:143282029:G>C	46	6	2	0.11538461538461539
chr6:149474416:->CCCT	582	283	2	0.32716763005780347
chr6:169226254:C>A	345	207	2	0.375
chr7:64991776:G>C	396	215	2	0.3518821603927987
chr8:22148655:G>A	531	331	2	0.3839907192575406
chr8:65627270:G>A	269	135	2	0.3341584158415842
chr8:74315521:C>T	756	512	2	0.4037854889589905
chr9:92310642:C>T	61	34	2	0.35789473684210527
chrX:7325425:G>C	560	340	2	0.37777777777777777
