mutation_id	ref_counts	var_counts	total_cn	VAF
chr10:6479071:G>A	608	17	2	0.0272
chr11:2407907:G>A	325	58	2	0.1514360313315927
chr17:50353689:C>G	515	78	2	0.1315345699831366
chr2:23562431:G>A	754	40	2	0.05037783375314862
chr2:115739803:G>T	201	162	2	0.4462809917355372
chr2:209995408:C>T	604	26	2	0.04126984126984127
chr22:23971570:G>A	414	22	2	0.05045871559633028
chr5:151566102:A>C	546	26	2	0.045454545454545456
chr6:118907455:T>C	241	101	2	0.2953216374269006
chr7:23762892:C>G	274	11	2	0.03859649122807018
chr7:27108071:G>C	816	40	2	0.04672897196261682
chr7:71420943:G>A	445	36	2	0.07484407484407485
chrX:57909064:C>T	410	28	1	0.0639269406392694
