mutation_id	ref_counts	var_counts	total_cn	VAF
chr10:79292259:CAGTGGCAGCAGCAGCAGCCACAGCTACAGCCACAGCCACGGCCA>-	346	175	2	0.33589251439539347
chr11:67421076:G>T	502	401	2	0.4440753045404208
chr12:44523439:G>C	148	132	2	0.4714285714285714
chr2:64455411:G>A	167	142	2	0.459546925566343
chr2:187385585:T>A	80	35	2	0.30434782608695654
chr20:51791889:C>T	278	229	2	0.4516765285996055
chr7:138869707:G>A	257	211	2	0.45085470085470086
