mutation_id	ref_counts	var_counts	total_cn	VAF
chr1:1964982:C>T	466	46	2	0.08984375
chr1:40304828:C>T	235	105	2	0.3088235294117647
chr1:231185113:A>G	483	29	2	0.056640625
chr10:133097002:G>A	369	20	2	0.05141388174807198
chr13:38689234:G>A	336	40	2	0.10638297872340426
chr14:19935931:C>T	501	61	2	0.10854092526690391
chr14:85622859:G>A	342	25	2	0.0681198910081744
chr16:81035899:C>G	208	10	2	0.045871559633027525
chr2:232894887:C>T	275	31	2	0.10130718954248366
chr20:62464911:G>T	304	101	2	0.24938271604938272
chr21:32412864:C>G	474	39	2	0.07602339181286549
chr6:35456295:C>T	307	128	2	0.2942528735632184
chr6:43040324:C>G	506	40	2	0.07326007326007326
chr7:6330738:G>A	339	37	2	0.09840425531914894
chr8:132101227:C>T	328	18	2	0.05202312138728324
chr9:137048769:G>A	383	173	2	0.31115107913669066
