mutation_id	ref_counts	var_counts	total_cn	VAF
chr1:13225826:C>T	532	113	2	0.17519379844961241
chr1:205832688:->GGGGCCAGGG	253	133	2	0.344559585492228
chr1:214376363:C>T	504	32	2	0.05970149253731343
chr10:67219761:T>C	215	179	2	0.4543147208121827
chr11:27658077:G>A	241	227	2	0.48504273504273504
chr12:45036083:C>T	232	186	2	0.4449760765550239
chr12:96015639:CAAA>-	308	185	2	0.3752535496957404
chr16:61652891:T>G	219	158	2	0.41909814323607425
chr17:11854111:C>T	294	168	2	0.36363636363636365
chr17:80108805:G>A	232	164	2	0.41414141414141414
chr18:47034435:G>A	275	176	2	0.3902439024390244
chr19:34431904:->CGGGC	168	61	2	0.2663755458515284
chr19:46230344:C>A	242	203	2	0.45617977528089887
chr2:130657050:C>T	399	332	2	0.454172366621067
chr2:218272750:G>A	170	128	2	0.42953020134228187
chr21:35048861:GT>-	181	152	2	0.45645645645645644
chr22:21634058:C>T	221	183	2	0.452970297029703
chr3:195779080:G>A	190	256	2	0.5739910313901345
chr4:56650729:C>T	420	26	2	0.05829596412556054
chr4:113358092:G>A	147	136	2	0.48056537102473496
chr4:117084306:T>A	221	148	2	0.4010840108401084
chr6:22570027:A>G	361	294	2	0.4488549618320611
chr6:121446863:G>A	178	90	2	0.3358208955223881
chr6:127514897:G>A	360	191	2	0.3466424682395644
chr8:66177331:C>T	881	38	2	0.041349292709466814
