mutation_id	ref_counts	var_counts	total_cn	VAF
chr1:23692705:C>T	252	59	2	0.18971061093247588
chr1:37752987:G>A	217	108	2	0.3323076923076923
chr1:47417136:C>T	515	29	2	0.05330882352941176
chr1:53038929:T>C	252	10	2	0.03816793893129771
chr1:54692539:C>T	163	97	2	0.3730769230769231
chr1:226639637:G>A	311	63	2	0.16844919786096257
chr1:231163577:C>T	633	144	2	0.18532818532818532
chr10:76891657:C>T	330	51	3	0.13385826771653545
chr11:94528083:G>C	134	20	2	0.12987012987012986
chr12:6775499:T>C	336	26	2	0.0718232044198895
chr12:32850907:G>A	352	25	2	0.06631299734748011
chr13:33118214:C>T	147	83	2	0.36086956521739133
chr14:76439466:C>T	635	111	3	0.1487935656836461
chr14:89162699:G>A	568	82	3	0.12615384615384614
chr15:33662886:G>A	376	38	2	0.09178743961352658
chr15:33838379:C>T	214	56	2	0.2074074074074074
chr16:2111405:C>T	393	105	2	0.21084337349397592
chr16:4813784:C>T	241	148	2	0.38046272493573263
chr16:67184399:C>T	267	145	2	0.35194174757281554
chr17:7674266:->GA	176	18	1	0.09278350515463918
chr17:66885028:G>A	439	74	3	0.1442495126705653
chr17:81122434:C>T	962	26	3	0.02631578947368421
chr19:5678563:C>T	256	57	2	0.18210862619808307
chr19:44613683:C>T	426	15	2	0.034013605442176874
chr19:50629419:C>T	476	26	2	0.05179282868525897
chr19:56814748:G>A	209	114	2	0.35294117647058826
chr2:89244784:CCA>-	28	28	2	0.5
chr2:165091255:C>T	256	85	2	0.24926686217008798
chr20:5302138:G>A	269	41	2	0.13225806451612904
chr20:63497719:G>A	194	91	2	0.3192982456140351
chr22:46262229:T>C	318	14	2	0.04216867469879518
chr3:64550980:C>T	380	88	2	0.18803418803418803
chr3:98390825:C>A	185	41	2	0.18141592920353983
chr4:24799737:C>T	850	60	3	0.06593406593406594
chr4:125406973:C>T	324	121	3	0.27191011235955054
chr6:163565961:C>T	176	15	2	0.07853403141361257
chr7:38276318:->CG	38	53	1	0.5824175824175825
chr7:122010880:G>A	304	15	2	0.047021943573667714
chr8:23706537:C>T	522	39	2	0.06951871657754011
chr8:27921953:G>A	639	52	2	0.07525325615050651
chr8:68709078:C>T	186	16	2	0.07920792079207921
chrX:27979960:A>C	167	123	2	0.4241379310344828
chrX:44844147:G>A	253	66	2	0.20689655172413793
chrX:53551417:C>T	207	174	2	0.4566929133858268
chrX:85379364:G>T	446	26	2	0.05508474576271186
