mutation_id	ref_counts	var_counts	total_cn	VAF
chr1:110518330:C>T	228	54	2	0.19148936170212766
chr1:114716127:C>A	332	56	2	0.14432989690721648
chr1:200586206:G>A	92	77	2	0.4556213017751479
chr12:25225628:C>T	96	39	2	0.28888888888888886
chr12:117272464:C>T	342	114	2	0.25
chr14:99231412:G>A	636	27	2	0.04072398190045249
chr19:19145890:G>C	461	176	2	0.27629513343799056
chr2:43224740:G>T	586	92	2	0.13569321533923304
chr2:74878875:C>T	348	50	2	0.12562814070351758
chr21:36245624:G>A	446	30	2	0.06302521008403361
chr3:47042655:->G	284	170	2	0.3744493392070485
chr5:177460670:T>C	242	78	2	0.24375
chr6:97085298:A>G	201	62	2	0.23574144486692014
chr6:109499060:G>C	207	37	2	0.15163934426229508
chr6:154442257:->CTTGGGGCC	202	34	2	0.1440677966101695
chr8:10924697:C>T	198	162	2	0.45
