mutation_id	ref_counts	var_counts	total_cn	VAF
chr1:37720451:A>G	318	129	2	0.28859060402684567
chr1:100105824:C>T	154	66	2	0.3
chr11:8730527:G>A	502	126	4	0.20063694267515925
chr12:130875617:C>T	138	57	3	0.2923076923076923
chr12:133057080:C>G	86	21	3	0.19626168224299065
chr13:20988968:C>T	301	161	2	0.3484848484848485
chr13:28018499:->GCCAGGGTC	117	25	2	0.176056338028169
chr18:5890694:C>T	478	150	3	0.23885350318471338
chr18:72794137:G>A	192	47	3	0.19665271966527198
chr4:73576723:G>A	133	26	3	0.16352201257861634
chr4:186156051:C>T	235	56	3	0.19243986254295534
chr6:89387411:A>G	218	50	3	0.1865671641791045
chr7:98988769:G>A	92	36	2	0.28125
chr8:63187008:G>A	399	124	3	0.23709369024856597
chr8:92005258:C>T	319	60	3	0.158311345646438
