mutation_id	ref_counts	var_counts	total_cn	VAF
chr1:1804503:C>G	457	21	2	0.043933054393305436
chr1:15933756:G>A	213	240	2	0.5298013245033113
chr1:152156214:G>A	286	241	2	0.4573055028462998
chr1:170971858:C>T	161	142	2	0.46864686468646866
chr1:235720864:G>A	90	64	2	0.4155844155844156
chr1:248061001:G>C	185	149	2	0.44610778443113774
chr10:29532721:G>C	206	173	2	0.45646437994722955
chr10:95214918:G>A	192	193	2	0.5012987012987012
chr11:1234579:G>A	292	198	2	0.40408163265306124
chr11:62519023:C>T	468	31	2	0.06212424849699399
chr12:109253025:G>C	190	163	2	0.46175637393767704
chr12:113469195:G>A	222	189	2	0.45985401459854014
chr12:121999746:G>A	206	8	2	0.037383177570093455
chr14:23379091:A>G	297	204	2	0.40718562874251496
chr14:106592675:->CCTCTCCA	114	16	2	0.12307692307692308
chr14:106639125:->CCC	78	82	2	0.5125
chr15:29124752:G>C	566	44	2	0.07213114754098361
chr16:52519465:G>A	342	38	2	0.1
chr16:84850614:G>T	195	146	2	0.4281524926686217
chr17:10455277:C>T	123	96	2	0.4383561643835616
chr17:59661452:C>T	256	21	2	0.07581227436823104
chr18:5891880:C>G	470	67	2	0.12476722532588454
chr19:35940631:C>T	601	56	2	0.0852359208523592
chr19:53212489:G>A	82	74	2	0.47435897435897434
chr2:174075446:G>C	58	59	2	0.5042735042735043
chr2:178608813:C>G	343	16	2	0.04456824512534819
chr21:21280613:G>C	140	9	2	0.06040268456375839
chr21:28970613:G>C	180	157	2	0.4658753709198813
chr21:44539945:G>C	1153	44	2	0.036758563074352546
chr3:10222752:C>T	442	55	2	0.11066398390342053
chr3:123300124:C>T	152	160	2	0.5128205128205128
chr4:1961074:G>A	176	185	2	0.5124653739612188
chr4:3767674:C>T	243	261	2	0.5178571428571429
chr4:73149031:G>A	264	26	2	0.0896551724137931
chr4:84786122:C>T	221	24	2	0.09795918367346938
chr4:122923157:G>C	189	140	2	0.425531914893617
chr4:185440700:C>T	34	20	2	0.37037037037037035
chr5:26885736:C>T	277	203	2	0.42291666666666666
chr6:26188872:C>G	231	188	2	0.4486873508353222
chr6:26199120:C>T	327	271	2	0.4531772575250836
chr6:26199780:C>T	252	185	2	0.4233409610983982
chr6:39310935:C>T	379	40	2	0.0954653937947494
chr6:64591711:C>G	310	30	2	0.08823529411764706
chr7:107683456:C>T	68	43	2	0.38738738738738737
chr7:117791523:G>C	249	209	2	0.45633187772925765
chr8:30744369:C>T	523	18	2	0.033271719038817
chr8:99511488:G>A	71	86	2	0.5477707006369427
chr9:33071839:C>G	316	52	2	0.14130434782608695
chr9:110408023:C>G	263	226	2	0.4621676891615542
chr9:130872197:C>T	131	90	2	0.4072398190045249
chrX:133027555:C>T	260	36	2	0.12162162162162163
