mutation_id	ref_counts	var_counts	total_cn	VAF
chr1:8324446:CA>-	369	139	2	0.2736220472440945
chr1:205169593:G>A	175	91	2	0.34210526315789475
chr10:50129743:A>G	574	168	3	0.22641509433962265
chr12:25245350:C>T	195	65	2	0.25
chr14:20802018:C>A	590	42	4	0.06645569620253164
chr14:23422254:G>A	597	161	4	0.21240105540897097
chr14:44505535:C>G	488	132	4	0.2129032258064516
chr14:53950489:G>A	1061	72	4	0.06354810238305383
chr17:41818457:G>T	462	158	3	0.25483870967741934
chr19:44522750:G>A	223	131	2	0.3700564971751412
chr22:21031248:G>A	370	213	2	0.3653516295025729
chr4:72315968:G>A	181	39	3	0.17727272727272728
chr4:109694621:T>C	346	165	3	0.32289628180039137
chr5:41069709:C>T	54	16	2	0.22857142857142856
chr6:138378084:G>C	378	117	3	0.23636363636363636
chr7:48043572:G>A	266	92	2	0.2569832402234637
chr7:99011061:G>A	141	87	2	0.3815789473684211
