mutation_id	ref_counts	var_counts	total_cn	VAF
chr1:46272753:G>A	128	117	2	0.4775510204081633
chr1:54014285:C>T	178	160	2	0.47337278106508873
chr1:62253141:C>T	183	118	2	0.3920265780730897
chr10:27413346:C>T	347	279	4	0.44568690095846647
chr10:90918971:G>A	362	104	4	0.22317596566523606
chr11:1108553:C>T	143	91	2	0.3888888888888889
chr12:49027001:G>A	230	202	2	0.4675925925925926
chr12:123916533:G>A	228	201	2	0.46853146853146854
chr16:83217449:C>T	182	128	2	0.4129032258064516
chr17:47709285:A>G	416	191	3	0.31466227347611203
chr17:82830700:C>T	425	153	3	0.2647058823529412
chr19:1806138:C>T	422	24	2	0.053811659192825115
chr19:18427898:C>T	191	152	2	0.44314868804664725
chr20:52084905:G>A	203	174	2	0.46153846153846156
chr3:48409381:A>G	172	140	2	0.44871794871794873
chr3:69181684:C>T	121	81	2	0.400990099009901
chr4:15962829:G>A	379	165	3	0.30330882352941174
chr4:105942621:G>A	383	174	3	0.3123877917414722
chr4:182800049:T>A	361	145	3	0.2865612648221344
chr5:141215860:G>A	383	237	2	0.38225806451612904
chr7:44535923:G>A	106	79	2	0.42702702702702705
chr8:13393656:A>G	126	127	2	0.5019762845849802
chr8:143707409:G>A	604	20	2	0.03205128205128205
