mutation_id	ref_counts	var_counts	total_cn	VAF
chr1:114716126:C>T	226	47	2	0.17216117216117216
chr10:101834359:T>G	369	125	3	0.25303643724696356
chr11:6846414:A>C	214	144	2	0.4022346368715084
chr11:125921293:C>T	306	157	2	0.3390928725701944
chr12:120356953:G>A	263	137	2	0.3425
chr14:23400285:G>T	393	56	3	0.12472160356347439
chr14:33797542:G>A	291	108	3	0.2706766917293233
chr14:73946359:C>T	309	132	3	0.29931972789115646
chr17:32659310:C>T	446	17	3	0.0367170626349892
chr18:7231813:G>A	255	163	2	0.38995215311004783
chr19:42321183:C>T	352	22	2	0.058823529411764705
chr2:55917693:G>A	224	60	2	0.2112676056338028
chr2:98587605:G>A	135	98	2	0.4206008583690987
chr4:51899287:A>G	154	16	3	0.09411764705882353
chr4:61948103:T>G	258	51	3	0.1650485436893204
chr5:140796499:C>T	490	243	2	0.3315143246930423
chr8:21750606:C>T	243	36	2	0.12903225806451613
