mutation_id	ref_counts	var_counts	total_cn	VAF
chr1:215965395:T>C	274	168	2	0.38009049773755654
chr11:9816883:C>T	258	111	2	0.3008130081300813
chr14:29624252:T>A	135	49	2	0.266304347826087
chr16:28362778:A>G	488	131	2	0.21163166397415187
chr19:5222915:G>A	398	58	2	0.12719298245614036
chr19:22391583:C>A	218	65	2	0.22968197879858657
chr19:55304645:G>A	306	128	2	0.29493087557603687
chr8:68521882:C>T	348	98	2	0.21973094170403587
chr9:37002722:G>A	147	147	1	0.5
chr9:91717307:C>T	400	106	3	0.20948616600790515
chrX:14845196:C>T	312	190	2	0.3784860557768924
chrX:41184588:T>C	356	156	2	0.3046875
chrX:153691993:G>A	192	52	2	0.21311475409836064
