mutation_id	ref_counts	var_counts	total_cn	VAF
chr1:118101820:T>A	479	166	2	0.25736434108527134
chr1:176864359:C>T	282	86	2	0.23369565217391305
chr1:235993766:G>A	848	93	2	0.09883103081827843
chr11:804256:C>T	531	109	2	0.1703125
chr11:2699799:C>T	627	229	2	0.2675233644859813
chr11:66042575:C>T	467	231	2	0.330945558739255
chr14:104942039:G>T	631	151	3	0.19309462915601022
chr14:106627239:CCTCACTGTGTCTCTCG>TGGGGAGGGC	133	172	2	0.5639344262295082
chr16:55823657:C>-	742	130	2	0.14908256880733944
chr16:81362515:A>T	280	49	2	0.14893617021276595
chr17:18977753:G>T	531	111	2	0.17289719626168223
chr2:84604367:C>T	252	48	2	0.16
chr20:46057242:C>T	441	79	2	0.1519230769230769
chr22:36293346:C>T	241	150	2	0.3836317135549872
chr5:33936915:G>A	663	130	2	0.16393442622950818
chr5:51387551:C>T	374	160	2	0.299625468164794
chr5:56116757:C>A	190	157	2	0.45244956772334294
chr5:75611785:G>C	337	308	2	0.47751937984496123
chr6:35295191:G>A	214	157	2	0.42318059299191374
chr7:101003470:G>A	597	105	2	0.14957264957264957
chr9:110800980:A>T	162	61	2	0.273542600896861
