mutation_id	ref_counts	var_counts	total_cn	VAF
chr1:145686682:T>C	22	18	2	0.45
chr12:25245350:C>T	189	104	2	0.35494880546075086
chr12:109185702:G>A	244	172	2	0.41346153846153844
chr16:70474863:C>T	213	226	2	0.5148063781321185
chr19:43718849:G>A	328	223	2	0.4047186932849365
chr19:55497974:T>C	297	222	2	0.4277456647398844
chr4:20553897:G>A	178	151	2	0.45896656534954405
chr5:83553432:C>T	211	157	2	0.4266304347826087
chr5:177441772:G>A	267	205	2	0.4343220338983051
chr7:87381942:C>T	173	21	2	0.10824742268041238
chr8:13100765:G>A	263	24	2	0.08362369337979095
chrX:66200685:G>C	560	236	3	0.2964824120603015
