mutation_id	ref_counts	var_counts	total_cn	VAF
chr1:13344314:T>-	278	63	2	0.18475073313782991
chr10:100978939:G>C	278	129	2	0.31695331695331697
chr13:19178310:G>A	225	109	2	0.3263473053892216
chr13:20085913:->CCTC	264	55	2	0.1724137931034483
chr13:102738021:C>A	622	41	3	0.06184012066365008
chr14:89984602:T>G	450	16	2	0.034334763948497854
chr15:45147948:T>G	398	20	2	0.04784688995215311
chr15:71009889:C>G	217	78	2	0.26440677966101694
chr19:50475395:C>G	289	162	2	0.35920177383592017
chr19:56816748:C>T	330	123	2	0.271523178807947
chr2:102451944:G>A	337	83	2	0.1976190476190476
chr3:54764326:G>C	312	73	2	0.18961038961038962
chr3:56435005:C>T	128	72	2	0.36
chr3:155893616:C>G	446	23	2	0.04904051172707889
chr3:193311917:T>A	214	76	2	0.2620689655172414
chr4:68537835:T>A	101	96	2	0.4873096446700508
chr5:24511347:C>T	207	115	2	0.35714285714285715
chr5:159320493:G>A	158	107	2	0.4037735849056604
chr5:176877259:G>T	516	22	2	0.040892193308550186
chr6:30604655:C>G	583	74	2	0.1126331811263318
chr6:160633782:A>C	890	130	2	0.12745098039215685
chr7:100992823:T>A	618	272	2	0.3056179775280899
chr7:117222959:A>G	181	118	2	0.39464882943143814
chr8:37838957:A>G	246	191	2	0.43707093821510296
chr8:104491204:C>T	215	208	2	0.491725768321513
chr9:14842611:A>G	189	121	2	0.3903225806451613
chr9:135933504:T>G	179	125	2	0.41118421052631576
chrX:124333932:C>G	196	25	1	0.11312217194570136
chrX:130028817:A>T	30	132	1	0.8148148148148148
