mutation_id	ref_counts	var_counts	total_cn	VAF
chr1:40239542:G>A	402	24	2	0.056338028169014086
chr1:55146100:C>G	284	21	2	0.06885245901639345
chr10:59252980:C>G	282	16	2	0.053691275167785234
chr12:91108956:G>A	175	52	2	0.2290748898678414
chr14:31175039:G>A	452	36	2	0.07377049180327869
chr16:16255728:C>T	424	18	2	0.04072398190045249
chr17:36195367:G>T	408	67	2	0.14105263157894737
chr17:42554816:C>G	924	32	2	0.03347280334728033
chr19:9381145:C>T	469	20	2	0.0408997955010225
chr19:35896458:G>A	346	140	2	0.2880658436213992
chr2:141015857:C>G	374	97	2	0.2059447983014862
chr2:202981583:C>G	294	14	2	0.045454545454545456
chr2:210599415:C>T	378	11	2	0.028277634961439587
chr9:13138146:G>A	174	21	2	0.1076923076923077
chrX:145822696:C>G	292	15	1	0.048859934853420196
