mutation_id	ref_counts	var_counts	total_cn	VAF
chr1:74471259:G>T	388	12	2	0.03
chr1:77340447:G>T	362	47	2	0.11491442542787286
chr1:114713914:G>T	368	12	2	0.031578947368421054
chr1:155295435:->C	247	131	2	0.34656084656084657
chr10:24585577:G>A	217	192	2	0.46943765281173594
chr12:25227348:G>T	160	19	1	0.10614525139664804
chr16:10761384:C>A	174	13	2	0.06951871657754011
chr16:50227889:G>A	203	143	2	0.41329479768786126
chr17:3198091:C>T	132	115	2	0.46558704453441296
chr17:40665065:G>T	302	16	2	0.050314465408805034
chr18:5399231:C>A	223	153	2	0.40691489361702127
chr18:7231541:G>A	354	99	2	0.2185430463576159
chr18:63804573:T>C	262	215	2	0.45073375262054505
chr2:70287365:T>A	132	77	2	0.3684210526315789
chr2:90154561:TTAATAGTTACCCTCACACAGTGTTACAAACCC>CCGTAG	35	72	1	0.6728971962616822
chr2:102508114:C>A	327	95	2	0.22511848341232227
chr2:136114896:->GGGGGTTC	179	40	2	0.182648401826484
chr2:140501744:C>T	447	18	2	0.03870967741935484
chr20:20263035:C>T	213	158	2	0.42587601078167114
chr20:59944096:C>A	205	118	2	0.3653250773993808
chr4:99652098:C>T	284	273	2	0.49012567324955114
chr5:13758946:G>T	343	87	2	0.20232558139534884
chr6:56171037:C>A	138	8	2	0.0547945205479452
chrX:19965429:C>A	324	98	2	0.23222748815165878
