mutation_id	ref_counts	var_counts	total_cn	VAF
chr11:61485354:C>T	258	66	4	0.2037037037037037
chr14:106627248:->TC	52	50	2	0.49019607843137253
chr15:83011596:G>A	171	112	4	0.3957597173144876
chr17:822392:G>C	160	149	4	0.48220064724919093
chr19:7647232:C>T	396	46	4	0.10407239819004525
chr19:34454331:G>A	174	15	4	0.07936507936507936
chr2:74224957:G>A	216	35	4	0.1394422310756972
chr2:200885733:C>G	134	16	4	0.10666666666666667
chr3:3147513:C>T	213	25	4	0.10504201680672269
chr3:69119849:G>A	330	90	4	0.21428571428571427
chr6:56485463:T>A	245	46	7	0.15807560137457044
chr6:97041545:C>T	112	34	2	0.2328767123287671
chr7:90300050:A>G	97	15	4	0.13392857142857142
chr7:150803761:C>G	258	44	4	0.1456953642384106
