mutation_id	ref_counts	var_counts	total_cn	VAF
chr1:145960907:G>C	451	64	2	0.12427184466019417
chr1:150335159:C>G	205	117	2	0.36335403726708076
chr11:58439879:T>A	210	167	2	0.44297082228116713
chr11:124542992:G>T	460	18	2	0.03765690376569038
chr12:125650698:C>T	150	110	2	0.4230769230769231
chr17:40181623:G>A	210	83	3	0.2832764505119454
chr17:48964389:C>T	556	26	3	0.044673539518900345
chr19:43362110:C>A	144	126	2	0.4666666666666667
chr2:113406872:->TCCCGCC	84	22	2	0.20754716981132076
chr2:147918531:G>T	210	137	2	0.39481268011527376
chr2:214745095:G>A	264	18	2	0.06382978723404255
chr3:33375296:G>A	284	28	2	0.08974358974358974
chr4:41746018:G>A	181	14	2	0.07179487179487179
chr4:73987967:G>A	150	82	2	0.35344827586206895
chrX:21652400:A>C	242	150	2	0.3826530612244898
