mutation_id	ref_counts	var_counts	total_cn	VAF
chr1:21256087:C>T	338	23	2	0.06371191135734072
chr1:183237449:G>A	488	134	3	0.21543408360128619
chr12:7814396:C>T	404	31	2	0.07126436781609195
chr12:25245347:C>T	157	133	2	0.4586206896551724
chr12:100901679:G>A	183	150	2	0.45045045045045046
chr14:70730437:C>T	300	149	3	0.33184855233853006
chr14:94208529:C>T	337	145	3	0.3008298755186722
chr16:1209359:C>T	303	277	2	0.47758620689655173
chr17:7317493:C>T	442	21	3	0.04535637149028078
chr19:35879075:C>A	148	110	2	0.4263565891472868
chr2:167869319:C>T	215	186	2	0.46384039900249374
chr3:53745842:C>T	148	114	2	0.4351145038167939
chr3:146088709:G>A	79	88	2	0.5269461077844312
chr4:176727779:G>A	191	92	3	0.3250883392226148
chr6:3850597:C>T	423	213	3	0.33490566037735847
chr9:130430527:C>T	373	85	2	0.185589519650655
chr9:133449859:G>A	502	20	2	0.038314176245210725
chrX:141905993:C>A	372	160	2	0.3007518796992481
