mutation_id	ref_counts	var_counts	total_cn	VAF
chr1:53082149:G>C	221	61	4	0.21631205673758866
chr1:205918864:->A	390	67	6	0.14660831509846828
chr10:113901841:G>A	392	91	6	0.18840579710144928
chr11:67665579:C>T	527	147	4	0.21810089020771514
chr13:28028203:G>C	375	84	4	0.1830065359477124
chr14:20383601:C>T	506	79	6	0.13504273504273503
chr14:88479177:C>A	826	175	6	0.17482517482517482
chr14:91473271:->TGAA	385	55	6	0.125
chr14:100292518:G>A	717	159	6	0.1815068493150685
chr15:34982401:C>T	128	28	4	0.1794871794871795
chr17:3092837:G>A	577	105	6	0.15395894428152493
chr18:10759885:C>T	356	59	6	0.14216867469879518
chr18:78992378:G>A	931	222	6	0.19254119687771032
chr18:78992379:G>A	927	222	6	0.19321148825065274
chr2:80302605:T>G	588	154	4	0.20754716981132076
chr2:119625599:G>A	159	30	4	0.15873015873015872
chr4:69214436:C>A	81	9	4	0.1
chr4:69281185:A>G	52	10	4	0.16129032258064516
chr5:96394924:C>T	345	65	4	0.15853658536585366
chr5:141409172:G>A	294	59	4	0.1671388101983003
chr6:12749694:G>A	455	101	6	0.18165467625899281
chr7:107960453:->GAGA	231	31	4	0.1183206106870229
chr8:53939591:C>T	364	80	4	0.18018018018018017
