mutation_id	ref_counts	var_counts	total_cn	VAF
chr14:22490487:TGTGTATCTAACTTTG>CCT	33	79	2	0.7053571428571429
chr14:106627248:->CCCCTCGGA	38	30	2	0.4411764705882353
chr19:3618946:C>T	275	237	2	0.462890625
chr19:11248136:G>A	171	100	2	0.36900369003690037
chr2:90210529:->CC	156	79	2	0.33617021276595743
chr2:191836103:C>T	671	19	2	0.02753623188405797
chr2:199323872:G>T	250	188	2	0.4292237442922374
chr2:232458285:G>A	391	232	2	0.3723916532905297
chr21:38383755:T>C	339	221	2	0.39464285714285713
chr22:50744671:C>T	582	23	2	0.03801652892561983
chr3:125013963:C>T	194	149	2	0.43440233236151604
