mutation_id	ref_counts	var_counts	total_cn	VAF
chr1:228367929:G>A	613	34	2	0.05255023183925812
chr12:42446124:G>A	446	95	2	0.1756007393715342
chr12:52807741:G>A	443	15	2	0.03275109170305677
chr12:130437161:G>T	709	40	2	0.0534045393858478
chr13:32249544:C>T	290	47	2	0.1394658753709199
chr15:67828125:G>C	396	94	2	0.19183673469387755
chr15:88845840:G>A	568	41	2	0.06732348111658457
chr16:31219414:C>T	696	48	2	0.06451612903225806
chr18:46489087:G>A	259	163	2	0.3862559241706161
chr19:2790569:G>C	674	21	2	0.030215827338129497
chr2:9471389:C>A	201	24	2	0.10666666666666667
chr2:127701766:G>A	878	196	2	0.1824953445065177
chr3:49652053:C>T	436	122	2	0.21863799283154123
chr4:184009929:G>A	345	82	2	0.1920374707259953
chr5:40964812:A>G	453	26	2	0.054279749478079335
chr5:141194724:G>T	512	90	2	0.14950166112956811
chr5:146284722:T>G	250	20	2	0.07407407407407407
chr5:153705964:C>T	467	78	2	0.14311926605504588
chr6:160599651:C>G	206	8	2	0.037383177570093455
chr9:2643429:C>T	453	74	2	0.14041745730550284
chr9:70537172:T>C	545	25	2	0.043859649122807015
chrX:9895090:C>T	982	54	2	0.052123552123552123
chrX:22111529:G>A	450	15	2	0.03225806451612903
