mutation_id	ref_counts	var_counts	total_cn	VAF
chr1:27100567:C>G	230	156	2	0.40414507772020725
chr1:43439899:G>A	147	127	2	0.4635036496350365
chr10:45834019:A>T	155	72	2	0.31718061674008813
chr11:130462253:C>T	153	117	2	0.43333333333333335
chr13:102741990:C>G	145	84	2	0.36681222707423583
chr14:96240652:C>T	277	188	2	0.4043010752688172
chr15:40983776:G>C	167	99	2	0.37218045112781956
chr15:90265776:TTCGCGAC>-	426	144	2	0.25263157894736843
chr17:47708943:C>T	228	154	2	0.4031413612565445
chr19:11030816:C>T	358	178	2	0.332089552238806
chr19:42926563:C>T	371	261	2	0.4129746835443038
chr19:52155963:T>C	209	135	2	0.39244186046511625
chr2:88886153:->C	65	58	1	0.4715447154471545
chr2:164945606:C>G	166	92	2	0.35658914728682173
chr20:62332436:G>T	211	161	2	0.4327956989247312
chr22:44848951:C>T	218	102	2	0.31875
chr5:146340333:G>A	261	225	2	0.46296296296296297
chr6:56466174:G>A	226	89	2	0.28253968253968254
chr6:56526371:C>T	161	81	2	0.3347107438016529
chr7:31642812:C>T	294	154	2	0.34375
chr7:103486276:C>T	180	145	2	0.4461538461538462
chr8:68217667:C>T	271	174	2	0.39101123595505616
chr9:98782534:G>A	350	30	2	0.07894736842105263
chr9:133479007:T>C	356	232	2	0.3945578231292517
chrX:153420711:G>A	123	233	1	0.6544943820224719
