mutation_id	ref_counts	var_counts	total_cn	VAF
chr1:16029255:C>T	308	250	2	0.44802867383512546
chr1:114716126:C>T	313	105	2	0.2511961722488038
chr1:180031380:G>A	91	21	2	0.1875
chr1:225207109:C>T	76	47	2	0.3821138211382114
chr11:73234320:C>T	321	236	2	0.4236983842010772
chr12:24881323:->A	182	53	2	0.225531914893617
chr12:25245350:C>A	238	36	2	0.13138686131386862
chr12:57595957:C>T	247	185	2	0.42824074074074076
chr12:88102852:A>G	35	13	2	0.2708333333333333
chr13:37745947:C>T	39	37	2	0.4868421052631579
chr14:98716280:G>A	536	264	3	0.33
chr15:100341399:G>A	162	33	2	0.16923076923076924
chr17:35444743:A>-	309	64	2	0.17158176943699732
chr18:63637835:C>T	174	142	2	0.44936708860759494
chr2:77519060:G>A	136	82	2	0.3761467889908257
chr20:25774963:C>T	1146	184	2	0.13834586466165413
chr21:33027124:T>G	1249	200	4	0.13802622498274672
chr21:34707355:G>A	349	88	4	0.20137299771167047
chr3:99795140:A>G	405	74	2	0.1544885177453027
chr3:100609870:G>A	218	10	2	0.043859649122807015
chr3:125975619:G>A	345	68	2	0.16464891041162227
chr4:147542589:C>T	245	186	2	0.43155452436194897
chr5:96423363:C>T	323	57	2	0.15
chr5:136992531:T>A	434	38	2	0.08050847457627118
chr5:171785967:C>T	261	216	2	0.4528301886792453
chr6:79518792:G>A	316	90	3	0.22167487684729065
chr7:27147710:G>A	289	113	2	0.2810945273631841
chrX:153182741:C>T	721	79	3	0.09875
