mutation_id	ref_counts	var_counts	total_cn	VAF
chr1:114716127:C>T	181	141	2	0.43788819875776397
chr11:64349408:G>A	224	192	2	0.46153846153846156
chr12:51890837:G>A	353	322	2	0.47703703703703704
chr18:31131750:C>T	397	172	3	0.3022847100175747
chr19:12897776:C>T	228	208	2	0.47706422018348627
chr2:205499901:G>A	157	110	2	0.41198501872659177
chr22:27998714:C>T	560	22	2	0.037800687285223365
chr4:3767506:G>A	47	88	2	0.6518518518518519
chr5:141431501:C>T	266	197	2	0.42548596112311016
chr6:35120945:G>A	372	155	3	0.29411764705882354
chr6:121447721:G>A	704	29	3	0.03956343792633015
chr7:78072950:G>A	224	172	2	0.43434343434343436
chr8:10498626:G>A	140	89	2	0.388646288209607
chr9:90874710:T>A	405	14	2	0.03341288782816229
