mutation_id	ref_counts	var_counts	total_cn	VAF
chr1:114713907:T>G	270	131	2	0.3266832917705736
chr1:151326177:C>T	236	162	2	0.40703517587939697
chr11:55936046:C>A	220	112	2	0.3373493975903614
chr11:92835041:C>T	381	29	2	0.07073170731707316
chr12:4628460:C>T	149	74	2	0.33183856502242154
chr13:110205367:G>A	283	161	2	0.36261261261261263
chr14:106301392:GTGGTATCC>CCCAGG	225	112	2	0.3323442136498516
chr16:3745276:C>T	336	14	2	0.04
chr16:3767867:C>A	192	94	2	0.32867132867132864
chr17:40355363:C>T	552	20	2	0.03496503496503497
chr22:20991737:G>A	634	23	2	0.0350076103500761
chr5:140870942:G>C	307	205	2	0.400390625
chr8:27599924:T>C	414	20	2	0.04608294930875576
chrX:77574260:TTTCAT>GGCCA	26	69	1	0.7263157894736842
