mutation_id	ref_counts	var_counts	total_cn	VAF
chr1:114716126:C>T	218	67	2	0.23508771929824562
chr1:155921549:G>A	174	54	2	0.23684210526315788
chr10:125661071:C>T	168	38	2	0.18446601941747573
chr11:2608681:C>T	159	46	2	0.22439024390243903
chr11:17387630:G>A	223	63	2	0.2202797202797203
chr11:89295338:A>G	97	26	2	0.21138211382113822
chr11:118472435:C>T	232	62	2	0.2108843537414966
chr12:25225627:G>A	102	46	2	0.3108108108108108
chr12:49041950:->CTCCAGAG	212	38	2	0.152
chr12:49051411:->T	339	108	2	0.24161073825503357
chr16:3736714:A>T	232	94	2	0.2883435582822086
chr16:72959246:G>A	194	50	2	0.20491803278688525
chr17:36538415:->GGGGCCTTCCG	333	46	3	0.12137203166226913
chr17:41347118:C>T	392	85	3	0.17819706498951782
chr17:44176819:G>A	494	86	3	0.1482758620689655
chr18:33744867:C>T	329	47	3	0.125
chr19:17172927:G>A	168	165	2	0.4954954954954955
chr20:59194309:G>A	280	81	2	0.22437673130193905
chr20:64016765:C>T	131	137	2	0.5111940298507462
chr21:32748662:T>A	201	72	4	0.26373626373626374
chr3:146461853:G>A	135	34	2	0.20118343195266272
chr3:165189376:C>T	200	66	2	0.24812030075187969
chr3:183989238:C>T	88	28	2	0.2413793103448276
chr4:140911163:G>A	389	58	3	0.1297539149888143
chr4:186706620:G>A	335	39	3	0.10427807486631016
chr7:114426546:A>T	245	14	2	0.05405405405405406
chr7:147043992:C>A	294	24	2	0.07547169811320754
chr8:39729922:C>T	147	25	2	0.14534883720930233
chr9:103005181:G>T	281	82	2	0.22589531680440772
chrX:102749521:A>G	650	64	4	0.0896358543417367
