mutation_id	ref_counts	var_counts	total_cn	VAF
chr11:76206353:T>G	730	46	2	0.059278350515463915
chr11:123977185:G>A	544	91	2	0.14330708661417324
chr11:124872492:T>G	405	61	2	0.13090128755364808
chr12:47686870:G>T	352	24	2	0.06382978723404255
chr12:78119468:C>A	460	22	2	0.04564315352697095
chr14:104953568:C>T	567	62	2	0.0985691573926868
chr15:84827599:G>A	410	45	2	0.0989010989010989
chr15:89333174:->C	728	85	2	0.1045510455104551
chr16:30067576:->GGACC	568	51	2	0.08239095315024232
chr17:44123543:C>T	826	130	2	0.13598326359832635
chr19:10318235:G>A	449	28	2	0.05870020964360587
chr19:34428433:A>G	248	107	2	0.30140845070422534
chr20:63350753:TGT>-	435	134	2	0.23550087873462214
chr21:38445583:->AC	522	65	2	0.11073253833049404
chr21:45222190:C>T	501	59	2	0.10535714285714286
chr22:27797442:C>T	550	203	2	0.2695883134130146
chr22:37723425:C>A	607	87	2	0.12536023054755044
chr3:179809644:G>A	352	17	2	0.04607046070460705
chr4:13627510:C>T	310	16	2	0.049079754601226995
chr4:151649706:G>A	393	137	2	0.25849056603773585
chr5:141152103:T>A	1116	52	2	0.04452054794520548
chr6:55774194:A>C	449	46	2	0.09292929292929293
chr6:161166189:->G	589	67	2	0.10213414634146341
chr7:64015603:C>T	451	48	2	0.09619238476953908
chr9:14868836:T>A	360	114	2	0.24050632911392406
chrX:26193983:G>A	242	13	1	0.050980392156862744
