mutation_id	ref_counts	var_counts	total_cn	VAF
chr1:197061956:C>A	149	76	2	0.3377777777777778
chr12:105034392:C>A	224	107	2	0.32326283987915405
chr14:49834403:G>A	178	70	2	0.28225806451612906
chr17:19413393:G>T	246	171	2	0.41007194244604317
chr17:61961720:G>C	206	191	2	0.4811083123425693
chr19:4217388:C>T	489	387	2	0.4417808219178082
chr19:7126616:G>A	350	16	2	0.04371584699453552
chr19:8522730:G>A	647	50	2	0.07173601147776183
chr19:23223594:C>G	246	10	2	0.0390625
chr2:90100737:->TT	193	84	2	0.30324909747292417
chr2:167247112:A>G	140	91	2	0.3939393939393939
chr22:41177091:A>T	333	240	2	0.418848167539267
chr3:53808739:C>T	503	30	2	0.05628517823639775
chr5:141209446:T>C	195	21	1	0.09722222222222222
chr5:143314029:T>C	156	12	1	0.07142857142857142
chr6:64886697:C>A	321	22	2	0.0641399416909621
chr9:94101713:C>T	466	24	2	0.04897959183673469
chr9:135771019:G>A	345	242	2	0.4122657580919932
chrX:22090465:G>A	243	130	2	0.3485254691689008
chrX:83874313:T>A	190	132	2	0.40993788819875776
chrX:102654427:A>G	380	220	2	0.36666666666666664
