mutation_id	ref_counts	var_counts	total_cn	VAF
chr1:24075462:G>C	192	34	4	0.1504424778761062
chr1:152351184:T>C	270	120	4	0.3076923076923077
chr1:207466775:G>C	427	20	4	0.0447427293064877
chr10:49326523:C>T	480	106	4	0.18088737201365188
chr13:25559004:C>T	138	100	4	0.42016806722689076
chr14:24150807:G>T	494	54	4	0.09854014598540146
chr17:47916797:G>A	461	15	4	0.031512605042016806
chr19:16907091:C>T	304	34	4	0.10059171597633136
chr2:113406869:CA>-	91	55	4	0.3767123287671233
chr2:195809746:G>A	115	52	4	0.31137724550898205
chr20:31845136:G>A	355	329	4	0.48099415204678364
chr4:148194779:G>A	275	36	4	0.1157556270096463
chr4:185459056:T>G	129	5	4	0.03731343283582089
chr5:896762:T>A	187	25	4	0.1179245283018868
chr5:157651544:G>A	293	298	4	0.5042301184433164
chr7:12523043:G>T	153	145	4	0.4865771812080537
chr7:151040582:G>A	217	205	4	0.48578199052132703
chr8:54739011:C>T	142	88	4	0.3826086956521739
chr9:12704539:C>A	181	75	4	0.29296875
chr9:100327841:G>A	175	29	3	0.14215686274509803
chrX:107982017:C>G	130	161	2	0.5532646048109966
