mutation_id	ref_counts	var_counts	total_cn	VAF
chr1:146976964:G>C	193	44	2	0.18565400843881857
chr1:156927236:C>A	368	123	2	0.2505091649694501
chr1:172465339:C>T	211	176	2	0.45478036175710596
chr10:69631785:C>T	493	165	2	0.2507598784194529
chr10:112160764:T>C	540	21	2	0.0374331550802139
chr11:26598372:C>A	137	108	2	0.44081632653061226
chr11:58527571:G>A	373	249	2	0.4003215434083601
chr11:75193402:G>A	165	255	1	0.6071428571428571
chr12:10909151:T>A	400	313	2	0.43899018232819076
chr12:11853425:->GG	240	126	2	0.3442622950819672
chr15:90876991:C>T	340	62	2	0.15422885572139303
chr16:3243473:T>C	599	24	2	0.038523274478330656
chr16:68801744:G>T	288	199	2	0.4086242299794661
chr16:74923961:G>A	283	118	2	0.2942643391521197
chr17:63826131:C>T	185	153	2	0.4526627218934911
chr2:86491272:A>T	145	138	2	0.4876325088339223
chr2:90173414:->AA	65	114	1	0.6368715083798883
chr2:132161668:G>A	205	127	2	0.3825301204819277
chr2:233636550:G>A	212	168	2	0.4421052631578947
chr20:44480194:G>T	628	52	2	0.07647058823529412
chr3:119706841:C>A	296	101	2	0.25440806045340053
chr4:76740419:C>T	352	274	2	0.43769968051118213
chr5:115963295:C>T	184	142	2	0.43558282208588955
chr5:155016937:A>C	492	18	2	0.03529411764705882
chr6:31577158:G>A	470	384	2	0.4496487119437939
chr7:2632053:C>G	271	207	2	0.4330543933054393
chr8:41308718:C>A	630	51	2	0.07488986784140969
chr8:112263693:C>G	245	339	3	0.5804794520547946
chr8:113098826:A>T	648	49	3	0.0703012912482066
chr9:39085769:C>T	56	177	2	0.759656652360515
chr9:135770436:C>T	195	160	2	0.4507042253521127
chrX:34943034:C>T	394	346	2	0.46756756756756757
chrX:103274326:C>A	499	181	2	0.2661764705882353
