mutation_id	ref_counts	var_counts	total_cn	VAF
chr1:19115473:C>T	170	82	2	0.3253968253968254
chr1:24157209:T>C	262	144	2	0.35467980295566504
chr11:8730829:C>T	341	138	2	0.2881002087682672
chr15:51719468:->GCCCT	246	51	2	0.1717171717171717
chr16:3738616:C>T	198	43	2	0.17842323651452283
chr19:4818347:C>T	142	66	2	0.3173076923076923
chr20:18315997:C>T	271	116	2	0.2997416020671835
chr3:40400975:G>A	164	68	2	0.29310344827586204
chr3:130571367:C>A	159	51	2	0.24285714285714285
chr4:25676271:A>G	480	105	4	0.1794871794871795
chr4:47558230:C>T	321	84	4	0.2074074074074074
chr4:78267259:C>T	246	54	4	0.18
chr4:107931822:C>T	722	27	4	0.036048064085447265
chr6:54137194:G>A	470	79	4	0.14389799635701275
chr7:122011455:C>T	399	20	2	0.0477326968973747
chrX:48902313:G>A	527	150	5	0.22156573116691286
