mutation_id	ref_counts	var_counts	total_cn	VAF
chr1:109251181:G>C	296	186	2	0.38589211618257263
chr10:58800221:T>C	307	32	2	0.0943952802359882
chr11:118203441:C>T	154	104	2	0.40310077519379844
chr13:27569132:G>A	270	217	2	0.4455852156057495
chr18:68897317:G>A	159	127	2	0.44405594405594406
chr20:21348411:G>A	188	69	2	0.26848249027237353
chr5:174729220:G>A	463	55	2	0.10617760617760617
chr9:101475948:G>A	290	205	2	0.41414141414141414
chr9:132240985:C>T	951	62	2	0.06120434353405726
chrX:27461847:C>A	14	150	1	0.9146341463414634
