mutation_id	ref_counts	var_counts	total_cn	VAF
chr1:114716123:C>T	254	66	2	0.20625
chr11:94380492:C>A	231	79	2	0.25483870967741934
chr11:121137782:C>T	193	73	2	0.2744360902255639
chr12:103705680:C>T	182	24	2	0.11650485436893204
chr14:93580283:C>A	487	22	3	0.043222003929273084
chr15:48249575:C>T	135	33	2	0.19642857142857142
chr17:32050051:G>A	24	6	3	0.2
chr20:20288722:C>T	131	81	2	0.38207547169811323
chr22:19041920:C>T	182	76	2	0.29457364341085274
chr3:75737110:C>T	184	24	2	0.11538461538461539
chr5:181241631:G>A	193	20	2	0.09389671361502347
chr7:101038884:T>C	174	17	2	0.08900523560209424
