mutation_id	ref_counts	var_counts	total_cn	VAF
chr1:114713909:G>T	186	66	2	0.2619047619047619
chr2:71202518:G>A	324	54	2	0.14285714285714285
chr20:3230813:C>T	222	62	2	0.21830985915492956
chr8:14108221:C>T	180	64	2	0.26229508196721313
chrX:91835553:G>A	372	104	3	0.2184873949579832
