mutation_id	ref_counts	var_counts	total_cn	VAF
chr1:96813343:C>T	193	70	4	0.2661596958174905
chr1:117938551:G>A	118	49	4	0.2934131736526946
chr1:152110069:ATTGC>TCCCCAG	492	73	6	0.12920353982300886
chr1:161505497:->C	286	74	6	0.20555555555555555
chr10:59245226:G>A	344	103	6	0.23042505592841164
chr10:96949289:G>A	188	39	6	0.17180616740088106
chr12:112450406:G>A	219	103	4	0.3198757763975155
chr12:130361218:C>T	239	88	4	0.2691131498470948
chr15:48168760:G>A	200	59	4	0.2277992277992278
chr17:28344517:G>T	368	103	6	0.21868365180467092
chr17:41502548:G>A	354	105	6	0.22875816993464052
chr17:66177017:C>T	259	91	6	0.26
chr19:32439819:G>C	164	65	4	0.2838427947598253
chr19:41585495:G>A	263	92	4	0.2591549295774648
chr2:113406871:TT>-	136	61	4	0.3096446700507614
chr2:195872267:G>A	102	39	4	0.2765957446808511
chr2:219057497:C>T	314	122	4	0.2798165137614679
chr3:183762183:TG>-	288	90	4	0.23809523809523808
chr4:4197975:C>T	306	74	6	0.19473684210526315
chr4:118053948:G>A	137	109	6	0.44308943089430897
chr4:176711644:C>T	190	52	6	0.21487603305785125
chr4:186709285:G>A	365	111	6	0.23319327731092437
chr6:39901450:G>A	334	65	6	0.16290726817042606
chr7:5390359:AAAAAAA>-	133	52	4	0.2810810810810811
chr7:76510760:C>T	622	174	6	0.2185929648241206
chr7:101035102:C>T	282	78	6	0.21666666666666667
chr9:122789438:G>A	283	83	4	0.226775956284153
chrX:27463146:T>A	276	25	4	0.08305647840531562
