mutation_id	ref_counts	var_counts	total_cn	VAF
chr11:69810581:G>A	452	202	2	0.308868501529052
chr15:83151267:G>A	253	177	2	0.4116279069767442
chr16:1763678:T>C	252	171	2	0.40425531914893614
chr18:65859822:A>C	99	72	2	0.42105263157894735
chr22:25029390:C>T	284	221	2	0.4376237623762376
chr6:125759593:G>A	414	360	2	0.46511627906976744
chr7:55146711:C>A	233	152	2	0.3948051948051948
chr9:124500709:C>T	332	82	2	0.19806763285024154
chrX:91878300:C>A	301	431	3	0.5887978142076503
chrX:100585346:C>T	394	148	3	0.2730627306273063
