mutation_id	ref_counts	var_counts	total_cn	VAF
chr1:15929387:->A	202	174	2	0.4627659574468085
chr10:122593596:C>G	88	20	2	0.18518518518518517
chr11:124440295:G>T	393	43	2	0.09862385321100918
chr19:38201983:C>T	185	147	2	0.4427710843373494
chr3:21511012:C>T	133	90	2	0.40358744394618834
