mutation_id	ref_counts	var_counts	total_cn	VAF
chr1:202348912:G>C	472	326	2	0.40852130325814534
chr1:204198468:G>A	226	160	2	0.41450777202072536
chr17:7352892:G>C	256	215	2	0.4564755838641189
chr18:7567821:G>A	536	29	2	0.05132743362831858
chr19:16762041:->CC	325	187	2	0.365234375
chr19:40322013:C>T	253	200	2	0.44150110375275936
chr2:89937680:C>-	20	52	2	0.7222222222222222
chr2:100395605:G>A	314	29	2	0.08454810495626822
chr2:135228004:C>G	167	9	2	0.05113636363636364
chr2:232407915:G>A	331	280	2	0.4582651391162029
chr3:38613815:C>T	350	12	2	0.03314917127071823
chr4:122324456:G>A	157	81	2	0.3403361344537815
chr5:148665495:C>T	223	101	2	0.3117283950617284
chr6:7576382:C>T	225	125	2	0.35714285714285715
chr7:103322747:G>A	97	23	2	0.19166666666666668
chr9:92522732:G>T	358	32	2	0.08205128205128205
chr9:127506848:G>C	360	35	2	0.08860759493670886
chrX:48482600:G>A	309	199	2	0.39173228346456695
chrX:73214093:G>C	462	18	2	0.0375
