mutation_id	ref_counts	var_counts	total_cn	VAF
chr1:2030217:C>T	412	172	2	0.2945205479452055
chr1:10639918:C>T	291	240	2	0.4519774011299435
chr1:207523901:G>T	181	42	2	0.18834080717488788
chr10:68959914:G>A	194	31	3	0.13777777777777778
chr11:22685707:A>G	143	42	2	0.22702702702702704
chr12:25225627:G>A	100	13	2	0.11504424778761062
chr13:28034129:TATTCTCTGAA>GG	173	53	2	0.2345132743362832
chr16:89281367:C>T	466	185	2	0.28417818740399386
chr17:11617512:C>T	700	185	3	0.20903954802259886
chr17:44152648:T>A	337	80	3	0.19184652278177458
chr18:7949274:C>T	416	105	3	0.20153550863723607
chr19:33081224:G>A	548	32	2	0.05517241379310345
chr2:47410295:C>G	338	28	2	0.07650273224043716
chr3:13618263:C>T	250	109	2	0.30362116991643456
chr3:38006571:G>A	382	379	2	0.4980289093298292
chr3:109005230:C>T	135	107	2	0.44214876033057854
chr8:38210277:G>C	206	11	2	0.05069124423963134
chr9:130422625:G>A	514	154	3	0.23053892215568864
