mutation_id	ref_counts	var_counts	total_cn	VAF
chr1:114716126:C>T	60	297	4	0.8319327731092437
chr1:170992328:C>T	47	89	4	0.6544117647058824
chr1:171016196:C>T	110	97	4	0.46859903381642515
chr11:2164301:G>A	244	198	4	0.4479638009049774
chr11:79069870:C>T	276	247	4	0.4722753346080306
chr12:138608:C>T	524	25	4	0.04553734061930783
chr12:70571129:->AAAAACC	214	125	4	0.3687315634218289
chr12:95533896:G>A	183	153	4	0.45535714285714285
chr13:45713672:C>T	434	20	4	0.04405286343612335
chr13:94612247:C>T	352	18	4	0.04864864864864865
chr14:24157611:C>A	431	126	9	0.22621184919210055
chr14:74357665:C>T	793	157	8	0.16526315789473683
chr16:1448370:A>G	155	71	4	0.3141592920353982
chr16:1448371:T>A	156	72	4	0.3157894736842105
chr16:87926865:C>T	198	183	4	0.48031496062992124
chr17:66223718:G>A	337	119	6	0.26096491228070173
chr18:3879678:G>A	276	225	4	0.4491017964071856
chr18:61554398:C>T	328	155	4	0.32091097308488614
chr18:74631644:A>G	177	150	4	0.45871559633027525
chr2:163611200:G>A	386	27	4	0.06537530266343826
chr2:240949082:C>T	375	22	4	0.055415617128463476
chr21:46003837:G>A	829	268	8	0.24430264357338194
chr3:47267032:->G	237	79	4	0.25
chr3:77481219:G>T	88	80	4	0.47619047619047616
chr4:125468792:C>T	326	16	6	0.04678362573099415
chr6:44139558:G>A	469	206	6	0.30518518518518517
chr6:95586623:C>T	145	27	6	0.1569767441860465
chr7:43444752:C>T	433	205	4	0.3213166144200627
chr7:126446103:C>T	121	107	4	0.4692982456140351
chr9:4118869:C>T	152	85	4	0.35864978902953587
chr9:122849809:T>-	194	61	4	0.23921568627450981
chr9:138025111:C>A	422	24	4	0.053811659192825115
chrX:3311362:C>A	1132	38	8	0.03247863247863248
chrX:78657857:G>A	787	120	8	0.13230429988974643
chrX:103063256:G>T	426	112	8	0.20817843866171004
chrX:124100573:G>A	125	15	8	0.10714285714285714
chrX:124333049:C>T	515	134	8	0.20647149460708783
