mutation_id	ref_counts	var_counts	total_cn	VAF
chr1:154708000:C>T	280	58	4	0.17159763313609466
chr14:106627248:->CTT	78	26	2	0.25
chr17:11699738:G>A	248	19	4	0.07116104868913857
chr3:38306378:C>G	560	16	4	0.027777777777777776
chr6:63280238:A>G	362	41	4	0.10173697270471464
chr8:138821317:C>T	270	154	4	0.3632075471698113
chr9:66988556:A>T	580	76	4	0.11585365853658537
chrX:55026009:T>A	512	79	6	0.13367174280879865
chrX:101413158:C>T	570	63	6	0.0995260663507109
