mutation_id	ref_counts	var_counts	total_cn	VAF
chr11:2668275:A>T	262	210	2	0.4449152542372881
chr11:117290627:C>T	295	164	2	0.3572984749455338
chr13:28034150:->AATCTTCTG	216	63	2	0.22580645161290322
chr13:114015218:G>A	433	46	2	0.09603340292275574
chr15:28027886:C>T	262	185	2	0.41387024608501116
chr16:60359260:G>A	187	123	2	0.3967741935483871
chr17:4533032:G>C	384	315	2	0.45064377682403434
chr2:98383389:G>A	333	252	2	0.4307692307692308
chr2:118969246:C>A	293	158	2	0.35033259423503327
chr20:7914210:G>A	329	157	2	0.3230452674897119
chr21:32316609:C>T	944	274	4	0.22495894909688013
chr22:19505380:T>G	359	140	2	0.280561122244489
chr22:24076182:G>A	503	32	2	0.059813084112149535
chr3:138474301:G>A	284	148	2	0.3425925925925926
chr5:140876728:C>T	512	359	2	0.4121699196326062
chr5:167876156:C>A	325	145	2	0.30851063829787234
chr6:110627107:T>C	221	66	3	0.22996515679442509
chr8:89978301:C>T	99	50	2	0.33557046979865773
chr9:87884009:C>T	666	31	3	0.04447632711621234
chrX:57331764:A>T	465	197	3	0.297583081570997
chrX:84361562:C>A	493	212	3	0.300709219858156
