mutation_id	ref_counts	var_counts	total_cn	VAF
chr1:1333711:G>A	724	50	2	0.06459948320413436
chr1:114713909:G>T	526	35	2	0.062388591800356503
chr1:201328829:G>A	321	23	2	0.06686046511627906
chr12:29660832:A>T	201	20	2	0.09049773755656108
chr17:29608069:C>T	553	44	2	0.07370184254606366
chr3:196937575:G>A	541	44	2	0.07521367521367521
chr5:141665045:C>T	727	70	2	0.08782936010037641
chr6:75165548:C>G	448	36	2	0.0743801652892562
chr6:169232073:G>A	870	46	2	0.05021834061135371
chr8:41695253:G>A	479	34	2	0.06627680311890838
chr8:144498820:G>A	515	36	2	0.06533575317604355
chrX:644634:T>C	513	56	2	0.0984182776801406
