mutation_id	ref_counts	var_counts	total_cn	VAF
chr1:114716126:C>T	201	34	4	0.14468085106382977
chr12:25227341:T>A	258	31	4	0.10726643598615918
chr16:3731323:AGG>-	271	62	4	0.18618618618618618
chr16:53490253:T>G	292	40	4	0.12048192771084337
chr18:78995026:G>A	448	79	4	0.14990512333965844
chr19:9093340:C>T	145	112	4	0.4357976653696498
chr19:51531341:G>A	173	174	4	0.5014409221902018
chr2:58123150:A>T	225	33	4	0.12790697674418605
chr4:78540633:C>T	252	48	4	0.16
chr5:139307776:G>T	170	26	4	0.1326530612244898
chr5:147373193:C>T	107	74	4	0.4088397790055249
chr8:134565403:G>C	164	138	4	0.45695364238410596
chr9:740845:G>A	409	43	5	0.09513274336283185
chrX:8536841:G>T	190	156	5	0.4508670520231214
