mutation_id	ref_counts	var_counts	total_cn	VAF
chr1:27548539:C>A	373	88	2	0.19088937093275488
chr1:27550010:C>G	502	122	2	0.1955128205128205
chr1:70355147:G>A	407	61	2	0.13034188034188035
chr1:183546043:G>A	374	56	2	0.13023255813953488
chr1:211578123:G>C	566	87	2	0.1332312404287902
chr10:21515322:C>T	300	35	2	0.1044776119402985
chr11:64737020:G>T	258	61	2	0.19122257053291536
chr12:78006791:C>G	288	59	1	0.17002881844380405
chr12:101356668:G>A	295	48	2	0.13994169096209913
chr12:108248005:G>C	226	42	2	0.15671641791044777
chr12:120103834:G>C	258	33	2	0.1134020618556701
chr13:103051363:C>T	348	64	2	0.1553398058252427
chr14:100292672:G>C	532	60	2	0.10135135135135136
chr16:20862254:G>A	421	15	2	0.034403669724770644
chr16:22915466:G>A	422	58	2	0.12083333333333333
chr17:30835129:G>A	275	42	2	0.13249211356466878
chr17:31327731:C>T	483	71	2	0.12815884476534295
chr17:43013583:G>C	349	42	2	0.10741687979539642
chr18:13666578:C>G	273	104	2	0.27586206896551724
chr18:78992779:C>T	100	33	2	0.24812030075187969
chr19:8938923:C>T	287	57	2	0.16569767441860464
chr19:15680506:C>A	160	44	2	0.21568627450980393
chr19:34438764:C>T	193	52	2	0.21224489795918366
chr19:55000790:C>G	288	43	2	0.1299093655589124
chr2:214986581:G>A	327	70	2	0.17632241813602015
chr2:241668661:G>A	413	94	2	0.1854043392504931
chr20:21162025:C>T	292	76	2	0.20652173913043478
chr22:31765004:C>G	281	36	2	0.11356466876971609
chr22:31950383:G>A	293	67	2	0.18611111111111112
chr3:44644104:G>T	464	18	2	0.03734439834024896
chr3:57403323:T>A	193	32	2	0.14222222222222222
chr3:146206642:G>C	488	38	2	0.07224334600760456
chr3:177051507:->GGGG	217	30	2	0.1214574898785425
chr4:157335781:C>T	385	62	2	0.13870246085011187
chr5:43173376:G>A	397	47	2	0.10585585585585586
chr5:95420387:G>A	284	16	2	0.05333333333333334
chr5:139393940:G>A	485	74	2	0.13237924865831843
chr6:76072479:C>A	234	26	2	0.1
chr6:89180370:G>T	381	100	2	0.2079002079002079
chr7:16859618:C>A	170	10	2	0.05555555555555555
chr7:50400226:G>A	537	93	2	0.14761904761904762
chr8:22148810:C>G	389	75	2	0.16163793103448276
chr8:42430151:C>G	439	66	2	0.1306930693069307
chr8:138250977:G>A	392	78	2	0.16595744680851063
chr8:140735313:C>T	574	62	2	0.09748427672955975
chr9:69718524:C>T	309	39	2	0.11206896551724138
chr9:76358749:G>A	441	62	2	0.12326043737574553
chr9:85942181:G>C	251	39	2	0.13448275862068965
chr9:113043991:C>T	311	66	2	0.17506631299734748
chrX:91436655:G>T	193	105	1	0.3523489932885906
chrX:91436656:A>G	195	104	1	0.34782608695652173
