mutation_id	ref_counts	var_counts	total_cn	VAF
chr10:120903184:C>T	246	171	2	0.41007194244604317
chr14:106116634:->TGGGA	91	20	1	0.18018018018018017
chr14:106537809:->TGGGA	160	35	2	0.1794871794871795
chr14:106714683:->TTCTCCCAGGGACT	50	36	1	0.4186046511627907
chr19:7126616:G>A	265	42	2	0.13680781758957655
chr2:49922142:G>A	301	199	2	0.398
chr2:74531909:C>T	172	147	2	0.4608150470219436
chr3:47116708:A>T	207	41	2	0.16532258064516128
chr3:48575513:G>A	355	258	2	0.42088091353996737
chr3:97880077:T>C	143	85	2	0.37280701754385964
chr4:68337044:G>C	293	180	2	0.38054968287526425
chr4:69727129:C>T	231	140	2	0.37735849056603776
chr6:25779091:C>A	237	192	2	0.44755244755244755
chr7:92079673:G>C	184	106	2	0.36551724137931035
chr7:92079951:G>C	126	79	2	0.3853658536585366
chr7:103540415:C>T	289	83	2	0.22311827956989247
chr7:108107763:C>T	458	22	2	0.04583333333333333
chr7:142797456:C>GG	270	159	2	0.3706293706293706
chr9:8636723:C>G	162	95	2	0.36964980544747084
chrX:70146712:C>T	355	219	2	0.38153310104529614
chrX:108735948:C>T	369	280	2	0.43143297380585516
chrX:132958350:G>T	486	324	2	0.4
