mutation_id	ref_counts	var_counts	total_cn	VAF
chr1:167772478:C>T	201	30	2	0.12987012987012986
chr10:117134443:C>T	486	120	2	0.19801980198019803
chr11:4882578:G>C	453	78	2	0.14689265536723164
chr11:125895472:G>A	564	48	2	0.0784313725490196
chr15:23646343:T>A	619	401	2	0.3931372549019608
chr18:31336558:G>T	250	30	2	0.10714285714285714
chr19:19219197:G>A	469	75	2	0.13786764705882354
chr2:143556412:A>G	82	79	2	0.4906832298136646
chr2:169162581:T>C	162	161	2	0.4984520123839009
chr4:3253369:G>A	800	73	2	0.0836197021764032
chr4:68930019:A>G	265	246	2	0.48140900195694714
chr4:186620829:G>A	229	192	2	0.45605700712589076
chr5:139395070:C>T	594	27	2	0.043478260869565216
chr5:160620612:G>A	577	93	2	0.13880597014925372
chr6:56608371:G>T	468	14	2	0.029045643153526972
chr7:13931512:T>C	254	101	2	0.28450704225352114
chr7:98988769:G>A	157	152	2	0.4919093851132686
chr9:5078362:A>T	138	17	2	0.10967741935483871
chr9:5089726:C>A	356	28	2	0.07291666666666667
chr9:97564040:G>A	179	136	2	0.43174603174603177
chrX:54250009:G>A	301	128	3	0.29836829836829837
chrX:72140663:C>A	634	67	3	0.09557774607703282
chrX:75274538:C>A	894	380	3	0.29827315541601257
