mutation_id	ref_counts	var_counts	total_cn	VAF
chr1:22576375:C>T	712	20	2	0.0273224043715847
chr11:5754797:C>G	269	184	2	0.40618101545253865
chr11:64844454:C>G	457	319	2	0.4110824742268041
chr12:56096820:C>T	276	135	2	0.3284671532846715
chr15:79004127:G>A	323	231	2	0.41696750902527074
chr19:18614004:G>A	275	187	2	0.40476190476190477
chr19:56647578:G>T	304	167	2	0.35456475583864117
chr2:43225170:A>G	478	268	2	0.35924932975871315
chr6:117324382:A>G	39	30	2	0.43478260869565216
chr9:990499:C>A	522	18	2	0.03333333333333333
chr9:27217688:G>T	178	113	2	0.38831615120274915
chr9:98081030:T>C	287	224	2	0.4383561643835616
chrX:45083583:->GGC	29	134	1	0.8220858895705522
chrX:73213543:G>T	280	27	1	0.08794788273615635
