mutation_id	ref_counts	var_counts	total_cn	VAF
chr1:114716123:C>T	394	92	4	0.18930041152263374
chr1:155016449:C>GG	682	155	4	0.18518518518518517
chr1:215674981:G>A	186	57	4	0.2345679012345679
chr10:60074526:C>T	364	78	6	0.17647058823529413
chr16:54929166:T>A	392	107	4	0.21442885771543085
chr17:3822033:T>C	139	41	4	0.22777777777777777
chr17:78506804:C>T	363	51	6	0.12318840579710146
chr22:26365372:C>T	143	50	4	0.25906735751295334
chr4:68670396:C>T	181	43	4	0.19196428571428573
chr7:120970843:->CCCC	253	45	4	0.15100671140939598
chr8:68146337:G>T	171	33	4	0.16176470588235295
chrX:7843281:G>A	575	108	4	0.1581259150805271
