mutation_id	ref_counts	var_counts	total_cn	VAF
chr1:114716126:C>A	293	133	2	0.31220657276995306
chr12:25245350:C>A	287	66	2	0.18696883852691218
chr15:64126197:C>T	212	102	2	0.3248407643312102
chr16:22115430:C>T	243	114	2	0.31932773109243695
chr16:89742812:G>A	182	104	2	0.36363636363636365
chr19:54990043:C>T	340	180	2	0.34615384615384615
chr2:39051159:->G	162	29	2	0.1518324607329843
chr3:328172:C>T	219	39	3	0.1511627906976744
chr6:41044029:G>A	545	167	3	0.2345505617977528
chr6:152404276:C>A	252	19	3	0.07011070110701106
chr9:95447370:C>T	753	141	3	0.15771812080536912
