mutation_id	ref_counts	var_counts	total_cn	VAF
chr1:86560294:C>T	149	64	2	0.3004694835680751
chr10:98425580:C>A	439	188	3	0.29984051036682613
chr11:123753846:G>A	298	105	3	0.26054590570719605
chr11:132146441:C>T	432	209	3	0.32605304212168484
chr16:3770922:->G	287	137	2	0.3231132075471698
chr16:3770924:C>GG	487	163	2	0.25076923076923074
chr16:84854826:C>T	164	85	2	0.3413654618473896
chr17:7673772:->GCCGGG	82	171	1	0.6758893280632411
chr19:17162430:A>G	218	127	2	0.3681159420289855
chr2:26473473:->GCACCCCCCC	254	138	2	0.3520408163265306
chr2:79159399:G>C	253	12	2	0.045283018867924525
chr4:119158118:C>T	298	124	3	0.2938388625592417
chr9:137051099:G>A	621	275	3	0.30691964285714285
chrX:71617349:C>T	724	194	3	0.2113289760348584
chrX:152736936:C>T	451	127	3	0.21972318339100347
