mutation_id	ref_counts	var_counts	total_cn	VAF
chr1:17627374:G>A	512	88	2	0.14666666666666667
chr1:34761547:G>A	699	104	2	0.1295143212951432
chr1:46610173:G>T	342	68	2	0.16585365853658537
chr1:237660928:G>A	388	16	2	0.039603960396039604
chr10:49745931:G>A	368	79	2	0.1767337807606264
chr10:86912281:G>A	385	69	2	0.15198237885462554
chr10:123780171:C>T	171	42	2	0.19718309859154928
chr12:39370168:A>C	303	44	2	0.12680115273775217
chr12:88136714:A>G	223	28	2	0.11155378486055777
chr14:22132808:A>G	300	73	3	0.19571045576407506
chr14:103337178:G>C	400	51	2	0.1130820399113082
chr14:106627248:->GACCCCC	132	20	1	0.13157894736842105
chr14:106639121:->CCTTAACC	40	10	1	0.2
chr17:16143654:C>T	486	15	2	0.029940119760479042
chr2:90100734:ACCCTC>CTGAAG	212	39	0	0.1553784860557769
chr2:121448321:G>A	271	33	2	0.10855263157894737
chr2:181565488:C>T	272	46	2	0.14465408805031446
chr22:19222773:C>T	377	73	2	0.1622222222222222
chr3:3104948:C>A	263	48	2	0.15434083601286175
chr3:12817661:G>C	622	102	2	0.1408839779005525
chr4:56338574:G>C	454	59	2	0.11500974658869395
chr6:43285135:C>T	1038	53	2	0.04857928505957837
chr7:86839787:C>T	381	74	2	0.16263736263736264
chr8:99853853:G>C	360	12	2	0.03225806451612903
chr9:37708489:T>C	331	47	2	0.12433862433862433
chr9:137279697:G>A	793	26	2	0.031746031746031744
