mutation_id	ref_counts	var_counts	total_cn	VAF
chr10:132202732:C>T	444	203	3	0.31375579598145287
chr17:7673775:C>A	484	182	3	0.2732732732732733
chr17:72124155:C>T	528	246	3	0.3178294573643411
chr19:49003313:C>T	207	183	2	0.46923076923076923
chr2:73424647:G>A	364	24	2	0.061855670103092786
chr21:38383755:T>G	676	341	4	0.3352999016715831
chr22:22162681:A>CTCAAC	131	83	2	0.3878504672897196
chr7:64219858:C>T	502	30	2	0.05639097744360902
chr8:127738450:CTAGCCGCCGCTCCGGGCTCT>TTG	376	178	2	0.3212996389891697
chr9:124469274:C>T	433	198	3	0.31378763866877973
