mutation_id	ref_counts	var_counts	total_cn	VAF
chr1:114716123:C>T	184	34	2	0.1559633027522936
chr1:119514610:C>T	137	39	2	0.2215909090909091
chr1:197427963:A>T	118	100	2	0.45871559633027525
chr12:25245350:C>T	177	41	2	0.18807339449541285
chr12:125654540:A>G	131	85	2	0.39351851851851855
chr15:50569975:A>-	78	8	2	0.09302325581395349
chr17:50624525:G>A	269	33	5	0.10927152317880795
chr18:36653398:G>A	213	81	5	0.2755102040816326
chr19:55455752:G>A	183	161	2	0.4680232558139535
chr19:58206956:C>T	188	141	2	0.42857142857142855
chr2:113406872:->CCC	68	14	2	0.17073170731707318
chr5:90644709:T>G	86	20	2	0.18867924528301888
chr7:108098402:C>T	116	38	2	0.24675324675324675
chr9:21971201:->CC	195	163	2	0.4553072625698324
chrX:3322382:A>G	249	194	4	0.43792325056433407
