mutation_id	ref_counts	var_counts	total_cn	VAF
chr1:18483292:G>A	160	126	2	0.4405594405594406
chr10:77039569:G>C	291	196	2	0.4024640657084189
chr11:89872276:C>T	381	81	2	0.17532467532467533
chr11:117516473:C>T	189	157	2	0.45375722543352603
chr12:20883431:G>A	108	87	2	0.4461538461538462
chr12:57043868:G>A	226	167	2	0.42493638676844786
chr15:40458915:C>-	354	204	2	0.3655913978494624
chr16:4988262:C>T	222	138	2	0.38333333333333336
chr16:89935058:G>A	204	166	2	0.4486486486486487
chr17:44075755:G>A	286	198	2	0.4090909090909091
chr2:15467331:C>G	113	118	2	0.5108225108225108
chr2:96123978:C>T	273	264	2	0.49162011173184356
chr2:115309348:C>T	170	141	2	0.4533762057877814
chr20:53581709:T>A	300	246	2	0.45054945054945056
chr3:64198967:C>A	248	232	2	0.48333333333333334
chr3:74371290:C>T	269	160	2	0.372960372960373
chr3:177026430:A>C	286	200	2	0.411522633744856
chr4:68830664:C>T	197	127	2	0.39197530864197533
chr7:120274788:CC>G	499	206	2	0.29219858156028367
chr8:138821211:G>A	236	203	2	0.4624145785876993
chrX:31071944:C>T	40	222	1	0.8473282442748091
