mutation_id	ref_counts	var_counts	total_cn	VAF
chr1:156845396:G>A	298	325	3	0.521669341894061
chr10:117284651:T>C	401	22	2	0.05200945626477541
chr11:26634242:G>A	164	96	2	0.36923076923076925
chr11:48306825:C>T	245	147	2	0.375
chr12:49039837:G>A	525	17	2	0.03136531365313653
chr13:94478978:C>T	160	95	2	0.37254901960784315
chr14:24330279:C>T	121	72	2	0.37305699481865284
chr14:50665360:C>A	151	69	2	0.31363636363636366
chr14:55183688:G>T	153	70	2	0.31390134529147984
chr17:3530073:G>A	237	145	2	0.3795811518324607
chr2:144389983:T>C	482	35	2	0.06769825918762089
chr9:37020736:G>A	296	189	2	0.38969072164948454
chrX:91879211:G>A	390	223	2	0.3637846655791191
