mutation_id	ref_counts	var_counts	total_cn	VAF
chr19:22988435:C>T	62	11	2	0.1506849315068493
chr2:182751727:G>A	126	84	2	0.4
chrX:108733065:C>A	615	210	4	0.2545454545454545
chrX:130021075:G>A	760	89	4	0.10482921083627797
