mutation_id	ref_counts	var_counts	total_cn	VAF
chr15:40812866:C>T	247	37	1	0.13028169014084506
chr19:47131019:C>T	482	22	2	0.04365079365079365
chr2:186505560:G>A	109	9	2	0.07627118644067797
chr6:24596455:G>A	490	49	2	0.09090909090909091
chr7:100892377:C>T	330	20	2	0.05714285714285714
chr8:26770164:G>A	272	30	2	0.09933774834437085
