mutation_id	ref_counts	var_counts	total_cn	VAF
chr1:62450632:G>A	103	55	2	0.34810126582278483
chr11:59845398:C>T	150	79	2	0.34497816593886466
chr11:104036844:G>A	211	87	2	0.29194630872483224
chr12:25225627:G>A	101	60	2	0.37267080745341613
chr13:61413791:G>C	391	233	2	0.3733974358974359
chr14:23557156:G>C	246	134	2	0.3526315789473684
chr19:19544827:C>T	523	121	2	0.18788819875776397
chr19:38486130:C>T	263	182	2	0.40898876404494383
chr19:55818080:C>T	139	63	2	0.3118811881188119
chr2:227263822:G>A	187	154	2	0.45161290322580644
chr4:125490714:C>T	403	162	3	0.2867256637168142
chr6:106520262:A>T	379	159	3	0.2955390334572491
chr6:166430489:G>A	329	118	3	0.2639821029082774
chr7:82007724:C>T	142	27	2	0.15976331360946747
chr7:85036976:A>G	150	123	2	0.45054945054945056
chr8:76704621:A>T	184	119	2	0.3927392739273927
chr9:38571175:G>T	248	130	2	0.3439153439153439
chr9:130433570:C>T	437	239	2	0.35355029585798814
chrX:57378728:C>T	152	107	2	0.41312741312741313
