mutation_id	ref_counts	var_counts	total_cn	VAF
chr1:201000468:T>C	646	47	4	0.06782106782106782
chr10:27413525:C>T	336	234	6	0.4105263157894737
chr12:128697349:C>T	275	87	4	0.24033149171270718
chr14:73946367:G>C	312	61	4	0.16353887399463807
chr14:106062150:->G	126	18	4	0.125
chr14:106627248:->GGGGGGATCCA	121	34	4	0.21935483870967742
chr15:55677877:G>A	299	10	4	0.032362459546925564
chr16:52439945:G>T	230	16	4	0.06504065040650407
chr19:10825160:T>A	412	20	4	0.046296296296296294
chr19:47466198:G>A	439	101	4	0.18703703703703703
chr4:125321353:G>A	340	22	4	0.06077348066298342
