mutation_id	ref_counts	var_counts	total_cn	VAF
chr12:14553313:T>C	443	16	2	0.034858387799564274
chr18:5489174:C>T	264	111	2	0.296
chr19:4493722:A>C	220	132	2	0.375
chr19:12390727:C>G	443	14	2	0.030634573304157548
chr4:52029782:G>A	346	24	2	0.06486486486486487
chr6:109979977:G>A	316	210	2	0.39923954372623577
chrX:43731783:T>G	285	13	1	0.0436241610738255
