mutation_id	ref_counts	var_counts	total_cn	VAF
chr12:10386950:C>T	149	59	2	0.28365384615384615
chr12:20715138:G>T	203	78	2	0.2775800711743772
chr2:237763466:G>A	132	46	2	0.25842696629213485
chr20:36446809:G>A	476	68	2	0.125
chr20:57565105:T>C	186	116	2	0.3841059602649007
chr21:41740957:G>A	622	254	3	0.2899543378995434
chr22:20113726:A>G	244	124	2	0.33695652173913043
chr3:46265824:C>A	444	44	2	0.09016393442622951
chr3:113608430:T>C	173	87	2	0.3346153846153846
chr4:9782282:G>A	311	162	2	0.34249471458773784
chr4:157359977:G>A	368	17	2	0.04415584415584416
chr6:32369912:G>A	229	115	2	0.33430232558139533
chr6:154107789:G>A	244	29	2	0.10622710622710622
chr6:158096339:T>C	125	46	2	0.26900584795321636
chr7:14338586:C>T	444	28	2	0.059322033898305086
chr9:37002705:C>T	454	146	3	0.24333333333333335
chr9:37020750:A>G	293	323	3	0.5243506493506493
