mutation_id	ref_counts	var_counts	total_cn	VAF
chr12:102396908:G>A	127	131	2	0.5077519379844961
chr20:49513168:C>T	244	235	2	0.4906054279749478
chr3:47113874:->GTAAC	161	100	2	0.3831417624521073
chr6:13632377:->T	112	80	2	0.4166666666666667
