mutation_id	ref_counts	var_counts	total_cn	VAF
chr1:52337890:C>T	200	136	2	0.40476190476190477
chr1:223394100:G>A	293	202	2	0.4080808080808081
chr11:126264519:C>T	376	16	2	0.04081632653061224
chr13:52846805:G>T	790	32	2	0.038929440389294405
chr14:69500580:G>A	163	119	2	0.4219858156028369
chr16:75529266:G>A	257	189	2	0.42376681614349776
chr18:31760430:G>A	526	24	2	0.04363636363636364
chr2:112331715:G>T	155	110	2	0.41509433962264153
chr6:119024602:T>A	111	95	2	0.46116504854368934
chr7:78135088:G>A	174	150	2	0.46296296296296297
chr7:101058002:G>A	139	114	2	0.4505928853754941
chr7:117810874:G>A	360	22	2	0.05759162303664921
chrX:21657683:C>G	165	271	1	0.6215596330275229
