mutation_id	ref_counts	var_counts	total_cn	VAF
chr1:114716127:C>T	235	121	2	0.3398876404494382
chr10:48251596:C>T	190	137	2	0.41896024464831805
chr12:109285384:C>T	262	243	2	0.48118811881188117
chr2:33293198:G>C	225	160	2	0.4155844155844156
chr4:161500036:C>T	207	28	2	0.11914893617021277
chr6:155411274:C>A	232	15	1	0.06072874493927125
chr7:100998264:C>T	351	278	2	0.4419713831478537
chrX:68719343:C>T	340	297	2	0.4662480376766091
