mutation_id	ref_counts	var_counts	total_cn	VAF
chr12:25227348:G>T	492	30	2	0.05747126436781609
chr14:37795289:C>T	152	69	2	0.31221719457013575
chr14:60006469:C>A	233	34	2	0.12734082397003746
chr14:90316642:C>T	532	16	2	0.029197080291970802
chr15:33562953:G>A	407	12	2	0.028639618138424822
chr16:4261828:C>T	703	24	2	0.033012379642365884
chr17:14207131:G>A	568	31	2	0.05175292153589316
chr17:39777681:G>A	322	17	2	0.05014749262536873
chr3:77574642:G>A	478	16	2	0.032388663967611336
chr6:26124545:C>T	466	13	2	0.027139874739039668
chrX:26194107:C>T	86	220	1	0.7189542483660131
