mutation_id	ref_counts	var_counts	total_cn	VAF
chr13:69975620:C>G	169	10	2	0.055865921787709494
chr14:106714684:->TTCTTA	15	37	1	0.7115384615384616
chr19:19201528:G>C	185	124	2	0.40129449838187703
chr2:113406872:TCACAGTGTT>G	13	75	2	0.8522727272727273
chr20:33239818:C>-	182	122	2	0.40131578947368424
chr3:52221741:G>A	235	162	2	0.4080604534005038
chr7:113878193:G>A	168	144	2	0.46153846153846156
chr7:149105087:C>T	273	189	2	0.4090909090909091
chr9:27204925:G>A	174	22	1	0.11224489795918367
