mutation_id	ref_counts	var_counts	total_cn	VAF
chr1:26924149:G>A	179	27	2	0.13106796116504854
chr1:177032564:G>C	244	167	2	0.40632603406326034
chr1:236232838:G>A	87	65	2	0.4276315789473684
chr10:25025355:G>C	143	93	2	0.3940677966101695
chr10:50092171:C>G	133	38	2	0.2222222222222222
chr10:102065919:G>C	538	81	2	0.1308562197092084
chr11:26598870:C>G	111	95	2	0.46116504854368934
chr12:25225709:C>G	10	110	1	0.9166666666666666
chr14:33799780:G>A	197	152	2	0.4355300859598854
chr17:40398621:T>C	105	76	2	0.4198895027624309
chr17:80344773:G>A	139	114	2	0.4505928853754941
chr17:80345693:G>A	178	155	2	0.46546546546546547
chr17:80346410:G>C	186	183	2	0.4959349593495935
chr18:50819609:G>C	146	116	2	0.44274809160305345
chr19:12015779:T>C	161	147	2	0.4772727272727273
chr19:39407891:C>T	582	18	2	0.03
chr2:1648370:G>A	588	56	2	0.08695652173913043
chr2:95214515:G>C	148	102	2	0.408
chr2:165386799:C>T	275	11	2	0.038461538461538464
chr3:20040692:C>G	525	58	2	0.09948542024013722
chr4:3430818:C>T	546	18	2	0.031914893617021274
chr4:81105887:G>C	198	9	2	0.043478260869565216
chr5:168817354:G>T	158	144	2	0.4768211920529801
chr6:26093183:C>T	125	135	2	0.5192307692307693
chr6:56981896:C>G	85	62	2	0.4217687074829932
chr6:149771215:C>T	111	88	2	0.44221105527638194
chr7:27094526:C>T	167	116	2	0.4098939929328622
chr7:53036147:G>A	550	28	2	0.04844290657439446
chr7:64220015:G>A	329	60	2	0.15424164524421594
chr7:95593731:C>G	134	118	2	0.46825396825396826
chr7:135681574:C>T	142	112	2	0.4409448818897638
chr8:11331824:G>T	193	195	2	0.5025773195876289
chr9:94593722:G>A	116	96	2	0.4528301886792453
chr9:138058088:G>C	171	153	2	0.4722222222222222
chrX:75784654:G>A	257	10	1	0.03745318352059925
