mutation_id	ref_counts	var_counts	total_cn	VAF
chr10:82979066:A>C	350	77	6	0.18032786885245902
chr10:88828589:C>T	103	14	6	0.11965811965811966
chr10:122514266:C>T	344	54	6	0.135678391959799
chr15:80878777:G>T	442	46	2	0.0942622950819672
chr2:178746118:C>T	226	18	2	0.07377049180327869
chr3:183790920:G>A	232	115	2	0.3314121037463977
chr4:72548794:G>A	464	30	6	0.06072874493927125
chr6:75113709:G>A	254	43	6	0.1447811447811448
