mutation_id	ref_counts	var_counts	total_cn	VAF
chr1:228360566:G>A	310	256	2	0.45229681978798586
chr10:60138973:C>T	253	143	2	0.3611111111111111
chr14:106153622:TCT>GTCCCATCGG	26	73	1	0.7373737373737373
chr14:106627248:->TCTCTTAAGGGA	52	18	2	0.2571428571428571
chr14:106639118:->TCTCTTAAGGGA	27	24	1	0.47058823529411764
chr2:88529183:C>T	247	162	2	0.3960880195599022
chr3:119148220:T>C	62	34	2	0.3541666666666667
chr4:8228420:T>G	327	236	2	0.4191829484902309
chr5:141945502:G>A	271	216	2	0.44353182751540043
chr7:151120025:G>A	675	36	2	0.05063291139240506
chr9:5078360:A>G	146	62	2	0.2980769230769231
chrX:83509239:G>A	218	147	2	0.40273972602739727
chrX:128051828:A>T	295	203	2	0.40763052208835343
