mutation_id	ref_counts	var_counts	total_cn	VAF
chr11:46876614:C>T	329	36	2	0.09863013698630137
chr11:85912669:G>T	281	49	2	0.1484848484848485
chr14:23526866:C>T	472	46	2	0.0888030888030888
chr16:3738616:C>T	263	65	2	0.19817073170731708
chr17:68902789:A>G	315	68	2	0.17754569190600522
chr2:186847751:C>T	172	37	2	0.17703349282296652
chr20:36432588:C>T	467	59	2	0.11216730038022814
chr4:8441220:->GCCC	736	109	2	0.1289940828402367
chr4:55125282:C>T	759	131	2	0.14719101123595504
chr4:99582015:C>T	497	64	2	0.1140819964349376
chr6:148487646:G>A	369	80	2	0.17817371937639198
