mutation_id	ref_counts	var_counts	total_cn	VAF
chr1:111727735:G>A	419	54	2	0.11416490486257928
chr14:50118723:G>A	585	65	2	0.1
chr17:39792727:C>T	357	95	2	0.21017699115044247
chr17:53823126:C>T	420	34	2	0.07488986784140969
chr19:16185703:C>T	960	34	2	0.03420523138832998
chr2:188984858:G>A	614	41	2	0.06259541984732825
chr5:140807896:G>A	349	59	2	0.14460784313725492
chr7:100682220:G>A	243	78	2	0.24299065420560748
chr8:30132744:C>A	564	39	2	0.06467661691542288
chr8:47898471:G>A	254	19	2	0.0695970695970696
chr9:87706459:C>T	581	71	2	0.10889570552147239
