mutation_id	ref_counts	var_counts	total_cn	VAF
chr1:16206049:C>G	575	44	2	0.07108239095315025
chr1:16207148:C>G	844	74	2	0.08061002178649238
chr1:40281450:G>C	416	20	2	0.045871559633027525
chr1:110341126:G>C	496	30	2	0.057034220532319393
chr1:173965120:T>A	275	21	2	0.07094594594594594
chr1:204228766:C>T	399	27	2	0.06338028169014084
chr10:60888333:C>G	404	63	2	0.1349036402569593
chr10:122082969:G>A	570	43	2	0.0701468189233279
chr11:64835349:G>A	614	42	2	0.06402439024390244
chr12:57091334:G>A	558	89	2	0.1375579598145286
chr13:35475742:G>A	495	40	2	0.07476635514018691
chr13:102740433:G>C	328	22	2	0.06285714285714286
chr15:48487429:C>A	240	24	2	0.09090909090909091
chr16:29841747:C>T	546	90	2	0.14150943396226415
chr19:4523604:C>T	537	98	2	0.15433070866141732
chr19:10420789:G>A	538	97	2	0.15275590551181104
chr19:49061418:G>A	457	79	2	0.14738805970149255
chr2:77519531:T>C	280	49	2	0.14893617021276595
chr2:232545611:C>G	481	61	2	0.11254612546125461
chr3:171126091:G>T	351	59	2	0.14390243902439023
chr4:119027118:C>T	376	18	2	0.04568527918781726
chr4:143696128:G>A	386	56	2	0.12669683257918551
chr6:26250599:G>C	202	21	0	0.09417040358744394
chr6:149450920:G>C	1046	35	2	0.032377428307123035
chr7:27095326:G>A	400	60	2	0.13043478260869565
