mutation_id	ref_counts	var_counts	total_cn	VAF
chr1:31740488:C>T	286	197	2	0.4078674948240166
chr1:43669113:C>T	131	75	2	0.3640776699029126
chr1:154571797:C>T	237	139	2	0.3696808510638298
chr1:162498060:G>A	301	188	2	0.38445807770961143
chr11:65355812:G>A	181	98	2	0.35125448028673834
chr11:123605439:C>T	255	175	2	0.4069767441860465
chr12:47740704:A>G	317	199	2	0.3856589147286822
chr17:50840592:C>T	251	383	3	0.6041009463722398
chr2:164695223:T>C	153	69	2	0.3108108108108108
chr21:44525659:G>A	282	91	3	0.24396782841823056
chr3:191375123:C>T	157	86	2	0.35390946502057613
chr4:17709468:G>A	264	176	2	0.4
chr5:141364402:C>T	256	148	2	0.36633663366336633
chr5:149026680:G>T	232	167	2	0.41854636591478694
chr7:140601422:T>C	205	136	2	0.39882697947214074
chr9:5078360:A>G	192	101	2	0.3447098976109215
chr9:37014995:->CCCGTG	148	97	2	0.39591836734693875
