mutation_id	ref_counts	var_counts	total_cn	VAF
chr1:31735242:G>A	362	56	4	0.1339712918660287
chr1:114716126:C>T	544	40	4	0.0684931506849315
chr10:102414073:C>T	354	183	4	0.3407821229050279
chr11:6431648:G>A	238	109	4	0.31412103746397696
chr13:101143118:G>A	324	40	4	0.10989010989010989
chr17:11902755:C>T	239	30	4	0.11152416356877323
chr18:5891319:C>T	480	19	4	0.03807615230460922
chr18:58919121:C>T	331	139	4	0.2957446808510638
chr19:990256:G>A	482	98	4	0.16896551724137931
chr19:8858600:C>T	219	48	4	0.1797752808988764
chr19:14054879:C>T	688	24	4	0.033707865168539325
chr4:39862935:G>A	256	32	4	0.1111111111111111
chr4:183797757:G>A	468	78	4	0.14285714285714285
chrX:115013854:C>T	161	12	4	0.06936416184971098
