mutation_id	ref_counts	var_counts	total_cn	VAF
chr1:11806326:G>A	285	255	2	0.4722222222222222
chr1:85022189:G>T	113	106	2	0.4840182648401826
chr10:104063748:T>G	145	117	2	0.44656488549618323
chr10:107164408:G>A	620	136	2	0.17989417989417988
chr11:3659768:C>A	223	211	2	0.4861751152073733
chr12:25225628:C>T	47	58	1	0.5523809523809524
chr12:25245350:C>T	120	33	1	0.21568627450980393
chr12:77968635:C>T	218	170	2	0.4381443298969072
chr12:89497198:C>T	158	137	2	0.46440677966101696
chr13:23332322:G>A	154	151	2	0.49508196721311476
chr13:91399119:G>A	528	85	2	0.13866231647634583
chr14:79861495:C>T	433	118	2	0.21415607985480944
chr16:29810176:C>T	572	131	2	0.18634423897581792
chr17:74946914:C>T	260	241	2	0.4810379241516966
chr19:2217035:->GG	532	103	2	0.16220472440944883
chr19:10393421:C>T	201	174	2	0.464
chr19:21530650:G>A	374	38	2	0.09223300970873786
chr19:34431876:G>T	153	121	2	0.4416058394160584
chr2:9555572:->GA	421	290	2	0.4078762306610408
chr2:99068890:C>T	136	23	2	0.14465408805031446
chr3:125019268:G>A	114	92	2	0.44660194174757284
chr4:1961074:G>A	209	148	2	0.41456582633053224
chr4:65365971:C>G	353	12	2	0.03287671232876712
chr4:95129948:T>A	254	209	2	0.4514038876889849
chr5:140829720:G>A	437	368	2	0.45714285714285713
chr7:20785608:G>C	208	190	2	0.47738693467336685
chr7:100994170:G>A	840	20	2	0.023255813953488372
chr7:144232431:C>T	229	26	2	0.10196078431372549
chr8:85661487:C>T	1710	62	2	0.034988713318284424
