mutation_id	ref_counts	var_counts	total_cn	VAF
chr1:1671575:G>A	552	21	2	0.03664921465968586
chr11:47355327:G>A	836	88	2	0.09523809523809523
chr16:8764089:C>T	356	36	2	0.09183673469387756
chr16:55327776:C>T	540	52	2	0.08783783783783784
chr2:202193331:G>A	131	73	2	0.35784313725490197
chr4:1961074:G>A	364	60	2	0.14150943396226415
chr8:10610801:G>A	569	212	3	0.2714468629961588
