mutation_id	ref_counts	var_counts	total_cn	VAF
chr10:84371576:G>A	231	90	3	0.2803738317757009
chr12:25245347:C>T	195	68	2	0.2585551330798479
chr17:15738367:C>A	403	13	3	0.03125
chr19:8545698:G>T	224	91	2	0.28888888888888886
chr19:42095616:C>T	335	133	2	0.2841880341880342
chr3:108756537:C>G	185	43	2	0.18859649122807018
chr4:1961074:G>A	204	68	2	0.25
chr5:141152318:C>A	458	135	2	0.22765598650927488
chr6:168307732:C>T	519	155	3	0.22997032640949555
chr8:112975950:G>A	262	83	2	0.24057971014492754
