mutation_id	ref_counts	var_counts	total_cn	VAF
chr1:161079681:G>A	584	146	2	0.2
chr1:167683963:->C	405	93	2	0.18674698795180722
chr11:124382425:T>A	214	24	2	0.10084033613445378
chr12:6326563:G>A	293	66	2	0.18384401114206128
chr12:56099867:G>A	314	68	2	0.17801047120418848
chr12:112489105:A>T	322	100	2	0.23696682464454977
chr12:130428210:C>T	375	42	2	0.10071942446043165
chr14:94079129:C>T	543	151	2	0.21757925072046108
chr18:46524714:G>A	408	42	2	0.09333333333333334
chr19:9251175:C>A	435	41	2	0.0861344537815126
chr19:9971251:G>A	357	47	2	0.11633663366336634
chr21:30430538:G>A	645	95	5	0.12837837837837837
chr21:32726892:C>T	477	62	5	0.1150278293135436
chr21:46117412:C>T	270	96	1	0.26229508196721313
chr3:121489275:G>T	248	52	2	0.17333333333333334
chr4:127730770:C>T	270	70	2	0.20588235294117646
chr6:26107899:C>A	560	52	2	0.08496732026143791
chr6:29725305:G>T	222	59	2	0.2099644128113879
chr9:35910479:A>G	325	95	2	0.2261904761904762
chr9:136050297:G>A	574	172	2	0.23056300268096513
chrX:45070108:C>G	404	123	2	0.2333965844402277
chrX:72567896:C>T	381	92	2	0.1945031712473573
chrX:131088721:G>A	728	58	2	0.0737913486005089
