mutation_id	ref_counts	var_counts	total_cn	VAF
chr1:24134379:G>T	174	88	2	0.33587786259541985
chr1:43364101:A>G	305	14	2	0.0438871473354232
chr10:100063640:C>T	286	36	2	0.11180124223602485
chr10:133129180:C>T	348	233	2	0.4010327022375215
chr11:1086740:G>T	292	27	2	0.08463949843260188
chr11:73234340:C>T	342	171	2	0.3333333333333333
chr12:26436312:G>C	149	106	2	0.41568627450980394
chr12:111446802:G>A	126	120	2	0.4878048780487805
chr15:90999696:C>T	194	91	2	0.3192982456140351
chr16:67543460:C>A	282	21	2	0.06930693069306931
chr17:10497786:C>G	153	123	2	0.44565217391304346
chr19:15187207:C>T	722	82	2	0.10199004975124377
chr22:22921408:G>A	460	47	2	0.09270216962524655
chr22:24886611:G>T	192	134	2	0.4110429447852761
chr4:70249334:C>T	440	47	2	0.09650924024640657
chr5:122070110:C>T	221	195	3	0.46875
chr5:140857657:C>T	1124	76	3	0.06333333333333334
chr6:29673072:C>A	378	238	2	0.38636363636363635
chr8:91960434:G>T	549	21	2	0.03684210526315789
chrX:23001621:A>T	459	140	3	0.2337228714524207
chrX:37686106:G>A	768	27	3	0.033962264150943396
