mutation_id	ref_counts	var_counts	total_cn	VAF
chr1:33306873:C>G	391	217	2	0.3569078947368421
chr1:155660599:A>C	260	88	2	0.25287356321839083
chr1:237784252:C>T	267	99	2	0.27049180327868855
chr10:104193965:G>A	414	62	3	0.13025210084033614
chr10:116879887:C>T	542	34	3	0.059027777777777776
chr10:133198356:C>T	532	155	3	0.22561863173216884
chr11:92809887:G>A	323	26	2	0.07449856733524356
chr12:23846060:C>T	238	124	2	0.3425414364640884
chr12:56934012:C>T	238	98	2	0.2916666666666667
chr13:28034205:A>T	158	28	2	0.15053763440860216
chr15:32167967:G>A	575	110	2	0.16058394160583941
chr15:33816956:G>A	75	57	2	0.4318181818181818
chr15:83284586:G>A	86	66	2	0.4342105263157895
chr16:2317385:C>T	112	97	2	0.46411483253588515
chr16:67616807:C>T	314	120	2	0.2764976958525346
chr17:76391134:G>A	340	113	2	0.24944812362030905
chr18:47248899:C>T	642	28	3	0.041791044776119404
chr18:55279629:->GGAGG	252	43	3	0.14576271186440679
chr19:55196639:C>A	402	198	2	0.33
chr2:165127724:G>A	289	89	3	0.23544973544973544
chr2:219419012:C>T	436	122	3	0.21863799283154123
chr2:240030377:G>C	570	29	3	0.048414023372287146
chr2:241750176:G>A	321	96	3	0.2302158273381295
chr21:30881473:G>A	414	67	4	0.1392931392931393
chr3:42794235:C>T	201	77	2	0.27697841726618705
chr3:57507811:T>C	232	23	2	0.09019607843137255
chr5:16671526:C>T	133	55	2	0.2925531914893617
chr6:31810441:C>T	752	50	3	0.06234413965087282
chr6:158536812:G>A	473	146	3	0.2358642972536349
chr6:167157252:C>T	366	97	3	0.20950323974082075
chr7:45721826:C>T	316	10	2	0.03067484662576687
chr9:135487699:C>T	319	166	2	0.3422680412371134
chrX:70445324:A>G	860	76	2	0.0811965811965812
