mutation_id	ref_counts	var_counts	total_cn	VAF
chr1:7808896:C>A	241	14	2	0.054901960784313725
chr12:112450385:G>A	558	48	2	0.07920792079207921
chr12:129074328:C>A	369	57	2	0.13380281690140844
chr14:94111758:G>A	420	48	2	0.10256410256410256
chr2:147922983:G>A	242	29	2	0.1070110701107011
