mutation_id	ref_counts	var_counts	total_cn	VAF
chr1:6701751:G>C	325	118	2	0.26636568848758463
chr1:43338103:C>T	196	95	2	0.32646048109965636
chr10:104034637:C>G	164	77	2	0.31950207468879666
chr11:47315310:G>A	143	30	2	0.17341040462427745
chr12:34025988:G>C	255	41	2	0.13851351351351351
chr13:61412744:G>A	221	81	2	0.2682119205298013
chr14:106506995:->AGGGGGGTA	49	28	1	0.36363636363636365
chr16:81207561:G>A	150	80	2	0.34782608695652173
chr18:75287699:G>A	289	104	2	0.26463104325699743
chr19:4054165:->GTCT	315	94	2	0.22982885085574573
chr19:9811546:C>T	283	134	2	0.3213429256594724
chr19:32709355:C>G	253	43	2	0.14527027027027026
chr20:765242:C>A	217	76	2	0.2593856655290102
chr22:22162674:AACACTCA>CTTCCGC	72	33	2	0.3142857142857143
chr22:50721004:C>A	276	123	2	0.3082706766917293
chr3:98788113:C>G	210	79	2	0.27335640138408307
chr3:119415209:G>C	302	130	2	0.30092592592592593
chr4:1916924:G>A	262	99	2	0.2742382271468144
chr4:37443540:C>A	200	108	2	0.35064935064935066
chr5:43245828:G>A	239	112	2	0.3190883190883191
chr5:58975744:G>A	365	28	2	0.07124681933842239
chr6:3225079:T>G	262	51	2	0.16293929712460065
chr6:79487855:C>G	141	59	2	0.295
chr7:16421177:G>A	682	46	2	0.06318681318681318
chr7:94404699:C>T	227	62	2	0.21453287197231835
chr9:131049109:G>A	205	107	2	0.34294871794871795
chr9:133455337:G>C	453	27	2	0.05625
chr9:133477141:G>A	568	39	2	0.0642504118616145
