mutation_id	ref_counts	var_counts	total_cn	VAF
chr19:12646713:A>G	215	187	2	0.4651741293532338
chr19:50250570:C>T	253	198	2	0.43902439024390244
chr8:144041319:G>A	218	262	2	0.5458333333333333
