mutation_id	ref_counts	var_counts	total_cn	VAF
chr1:18483270:C>T	268	52	2	0.1625
chr1:20767623:C>G	175	7	2	0.038461538461538464
chr1:157801967:G>C	248	38	2	0.13286713286713286
chr12:52647774:C>T	259	42	2	0.13953488372093023
chr16:29993684:C>T	356	46	2	0.11442786069651742
chr2:131263708:G>T	528	28	2	0.050359712230215826
chr20:63238463:C>T	259	163	2	0.3862559241706161
chr22:39686143:GCCCGCCGCCCCCGCCGCCAGCCCCCG>-	335	74	2	0.18092909535452323
chr3:69879223:G>A	304	192	2	0.3870967741935484
chr6:30892079:G>A	762	21	2	0.02681992337164751
chr6:96203452:G>A	212	169	2	0.4435695538057743
chr7:1548579:->G	425	56	2	0.11642411642411643
chr7:38362858:ACTGTGCC>CTGTT	75	51	2	0.40476190476190477
chr9:32418397:T>C	209	172	2	0.45144356955380577
