mutation_id	ref_counts	var_counts	total_cn	VAF
chr1:20690235:T>C	173	126	2	0.4214046822742475
chr11:17736342:G>A	413	64	2	0.13417190775681342
chr13:46835207:C>T	178	119	2	0.4006734006734007
chr16:30095343:->AGGGGGA	236	108	2	0.313953488372093
chr17:7325704:->GGCCGGGC	218	26	2	0.10655737704918032
chr18:22416797:T>A	47	23	2	0.32857142857142857
chr19:15239416:C>T	186	99	2	0.3473684210526316
chr2:113406868:CCATTCACAGTGTTACAAGCCATAACAA>-	33	29	1	0.46774193548387094
chr2:226796154:G>A	400	18	2	0.0430622009569378
chr5:26885777:G>T	275	81	2	0.22752808988764045
chr5:141052392:G>A	181	130	2	0.4180064308681672
chr6:30742170:G>T	320	113	2	0.26096997690531176
chr6:83857377:C>T	31	8	2	0.20512820512820512
chr9:137014010:G>A	273	128	2	0.3192019950124688
