mutation_id	ref_counts	var_counts	total_cn	VAF
chr11:132146324:C>A	166	123	2	0.42560553633217996
chr2:189006364:G>T	161	138	2	0.46153846153846156
chr4:97840870:A>G	213	147	2	0.4083333333333333
chrX:12888640:G>A	14	102	1	0.8793103448275862
