mutation_id	ref_counts	var_counts	total_cn	VAF
chr1:155056400:C>G	329	16	2	0.0463768115942029
chr10:61902174:->TCCC	356	68	2	0.16037735849056603
chr11:4907978:T>C	492	28	2	0.05384615384615385
chr14:106578743:->TCTCCCCTGATC	62	8	1	0.11428571428571428
chr14:106627248:->TC	111	67	1	0.37640449438202245
chr14:106714683:CTC>-	32	16	2	0.3333333333333333
chr18:74140280:G>A	550	18	2	0.03169014084507042
chr2:74536429:G>A	576	18	2	0.030303030303030304
chr2:164508543:T>C	252	44	2	0.14864864864864866
chr6:36963853:T>A	264	161	2	0.3788235294117647
chr6:72213205:C>T	316	21	2	0.06231454005934718
chr8:23566187:C>T	380	53	2	0.12240184757505773
chr8:26583908:G>A	524	17	2	0.031423290203327174
chr9:38414165:C>T	386	34	2	0.08095238095238096
chrX:153803622:G>A	355	73	1	0.1705607476635514
