mutation_id	ref_counts	var_counts	total_cn	VAF
chr1:114713907:T>G	402	60	2	0.12987012987012986
chr1:152676251:G>A	574	109	2	0.1595900439238653
chr1:155295220:G>A	638	118	2	0.15608465608465608
chr1:220210990:G>A	210	8	2	0.03669724770642202
chr10:127737625:G>A	875	45	2	0.04891304347826087
chr15:89631644:->C	495	75	2	0.13157894736842105
chr16:3736751:G>A	434	79	2	0.1539961013645224
chr18:21444348:C>A	344	42	2	0.10880829015544041
chr19:5867026:C>T	692	83	2	0.10709677419354839
chr19:35543404:G>A	499	109	2	0.17927631578947367
chr2:166305871:C>A	200	43	2	0.17695473251028807
chr6:160056510:G>A	393	53	2	0.11883408071748879
chr8:12737068:T>C	250	49	2	0.16387959866220736
chr9:27209200:C>A	252	45	2	0.15151515151515152
chrX:10141496:G>A	303	48	2	0.13675213675213677
