mutation_id	ref_counts	var_counts	total_cn	VAF
chr11:64735623:C>T	278	129	2	0.31695331695331697
chr11:89912041:C>T	118	30	2	0.20270270270270271
chr11:114705931:T>-	164	58	2	0.26126126126126126
chr12:102917119:C>T	371	25	2	0.06313131313131314
chr17:81550597:C>A	336	175	2	0.3424657534246575
chr18:65814549:A>T	244	131	2	0.34933333333333333
chr19:8908616:G>A	131	69	2	0.345
chr19:52451425:G>A	395	232	2	0.3700159489633174
chr2:27443169:C>T	319	171	2	0.3489795918367347
chr2:89885213:CTC>TCGGG	176	51	1	0.22466960352422907
chr4:154490316:C>G	498	265	2	0.3473132372214941
chr6:33801153:C>T	187	101	2	0.3506944444444444
chr6:56604416:A>C	189	97	2	0.33916083916083917
chr8:13567086:T>C	315	160	2	0.3368421052631579
chr8:36815686:AAGT>-	138	48	2	0.25806451612903225
chr9:106925339:C>T	306	147	2	0.32450331125827814
