mutation_id	ref_counts	var_counts	total_cn	VAF
chr11:120474621:G>A	245	19	2	0.07196969696969698
chr12:84884002:A>T	335	25	2	0.06944444444444445
chr13:42187088:A>G	136	111	2	0.4493927125506073
chr16:27470148:C>T	222	140	2	0.3867403314917127
chr17:28749490:->T	221	121	2	0.3538011695906433
chr18:26455860:G>A	467	36	2	0.07157057654075547
chr19:19645528:T>G	156	114	2	0.4222222222222222
chr2:80419465:T>C	255	22	2	0.07942238267148015
chr2:219539894:G>A	258	221	2	0.4613778705636743
chr3:119212622:G>A	315	36	2	0.10256410256410256
chr5:13753523:G>A	334	28	2	0.07734806629834254
chr6:36722258:G>A	275	171	2	0.3834080717488789
chrX:49691299:G>A	266	182	2	0.40625
chrX:101250945:C>T	362	99	2	0.21475054229934923
chrX:102655107:G>T	343	218	2	0.38859180035650626
