mutation_id	ref_counts	var_counts	total_cn	VAF
chr12:20369334:G>T	622	111	2	0.15143246930422918
chr14:23042713:T>C	399	233	2	0.3686708860759494
chr14:30889756:G>A	216	32	2	0.12903225806451613
chr14:68790132:->GCCCCCT	600	92	2	0.1329479768786127
chr15:75289627:A>G	611	7	2	0.011326860841423949
chr19:37363034:CATTT>-	263	86	2	0.24641833810888253
chr2:238239136:->G	766	112	2	0.1275626423690205
chr2:238239138:C>GG	991	117	2	0.1055956678700361
chr6:88144062:G>A	342	103	2	0.23146067415730337
chr6:149541422:T>C	141	31	2	0.18023255813953487
chr7:33367814:C>A	242	61	2	0.20132013201320131
chr7:142715861:->CCG	72	106	1	0.5955056179775281
chr8:76705085:A>C	325	202	2	0.38330170777988615
chr9:135694425:G>A	470	75	2	0.13761467889908258
chrX:3317153:C>T	379	218	2	0.36515912897822445
chrX:71128316:T>C	370	215	2	0.36752136752136755
