mutation_id	ref_counts	var_counts	total_cn	VAF
chr1:2800543:G>A	589	204	2	0.2572509457755359
chr1:16059992:C>T	350	145	2	0.29292929292929293
chr1:37514657:C>G	279	76	2	0.2140845070422535
chr1:52358333:C>T	171	76	2	0.3076923076923077
chr1:74463525:T>C	377	85	2	0.18398268398268397
chr12:47980611:C>T	456	160	2	0.2597402597402597
chr12:57185668:C>T	953	35	2	0.0354251012145749
chr12:106997515:G>A	244	70	2	0.2229299363057325
chr14:93998136:C>A	271	116	2	0.2997416020671835
chr15:43526772:C>A	587	19	2	0.03135313531353135
chr15:79463154:C>T	824	23	2	0.02715466351829988
chr16:18853633:G>A	233	59	2	0.20205479452054795
chr19:46470182:G>C	604	16	2	0.025806451612903226
chr19:55359154:G>A	225	80	2	0.26229508196721313
chr19:55979426:G>T	275	89	2	0.2445054945054945
chr2:178728949:G>A	471	15	2	0.030864197530864196
chr20:3803107:G>A	298	12	2	0.03870967741935484
chr20:13919109:C>T	392	16	2	0.0392156862745098
chr4:6070117:G>C	304	95	2	0.23809523809523808
chr5:132814015:C>T	585	306	2	0.3434343434343434
chr5:141101313:C>G	324	62	2	0.16062176165803108
chr5:160253678:G>A	720	38	2	0.05013192612137203
chr5:179079296:C>G	439	102	2	0.18853974121996303
chr6:31170480:G>A	1036	32	2	0.0299625468164794
chr6:32096757:C>T	1100	50	2	0.043478260869565216
chr6:54137050:C>G	492	15	2	0.029585798816568046
chr8:35759362:G>A	613	25	2	0.03918495297805643
chr8:142913287:C>A	381	138	2	0.2658959537572254
chrX:129921233:G>C	228	117	2	0.3391304347826087
chrX:131276139:G>A	508	19	2	0.036053130929791274
