mutation_id	ref_counts	var_counts	total_cn	VAF
chr1:114716123:C>T	142	67	2	0.32057416267942584
chr1:171024504:C>T	79	28	2	0.2616822429906542
chr1:176934267:G>T	197	131	2	0.39939024390243905
chr1:228368396:G>A	355	303	2	0.46048632218844987
chr10:133532844:C>G	406	111	3	0.21470019342359767
chr11:59947737:C>T	33	15	2	0.3125
chr12:55452849:G>A	87	8	2	0.08421052631578947
chr13:113075140:G>T	511	401	2	0.43969298245614036
chr14:63599589:A>-	94	32	3	0.25396825396825395
chr15:43636065:G>A	14	3	2	0.17647058823529413
chr16:70868651:G>A	230	104	2	0.31137724550898205
chr17:7701464:C>T	259	231	2	0.4714285714285714
chr18:8253340:C>T	942	40	3	0.04073319755600815
chr19:7150518:C>A	305	155	2	0.33695652173913043
chr20:42128775:G>T	251	195	2	0.437219730941704
chr22:24935491:G>A	329	191	2	0.36730769230769234
chr22:30491653:G>A	906	40	2	0.042283298097251586
chr22:44888018:G>A	689	309	2	0.3096192384769539
chr3:8985893:G>A	404	219	2	0.35152487961476725
chr7:28507736:G>A	185	133	2	0.41823899371069184
chr9:4118867:C>T	196	105	2	0.3488372093023256
chrX:66266617:G>A	318	80	4	0.20100502512562815
chrX:124333932:C>A	1305	45	4	0.03333333333333333
