mutation_id	ref_counts	var_counts	total_cn	VAF
chr10:106577548:C>T	104	36	2	0.2571428571428571
chr16:64947917:G>A	295	122	2	0.29256594724220625
chr18:44950154:A>G	231	107	2	0.3165680473372781
chrX:85108545:G>T	343	176	2	0.33911368015414256
