mutation_id	ref_counts	var_counts	total_cn	VAF
chr1:20323523:C>A	148	91	2	0.3807531380753138
chr10:122592437:C>T	339	268	2	0.4415156507413509
chr11:94971349:A>T	105	23	2	0.1796875
chr13:28018483:T>C	92	83	2	0.4742857142857143
chr16:371991:G>A	190	19	2	0.09090909090909091
chr17:82056922:C>-	406	79	2	0.16288659793814433
chr19:42924607:C>T	155	135	2	0.46551724137931033
chr2:32607552:G>A	189	159	2	0.45689655172413796
chr2:88897784:->CCC	54	30	2	0.35714285714285715
chr22:28796136:->CGCGTAGTCGTGATCC	214	106	2	0.33125
chr3:54846396:G>T	150	32	2	0.17582417582417584
chr3:126989026:G>A	262	254	2	0.49224806201550386
chr8:109087561:C>T	421	323	4	0.43413978494623656
chrX:16693417:G>A	211	144	2	0.4056338028169014
chrX:81277132:T>A	207	152	2	0.4233983286908078
