mutation_id	ref_counts	var_counts	total_cn	VAF
chr1:114716124:C>G	477	36	2	0.07017543859649122
chr11:66701063:G>A	562	42	2	0.0695364238410596
chr11:92883343:G>A	258	108	2	0.29508196721311475
chr12:25245350:C>T	372	25	2	0.06297229219143577
chr12:79845351:C>T	280	29	2	0.09385113268608414
chr12:112488466:C>T	198	104	2	0.3443708609271523
chr14:22207889:G>A	226	17	2	0.06995884773662552
chr14:22423042:->CCCCGAGATGTCGCTTT	32	12	0	0.2727272727272727
chr14:34826063:G>C	294	14	2	0.045454545454545456
chr14:103749838:G>A	342	86	2	0.20093457943925233
chr14:106627254:->AG	230	37	2	0.13857677902621723
chr15:57438649:G>A	230	71	2	0.23588039867109634
chr16:87420690:G>C	130	48	2	0.2696629213483146
chr19:11903910:A>T	76	6	2	0.07317073170731707
chr3:132671030:C>T	134	20	2	0.12987012987012986
chr5:161865724:G>A	158	60	2	0.27522935779816515
chr6:37654817:C>T	438	22	2	0.04782608695652174
chr6:160079776:G>A	231	62	2	0.21160409556313994
chrX:108191436:G>T	879	44	3	0.047670639219934995
