mutation_id	ref_counts	var_counts	total_cn	VAF
chr19:54982505:G>T	740	66	2	0.08188585607940446
chr2:199349012:C>T	651	48	2	0.06866952789699571
chr20:45704587:C>T	163	36	2	0.18090452261306533
chr6:27133391:G>A	380	74	2	0.16299559471365638
chr6:27814421:C>T	475	15	2	0.030612244897959183
chr9:463563:C>T	331	12	2	0.03498542274052478
chrX:147945552:G>A	125	8	1	0.06015037593984962
