mutation_id	ref_counts	var_counts	total_cn	VAF
chr1:54133241:G>A	511	27	2	0.05018587360594796
chr10:97047029:G>T	165	123	2	0.4270833333333333
chr11:92774103:C>-	318	58	2	0.15425531914893617
chr12:123877904:G>A	346	35	2	0.09186351706036745
chr16:4727162:C>G	287	11	2	0.03691275167785235
chr17:82088449:G>A	640	35	2	0.05185185185185185
chr18:24156442:A>T	236	36	2	0.1323529411764706
chr18:44950452:G>T	221	77	2	0.25838926174496646
chr19:2015672:G>A	279	18	2	0.06060606060606061
chr19:38358300:C>G	409	20	2	0.046620046620046623
chr2:209694786:C>G	440	28	2	0.05982905982905983
chr20:50153527:G>C	519	31	2	0.056363636363636366
chr22:30615606:C>T	148	62	2	0.29523809523809524
chr22:50694846:C>T	574	17	2	0.028764805414551606
chr5:81255136:G>A	654	23	2	0.033973412112259974
chr6:81752150:C>G	668	130	2	0.16290726817042606
chr6:132726778:G>T	354	31	2	0.08051948051948052
chr6:146434512:G>C	562	50	2	0.08169934640522876
chr7:123954381:C>T	440	26	2	0.055793991416309016
chr9:38437841:C>T	401	35	2	0.08027522935779817
chrX:30559940:G>A	302	11	1	0.03514376996805112
chrY:5099735:G>A	180	40	1	0.18181818181818182
