mutation_id	ref_counts	var_counts	total_cn	VAF
chr1:223395133:A>G	412	44	2	0.09649122807017543
chr10:29289175:G>A	513	36	2	0.06557377049180328
chr11:59806786:C>T	394	35	2	0.08158508158508158
chr11:86559767:C>T	448	38	2	0.07818930041152264
chr2:199272291:C>T	408	51	2	0.1111111111111111
chr4:183797814:G>A	881	49	3	0.05268817204301075
