mutation_id	ref_counts	var_counts	total_cn	VAF
chr10:127447425:C>T	363	182	3	0.3339449541284404
chr11:117516698:C>T	225	74	1	0.24749163879598662
chr12:68721978:G>A	158	27	2	0.14594594594594595
chr12:81220024:G>T	116	76	2	0.3958333333333333
chr15:23357538:G>C	113	42	2	0.2709677419354839
chr15:48503802:G>A	175	124	2	0.41471571906354515
chr16:71069292:C>T	109	93	2	0.4603960396039604
chr17:28956409:G>A	263	57	2	0.178125
chr17:28957474:G>A	344	86	2	0.2
chr17:42668303:C>G	150	120	2	0.4444444444444444
chr18:2729301:C>G	130	81	2	0.38388625592417064
chr18:45063102:T>A	141	112	2	0.4426877470355731
chr19:8953978:C>G	261	41	2	0.1357615894039735
chr19:50328314:G>C	110	122	2	0.5258620689655172
chr2:73424581:G>A	231	178	2	0.4352078239608802
chr2:219539839:G>A	341	76	2	0.18225419664268586
chr22:22162679:TCA>ACTCCC	14	15	2	0.5172413793103449
chr3:142962888:C>T	241	166	2	0.40786240786240785
chr4:103589873:C>T	197	144	2	0.4222873900293255
chr5:179794106:C>G	160	117	2	0.4223826714801444
chr7:100993824:G>A	1758	96	2	0.05177993527508091
chr7:122702250:A>T	253	182	2	0.41839080459770117
chr7:150370791:G>C	256	56	2	0.1794871794871795
