mutation_id	ref_counts	var_counts	total_cn	VAF
chr1:114713907:T>A	272	55	4	0.16819571865443425
chr11:125893828:G>A	161	38	4	0.19095477386934673
chr12:112090740:C>T	227	57	4	0.2007042253521127
chr14:61737108:C>T	188	33	6	0.1493212669683258
chr19:50261617:G>A	179	53	4	0.22844827586206898
chr22:19523696:A>G	396	115	4	0.22504892367906065
chr3:36855593:CTAATTTCTT>-	208	67	4	0.24363636363636362
chr6:26240615:G>A	317	57	6	0.15240641711229946
chrX:47412914:A>G	489	99	8	0.1683673469387755
chrX:96884847:T>G	492	81	8	0.14136125654450263
