mutation_id	ref_counts	var_counts	total_cn	VAF
chr10:59238704:C>T	66	35	2	0.3465346534653465
chr10:79842103:G>T	298	148	2	0.33183856502242154
chr11:16183949:C>T	123	102	2	0.4533333333333333
chr12:64079009:C>T	394	155	2	0.28233151183970856
chr14:33735262:G>A	224	176	2	0.44
chr3:15670287:C>T	165	117	2	0.4148936170212766
chr5:33998649:A>G	202	107	2	0.34627831715210355
chr5:168226104:C>T	199	128	2	0.39143730886850153
chr6:56179745:G>T	250	176	2	0.4131455399061033
