mutation_id	ref_counts	var_counts	total_cn	VAF
chr10:99886373:C>A	352	132	3	0.2727272727272727
chr11:2583544:C>T	330	45	3	0.12
chr11:92857226:C>T	320	51	3	0.13746630727762804
chr11:103220004:TGA>-	48	12	3	0.2
chr11:133919883:C>T	885	165	3	0.15714285714285714
chr12:25245347:C>T	301	60	2	0.16620498614958448
chr12:64142556:G>A	378	51	2	0.11888111888111888
chr13:28018492:T>G	215	25	2	0.10416666666666667
chr13:45783811:G>A	302	214	2	0.41472868217054265
chr13:95641637:G>A	500	149	2	0.2295839753466872
chr14:71588177:C>A	526	96	3	0.15434083601286175
chr15:45167972:->AG	269	64	2	0.1921921921921922
chr16:1210635:C>T	404	61	2	0.13118279569892474
chr16:1456130:G>A	570	57	2	0.09090909090909091
chr17:11821984:A>G	285	44	2	0.1337386018237082
chr17:13496656:C>T	550	78	2	0.12420382165605096
chr18:58611786:G>A	490	33	3	0.06309751434034416
chr20:45841157:G>T	343	224	2	0.3950617283950617
chr21:30166232:G>A	874	57	4	0.061224489795918366
chr22:21962879:G>A	277	85	2	0.23480662983425415
chr22:50289572:C>T	398	128	2	0.24334600760456274
chr4:99142686:C>T	250	101	3	0.28774928774928776
chr5:141360660:C>T	325	72	2	0.181360201511335
chr8:41308754:C>T	547	26	2	0.04537521815008726
chrX:19459995:C>T	216	28	2	0.11475409836065574
chrX:131275726:G>A	318	15	2	0.04504504504504504
