mutation_id	ref_counts	var_counts	total_cn	VAF
chr12:123937515:G>A	643	279	2	0.30260303687635576
chr13:110467074:G>T	343	124	2	0.26552462526766596
chr17:45098514:T>A	286	200	2	0.411522633744856
chr17:50088326:C>T	267	118	2	0.3064935064935065
chr19:39107075:G>A	514	38	2	0.06884057971014493
chr2:106806891:G>A	306	192	2	0.3855421686746988
