mutation_id	ref_counts	var_counts	total_cn	VAF
chr11:32428595:->G	331	61	2	0.1556122448979592
chr13:109206804:C>A	184	165	2	0.47277936962750716
chr14:23532785:T>C	430	66	2	0.13306451612903225
chr14:70010932:->GGGA	123	97	2	0.4409090909090909
chr17:35150087:G>A	213	185	2	0.4648241206030151
chr19:4258386:C>T	456	44	2	0.088
chr2:88857534:T>C	184	64	2	0.25806451612903225
chr2:178775506:G>A	220	190	2	0.4634146341463415
chr2:213049830:C>G	429	28	2	0.061269146608315096
chr22:22196276:->CGCTCC	143	27	2	0.1588235294117647
chr3:58412928:C>T	376	70	2	0.15695067264573992
chr3:111885312:G>A	210	186	2	0.4696969696969697
chr3:179221146:G>A	170	18	2	0.09574468085106383
chr4:40438783:C>T	716	74	2	0.09367088607594937
chr5:68295313:->GA	261	36	2	0.12121212121212122
chr5:98774095:A>G	524	250	2	0.32299741602067183
chr6:26026944:A>G	63	72	2	0.5333333333333333
chr9:90874692:C>T	196	46	2	0.19008264462809918
chr9:94792872:G>T	287	36	2	0.11145510835913312
chr9:135696718:C>T	458	51	2	0.10019646365422397
chrX:71142178:C>T	3	174	1	0.9830508474576272
