mutation_id	ref_counts	var_counts	total_cn	VAF
chr1:62273354:C>T	563	36	2	0.06010016694490818
chr1:114713914:G>T	307	111	2	0.26555023923444976
chr1:116031485:A>G	302	141	2	0.3182844243792325
chr11:9047528:G>A	216	84	2	0.28
chr12:68869465:G>A	188	63	2	0.250996015936255
chr14:22515623:CATAC>GGCCCGGT	292	92	2	0.23958333333333334
chr14:106622361:->CAAGTGTCT	52	6	0	0.10344827586206896
chr17:81941199:C>T	776	31	2	0.03841387856257745
chr2:140536667:C>T	318	22	2	0.06470588235294118
chr3:10449432:G>A	612	26	2	0.04075235109717868
chr4:116299851:C>G	272	16	2	0.05555555555555555
chr7:50400554:G>T	415	133	2	0.2427007299270073
chr8:25325363:G>T	147	96	2	0.3950617283950617
