mutation_id	ref_counts	var_counts	total_cn	VAF
chr1:114716123:C>T	238	158	2	0.398989898989899
chr12:49870641:C>A	136	115	2	0.4581673306772908
chr19:54839693:G>A	29	59	2	0.6704545454545454
chr21:26932960:G>A	629	149	4	0.19151670951156813
chrX:106928689:A>G	491	176	3	0.2638680659670165
