mutation_id	ref_counts	var_counts	total_cn	VAF
chr1:44141575:G>C	458	15	2	0.03171247357293869
chr1:154191970:C>A	374	16	2	0.041025641025641026
chr1:159018580:A>G	144	99	2	0.4074074074074074
chr1:203774006:C>T	400	14	2	0.033816425120772944
chr1:216422196:C>G	360	14	2	0.0374331550802139
chr1:220696642:C>T	191	135	2	0.41411042944785276
chr11:55885720:G>C	276	66	2	0.19298245614035087
chr11:108512033:C>T	428	19	2	0.042505592841163314
chr12:48979630:C>G	647	30	2	0.04431314623338257
chr16:67284433:G>C	340	12	2	0.03409090909090909
chr17:38707828:G>C	584	16	2	0.02666666666666667
chr18:66505213:G>C	241	37	2	0.13309352517985612
chr2:26314443:G>A	215	158	2	0.42359249329758714
chr2:90115400:->CCCCC	14	18	2	0.5625
chr2:185762007:C>T	160	34	2	0.17525773195876287
chr2:233996435:G>A	371	83	2	0.1828193832599119
chr20:49248959:G>A	346	54	2	0.135
chr20:57519245:G>A	221	148	2	0.4010840108401084
chr5:141398703:G>A	221	162	2	0.42297650130548303
chr5:149259574:G>C	426	13	2	0.029612756264236904
chr5:169300606:G>C	874	23	2	0.02564102564102564
chr6:71301894:G>A	310	42	2	0.11931818181818182
chr7:987455:->CC	376	242	2	0.39158576051779936
chr7:28957792:G>C	327	81	2	0.19852941176470587
chr8:29116908:->CCTGGG	340	49	2	0.12596401028277635
chr8:29116910:A>C	343	55	2	0.13819095477386933
chrX:32699135:G>A	258	76	2	0.2275449101796407
chrX:87625716:T>C	229	210	2	0.4783599088838269
