mutation_id	ref_counts	var_counts	total_cn	VAF
chr1:151167365:G>T	383	93	2	0.1953781512605042
chr1:200873168:C>T	510	128	2	0.2006269592476489
chr10:87713099:C>T	268	51	2	0.15987460815047022
chr10:133198992:G>A	837	194	2	0.18816682832201745
chr11:3638781:G>A	347	44	2	0.11253196930946291
chr11:117521200:G>A	502	40	2	0.07380073800738007
chr12:753608:T>A	350	89	2	0.20273348519362186
chr12:10609902:T>C	290	11	2	0.036544850498338874
chr12:55693197:C>T	304	86	2	0.2205128205128205
chr12:112489080:T>C	364	64	2	0.14953271028037382
chr14:24372585:C>T	451	22	2	0.046511627906976744
chr16:80612677:C>T	331	125	2	0.2741228070175439
chr17:4672294:T>C	383	92	2	0.1936842105263158
chr19:19235033:G>T	240	71	2	0.2282958199356913
chr2:1922871:C>T	495	29	2	0.05534351145038168
chr2:151513609:C>T	235	74	2	0.23948220064724918
chr22:46664029:G>A	177	85	2	0.3244274809160305
chr3:77580117:C>T	218	16	2	0.06837606837606838
chr8:33597472:GCCATAAAAGTCATAGAAGC>CCCCCTTCGG	254	62	2	0.1962025316455696
chrX:115646173:C>T	189	29	2	0.13302752293577982
chrX:154359502:T>A	605	91	3	0.1307471264367816
