mutation_id	ref_counts	var_counts	total_cn	VAF
chr12:52677124:C>T	248	32	2	0.11428571428571428
chr12:85979762:C>T	288	11	2	0.03678929765886288
chr12:118255474:G>A	164	19	2	0.10382513661202186
chr13:38687583:G>A	619	18	2	0.0282574568288854
chr14:94381100:C>T	366	30	2	0.07575757575757576
chr2:124609821:G>A	205	23	2	0.10087719298245613
chr4:46928458:C>T	248	28	2	0.10144927536231885
chr5:141344432:C>A	242	9	2	0.035856573705179286
chr5:168423871:C>T	388	44	2	0.10185185185185185
chr7:15686358:C>T	328	38	2	0.10382513661202186
