mutation_id	ref_counts	var_counts	total_cn	VAF
chr1:21577426:C>T	321	252	2	0.4397905759162304
chr1:43346526:C>G	314	238	2	0.4311594202898551
chr11:119343883:C>T	230	165	2	0.4177215189873418
chr12:89425196:C>G	228	136	2	0.37362637362637363
chr12:121823434:C>T	253	194	2	0.43400447427293065
chr13:41830531:C>T	202	12	2	0.056074766355140186
chr13:48453107:G>C	189	109	2	0.36577181208053694
chr13:49518104:G>C	228	141	2	0.3821138211382114
chr14:106627249:TCTCT>GTGTGCCCCCTA	198	120	2	0.37735849056603776
chr16:62888:C>T	195	146	2	0.4281524926686217
chr16:31224206:G>A	305	187	2	0.3800813008130081
chr16:68255915:A>G	254	200	2	0.44052863436123346
chr16:69316283:A>G	511	15	2	0.028517110266159697
chr19:5221194:C>T	625	113	3	0.15311653116531165
chr2:113197765:C>T	382	78	2	0.16956521739130434
chr2:119245952:G>A	174	130	2	0.4276315789473684
chr2:218594196:C>T	467	97	2	0.17198581560283688
chr20:21709267:G>A	488	112	2	0.18666666666666668
chr20:63239573:G>A	323	261	2	0.4469178082191781
chr21:44539924:G>A	1124	427	3	0.2753062540296583
chr22:17581388:G>A	278	212	2	0.4326530612244898
chr3:52347971:G>A	178	76	2	0.2992125984251969
chr3:107774724:C>T	117	69	2	0.3709677419354839
chr3:113657322:G>C	231	162	2	0.4122137404580153
chr3:139538872:G>A	390	100	2	0.20408163265306123
chr4:122362239:G>C	110	91	2	0.4527363184079602
chr5:132749371:C>T	227	148	2	0.39466666666666667
chr7:75024644:A>G	372	266	2	0.4169278996865204
chr7:80798102:C>T	183	134	2	0.4227129337539432
chr7:90164693:G>A	176	121	2	0.4074074074074074
chr7:148807673:->CCGT	260	125	2	0.3246753246753247
chr9:67900688:G>T	22	21	2	0.4883720930232558
chr9:98480991:C>G	173	100	2	0.3663003663003663
chrX:307465:C>T	346	340	2	0.4956268221574344
chrX:48911628:C>T	325	230	2	0.4144144144144144
chrX:73829084:C>G	372	18	2	0.046153846153846156
chrX:77998516:T>A	232	146	2	0.3862433862433862
chrX:123696745:G>A	207	41	2	0.16532258064516128
