mutation_id	ref_counts	var_counts	total_cn	VAF
chr1:37980624:C>G	176	88	2	0.3333333333333333
chr1:237783900:C>T	242	132	2	0.35294117647058826
chr11:6431740:G>A	261	185	2	0.4147982062780269
chr14:106627248:->CCCCCCCC	48	14	2	0.22580645161290322
chr14:106639118:->CCCCCCCC	120	24	1	0.16666666666666666
chr2:108763666:G>T	309	168	2	0.3522012578616352
chr6:111177407:G>C	307	11	2	0.03459119496855346
chrX:109465350:G>C	281	203	2	0.4194214876033058
