mutation_id	ref_counts	var_counts	total_cn	VAF
chr15:88879012:G>A	423	186	2	0.3054187192118227
chr17:5034028:C>T	350	135	2	0.27835051546391754
chr2:144389881:T>C	281	126	2	0.3095823095823096
chr3:15052457:G>A	177	93	2	0.34444444444444444
chr4:8205667:T>G	233	112	2	0.32463768115942027
chr5:140808540:C>T	390	178	2	0.31338028169014087
chr6:33455617:T>A	334	184	2	0.3552123552123552
chr7:139272336:A>C	240	24	2	0.09090909090909091
chr9:37020757:G>A	172	120	1	0.410958904109589
chr9:64373301:G>A	23	4	2	0.14814814814814814
chr9:114098384:C>T	411	200	2	0.32733224222585927
