mutation_id	ref_counts	var_counts	total_cn	VAF
chr1:21850173:C>T	250	96	2	0.2774566473988439
chr10:24872017:A>T	150	58	2	0.27884615384615385
chr10:54195764:G>A	247	84	2	0.2537764350453172
chr10:60208152:C>T	244	90	2	0.2694610778443114
chr10:104072049:G>A	192	88	2	0.3142857142857143
chr12:4912684:G>T	279	109	2	0.2809278350515464
chr12:40534158:A>T	148	79	2	0.34801762114537443
chr12:112489105:A>T	255	108	2	0.2975206611570248
chr13:26759378:C>T	199	87	2	0.3041958041958042
chr15:36895200:C>A	377	38	2	0.09156626506024096
chr17:1937482:G>A	376	116	3	0.23577235772357724
chr17:8379889:C>A	315	73	3	0.18814432989690721
chr17:11797643:G>A	368	101	3	0.21535181236673773
chr17:38784286:C>T	375	84	3	0.1830065359477124
chr17:74357538:C>A	875	48	3	0.05200433369447454
chr18:78994622:C>T	475	197	2	0.2931547619047619
chr2:9502189:G>A	170	75	2	0.30612244897959184
chr20:61933071:G>A	308	18	2	0.05521472392638037
chr21:21335626:G>T	522	53	3	0.09217391304347826
chr21:43010142:ATGTAGAC>-	572	62	3	0.09779179810725552
chr22:38823259:C>A	206	42	2	0.1693548387096774
chr3:149770591:G>A	201	40	2	0.16597510373443983
chr4:51996007:C>A	396	116	2	0.2265625
chr5:33938037:G>T	884	49	2	0.05251875669882101
chr7:27246189:C>G	677	30	2	0.042432814710042434
chr7:90159863:C>T	66	14	2	0.175
chr7:124764377:C>A	369	155	2	0.2958015267175573
chr7:151221672:C>T	144	35	2	0.19553072625698323
chr8:112656313:G>C	249	73	2	0.2267080745341615
chr9:113413622:C>A	196	74	2	0.2740740740740741
chrX:17376092:C>T	222	162	2	0.421875
chrX:72302903:G>T	136	92	2	0.40350877192982454
chrX:105923128:G>T	92	50	2	0.352112676056338
chrX:115013855:G>A	103	41	2	0.2847222222222222
