mutation_id	ref_counts	var_counts	total_cn	VAF
chr11:123805654:C>A	207	132	2	0.3893805309734513
chr12:112489080:T>C	228	118	2	0.34104046242774566
chr13:28018505:C>T	144	77	2	0.34841628959276016
chr19:15807256:A>G	257	155	2	0.3762135922330097
chr3:3846593:A>G	172	81	2	0.3201581027667984
chr3:108644495:G>T	196	97	2	0.3310580204778157
chr8:94668046:G>A	626	19	3	0.02945736434108527
