mutation_id	ref_counts	var_counts	total_cn	VAF
chr11:431881:G>A	251	176	2	0.41217798594847777
chr12:25245350:C>T	210	157	2	0.42779291553133514
chr14:56647379:G>T	538	45	2	0.07718696397941681
chr2:184866512:G>T	94	51	2	0.35172413793103446
chr20:49233649:C>T	273	193	2	0.41416309012875535
chr20:51523757:G>A	697	22	2	0.030598052851182198
chr20:58854588:C>T	914	122	2	0.11776061776061776
chr4:1961074:G>A	213	137	2	0.3914285714285714
chr6:30897116:C>T	302	118	3	0.28095238095238095
chr6:135197319:C>T	288	106	3	0.26903553299492383
chr7:50400598:C>T	221	141	2	0.38950276243093923
chr7:50755924:C>-	402	205	2	0.33772652388797364
chr7:138721904:C>T	153	107	2	0.4115384615384615
chrX:86739841:C>T	363	163	3	0.30988593155893535
