mutation_id	ref_counts	var_counts	total_cn	VAF
chr10:49744730:C>T	396	44	6	0.1
chr10:100979131:G>T	400	61	6	0.13232104121475055
chr11:45650096:G>A	289	230	4	0.44315992292870904
chr11:102872930:G>A	170	100	4	0.37037037037037035
chr12:5949864:G>A	253	62	4	0.19682539682539682
chr12:6315107:G>A	384	115	4	0.23046092184368738
chr12:11853544:ATCA>CT	247	89	4	0.2648809523809524
chr12:25245332:G>T	200	153	4	0.43342776203966005
chr15:83005601:->T	74	63	4	0.45985401459854014
chr17:4154720:G>A	228	314	6	0.5793357933579336
chr17:30221795:G>A	496	66	6	0.11743772241992882
chr18:25226760:G>A	409	180	6	0.30560271646859083
chr2:185797233:C>T	230	24	4	0.09448818897637795
chr2:218814717:G>A	312	52	4	0.14285714285714285
chr3:14821184:C>A	332	91	4	0.21513002364066194
chr3:19879699:C>G	334	53	4	0.13695090439276486
chr3:184321988:A>G	289	151	4	0.3431818181818182
chr5:83520048:C>T	163	180	5	0.5247813411078717
chr5:140850727:G>A	560	57	5	0.09238249594813615
chr5:150387967:C>T	550	56	5	0.0924092409240924
chr7:76393588:C>T	728	198	4	0.21382289416846653
chr9:36923480:->TCAGAGGGGC	300	45	4	0.13043478260869565
chr9:39360462:G>A	100	28	4	0.21875
chrX:67711460:C>A	596	174	7	0.22597402597402597
chrX:153455684:G>T	1042	182	7	0.14869281045751634
chrX:153455719:G>A	934	162	7	0.1478102189781022
