mutation_id	ref_counts	var_counts	total_cn	VAF
chr1:21483279:G>A	123	68	2	0.35602094240837695
chr1:119896217:C>T	373	19	2	0.04846938775510204
chr1:201900475:C>T	321	207	2	0.39204545454545453
chr1:209762640:G>A	231	125	2	0.351123595505618
chr10:46010738:G>A	422	13	2	0.029885057471264367
chr12:81152015:T>G	283	102	2	0.2649350649350649
chr12:112453279:G>C	376	128	2	0.25396825396825395
chr13:20031410:C>G	303	12	2	0.0380952380952381
chr13:32427941:G>C	551	36	2	0.06132879045996593
chr14:37499927:C>G	135	6	2	0.0425531914893617
chr15:23006277:G>A	391	16	2	0.03931203931203931
chr15:33067527:C>G	433	24	2	0.0525164113785558
chr16:58280388:C>G	498	21	2	0.04046242774566474
chr16:67611325:C>T	462	28	2	0.05714285714285714
chr18:75063454:C>G	466	38	2	0.07539682539682539
chr19:572697:G>T	288	116	2	0.2871287128712871
chr19:23654108:C>G	112	72	2	0.391304347826087
chr19:37892746:C>T	191	99	2	0.3413793103448276
chr19:45396961:C>T	427	274	2	0.3908701854493581
chr19:49101452:A>G	396	17	2	0.04116222760290557
chr2:3388189:G>A	621	18	2	0.028169014084507043
chr2:27485085:C>G	377	18	2	0.04556962025316456
chr2:113406872:TCACAG>GGT	33	72	2	0.6857142857142857
chr2:159831759:C>T	141	70	2	0.33175355450236965
chr20:2493862:G>A	396	13	2	0.03178484107579462
chr20:32918496:G>A	433	30	2	0.06479481641468683
chr20:53953494:C>T	496	15	2	0.029354207436399216
chr21:26844294:C>T	745	35	3	0.04487179487179487
chr22:22162681:->TGCC	50	39	1	0.43820224719101125
chr22:32395148:G>A	379	117	3	0.23588709677419356
chr3:3043034:G>A	418	18	2	0.04128440366972477
chr3:49662243:C>T	279	158	2	0.36155606407322655
chr3:49727349:C>T	320	128	2	0.2857142857142857
chr3:138734672:G>A	298	20	2	0.06289308176100629
chr3:139561027:C>T	225	83	2	0.2694805194805195
chr4:125319439:C>T	306	108	2	0.2608695652173913
chr4:166754627:C>G	470	28	2	0.05622489959839357
chr6:24595911:G>C	142	81	2	0.3632286995515695
chr6:29101838:G>C	185	66	2	0.26294820717131473
chr7:92164979:G>C	292	24	2	0.0759493670886076
chr7:137251233:G>C	304	30	2	0.08982035928143713
chr8:37833135:G>A	302	131	2	0.302540415704388
chrX:15822739:G>C	338	23	2	0.06371191135734072
chrX:101490606:A>G	320	191	2	0.37377690802348335
chrX:105906419:G>A	164	88	2	0.3492063492063492
chrX:108137883:G>A	456	228	2	0.3333333333333333
chrX:108736202:G>A	594	24	2	0.038834951456310676
