mutation_id	ref_counts	var_counts	total_cn	VAF
chr10:59234326:C>A	124	86	2	0.4095238095238095
chr11:4946604:C>G	51	5	2	0.08928571428571429
chr11:24983280:C>T	153	111	2	0.42045454545454547
chr11:55994019:C>A	144	98	2	0.4049586776859504
chr12:28450191:G>C	190	9	2	0.04522613065326633
chr14:67345866:C>T	99	108	2	0.5217391304347826
chr15:33154284:G>A	163	106	2	0.3940520446096654
chr15:43529651:G>A	110	110	2	0.5
chr19:11514108:C>A	516	14	2	0.026415094339622643
chr19:34450266:T>C	77	75	2	0.4934210526315789
chr19:40218133:C>T	367	312	2	0.45949926362297494
chr3:77617691:C>T	191	144	2	0.4298507462686567
chr3:195761497:G>C	220	173	2	0.4402035623409669
chr4:1974938:A>G	267	248	2	0.4815533980582524
