mutation_id	ref_counts	var_counts	total_cn	VAF
chr11:65125487:G>A	265	13	2	0.046762589928057555
chr19:50876754:G>T	168	95	2	0.3612167300380228
chr4:182775109:G>C	342	14	2	0.03932584269662921
chr6:146399410:A>G	246	164	2	0.4
chr6:160348781:C>G	563	20	2	0.03430531732418525
