mutation_id	ref_counts	var_counts	total_cn	VAF
chr1:1759168:C>T	455	172	4	0.2743221690590112
chr1:114716126:C>T	284	74	4	0.20670391061452514
chr1:158649910:G>A	243	84	4	0.25688073394495414
chr11:1075727:C>T	384	128	4	0.25
chr11:2677333:T>C	105	56	4	0.34782608695652173
chr12:6329474:G>A	666	308	4	0.3162217659137577
chr15:40324280:G>A	479	204	4	0.2986822840409956
chr16:3736749:G>T	315	103	4	0.24641148325358853
chr17:8836837:G>A	202	143	4	0.4144927536231884
chr17:9728622:G>A	272	107	4	0.28232189973614774
chr17:74372193:G>A	382	138	4	0.2653846153846154
chr18:58255864:C>T	479	200	4	0.29455081001472755
chr19:50518163:G>A	438	194	4	0.3069620253164557
chr19:51056690:C>T	290	133	4	0.3144208037825059
chr2:120174872:C>T	251	98	4	0.2808022922636103
chr4:20539506:G>A	275	40	6	0.12698412698412698
chr4:51995999:G>A	415	142	6	0.25493716337522443
chr5:80178048:T>A	117	53	4	0.31176470588235294
chr6:13790850:A>G	110	30	6	0.21428571428571427
chr6:72182464:G>A	515	164	6	0.24153166421207659
chr6:75886060:C>T	184	19	6	0.09359605911330049
chr7:90225439:C>A	395	72	8	0.15417558886509636
chr7:99573064:->ATAACT	429	68	8	0.13682092555331993
chr7:100752285:C>A	622	102	8	0.1408839779005525
chr7:120741600:C>T	322	63	8	0.16363636363636364
chr7:142186049:A>C	446	102	9	0.18613138686131386
chr8:13100123:C>T	309	111	4	0.2642857142857143
chr8:66177193:G>A	583	276	4	0.3213038416763679
chr8:109564481:A>G	168	77	4	0.3142857142857143
chr8:123789651:T>C	219	78	4	0.26262626262626265
chr9:115086918:G>A	318	138	4	0.3026315789473684
chrX:114731409:G>A	183	117	4	0.39
