mutation_id	ref_counts	var_counts	total_cn	VAF
chr1:109923489:G>A	263	157	2	0.3738095238095238
chr1:228735931:G>T	385	241	2	0.38498402555910544
chr16:3736714:A>C	303	142	2	0.31910112359550563
chr17:82028615:C>T	308	28	2	0.08333333333333333
chr3:128650738:C>A	324	194	2	0.3745173745173745
chr9:116302929:C>T	278	101	3	0.26649076517150394
chr9:119208831:G>T	399	143	3	0.26383763837638374
