mutation_id	ref_counts	var_counts	total_cn	VAF
chr1:114713909:G>T	385	135	2	0.25961538461538464
chr11:103926957:C>T	250	167	2	0.40047961630695444
chr12:110180457:T>G	336	20	2	0.056179775280898875
chr17:29609393:C>T	264	136	2	0.34
chr17:50591539:G>A	332	169	2	0.3373253493013972
chr19:38256281:G>A	345	231	2	0.4010416666666667
chr3:48225395:C>T	181	83	2	0.3143939393939394
chr9:37020771:A>C	325	163	2	0.33401639344262296
