mutation_id	ref_counts	var_counts	total_cn	VAF
chr1:10623117:G>A	211	23	2	0.09829059829059829
chr10:21020192:C>T	233	37	2	0.13703703703703704
chr12:123933503:C>T	228	44	2	0.16176470588235295
chr19:758071:G>A	460	89	2	0.1621129326047359
chr2:130915706:C>G	549	32	2	0.055077452667814115
chr2:130916683:C>T	281	15	2	0.05067567567567568
chr2:130917077:C>T	431	26	2	0.05689277899343545
chr3:52576679:G>A	236	17	2	0.06719367588932806
chr3:98087671:C>T	119	37	2	0.23717948717948717
chr3:114295751:G>A	298	134	2	0.3101851851851852
chr4:134200504:G>A	384	16	2	0.04
chr5:138257685:T>A	356	114	2	0.2425531914893617
chr6:160243643:C>T	198	84	2	0.2978723404255319
chr7:73671352:G>A	88	20	2	0.18518518518518517
chr7:120733039:C>T	199	86	2	0.3017543859649123
chr8:100177909:C>T	152	44	2	0.22448979591836735
chrX:9691617:G>C	141	8	1	0.053691275167785234
