mutation_id	ref_counts	var_counts	total_cn	VAF
chr1:114716126:C>T	210	31	2	0.12863070539419086
chr10:75399223:G>A	1074	70	3	0.06118881118881119
chr11:130238483:G>T	163	137	2	0.45666666666666667
chr12:25245350:C>T	183	53	2	0.2245762711864407
chr14:64803614:C>T	249	103	3	0.29261363636363635
chr14:106037901:->CA	122	79	2	0.39303482587064675
chr14:106335072:TCACTGTGTCTTTCGCACAGTAATACAC>CCTTCAA	356	71	3	0.16627634660421545
chr14:106349274:CTCATTGTGTCTCTGGCACAGTAA>TCTGTGGTAGG	215	109	3	0.33641975308641975
chr14:106373663:->CCGAGTAGAA	197	102	2	0.3411371237458194
chr15:65077345:T>C	595	182	2	0.23423423423423423
chr16:20431051:C>T	187	159	2	0.4595375722543353
chr17:10501429:C>T	812	57	3	0.06559263521288838
chr19:55541400:A>G	458	349	2	0.43246592317224286
chr2:50623318:C>T	160	24	2	0.13043478260869565
chr2:161905855:G>C	60	63	2	0.5121951219512195
chr2:178014351:G>A	174	57	2	0.24675324675324675
chr2:178552237:G>T	198	72	2	0.26666666666666666
chr6:56508690:T>A	346	64	3	0.15609756097560976
chr7:117542062:C>T	40	28	2	0.4117647058823529
chr8:24352046:C>A	190	26	2	0.12037037037037036
