mutation_id	ref_counts	var_counts	total_cn	VAF
chr10:47325210:C>T	365	99	4	0.21336206896551724
chr11:111913501:G>A	391	131	3	0.2509578544061303
chr12:112450362:A>T	325	113	3	0.2579908675799087
chr14:31107111:T>A	210	66	3	0.2391304347826087
chr14:105916827:GC>T	174	79	3	0.31225296442687744
chr15:75676536:G>A	225	152	2	0.40318302387267907
chr16:16007819:T>C	254	92	3	0.2658959537572254
chr18:8085783:C>T	285	91	3	0.24202127659574468
chr19:2208936:T>C	104	109	3	0.5117370892018779
chr2:101264889:A>T	214	82	3	0.27702702702702703
chr2:138671454:G>A	327	94	3	0.22327790973871733
chr2:233819374:G>A	261	110	3	0.29649595687331537
chr3:133380166:G>A	328	116	3	0.26126126126126126
chr4:186083734:A>G	302	130	3	0.30092592592592593
chr7:103728168:G>A	118	90	2	0.4326923076923077
chr9:130880529:G>A	234	40	2	0.145985401459854
chr9:136466334:G>A	264	120	2	0.3125
chrX:3343704:G>A	649	203	5	0.23826291079812206
chrX:51744809:G>A	484	236	5	0.3277777777777778
chrX:108058079:G>A	561	93	5	0.14220183486238533
chrX:149932718:G>C	642	175	5	0.2141982864137087
