mutation_id	ref_counts	var_counts	total_cn	VAF
chr1:108226817:G>A	195	48	2	0.19753086419753085
chr1:159928838:G>A	503	24	2	0.04554079696394687
chr1:179108402:C>A	230	65	2	0.22033898305084745
chr1:179108650:C>T	299	97	2	0.24494949494949494
chr1:179108888:C>G	239	61	2	0.20333333333333334
chr1:200873503:G>A	372	262	2	0.41324921135646686
chr11:102797283:C>T	353	71	3	0.16745283018867924
chr12:11752556:->GAATAATTGAATAATG	280	66	3	0.1907514450867052
chr14:60150110:C>T	163	65	3	0.2850877192982456
chr16:49281381:C>T	579	224	3	0.27895392278953923
chr17:47284622:G>T	357	136	3	0.27586206896551724
chr19:11148033:T>C	161	103	2	0.39015151515151514
chr19:17656046:G>A	229	201	2	0.46744186046511627
chr19:41124745:G>A	255	85	2	0.25
chr19:55265371:C>T	182	115	2	0.3872053872053872
chr2:28994845:G>A	121	81	2	0.400990099009901
chr3:170486280:G>A	251	126	2	0.33421750663129973
chr4:168924963:C>T	400	97	4	0.19517102615694165
chr5:17632320:G>A	349	169	3	0.32625482625482627
chr5:141854223:C>T	627	245	3	0.2809633027522936
chr6:31728188:->GCAGCCC	338	116	3	0.2555066079295154
chr6:68993788:G>A	237	98	3	0.29253731343283584
chr7:1745789:G>T	257	241	2	0.4839357429718876
chr7:101034725:A>G	240	121	2	0.33518005540166207
chr9:14722487:G>T	176	139	2	0.44126984126984126
chrX:72139068:C>A	121	99	2	0.45
