mutation_id	ref_counts	var_counts	total_cn	VAF
chr1:114716123:C>T	288	140	2	0.32710280373831774
chr12:41188474:C>T	440	19	2	0.04139433551198257
chr14:105529131:G>A	916	30	3	0.03171247357293869
chr5:45695905:G>A	410	203	2	0.33115823817292006
chr5:56111743:C>A	189	112	2	0.37209302325581395
chr7:124032203:C>G	484	21	2	0.041584158415841586
