mutation_id	ref_counts	var_counts	total_cn	VAF
chr1:151524829:G>A	266	176	2	0.39819004524886875
chr1:155904497:->CCT	172	82	2	0.3228346456692913
chr11:8731001:C>T	286	183	2	0.39019189765458423
chr11:128911456:C>T	308	157	2	0.33763440860215055
chr15:79001759:T>C	144	85	2	0.37117903930131
chr8:95045623:CTTTA>-	104	32	2	0.23529411764705882
chr9:128275972:C>T	251	128	2	0.33773087071240104
chrX:103082281:G>T	284	186	2	0.39574468085106385
