mutation_id	ref_counts	var_counts	total_cn	VAF
chr1:85183021:G>A	352	24	2	0.06382978723404255
chr1:116035223:G>C	470	26	2	0.05241935483870968
chr1:181726093:A>C	246	30	2	0.10869565217391304
chr11:33287064:G>C	528	18	2	0.03296703296703297
chr11:56642201:G>C	420	37	2	0.08096280087527352
chr11:118200511:G>C	349	51	2	0.1275
chr12:41573544:G>A	262	139	2	0.34663341645885287
chr12:44610954:G>C	335	11	2	0.031791907514450865
chr13:27920203:G>T	824	50	2	0.057208237986270026
chr13:35352276:C>T	396	24	2	0.05714285714285714
chr14:58646696:G>C	518	254	2	0.3290155440414508
chr14:106578742:TGTCTCGCACAGTAATACAT>GTTCGAGG	77	10	2	0.11494252873563218
chr15:48767370:G>T	518	15	2	0.028142589118198873
chr15:55439530:C>T	221	39	2	0.15
chr16:54932870:G>A	546	28	2	0.04878048780487805
chr16:60358487:G>A	195	87	2	0.30851063829787234
chr16:81148302:G>C	241	100	2	0.2932551319648094
chr16:89199536:G>A	565	34	2	0.05676126878130217
chr17:7482409:C>G	664	40	2	0.056818181818181816
chr17:7482410:C>T	659	40	2	0.05722460658082976
chr17:58213850:C>T	332	13	2	0.03768115942028986
chr17:59210187:G>A	567	54	2	0.08695652173913043
chr17:59210458:G>A	477	64	2	0.11829944547134935
chr18:5423426:C>G	440	52	2	0.10569105691056911
chr18:7044758:T>C	238	136	2	0.36363636363636365
chr18:58333824:G>C	364	18	2	0.04712041884816754
chr19:19537512:C>T	470	16	2	0.03292181069958848
chr19:45783683:C>-	233	85	2	0.2672955974842767
chr19:56027575:G>C	430	55	2	0.1134020618556701
chr19:58571136:T>C	638	58	2	0.08333333333333333
chr2:27470997:C>G	440	52	2	0.10569105691056911
chr2:89221690:ACTGTGGGAGGAGTTTGTAGAG>CGT	81	85	1	0.5120481927710844
chr2:205125730:G>A	274	37	2	0.1189710610932476
chr22:38089101:G>C	443	79	2	0.15134099616858238
chr3:183072459:G>C	245	28	2	0.10256410256410256
chr4:25012466:G>A	214	132	2	0.3815028901734104
chr4:113359130:C>T	522	15	2	0.027932960893854747
chr4:182324111:G>A	578	24	2	0.03986710963455149
chr5:96421914:G>C	228	31	2	0.11969111969111969
chr6:65344096:A>C	466	15	2	0.031185031185031187
chr7:38349355:->CGGG	17	7	0	0.2916666666666667
chr7:100064169:G>A	572	39	2	0.06382978723404255
chr8:22727197:C>G	365	41	2	0.10098522167487685
chr8:41672436:G>C	410	18	2	0.04205607476635514
chr8:112289439:C>T	272	159	2	0.3689095127610209
chr8:130909745:C>T	327	49	2	0.13031914893617022
chr9:127815989:G>A	572	37	2	0.060755336617405585
chr9:135786301:G>A	770	34	2	0.04228855721393035
chrX:154460616:G>A	736	33	2	0.04291287386215865
