mutation_id	ref_counts	var_counts	total_cn	VAF
chr1:218436028:->A	200	176	2	0.46808510638297873
chr10:76887273:C>T	117	81	2	0.4090909090909091
chr11:130189754:C>T	296	95	2	0.24296675191815856
chr12:25245347:C>T	183	161	2	0.4680232558139535
chr15:20535223:G>A	702	64	2	0.0835509138381201
chr15:26567731:C>T	207	9	2	0.041666666666666664
chr15:82823238:C>T	219	55	2	0.20072992700729927
chr15:96332360:G>A	554	18	2	0.03146853146853147
chr19:22857609:G>A	216	37	2	0.14624505928853754
chr3:14523657:C>T	153	116	2	0.4312267657992565
chr3:51356202:C>T	302	32	2	0.09580838323353294
chr3:119557690:C>A	185	137	2	0.4254658385093168
chr5:68295312:ACCAAT>-	212	54	2	0.20300751879699247
chr6:35748843:T>C	186	54	2	0.225
chr7:96028274:C>T	229	204	2	0.47113163972286376
chr8:122951784:G>A	234	223	2	0.487964989059081
