mutation_id	ref_counts	var_counts	total_cn	VAF
chr1:17222364:G>A	274	37	2	0.1189710610932476
chr1:59865916:G>A	70	12	2	0.14634146341463414
chr1:159928323:G>C	534	20	2	0.036101083032490974
chr1:205303860:C>G	372	78	2	0.17333333333333334
chr10:38055969:A>C	180	7	2	0.0374331550802139
chr10:48731161:A>C	237	51	2	0.17708333333333334
chr10:70734019:G>A	143	83	2	0.3672566371681416
chr11:376702:G>A	529	97	2	0.15495207667731628
chr11:100992518:G>A	286	22	2	0.07142857142857142
chr12:11752555:TC>CGCCAGGGCCTCT	329	44	2	0.11796246648793565
chr12:26913494:C>T	218	12	2	0.05217391304347826
chr12:63150597:C>T	384	64	2	0.14285714285714285
chr12:85805559:T>A	176	116	2	0.3972602739726027
chr12:98613848:C>G	316	18	2	0.05389221556886228
chr13:102735915:C>T	177	68	2	0.27755102040816326
chr13:113363891:C>G	341	24	2	0.06575342465753424
chr17:58571991:C>T	228	24	2	0.09523809523809523
chr19:47701617:G>T	453	77	2	0.14528301886792452
chr19:54940053:C>G	718	18	2	0.024456521739130436
chr2:98162911:C>T	290	64	2	0.1807909604519774
chr2:195970091:G>A	97	36	2	0.2706766917293233
chr2:209826029:G>C	225	40	2	0.1509433962264151
chr2:227295044:G>A	126	26	2	0.17105263157894737
chr20:31377375:G>A	300	41	2	0.12023460410557185
chr22:22196276:->AAC	69	19	1	0.2159090909090909
chr22:44147863:C>T	288	30	2	0.09433962264150944
chr3:7578813:T>G	132	98	2	0.4260869565217391
chr3:187235795:G>A	347	68	2	0.163855421686747
chr5:41018938:G>A	354	16	2	0.043243243243243246
chr5:132815142:C>T	350	14	2	0.038461538461538464
chr6:31866051:G>A	589	66	2	0.10076335877862595
chr7:80744938:T>G	278	18	2	0.060810810810810814
chr8:69682192:T>A	146	35	2	0.19337016574585636
chr9:33062160:C>T	70	68	2	0.4927536231884058
