mutation_id	ref_counts	var_counts	total_cn	VAF
chr1:18921084:T>C	334	59	2	0.15012722646310434
chr1:114716123:C>T	424	28	2	0.061946902654867256
chr10:62057231:->GCCTT	371	64	3	0.1471264367816092
chr10:96373744:G>A	392	42	2	0.0967741935483871
chr11:116830624:C>T	600	23	2	0.03691813804173355
chr12:82357018:C>T	236	10	2	0.04065040650406504
chr13:28018498:ATG>-	246	72	2	0.22641509433962265
chr13:28311640:C>T	167	57	2	0.2544642857142857
chr15:41669864:->AAGGGAACCGGAC	157	33	2	0.1736842105263158
chr2:121397269:G>C	194	13	2	0.06280193236714976
chr2:178731487:G>A	330	39	2	0.10569105691056911
chr3:46448994:G>A	510	62	2	0.10839160839160839
chr4:2537057:G>A	166	217	2	0.566579634464752
chr7:2649609:C>T	303	263	2	0.46466431095406363
chr8:130169064:G>A	46	5	2	0.09803921568627451
chrX:100408136:G>A	1513	36	4	0.023240800516462233
chrX:104188154:G>A	1410	92	4	0.06125166444740346
chrX:153693276:C>T	455	62	4	0.11992263056092843
