mutation_id	ref_counts	var_counts	total_cn	VAF
chr1:66332389:->T	168	59	2	0.2599118942731278
chr11:7089427:G>A	181	118	2	0.39464882943143814
chr12:25245347:C>T	176	100	2	0.36231884057971014
chr14:74676193:T>G	302	97	3	0.24310776942355888
chr14:104952490:G>A	544	172	3	0.24022346368715083
chr18:46483659:C>T	423	142	3	0.2513274336283186
chr19:12391560:G>T	167	28	2	0.14358974358974358
chr19:45517786:->GCCAGCCAGGGGCC	304	96	2	0.24
chr3:149178503:G>A	76	39	2	0.3391304347826087
chr3:179809521:C>A	408	18	2	0.04225352112676056
chr4:1961074:G>A	199	106	2	0.3475409836065574
chrX:12921744:C>T	256	179	2	0.4114942528735632
