mutation_id	ref_counts	var_counts	total_cn	VAF
chr11:129942480:G>A	422	24	2	0.053811659192825115
chr12:5575935:G>A	319	18	1	0.05341246290801187
chr12:109783683:G>A	404	114	2	0.22007722007722008
chr13:36201908:G>A	229	61	2	0.2103448275862069
chr14:106537810:->CTCCCTGGC	29	5	0	0.14705882352941177
chr19:34434874:G>A	178	35	2	0.1643192488262911
chr22:37029268:C>T	358	12	2	0.032432432432432434
chr4:168924314:G>C	294	74	2	0.20108695652173914
chr6:31577314:->CGCGT	630	143	2	0.18499353169469598
chr6:117365601:C>G	232	68	2	0.22666666666666666
chr7:19116875:G>C	358	98	2	0.2149122807017544
chr7:51027824:G>A	226	162	2	0.4175257731958763
chrX:40074167:A>T	722	22	2	0.02956989247311828
chrX:68274763:C>T	164	48	2	0.22641509433962265
chrX:80022360:G>A	531	143	2	0.21216617210682492
