mutation_id	ref_counts	var_counts	total_cn	VAF
chr1:6440306:C>T	547	100	2	0.1545595054095827
chr11:5422862:C>A	315	59	2	0.15775401069518716
chr12:25101237:G>T	452	18	2	0.03829787234042553
chr14:32093003:G>C	492	14	2	0.02766798418972332
chr14:76172004:C>T	314	13	2	0.039755351681957186
chr15:89649017:G>A	602	23	2	0.0368
chr19:29674304:G>A	643	147	2	0.1860759493670886
chr19:51056762:C>G	288	56	2	0.16279069767441862
chr2:124417509:C>T	484	46	2	0.08679245283018867
chr3:46020972:C>T	360	58	2	0.13875598086124402
chr3:139019927:G>A	510	20	2	0.03773584905660377
chr3:142466431:->G	244	48	2	0.1643835616438356
chr4:73449459:G>T	182	37	2	0.1689497716894977
chr4:155214810:G>A	389	93	2	0.19294605809128632
chr6:54941758:T>G	392	75	2	0.16059957173447537
chr7:38353715:CCCATCC>TGCT	64	36	2	0.36
chr7:98193441:G>A	448	52	2	0.104
chr7:101042643:A>G	490	96	2	0.16382252559726962
chrY:12775555:A>G	130	11	1	0.07801418439716312
