mutation_id	ref_counts	var_counts	total_cn	VAF
chr1:93546878:G>A	276	52	2	0.15853658536585366
chr1:152311392:A>G	598	20	2	0.032362459546925564
chr10:85647267:G>A	355	41	2	0.10353535353535354
chr11:64736802:C>A	450	13	2	0.028077753779697623
chr11:118472762:G>C	484	22	2	0.043478260869565216
chr11:118473238:G>A	288	12	2	0.04
chr12:25245351:C>T	151	42	1	0.21761658031088082
chr12:53939332:G>C	702	26	2	0.03571428571428571
chr13:38848564:G>A	315	161	2	0.3382352941176471
chr14:32821708:G>A	306	64	2	0.17297297297297298
chr15:39591519:C>T	144	74	2	0.3394495412844037
chr16:3565013:C>T	296	177	2	0.37420718816067655
chr16:20964030:G>A	226	146	2	0.3924731182795699
chr16:81133692:C>A	239	63	2	0.20860927152317882
chr17:1725587:C>T	582	15	2	0.02512562814070352
chr2:53970707:G>A	533	82	2	0.13333333333333333
chr2:161424055:C>G	564	19	2	0.032590051457975985
chr22:36871693:C>A	602	23	2	0.0368
chr3:11259976:G>A	319	34	2	0.09631728045325778
chr3:47411565:->C	430	48	2	0.100418410041841
chr3:51715544:C>T	302	40	2	0.11695906432748537
chr3:185248515:G>A	122	73	2	0.37435897435897436
chr4:870895:C>T	286	14	2	0.04666666666666667
chr4:7014477:A>G	186	23	2	0.11004784688995216
chr5:140858261:T>C	349	196	2	0.3596330275229358
chr5:150379697:G>A	356	15	2	0.04043126684636118
chr6:26189019:G>A	472	21	2	0.04259634888438134
chr6:165392773:C>T	311	43	2	0.12146892655367232
chr8:55751098:C>G	382	12	2	0.030456852791878174
chr9:76296793:G>A	354	48	2	0.11940298507462686
