mutation_id	ref_counts	var_counts	total_cn	VAF
chr1:36806117:G>A	111	87	2	0.4393939393939394
chr1:114716126:C>T	198	111	2	0.3592233009708738
chr11:55827566:C>T	276	220	2	0.4435483870967742
chr13:24853881:C>A	84	50	2	0.373134328358209
chr13:77070680:A>G	126	95	2	0.4298642533936652
chr15:68175762:->CGA	82	59	2	0.41843971631205673
chr16:20341124:G>A	167	121	2	0.4201388888888889
chr2:89297263:GAGG>TCTGGCAC	285	52	2	0.1543026706231454
chr2:241678532:G>A	224	183	2	0.44963144963144963
chr21:38383755:T>C	280	236	2	0.4573643410852713
chr4:46974309:G>A	186	123	2	0.39805825242718446
chr4:142123357:C>T	205	153	2	0.4273743016759777
