mutation_id	ref_counts	var_counts	total_cn	VAF
chr10:20869837:G>T	207	13	2	0.05909090909090909
chr10:70774216:C>A	216	20	2	0.0847457627118644
chr10:102918455:G>C	452	68	2	0.13076923076923078
chr12:92144288:->GGCCA	248	52	2	0.17333333333333334
chr12:125103070:G>T	173	18	2	0.09424083769633508
chr14:99652548:C>T	335	96	2	0.22273781902552203
chr16:30720804:C>T	626	31	2	0.0471841704718417
chr17:38330264:C>T	504	61	2	0.1079646017699115
chr18:68714967:C>T	460	32	2	0.06504065040650407
chr2:102505374:C>T	344	26	2	0.07027027027027027
chr2:124747287:A>T	243	92	2	0.2746268656716418
chr20:49271542:G>C	326	140	2	0.30042918454935624
chr22:41508041:C>T	139	110	2	0.44176706827309237
chr3:47004138:C>T	538	18	2	0.03237410071942446
chr6:69049293:T>G	110	12	2	0.09836065573770492
chr6:122809201:G>A	188	22	2	0.10476190476190476
chr8:143868825:A>G	500	54	2	0.09747292418772563
chr9:19050457:C>T	296	11	2	0.035830618892508145
chrX:30309037:G>A	674	57	2	0.07797537619699042
chrX:47181826:G>A	494	46	2	0.08518518518518518
chrX:64225229:G>A	532	35	2	0.06172839506172839
