mutation_id	ref_counts	var_counts	total_cn	VAF
chr1:156959112:C>T	147	113	2	0.4346153846153846
chr11:11998713:C>T	122	94	2	0.4351851851851852
chr11:36227244:C>T	178	132	2	0.4258064516129032
chr12:25225628:C>T	129	59	2	0.31382978723404253
chr14:106506984:TTTCACACTGTGTATCTTGCACAG>CCTTT	24	73	1	0.7525773195876289
chr16:1222234:C>T	218	164	2	0.4293193717277487
chr2:100008930:A>G	82	66	2	0.44594594594594594
chr2:113406872:->GGTG	62	30	2	0.32608695652173914
chr20:2637504:G>C	128	107	2	0.4553191489361702
chr22:20143701:G>A	239	160	2	0.40100250626566414
chr4:2339600:C>T	239	150	2	0.3856041131105398
chr6:27892837:G>A	283	53	2	0.15773809523809523
chr7:120745844:G>A	161	99	2	0.38076923076923075
chr9:117039952:G>T	257	10	2	0.03745318352059925
chr9:128203542:C>A	195	162	2	0.453781512605042
