mutation_id	ref_counts	var_counts	total_cn	VAF
chr10:69572675:C>T	308	230	2	0.4275092936802974
chr11:433934:C>T	224	144	2	0.391304347826087
chr12:56322471:GTGA>-	144	72	2	0.3333333333333333
chr13:28018503:A>C	235	51	2	0.17832167832167833
chr13:28034204:T>C	184	95	2	0.34050179211469533
chr14:22449112:->GAGGGGGGAGA	163	70	3	0.30042918454935624
chr16:3736749:G>T	259	251	2	0.492156862745098
chr18:80137570:C>T	180	161	2	0.47214076246334313
chr19:3435146:C>A	294	238	2	0.4473684210526316
chr19:45224903:C>T	414	156	2	0.2736842105263158
chr2:144389881:T>C	325	140	2	0.3010752688172043
chr2:233693214:C>T	209	181	2	0.4641025641025641
chr22:23061845:C>T	223	184	2	0.4520884520884521
chr22:46369747:G>A	258	105	2	0.2892561983471074
chr4:182800203:C>T	555	240	3	0.3018867924528302
chr6:46860818:G>A	448	176	3	0.28205128205128205
chr6:47286435:C>T	381	161	3	0.29704797047970477
chr6:52792969:G>C	374	48	3	0.11374407582938388
chr6:121447673:G>A	388	214	3	0.3554817275747508
chr6:167307901:C>T	188	75	3	0.28517110266159695
chr7:138861307:G>A	353	290	2	0.4510108864696734
chr8:145052588:C>T	309	255	2	0.4521276595744681
chr9:72826934:C>T	208	152	2	0.4222222222222222
