mutation_id	ref_counts	var_counts	total_cn	VAF
chr1:9720176:C>T	712	46	2	0.06068601583113457
chr1:185093078:C>T	303	22	2	0.06769230769230769
chr15:43529415:C>T	633	41	2	0.06083086053412463
chr16:4262643:G>C	468	26	2	0.05263157894736842
chr3:49661057:C>T	735	33	2	0.04296875
chr9:87886369:T>C	726	36	2	0.047244094488188976
chrX:105219149:G>T	784	39	2	0.04738760631834751
