mutation_id	ref_counts	var_counts	total_cn	VAF
chr1:3480478:G>A	621	30	2	0.04608294930875576
chr1:169106902:C>G	312	79	2	0.2020460358056266
chr11:65572724:G>A	771	34	2	0.0422360248447205
chr12:20815803:G>C	181	47	2	0.20614035087719298
chr12:26982834:G>A	243	10	2	0.039525691699604744
chr12:64097328:->C	376	38	2	0.09178743961352658
chr12:69676991:G>A	311	91	2	0.2263681592039801
chr12:71583844:G>A	455	28	2	0.057971014492753624
chr14:64053154:C>T	250	104	2	0.2937853107344633
chr14:88792464:C>G	414	84	2	0.1686746987951807
chr16:1911752:G>A	688	52	2	0.07027027027027027
chr17:49611391:C>T	324	81	2	0.2
chr17:50076652:C>A	474	28	2	0.055776892430278883
chr19:1127758:G>T	306	74	2	0.19473684210526315
chr2:36966437:G>C	401	104	2	0.20594059405940593
chr22:39646815:G>C	670	46	2	0.06424581005586592
chr22:41169525:G>A	185	60	2	0.24489795918367346
chr22:41170484:G>C	484	18	2	0.035856573705179286
chr3:113656582:C>T	208	58	2	0.21804511278195488
chr3:113656853:C>G	272	72	2	0.20930232558139536
chr3:113658165:C>T	323	67	2	0.1717948717948718
chr3:141608654:C>T	345	69	2	0.16666666666666666
chr6:592482:C>T	222	54	2	0.1956521739130435
chr6:3849814:G>A	322	18	2	0.052941176470588235
chr6:134028398:G>C	232	52	2	0.18309859154929578
chr7:16301440:C>T	384	40	2	0.09433962264150944
chr9:107003381:G>A	411	22	2	0.050808314087759814
