mutation_id	ref_counts	var_counts	total_cn	VAF
chr1:25984467:C>A	207	114	4	0.35514018691588783
chr1:209790667:G>A	311	166	4	0.3480083857442348
chr1:247857290:G>A	542	37	4	0.06390328151986183
chr10:28147510:C>G	337	11	4	0.031609195402298854
chr10:95637158:C>T	250	63	4	0.2012779552715655
chr11:31789957:G>A	232	38	4	0.14074074074074075
chr11:59504481:G>A	216	25	4	0.1037344398340249
chr11:64600770:G>A	306	155	4	0.3362255965292842
chr12:82966971:C>G	175	92	4	0.3445692883895131
chr19:52765835:C>G	308	54	4	0.14917127071823205
chr19:55661187:G>A	400	25	4	0.058823529411764705
chr2:159745896:T>C	126	74	4	0.37
chr3:51246769:G>A	388	14	4	0.03482587064676617
chr5:181260315:G>C	350	53	4	0.1315136476426799
chr6:31117063:G>A	675	56	4	0.07660738714090287
chr7:78255976:C>T	409	55	4	0.11853448275862069
chr7:112468065:G>C	288	45	4	0.13513513513513514
chr8:63085946:G>C	444	92	4	0.17164179104477612
