mutation_id	ref_counts	var_counts	total_cn	VAF
chr1:11157242:A>G	506	17	2	0.032504780114722756
chr17:1733828:C>T	880	36	2	0.039301310043668124
chr17:4973706:G>A	381	110	2	0.2240325865580448
chr2:100300709:C>A	248	118	2	0.3224043715846995
chr2:182982869:C>T	196	116	2	0.3717948717948718
chr2:233803481:G>A	297	152	2	0.33853006681514475
chr6:27133394:T>A	218	136	2	0.384180790960452
chr8:27922014:G>A	585	162	2	0.21686746987951808
chr9:135484525:C>T	164	83	2	0.3360323886639676
chrX:26194412:G>T	347	183	2	0.3452830188679245
chrX:71141905:A>G	360	142	2	0.28286852589641437
chrX:131544444:T>C	323	214	2	0.3985102420856611
