mutation_id	ref_counts	var_counts	total_cn	VAF
chr1:43224129:C>T	447	14	2	0.03036876355748373
chr1:54812180:C>A	164	102	2	0.38345864661654133
chr1:93534802:C>T	201	74	2	0.2690909090909091
chr10:17104519:G>A	244	175	2	0.41766109785202865
chr11:842505:T>A	257	99	2	0.27808988764044945
chr14:21499584:C>A	264	12	2	0.043478260869565216
chr14:106335080:TCTTTC>-	276	31	1	0.10097719869706841
chr16:2762008:C>T	262	133	2	0.3367088607594937
chr16:83171526:A>G	198	90	2	0.3125
chr2:130764210:G>T	323	159	2	0.32987551867219916
chr2:240572502:G>C	437	34	2	0.07218683651804671
chr22:22245048:GTGT>-	257	98	2	0.27605633802816903
chr3:112639240:C>T	334	167	2	0.3333333333333333
chr9:83062666:C>T	669	68	2	0.09226594301221167
chr9:93653184:C>T	262	15	2	0.05415162454873646
chrX:119406569:C>T	244	18	1	0.06870229007633588
