mutation_id	ref_counts	var_counts	total_cn	VAF
chr10:116476707:G>A	334	14	4	0.040229885057471264
chr13:28034144:A>G	187	46	2	0.19742489270386265
chr14:93582240:C>A	257	95	2	0.26988636363636365
chr15:54500939:T>C	214	20	2	0.08547008547008547
chr15:90241893:A>G	331	110	2	0.2494331065759637
chr16:7579799:C>T	227	100	2	0.3058103975535168
chr16:29806996:C>T	108	49	2	0.31210191082802546
chr18:9888087:A>G	367	94	4	0.2039045553145336
chr19:11239885:G>A	266	90	2	0.25280898876404495
chr21:42568427:C>T	508	49	6	0.08797127468581688
chr8:141474158:C>T	304	70	2	0.18716577540106952
chrX:118568110:T>C	214	13	6	0.05726872246696035
