mutation_id	ref_counts	var_counts	total_cn	VAF
chr1:176594605:G>A	124	107	2	0.46320346320346323
chr1:178486781:G>A	237	153	2	0.3923076923076923
chr1:228372301:C>T	236	180	2	0.4326923076923077
chr11:4287543:C>G	664	72	3	0.09782608695652174
chr11:14254567:G>A	224	118	3	0.34502923976608185
chr11:62529970:G>A	307	133	3	0.30227272727272725
chr11:72015846:C>T	325	165	3	0.336734693877551
chr11:105971990:G>A	126	54	3	0.3
chr11:113412556:C>T	267	12	3	0.043010752688172046
chr11:119052412:A>T	224	92	3	0.2911392405063291
chr12:112472981:G>A	104	102	2	0.49514563106796117
chr13:28034121:C>A	98	84	2	0.46153846153846156
chr13:87675700:C>T	154	112	2	0.42105263157894735
chr15:58065588:C>A	204	133	2	0.39465875370919884
chr15:74343981:C>T	116	86	2	0.42574257425742573
chr16:85909053:->CC	186	108	2	0.3673469387755102
chr16:85909055:G>CCC	232	137	2	0.3712737127371274
chr17:32721123:G>A	143	105	2	0.42338709677419356
chr17:44464475:G>T	110	96	2	0.46601941747572817
chr18:50715163:G>A	178	146	2	0.4506172839506173
chr19:1043054:G>A	137	136	2	0.4981684981684982
chr2:25750256:C>A	145	144	2	0.4982698961937716
chr2:27507994:C>A	104	100	2	0.49019607843137253
chr2:140883964:G>T	165	132	2	0.4444444444444444
chr2:165387008:C>A	58	33	2	0.3626373626373626
chr2:241872082:G>A	302	252	2	0.4548736462093863
chr5:63960865:G>A	264	214	2	0.4476987447698745
chr5:140807615:C>T	184	114	2	0.3825503355704698
chr6:56477375:C>T	255	112	3	0.30517711171662126
chr6:72242428:G>A	108	43	3	0.2847682119205298
chr6:142772056:C>T	295	122	3	0.29256594724220625
chr7:152181826:G>A	154	111	2	0.4188679245283019
chr8:102329282:C>T	80	60	2	0.42857142857142855
chr9:5922856:G>A	160	113	2	0.4139194139194139
chrX:23379862:C>T	182	188	2	0.5081081081081081
chrX:26193875:G>A	82	71	2	0.46405228758169936
