mutation_id	ref_counts	var_counts	total_cn	VAF
chr1:151294443:G>A	470	43	2	0.08382066276803118
chr1:156285359:G>C	668	33	2	0.047075606276747506
chr1:215675606:A>T	134	117	2	0.46613545816733065
chr11:33028772:C>G	282	17	2	0.056856187290969896
chr11:67645744:A>T	267	194	2	0.420824295010846
chr11:125789427:C>T	440	24	2	0.05172413793103448
chr6:42632903:A>G	128	112	2	0.4666666666666667
chr6:99613879:T>AAGAA	557	270	2	0.3264812575574365
chr7:4245790:T>A	160	124	2	0.43661971830985913
chr8:51899090:G>C	778	63	2	0.07491082045184304
chr8:143730273:C>T	743	88	2	0.10589651022864019
