mutation_id	ref_counts	var_counts	total_cn	VAF
chr1:228316761:C>T	244	198	2	0.4479638009049774
chr11:83633252:G>A	222	125	2	0.36023054755043227
chr14:49893878:A>G	482	157	3	0.24569640062597808
chr16:3738616:C>T	237	74	2	0.2379421221864952
chr2:11580759:C>T	321	187	2	0.36811023622047245
chr2:80647665:G>A	151	108	2	0.416988416988417
chr3:125012934:G>A	315	169	2	0.34917355371900827
chr4:41619348:C>T	452	211	3	0.31825037707390647
chr6:121447735:T>A	218	156	2	0.41711229946524064
chr9:134699925:G>A	139	93	2	0.40086206896551724
