mutation_id	ref_counts	var_counts	total_cn	VAF
chr1:74204604:C>T	103	79	2	0.4340659340659341
chr1:152303046:C>T	202	131	2	0.3933933933933934
chr11:4914952:C>A	287	265	2	0.48007246376811596
chr11:60466152:T>C	57	59	2	0.5086206896551724
chr12:67304640:->GGCC	124	123	2	0.4979757085020243
chr13:25699275:G>A	590	26	2	0.04220779220779221
chr14:106802685:CACTGTGTGTCT>TGTG	128	94	2	0.42342342342342343
chr15:23646089:G>T	434	285	2	0.3963838664812239
chr17:7387064:C>T	250	246	2	0.4959677419354839
chr2:89937679:TCCCAC>CAGGG	16	86	2	0.8431372549019608
chr3:38604025:C>T	214	158	2	0.42473118279569894
chr5:24535730:G>C	136	123	2	0.4749034749034749
chr6:28504485:G>A	152	105	2	0.4085603112840467
chr7:108052173:A>G	117	78	2	0.4
chr8:143726668:C>T	327	297	2	0.47596153846153844
chr9:12695648:T>G	401	67	2	0.14316239316239315
chr9:135119806:C>T	219	193	2	0.4684466019417476
