mutation_id	ref_counts	var_counts	total_cn	VAF
chr12:122482002:C>T	217	145	2	0.4005524861878453
chr14:22449125:G>A	42	18	0	0.3
chr14:106153643:->CTGTGTATTACTGTGCGAGAGGGGATCCCCAGTTCCACC	33	6	0	0.15384615384615385
chr15:100262351:->G	106	63	2	0.3727810650887574
chr2:203149093:C>T	211	134	2	0.3884057971014493
chr20:58854307:C>T	430	79	2	0.15520628683693516
chr21:46265935:G>A	115	107	2	0.481981981981982
chr3:54880821:C>A	132	99	2	0.42857142857142855
chr7:122303183:G>T	326	10	2	0.02976190476190476
