mutation_id	ref_counts	var_counts	total_cn	VAF
chr1:114716126:C>T	315	93	2	0.22794117647058823
chr1:216325387:C>A	173	21	2	0.10824742268041238
chr12:908528:G>T	390	26	2	0.0625
chr12:52772868:G>A	160	86	2	0.34959349593495936
chr12:120363121:C>T	205	92	2	0.30976430976430974
chr13:26682733:G>A	675	48	2	0.06639004149377593
chr13:28034189:T>G	257	14	2	0.05166051660516605
chr14:100881500:C>T	741	188	4	0.2023681377825619
chr15:43024846:C>T	126	54	2	0.3
chr15:67421362:A>G	271	149	2	0.3547619047619048
chr16:10180021:C>T	184	92	2	0.3333333333333333
chr17:57974815:C>T	360	26	2	0.06735751295336788
chr6:130827623:C>T	319	42	3	0.11634349030470914
chr8:30847460:C>T	74	33	3	0.308411214953271
chrX:11178167:C>T	450	35	2	0.07216494845360824
chrX:32441257:G>T	84	24	2	0.2222222222222222
chrX:85103884:G>A	79	32	2	0.2882882882882883
