mutation_id	ref_counts	var_counts	total_cn	VAF
chr1:215628960:G>A	170	140	2	0.45161290322580644
chr10:48821095:C>T	167	117	2	0.4119718309859155
chr13:37651428:C>T	134	129	2	0.49049429657794674
chr14:88426402:C>A	479	22	2	0.043912175648702596
chr15:99130590:G>A	429	30	2	0.06535947712418301
chr17:7673802:C>A	42	308	2	0.88
chr17:50075657:C>T	600	46	2	0.07120743034055728
chr2:107827049:C>T	283	35	2	0.11006289308176101
chr20:58842076:G>A	532	18	2	0.03272727272727273
chr22:45518686:C>T	165	145	2	0.46774193548387094
chr3:41234167:C>T	370	13	2	0.033942558746736295
chr7:100993086:C>A	548	45	2	0.07588532883642496
chrX:44873663:->CC	218	30	1	0.12096774193548387
