mutation_id	ref_counts	var_counts	total_cn	VAF
chr1:162778722:G>C	127	99	2	0.43805309734513276
chr1:180022818:C>T	192	110	2	0.36423841059602646
chr1:197096101:G>C	247	115	2	0.31767955801104975
chr1:242089863:C>T	174	78	2	0.30952380952380953
chr10:58807156:G>A	260	20	2	0.07142857142857142
chr10:119058229:G>A	327	153	2	0.31875
chr11:66230915:C>A	500	28	2	0.05303030303030303
chr11:134277854:G>C	338	159	2	0.3199195171026157
chr12:25245345:C>T	261	99	2	0.275
chr12:52675723:C>T	277	127	2	0.31435643564356436
chr14:32146322:C>G	150	62	2	0.29245283018867924
chr14:52653238:C>T	180	76	2	0.296875
chr14:60646476:G>C	694	20	2	0.028011204481792718
chr14:106578742:TGTCTCGCACAGTAATACATGGC>GCTTCAA	51	114	2	0.6909090909090909
chr15:41887422:C>T	180	125	2	0.4098360655737705
chr15:89480366:C>T	213	142	2	0.4
chr16:88643364:C>T	268	148	2	0.3557692307692308
chr19:4930738:->C	361	222	2	0.38078902229845624
chr19:13813162:C>G	270	193	2	0.4168466522678186
chr19:42272140:G>A	543	230	2	0.2975420439844761
chr19:45072202:C>T	365	291	2	0.44359756097560976
chr19:52438761:G>C	326	162	2	0.3319672131147541
chr2:99105670:G>A	177	103	2	0.3678571428571429
chr2:174748152:C>T	168	117	2	0.4105263157894737
chr2:203202730:G>C	152	49	2	0.24378109452736318
chr2:207767077:C>T	404	287	2	0.4153400868306802
chr2:210648028:C>G	183	104	2	0.3623693379790941
chr2:240576847:G>A	472	174	2	0.2693498452012384
chr4:1961074:G>A	216	105	2	0.32710280373831774
chr4:47587196:C>T	171	82	2	0.3241106719367589
chr4:70690082:C>T	141	89	2	0.3869565217391304
chr4:139511798:C>T	482	29	2	0.05675146771037182
chr4:151650085:G>A	313	210	2	0.40152963671128106
chr4:183208005:G>A	332	169	2	0.3373253493013972
chr6:3224862:G>A	398	132	2	0.2490566037735849
chr6:44276271:C>T	572	256	2	0.30917874396135264
chr6:99613709:G>A	436	312	2	0.41711229946524064
chr6:138096385:C>G	228	90	2	0.2830188679245283
chr8:47953902:C>T	145	19	2	0.11585365853658537
chr8:106761381:C>G	288	150	2	0.3424657534246575
chr8:138132727:G>A	224	191	2	0.4602409638554217
chr9:5462994:G>C	284	180	2	0.3879310344827586
chrX:14853157:G>A	69	51	2	0.425
chrX:47181988:C>G	350	180	2	0.33962264150943394
chrX:75060293:C>T	267	111	2	0.29365079365079366
chrX:77988305:C>A	378	20	2	0.05025125628140704
