mutation_id	ref_counts	var_counts	total_cn	VAF
chr17:39765791:C>A	220	23	2	0.09465020576131687
chr17:39765858:G>A	122	279	2	0.6957605985037406
chr3:7578452:C>T	204	113	2	0.35646687697160884
