mutation_id	ref_counts	var_counts	total_cn	VAF
chr11:125489535:G>A	189	66	2	0.25882352941176473
chr13:28018475:T>C	181	52	2	0.22317596566523606
chr19:6583311:C>T	140	52	2	0.2708333333333333
chr2:166199529:G>A	215	77	2	0.2636986301369863
chr9:36846842:C>A	248	88	2	0.2619047619047619
