mutation_id	ref_counts	var_counts	total_cn	VAF
chr1:54133091:C>T	527	83	4	0.1360655737704918
chr10:87361130:G>C	252	37	4	0.12802768166089964
chr10:113577211:T>A	406	69	4	0.14526315789473684
chr11:113986724:C>T	430	77	4	0.15187376725838264
chr12:235205:G>T	286	95	4	0.24934383202099739
chr12:27400648:G>T	249	56	4	0.18360655737704917
chr12:109227457:C>G	376	46	4	0.10900473933649289
chr13:101452920:G>A	309	48	4	0.13445378151260504
chr14:103100447:C>A	506	62	4	0.10915492957746478
chr16:3233690:C>T	331	56	3	0.14470284237726097
chr17:29616712:C>G	244	41	4	0.14385964912280702
chr17:44383683:G>A	277	125	4	0.31094527363184077
chr18:72542061:C>A	595	94	4	0.13642960812772134
chr2:86199504:C>T	386	69	4	0.15164835164835164
chr2:127578161:A>G	339	112	4	0.24833702882483372
chr2:230310016:C>T	268	99	4	0.26975476839237056
chr20:46216981:G>A	460	50	4	0.09803921568627451
chr3:115676063:A>T	328	28	4	0.07865168539325842
chr4:122620967:C>T	314	51	4	0.13972602739726028
chr5:103559221:G>T	240	50	4	0.1724137931034483
chr5:141393681:C>T	241	9	4	0.036
chr6:26045702:G>A	375	73	4	0.16294642857142858
chr6:142088493:C>T	397	13	2	0.03170731707317073
chr7:148814108:T>C	293	63	4	0.17696629213483145
chrX:100690597:T>C	38	52	2	0.5777777777777777
