mutation_id	ref_counts	var_counts	total_cn	VAF
chr11:114706523:G>C	164	104	2	0.3880597014925373
chr12:5994603:G>T	142	71	2	0.3333333333333333
chr12:112911205:C>A	156	78	2	0.3333333333333333
chr14:106592675:->CCTCCA	22	30	1	0.5769230769230769
chr16:19304092:C>T	236	42	2	0.1510791366906475
chr17:7670685:G>A	320	52	2	0.13978494623655913
chr17:49973067:C>T	438	65	2	0.12922465208747516
chr2:113406869:CATTCACAGTGTT>G	47	40	2	0.45977011494252873
chr20:33069901:G>A	193	147	2	0.4323529411764706
chr22:22031467:CATTCACACAGTGACACAGG>TCA	107	46	2	0.3006535947712418
chr4:69480778:G>A	187	150	2	0.44510385756676557
chr6:34983365:A>C	155	84	2	0.3514644351464435
chrX:25013416:G>A	553	22	2	0.03826086956521739
