mutation_id	ref_counts	var_counts	total_cn	VAF
chr10:60389453:C>T	196	182	2	0.48148148148148145
chr10:96410392:G>A	280	75	2	0.2112676056338028
chr10:99330851:C>T	210	162	2	0.43548387096774194
chr11:66042594:G>A	281	300	2	0.5163511187607573
chr12:25245347:C>T	245	68	2	0.21725239616613418
chr12:112450406:G>A	340	45	2	0.11688311688311688
chr19:38422094:C>T	334	117	2	0.25942350332594233
chr19:46621668:C>T	147	114	2	0.4367816091954023
chr3:340897:C>A	129	84	2	0.39436619718309857
chr3:149872030:->T	146	24	2	0.1411764705882353
chrX:17719357:G>A	372	77	2	0.1714922048997773
