mutation_id	ref_counts	var_counts	total_cn	VAF
chr1:26354575:G>A	576	30	2	0.04950495049504951
chr1:176556571:C>T	264	186	2	0.41333333333333333
chr1:237709079:A>T	154	100	2	0.3937007874015748
chr10:38118034:G>A	197	132	2	0.4012158054711246
chr10:73653506:C>G	258	200	2	0.4366812227074236
chr14:104884495:C>T	234	127	2	0.3518005540166205
chr14:106268601:CTGTGT>TGAC	138	61	2	0.3065326633165829
chr15:55916094:C>G	342	14	2	0.03932584269662921
chr17:8345785:C>T	166	141	2	0.4592833876221498
chr17:41584373:C>T	160	71	2	0.30735930735930733
chr17:68986184:G>A	209	95	2	0.3125
chr19:54909386:G>A	362	204	2	0.36042402826855124
chr2:84822029:C>T	220	121	2	0.3548387096774194
chr2:157258328:G>T	204	108	2	0.34615384615384615
chr2:185808175:T>A	128	83	2	0.3933649289099526
chr3:129458605:G>A	129	70	2	0.35175879396984927
chr3:154217911:A>G	342	14	2	0.03932584269662921
chr6:31644995:A>G	350	191	2	0.35304990757855825
chr6:118277496:C>T	139	68	2	0.3285024154589372
chr9:61193887:C>A	68	41	1	0.3761467889908257
chrX:9027884:C>T	130	69	2	0.34673366834170855
