mutation_id	ref_counts	var_counts	total_cn	VAF
chr1:114716126:C>T	476	36	2	0.0703125
chr10:60389431:C>A	196	42	2	0.17647058823529413
chr11:1240351:G>A	313	14	2	0.04281345565749235
chr11:63764581:G>T	376	27	2	0.06699751861042183
chr13:33112796:G>A	282	144	2	0.3380281690140845
chr15:85715806:G>A	218	59	2	0.21299638989169675
chr19:3907825:C>T	476	110	2	0.18771331058020477
chr20:5922571:C>T	469	45	2	0.08754863813229571
chr3:32704810:G>T	69	32	2	0.31683168316831684
chr3:88467133:T>A	280	111	2	0.28388746803069054
chr4:165487510:C>T	372	34	2	0.08374384236453201
chr4:183322290:C>G	490	25	2	0.04854368932038835
chr6:31888476:G>A	928	31	3	0.03232533889468196
chr6:47878466:C>G	477	53	3	0.1
chr6:87015751:C>T	646	36	3	0.05278592375366569
chr7:151192321:C>T	377	57	2	0.1313364055299539
chrX:108668480:C>T	627	17	3	0.026397515527950312
chrX:154156530:G>T	457	37	3	0.07489878542510121
