mutation_id	ref_counts	var_counts	total_cn	VAF
chr1:114716123:C>T	241	30	2	0.11070110701107011
chr11:9749117:->GC	114	34	2	0.22972972972972974
chr11:18744023:C>T	231	39	2	0.14444444444444443
chr11:119278170:AATATGAA>GTCCCAAG	95	33	2	0.2578125
chr13:28018498:ATG>-	132	50	2	0.27472527472527475
chr17:82315348:C>T	159	72	2	0.3116883116883117
chr3:185971671:C>T	349	49	2	0.12311557788944724
chr4:157336613:C>T	127	113	2	0.4708333333333333
chr5:176868189:G>A	176	111	2	0.3867595818815331
chrX:19351344:C>T	462	170	3	0.2689873417721519
chrX:41216529:GA>-	314	243	3	0.4362657091561939
chrX:101554283:C>G	152	71	3	0.3183856502242152
chrX:153421371:C>T	735	150	3	0.1694915254237288
