mutation_id	ref_counts	var_counts	total_cn	VAF
chr19:17365810:G>A	340	134	2	0.28270042194092826
chr2:10681998:T>C	209	43	2	0.17063492063492064
chr20:2709575:C>T	272	20	2	0.0684931506849315
chr20:59774319:C>T	224	93	2	0.29337539432176657
chr20:62312179:C>T	324	71	2	0.17974683544303796
chr3:124927920:T>C	434	16	2	0.035555555555555556
chr5:132579347:G>A	210	38	2	0.1532258064516129
chr6:30740796:C>A	215	46	3	0.17624521072796934
chr6:56560382:C>T	311	56	3	0.15258855585831063
chr7:100160580:C>T	299	103	2	0.2562189054726368
chrX:102937754:G>A	537	26	2	0.046181172291296625
chrX:116454428:G>A	263	20	2	0.0706713780918728
