mutation_id	ref_counts	var_counts	total_cn	VAF
chr1:114716124:C>G	233	160	4	0.4071246819338422
chr11:67467357:G>A	216	175	4	0.4475703324808184
chr11:118478092:C>T	273	73	4	0.21098265895953758
chr12:53289205:G>A	300	91	4	0.23273657289002558
chr17:12745938:G>A	362	78	7	0.17727272727272728
chr19:47702328:C>T	583	32	4	0.05203252032520325
chr2:240046010:T>C	494	18	4	0.03515625
chr6:43007233:C>T	380	172	7	0.3115942028985507
chr9:135614293:G>A	240	137	4	0.363395225464191
