mutation_id	ref_counts	var_counts	total_cn	VAF
chr1:227735226:C>T	471	107	4	0.185121107266436
chr12:19440355:T>C	645	52	4	0.0746054519368723
chr17:42543359:C>T	604	33	4	0.05180533751962323
chr19:45901587:T>A	832	46	4	0.05239179954441914
chr2:132782897:G>A	542	18	4	0.03214285714285714
chr6:32949787:A>C	882	48	4	0.05161290322580645
chrX:155773918:A>T	723	56	2	0.07188703465982028
