mutation_id	ref_counts	var_counts	total_cn	VAF
chr1:18483139:G>A	203	137	2	0.40294117647058825
chr12:94247922:C>T	78	37	2	0.3217391304347826
chr12:112450406:G>A	134	80	2	0.37383177570093457
chr14:56801837:G>C	275	90	3	0.2465753424657534
chr17:81123251:C>T	253	107	3	0.2972222222222222
chr18:23842495:C>T	262	108	3	0.2918918918918919
chr19:22975542:T>C	133	7	2	0.05
chr2:96500775:G>A	513	24	2	0.0446927374301676
chr22:35265439:G>A	92	88	2	0.4888888888888889
chr4:8612038:G>T	176	66	3	0.2727272727272727
chr4:24819950:G>A	267	73	3	0.21470588235294116
chr5:167876007:C>T	194	14	2	0.0673076923076923
chr7:115015818:G>-	188	93	2	0.3309608540925267
chr9:90874828:A>G	114	7	2	0.05785123966942149
