mutation_id	ref_counts	var_counts	total_cn	VAF
chr10:122087689:C>T	398	89	2	0.18275154004106775
chr11:1255219:C>T	465	49	2	0.09533073929961089
chr13:28018498:ATG>-	147	106	2	0.4189723320158103
chr15:79457500:A>C	392	66	2	0.14410480349344978
chr15:96784208:T>A	233	145	2	0.3835978835978836
chr16:3736790:A>G	283	50	2	0.15015015015015015
chr18:22416991:T>A	268	107	3	0.2853333333333333
chr19:6375608:G>A	649	102	2	0.13581890812250333
chr5:90683819:G>A	300	50	2	0.14285714285714285
chr5:140697995:G>C	470	30	2	0.06
chr6:13326871:G>A	480	21	3	0.041916167664670656
chr6:70283800:C>T	512	60	3	0.1048951048951049
chr6:73354174:C>T	596	60	3	0.09146341463414634
chr6:117566908:C>T	710	76	3	0.09669211195928754
chrX:48983323:C>G	790	272	3	0.256120527306968
