mutation_id	ref_counts	var_counts	total_cn	VAF
chr1:17354557:C>T	225	44	4	0.16356877323420074
chr11:64266197:C>T	193	38	4	0.1645021645021645
chr11:86268518:A>G	142	11	4	0.0718954248366013
chr12:112184285:T>A	296	76	4	0.20430107526881722
chr13:28028243:T>C	375	22	4	0.055415617128463476
chr18:34818324:G>A	203	43	6	0.17479674796747968
chr2:195777838:C>T	228	19	4	0.07692307692307693
chr2:219639594:C>A	382	122	4	0.24206349206349206
chr2:238260950:C>T	258	55	4	0.1757188498402556
chr3:36832905:C>T	259	78	4	0.2314540059347181
chr3:57405836:G>A	272	11	4	0.038869257950530034
chr5:98901266:C>T	177	34	4	0.16113744075829384
chr5:168247663:C>T	406	22	4	0.0514018691588785
chr5:181004747:G>A	223	43	4	0.16165413533834586
chr9:104598864:C>T	264	17	4	0.060498220640569395
