mutation_id	ref_counts	var_counts	total_cn	VAF
chr12:81384138:C>G	498	32	2	0.06037735849056604
chr16:57751295:G>A	351	14	2	0.038356164383561646
chr2:56192800:C>T	760	71	2	0.08543922984356198
chr20:36500585:C>T	361	21	2	0.0549738219895288
