mutation_id	ref_counts	var_counts	total_cn	VAF
chr1:171280870:C>T	303	99	2	0.2462686567164179
chr10:94262559:A>C	268	105	2	0.28150134048257375
chr11:123907059:A>G	190	35	1	0.15555555555555556
chr13:57724847:C>T	306	114	2	0.2714285714285714
chr14:102140043:C>T	404	127	2	0.2391713747645951
chr17:7673775:->GGG	198	204	2	0.5074626865671642
chr17:50617515:C>T	241	117	2	0.3268156424581006
chr18:31759812:C>A	223	78	2	0.2591362126245847
chr2:89085177:A>-	130	42	0	0.2441860465116279
chr2:141810364:G>A	247	69	2	0.21835443037974683
chr22:25846204:G>A	392	158	2	0.2872727272727273
chr3:189995344:C>T	299	105	2	0.2599009900990099
chr4:17876712:G>A	111	55	2	0.3313253012048193
chr4:99613107:G>A	163	84	2	0.340080971659919
chr5:179801673:C>T	374	114	2	0.2336065573770492
chrX:49230298:->G	196	117	1	0.3738019169329074
chrX:68840332:T>C	175	189	1	0.5192307692307693
