mutation_id	ref_counts	var_counts	total_cn	VAF
chr1:11840199:G>A	238	77	2	0.24444444444444444
chr11:62598382:C>T	212	89	2	0.2956810631229236
chr13:114011229:G>A	187	70	2	0.2723735408560311
chr14:106537810:TC>GGGTCTTTTT	153	60	2	0.28169014084507044
chr19:53810206:C>T	291	131	2	0.3104265402843602
chr20:18412648:C>G	141	63	2	0.3088235294117647
chr5:43298695:C>T	256	93	2	0.2664756446991404
chr7:38394100:C>-	256	98	2	0.2768361581920904
chr8:22614412:G>T	215	74	2	0.2560553633217993
chr9:39361527:C>G	461	164	2	0.2624
