mutation_id	ref_counts	var_counts	total_cn	VAF
chr11:90086138:T>A	207	108	2	0.34285714285714286
chr13:26046674:G>T	461	75	2	0.13992537313432835
chr14:106506996:TAT>-	48	45	1	0.4838709677419355
chr15:78463044:G>A	362	13	2	0.034666666666666665
chr22:19177800:C>T	528	242	2	0.3142857142857143
chr22:30741249:C>A	366	177	2	0.3259668508287293
chr3:140562837:C>T	184	94	2	0.3381294964028777
chr3:171211135:C>A	184	92	2	0.3333333333333333
