mutation_id	ref_counts	var_counts	total_cn	VAF
chr1:100539470:C>T	884	30	3	0.03282275711159737
chr1:186003783:G>A	258	93	3	0.26495726495726496
chr1:227654678:A>C	220	84	3	0.27631578947368424
chr10:102470052:G>T	214	151	4	0.4136986301369863
chr11:22625648:G>A	852	26	3	0.029612756264236904
chr11:104886807:T>G	129	143	3	0.5257352941176471
chr12:13866029:G>T	287	184	4	0.39065817409766457
chr12:64062976:G>A	322	236	4	0.4229390681003584
chr14:106627248:->TCTCT	41	20	2	0.32786885245901637
chr14:106639118:->TCTCT	148	31	2	0.17318435754189945
chr15:78774626:T>C	338	42	3	0.11052631578947368
chr16:2500299:T>A	731	74	4	0.09192546583850932
chr16:29664799:G>A	812	32	4	0.037914691943127965
chr17:2387518:G>A	1032	30	4	0.02824858757062147
chr17:7285117:G>A	709	21	4	0.028767123287671233
chr18:12817219:G>A	621	30	4	0.04608294930875576
chr19:6829835:G>C	424	27	3	0.0598669623059867
chr19:44288451:G>C	452	20	3	0.0423728813559322
chr2:201654914:G>T	308	18	3	0.05521472392638037
chr20:1206910:G>A	412	24	3	0.05504587155963303
chr21:33509809:C>G	290	10	3	0.03333333333333333
chr3:57278701:G>C	351	12	3	0.03305785123966942
chr3:113457202:C>T	394	20	3	0.04830917874396135
chr4:82661037:C>G	458	15	3	0.03171247357293869
chr4:152328233:->TGA	398	50	5	0.11160714285714286
chr5:140802880:C>T	581	480	4	0.4524033930254477
chr7:93133433:C>A	470	15	4	0.030927835051546393
chr8:143790409:G>A	233	300	3	0.5628517823639775
chrX:107981758:C>G	496	22	2	0.04247104247104247
