mutation_id	ref_counts	var_counts	total_cn	VAF
chr2:210009675:C>T	208	114	2	0.35403726708074534
chr4:2305325:C>T	546	63	2	0.10344827586206896
chr6:29440518:G>A	416	336	2	0.44680851063829785
chr7:142797453:GTGCTCC>TCCGGA	320	169	2	0.3456032719836401
chrX:101130054:G>A	137	47	2	0.2554347826086957
chrX:106941613:G>A	342	83	2	0.1952941176470588
