mutation_id	ref_counts	var_counts	total_cn	VAF
chr10:53822795:G>A	267	42	3	0.13592233009708737
chr11:62192093:C>A	330	39	3	0.10569105691056911
chr12:21378297:T>-	211	68	2	0.24372759856630824
chr12:54029813:A>C	157	127	2	0.4471830985915493
chr12:112450395:C>T	166	30	2	0.15306122448979592
chr12:112450406:G>A	149	42	2	0.2198952879581152
chr13:39694643:G>A	33	11	2	0.25
chr14:81278410:->CC	274	93	3	0.25340599455040874
chr14:81278412:G>CCC	303	107	3	0.26097560975609757
chr15:23440639:G>A	605	109	2	0.15266106442577032
chr17:7807539:C>T	256	125	3	0.32808398950131235
chr18:7231537:G>A	385	60	3	0.1348314606741573
chr18:21516675:G>A	354	35	3	0.08997429305912596
chr19:38448649:G>A	154	62	2	0.28703703703703703
chr22:38740316:G>A	316	55	2	0.14824797843665768
chr4:70234125:C>T	335	52	3	0.1343669250645995
chr5:67165732:G>A	400	18	2	0.0430622009569378
chrX:148977982:G>A	419	38	3	0.08315098468271334
