mutation_id	ref_counts	var_counts	total_cn	VAF
chr10:4833444:T>C	221	83	2	0.2730263157894737
chr10:26021542:G>A	272	43	2	0.1365079365079365
chr11:64266194:->GCCCCC	172	54	2	0.23893805309734514
chr16:1204247:G>A	489	62	2	0.11252268602540835
chr16:3738633:GAAGAA>AGG	284	58	2	0.1695906432748538
chr16:9092159:C>T	766	58	2	0.0703883495145631
chr16:23389047:G>A	197	75	2	0.2757352941176471
chr16:56328761:G>T	216	36	2	0.14285714285714285
chr16:71634459:G>A	289	138	2	0.3231850117096019
chr19:48873720:->CCC	254	94	2	0.27011494252873564
chr19:55358370:G>A	275	122	2	0.30730478589420657
chr20:33679881:->CGG	237	108	2	0.3130434782608696
chr5:80472805:C>T	222	33	2	0.12941176470588237
chr5:141409748:G>A	535	38	2	0.06631762652705062
chr7:102468931:C>T	414	69	2	0.14285714285714285
