mutation_id	ref_counts	var_counts	total_cn	VAF
chr1:114716123:C>T	307	91	2	0.228643216080402
chr1:237773583:C>T	177	70	2	0.2834008097165992
chr11:6609130:A>G	233	92	2	0.28307692307692306
chr11:30495307:G>A	180	56	2	0.23728813559322035
chr13:38687948:G>A	364	141	2	0.27920792079207923
chr15:62164087:G>A	479	166	2	0.25736434108527134
chr16:53490263:G>A	287	38	2	0.11692307692307692
chr16:67620740:G>A	255	72	2	0.22018348623853212
chr17:40184610:G>A	191	53	2	0.21721311475409835
chr2:219421421:C>T	189	86	2	0.31272727272727274
chr20:44051342:G>A	449	102	3	0.1851179673321234
chr20:53576608:G>A	226	57	3	0.20141342756183744
chr5:24487929:T>A	182	65	2	0.2631578947368421
chr6:31900129:C>T	774	228	3	0.2275449101796407
chr6:118314137:G>A	419	108	3	0.2049335863377609
chr7:50382677:G>A	336	45	2	0.11811023622047244
chr7:99731115:C>A	303	65	2	0.1766304347826087
chr8:116856695:->A	257	73	2	0.22121212121212122
chrX:34639285:C>T	212	101	2	0.3226837060702875
