mutation_id	ref_counts	var_counts	total_cn	VAF
chr13:38966866:C>T	396	24	2	0.05714285714285714
chr16:665657:G>T	789	36	2	0.04363636363636364
chr17:7421109:C>T	764	36	2	0.045
chr2:162446141:C>G	364	20	2	0.052083333333333336
chr20:10642580:G>A	472	13	2	0.026804123711340205
chr3:87264431:G>T	474	22	2	0.04435483870967742
chr5:161897198:G>A	498	29	2	0.05502846299810247
chr6:27133387:G>T	528	30	2	0.053763440860215055
chr9:38395895:C>T	692	28	2	0.03888888888888889
