mutation_id	ref_counts	var_counts	total_cn	VAF
chr1:67395834:G>T	234	158	2	0.4030612244897959
chr1:68145883:G>A	164	47	2	0.22274881516587677
chr10:24543951:G>A	375	81	3	0.17763157894736842
chr11:17632168:C>T	174	149	2	0.4613003095975232
chr11:120956949:G>A	180	35	2	0.16279069767441862
chr12:112489081:C>T	298	52	2	0.14857142857142858
chr15:59459948:G>A	223	43	2	0.16165413533834586
chr17:4889742:G>T	222	96	2	0.3018867924528302
chr17:7849912:C>T	244	51	2	0.17288135593220338
chr17:38466899:T>C	616	19	2	0.029921259842519685
chr19:7927677:C>T	145	139	2	0.4894366197183099
chr20:32433845:->CCCC	77	79	1	0.5064102564102564
chr20:32434560:->A	166	65	1	0.2813852813852814
chr3:129605758:CT>GCCCCGG	262	162	2	0.38207547169811323
chr9:131069823:G>A	166	68	2	0.2905982905982906
chrX:27747904:T>A	190	178	2	0.483695652173913
chrX:102140975:G>C	12	484	2	0.9758064516129032
