mutation_id	ref_counts	var_counts	total_cn	VAF
chr1:1049568:C>T	459	36	2	0.07272727272727272
chr1:114716123:C>T	279	97	2	0.2579787234042553
chr1:235993660:C>T	273	170	2	0.3837471783295711
chr1:237387310:C>T	280	124	2	0.3069306930693069
chr10:30626845:C>T	842	151	3	0.15206445115810674
chr10:127106256:C>T	383	113	3	0.22782258064516128
chr11:66043387:C>T	758	32	2	0.04050632911392405
chr12:57737252:C>T	401	190	2	0.32148900169204736
chr14:85623493:C>T	296	130	3	0.3051643192488263
chr15:78601488:C>T	466	29	2	0.05858585858585859
chr19:757425:C>T	408	194	2	0.3222591362126246
chr2:235041789:C>T	355	171	2	0.32509505703422054
chr3:12911646:A>G	212	132	2	0.38372093023255816
chr3:124764401:C>T	149	77	2	0.3407079646017699
chr4:76403203:T>C	241	85	3	0.2607361963190184
chr5:37020821:C>T	257	123	2	0.3236842105263158
chr7:107926281:C>T	725	38	3	0.04980340760157274
chr8:3162198:G>A	698	40	3	0.05420054200542006
