mutation_id	ref_counts	var_counts	total_cn	VAF
chr1:1043954:G>A	209	230	2	0.5239179954441914
chr1:15942140:G>T	239	203	2	0.4592760180995475
chr14:100550504:C>T	183	130	2	0.41533546325878595
chr14:106335074:ACTGTGTCTT>CCCCCGA	220	61	1	0.21708185053380782
chr2:113406870:ATTCACAGTGT>CTCTC	6	56	2	0.9032258064516129
chr21:26932993:G>A	188	353	3	0.6524953789279113
chr3:50193400:A>G	134	92	2	0.40707964601769914
chr4:186284120:C>T	150	150	2	0.5
chr7:138759753:G>A	252	27	2	0.0967741935483871
