mutation_id	ref_counts	var_counts	total_cn	VAF
chr1:46817153:C>A	281	157	2	0.3584474885844749
chr11:5131874:G>C	248	12	2	0.046153846153846156
chr11:5507921:C>T	276	63	2	0.18584070796460178
chr11:67493785:C>T	311	120	2	0.27842227378190254
chr11:90041353:C>T	262	34	2	0.11486486486486487
chr12:83051016:C>G	358	18	2	0.047872340425531915
chr12:108292420:G>T	179	124	2	0.40924092409240925
chr18:21765776:C>T	282	10	2	0.03424657534246575
chr19:2877699:C>T	301	172	2	0.36363636363636365
chr19:8960480:G>A	411	71	2	0.14730290456431536
chr2:68490196:G>C	242	11	2	0.043478260869565216
chr2:102532383:C>T	184	90	2	0.3284671532846715
chr22:45563081:G>A	405	84	2	0.17177914110429449
chr3:48594494:G>A	418	26	2	0.05855855855855856
chr5:141102779:G>A	866	25	2	0.028058361391694726
chr6:34762679:G>C	172	11	2	0.060109289617486336
chr6:99410743:G>A	194	35	2	0.15283842794759825
chr8:76863886:C>T	172	49	2	0.22171945701357465
chr8:112650281:C>G	388	14	2	0.03482587064676617
chr8:140585220:G>A	385	14	2	0.03508771929824561
chr8:142664762:G>A	289	188	2	0.3941299790356394
chrX:70258907:G>A	67	189	1	0.73828125
chrX:145824544:G>A	60	199	1	0.7683397683397684
