mutation_id	ref_counts	var_counts	total_cn	VAF
chr10:49322675:G>A	434	38	2	0.08050847457627118
chr11:117505542:G>A	399	26	2	0.0611764705882353
chr12:16600825:A>G	273	64	2	0.18991097922848665
chr12:25225714:T>A	234	21	2	0.08235294117647059
chr12:85137969:A>C	53	8	2	0.13114754098360656
chr14:106506996:T>G	38	38	1	0.5
chr16:72793384:->CCC	222	86	2	0.2792207792207792
chr16:84222984:C>T	242	91	2	0.2732732732732733
chr17:63910505:G>T	242	53	2	0.17966101694915254
chr3:177026432:A>T	283	47	2	0.14242424242424243
chr5:1210553:C>T	212	52	2	0.19696969696969696
chr6:13365424:G>A	500	52	2	0.09420289855072464
chr6:46140237:C>T	308	19	2	0.0581039755351682
chr7:120275112:C>T	336	168	2	0.3333333333333333
chr8:10898664:C>A	357	97	2	0.21365638766519823
chr8:25480091:A>G	256	21	2	0.07581227436823104
chrX:2488821:C>T	806	87	2	0.09742441209406495
chrX:80442631:G>A	150	59	2	0.2822966507177033
