mutation_id	ref_counts	var_counts	total_cn	VAF
chr1:65636311:G>C	141	112	2	0.4426877470355731
chr11:129886408:T>G	276	14	2	0.04827586206896552
chr15:40459344:C>T	286	232	2	0.44787644787644787
chr16:5031820:C>T	217	185	2	0.4601990049751244
chr16:88526816:C>G	210	70	2	0.25
chr17:7430971:C>T	427	18	2	0.04044943820224719
chr17:58357809:C>T	517	30	2	0.054844606946983544
chr18:76878152:G>A	157	49	2	0.23786407766990292
chr2:31187767:G>T	276	62	2	0.1834319526627219
chr2:101402504:G>A	253	174	2	0.40749414519906324
chr2:113406870:ATTCACA>GGGC	120	82	2	0.40594059405940597
chr5:181223789:C>T	196	154	2	0.44
chr7:47877520:A>G	208	161	2	0.4363143631436314
chr8:27397743:G>A	188	108	2	0.36486486486486486
chr9:130480398:G>A	232	167	2	0.41854636591478694
chrX:40073649:C>T	149	182	1	0.5498489425981873
