mutation_id	ref_counts	var_counts	total_cn	VAF
chr1:23441671:G>A	142	105	2	0.4251012145748988
chr1:203348177:G>A	434	30	2	0.06465517241379311
chr10:13291844:T>G	167	113	2	0.4035714285714286
chr17:39792685:G>A	138	84	2	0.3783783783783784
chr17:42788337:T>C	429	19	2	0.04241071428571429
chr18:46541859:C>T	263	147	2	0.35853658536585364
chr2:21024983:C>T	293	161	2	0.35462555066079293
chr2:224500468:T>C	114	80	2	0.41237113402061853
chr20:9644287:C>T	218	120	2	0.35502958579881655
chr22:40419044:G>C	356	219	2	0.3808695652173913
chr3:17403185:T>G	98	63	2	0.391304347826087
chr4:185351541:A>-	184	98	2	0.3475177304964539
chr7:38276316:TATC>-	124	33	4	0.21019108280254778
chr7:50400534:T>-	257	156	2	0.37772397094430993
chr9:129003427:C>A	160	110	2	0.4074074074074074
