mutation_id	ref_counts	var_counts	total_cn	VAF
chr1:94824528:C>T	196	122	2	0.3836477987421384
chr1:103620622:G>A	582	60	2	0.09345794392523364
chr11:33656108:C>T	288	26	2	0.08280254777070063
chr12:25225628:C>T	145	34	2	0.18994413407821228
chr12:130437178:G>A	566	41	2	0.06754530477759473
chr16:3731304:G>A	270	173	2	0.3905191873589165
chr18:66572060:G>A	206	104	2	0.33548387096774196
chr19:54074193:G>A	330	21	2	0.05982905982905983
chr2:79909753:G>A	121	101	2	0.45495495495495497
chr2:159977397:T>C	112	68	2	0.37777777777777777
chr2:211430973:T>A	171	90	2	0.3448275862068966
chr6:34040739:C>T	345	108	3	0.23841059602649006
chr7:73840418:C>T	358	15	2	0.040214477211796246
chr7:99547482:A>G	152	123	2	0.44727272727272727
chr8:32763828:C>T	202	172	2	0.45989304812834225
chr8:142912722:C>A	141	106	2	0.4291497975708502
chr9:94318965:G>A	389	34	2	0.08037825059101655
chr9:127925251:C>T	129	50	2	0.27932960893854747
chrX:86812961:C>G	537	79	4	0.12824675324675325
chrX:154030499:G>A	972	42	4	0.04142011834319527
