mutation_id	ref_counts	var_counts	total_cn	VAF
chr1:223223317:T>A	245	179	2	0.4221698113207547
chr10:96982726:G>T	195	100	2	0.3389830508474576
chr19:40565721:C>T	286	174	2	0.3782608695652174
chr8:13092767:G>A	240	175	2	0.42168674698795183
chr9:111384526:C>T	354	26	2	0.06842105263157895
