mutation_id	ref_counts	var_counts	total_cn	VAF
chr1:147275445:G>C	229	66	3	0.22372881355932203
chr1:152314601:C>T	141	143	3	0.5035211267605634
chr10:73792751:G>A	242	125	2	0.3405994550408719
chr11:15200892:G>A	236	95	2	0.28700906344410876
chr11:56462723:G>A	166	85	2	0.3386454183266932
chr11:124030403:C>T	212	103	2	0.326984126984127
chr12:52899939:G>A	152	83	2	0.35319148936170214
chr12:64127691:C>T	223	84	2	0.2736156351791531
chr14:23416134:C>T	398	147	3	0.26972477064220185
chr14:49683662:G>A	211	34	3	0.13877551020408163
chr14:74357654:G>A	476	184	3	0.2787878787878788
chr14:74921305:G>A	256	73	3	0.22188449848024316
chr15:32969211:G>C	312	22	2	0.0658682634730539
chr16:70943913:G>A	192	113	2	0.3704918032786885
chr17:17814401:C>T	51	76	1	0.5984251968503937
chr17:40398875:G>A	367	92	3	0.20043572984749455
chr17:80273271:C>T	180	67	3	0.27125506072874495
chr18:12718586:G>T	257	78	3	0.23283582089552238
chr19:3589858:C>T	263	99	2	0.27348066298342544
chr2:25750302:->GGTGCCCCCC	191	69	2	0.2653846153846154
chr2:90005629:TCA>CTGAAC	54	50	1	0.4807692307692308
chr2:118994429:C>T	159	97	2	0.37890625
chr2:178535103:C>G	210	81	2	0.27835051546391754
chr2:206969348:C>T	288	101	2	0.2596401028277635
chr2:240775881:C>T	264	9	2	0.03296703296703297
chr3:149129834:G>C	413	172	2	0.294017094017094
chr7:38317017:C>AGAAGGGGGGAGA	109	78	2	0.41711229946524064
chr7:83394310:A>C	115	46	2	0.2857142857142857
chr8:1928495:C>A	356	111	3	0.23768736616702354
chr8:109973999:C>T	419	155	3	0.2700348432055749
chr9:130428462:C>T	264	160	2	0.37735849056603776
chrX:70682686:C>G	217	37	4	0.14566929133858267
