mutation_id	ref_counts	var_counts	total_cn	VAF
chr1:114716126:C>T	299	81	2	0.2131578947368421
chr1:152303009:T>C	281	71	2	0.20170454545454544
chr1:240208325:G>A	134	38	2	0.22093023255813954
chr10:60134318:G>A	289	67	2	0.18820224719101122
chr10:129962196:C>T	326	86	2	0.2087378640776699
chr10:133457379:G>T	908	128	3	0.12355212355212356
chr11:60468259:CTC>-	69	32	2	0.31683168316831684
chr13:23339190:->AGGGG	143	32	2	0.18285714285714286
chr13:23339196:A>G	138	33	2	0.19298245614035087
chr13:23339197:A>G	139	34	2	0.19653179190751446
chr13:38690672:C>T	184	56	2	0.23333333333333334
chr14:106116938:A>G	519	16	3	0.029906542056074768
chr16:19040431:G>A	155	38	2	0.19689119170984457
chr17:28726090:->GGGG	452	84	2	0.15671641791044777
chr17:33014042:G>T	362	68	2	0.15813953488372093
chr2:98217876:C>T	140	38	2	0.21348314606741572
chr2:223052867:G>A	377	98	2	0.2063157894736842
chr3:121928479:C>T	233	84	2	0.26498422712933756
chr9:106927283:G>A	350	86	2	0.19724770642201836
chrY:3579267:C>T	84	78	1	0.48148148148148145
