mutation_id	ref_counts	var_counts	total_cn	VAF
chr1:29149196:C>G	228	166	2	0.4213197969543147
chr1:186677712:C>T	247	170	2	0.407673860911271
chr11:7796728:G>C	380	14	2	0.03553299492385787
chr11:101472197:C>A	165	145	2	0.46774193548387094
chr12:25245350:C>A	374	20	2	0.050761421319796954
chr12:49040020:T>A	262	235	2	0.47283702213279677
chr12:112450406:G>A	247	125	2	0.33602150537634407
chr14:106592678:->CTCGCGAGC	20	23	0	0.5348837209302325
chr2:21006168:G>A	215	179	2	0.4543147208121827
chr2:222694371:C>T	233	61	2	0.20748299319727892
chr20:14326486:G>A	232	182	2	0.4396135265700483
chr22:42129825:C>T	834	36	2	0.041379310344827586
chr6:24797679:G>C	297	109	2	0.2684729064039409
chr6:64912726:C>A	199	81	2	0.2892857142857143
chr6:79947240:C>A	191	193	2	0.5026041666666666
chr6:136361129:C>T	496	26	2	0.04980842911877394
chr8:25363099:T>C	506	36	2	0.06642066420664207
chr8:144354063:G>A	331	270	2	0.4492512479201331
chrX:101656880:C>T	693	32	2	0.044137931034482755
