mutation_id	ref_counts	var_counts	total_cn	VAF
chr1:114716126:C>T	301	90	4	0.23017902813299232
chr10:6428230:C>T	233	56	6	0.19377162629757785
chr10:87170871:->A	253	59	6	0.1891025641025641
chr10:94562843:A>C	94	31	6	0.248
chr12:13562917:G>A	301	127	4	0.2967289719626168
chr12:117231982:G>A	190	64	4	0.25196850393700787
chr14:90184699:G>A	368	100	6	0.21367521367521367
chr16:3850569:->T	364	120	4	0.24793388429752067
chr2:25749700:A>C	150	82	4	0.35344827586206895
chr2:113406871:->TAGATTTCCCACCCCTCCAGCGCCA	150	24	4	0.13793103448275862
chr20:1578601:G>A	269	102	4	0.2749326145552561
chr4:16508613:G>A	422	116	6	0.21561338289962825
chr5:119147360:G>A	298	39	4	0.11572700296735905
chr9:74792684:C>T	417	121	6	0.22490706319702602
chr9:78243549:C>T	399	108	6	0.21301775147928995
chr9:101561933:G>A	221	52	6	0.19047619047619047
chrX:154030472:G>A	105	291	4	0.7348484848484849
