mutation_id	ref_counts	var_counts	total_cn	VAF
chr11:33645809:G>A	234	176	2	0.4292682926829268
chr14:106627249:->ATCTCGAGGGC	312	24	3	0.07142857142857142
chr15:81282647:G>A	173	111	2	0.3908450704225352
chr4:26861365:G>A	193	141	2	0.4221556886227545
chr4:122308011:T>G	239	92	2	0.27794561933534745
chr4:122308012:T>G	242	92	2	0.2754491017964072
chr5:168711050:C>T	166	131	2	0.44107744107744107
