mutation_id	ref_counts	var_counts	total_cn	VAF
chr1:20664625:G>A	360	32	2	0.08163265306122448
chr10:75399234:C>T	686	22	4	0.031073446327683617
chr11:130261759:C>T	444	43	2	0.08829568788501027
chr14:90593512:G>A	530	45	4	0.0782608695652174
chr14:93612920:G>T	698	58	4	0.07671957671957672
chr14:105470072:C>T	694	36	4	0.049315068493150684
chr15:48302813:C>T	366	30	2	0.07575757575757576
chr16:71184882:C>A	168	36	2	0.17647058823529413
chr17:20579849:C>T	547	36	4	0.06174957118353345
chr17:31338703:G>T	143	109	4	0.43253968253968256
chr19:7083720:G>A	106	21	2	0.16535433070866143
chr2:44332487:C>T	249	56	2	0.18360655737704917
chr2:48963223:G>T	538	20	2	0.035842293906810034
chr2:178644587:->T	180	54	2	0.23076923076923078
chr2:219554642:C>T	511	66	2	0.11438474870017332
chr2:226988352:A>G	297	36	2	0.10810810810810811
chr6:29588163:G>A	713	208	4	0.2258414766558089
chr6:56501132:T>A	390	64	4	0.14096916299559473
chr7:93135242:T>A	421	42	2	0.09071274298056156
chr8:98003725:C>T	323	28	2	0.07977207977207977
chr9:69371600:G>T	290	39	2	0.11854103343465046
chr9:114790565:C>T	348	50	2	0.12562814070351758
chrX:1623147:C>T	462	56	2	0.10810810810810811
chrX:30236137:C>A	454	80	4	0.149812734082397
chrX:72207254:G>A	544	52	4	0.087248322147651
