mutation_id	ref_counts	var_counts	total_cn	VAF
chr1:151519144:C>T	670	33	2	0.04694167852062589
chr11:116821635:C>T	682	92	2	0.11886304909560723
chr12:123321612:C>T	337	38	2	0.10133333333333333
chr2:134270430:C>T	327	125	2	0.27654867256637167
chr22:25185015:C>T	497	127	2	0.20352564102564102
chr3:47106044:G>A	330	38	2	0.10326086956521739
chr4:76754731:G>A	621	65	2	0.09475218658892129
chr5:140367789:C>T	357	125	2	0.25933609958506226
chr5:145937966:C>G	334	108	2	0.24434389140271492
chr6:1313886:G>A	618	25	2	0.038880248833592534
chr8:13092762:T>C	500	26	2	0.049429657794676805
chr9:5078360:A>G	495	23	2	0.0444015444015444
chrX:124333727:G>A	350	22	2	0.05913978494623656
