mutation_id	ref_counts	var_counts	total_cn	VAF
chr1:171024494:G>T	139	41	2	0.22777777777777777
chr10:79709889:C>A	444	60	2	0.11904761904761904
chr10:105211168:C>T	129	73	2	0.3613861386138614
chr11:788458:G>A	465	276	2	0.3724696356275304
chr13:28018505:C>A	172	94	2	0.3533834586466165
chr15:66781981:G>A	35	24	2	0.4067796610169492
chr16:30723071:C>TGG	404	211	2	0.34308943089430893
chr17:53824952:G>A	112	58	2	0.3411764705882353
chr19:757482:C>T	392	222	2	0.36156351791530944
chr19:758050:G>A	419	310	2	0.4252400548696845
chr19:43667596:C>T	210	151	2	0.4182825484764543
chr2:113406872:->CC	79	27	2	0.25471698113207547
chr2:152619669:G>A	219	107	2	0.3282208588957055
chr2:206704913:C>G	104	58	2	0.35802469135802467
chr4:185684822:C>T	182	37	2	0.1689497716894977
chr5:43039740:G>A	399	50	2	0.111358574610245
chr5:157382609:->TTTGCTTCCTTCTTTT	128	43	2	0.25146198830409355
chr7:117792591:T>A	134	83	2	0.3824884792626728
