mutation_id	ref_counts	var_counts	total_cn	VAF
chr1:53092571:C>T	166	63	2	0.27510917030567683
chr12:25245350:C>T	153	76	2	0.3318777292576419
chr12:100974864:C>G	128	90	2	0.41284403669724773
chr19:5220037:C>T	184	156	2	0.4588235294117647
chr20:9566045:C>A	193	159	2	0.45170454545454547
chr3:97945330:G>A	122	46	2	0.27380952380952384
chr3:139020550:C>T	536	16	2	0.028985507246376812
chr5:11236743:G>A	308	108	3	0.25961538461538464
