mutation_id	ref_counts	var_counts	total_cn	VAF
chr11:94478749:G>A	283	21	2	0.06907894736842106
chr14:106506996:T>G	114	16	2	0.12307692307692308
chr16:31084791:C>T	484	46	2	0.08679245283018867
chr17:18120232:C>T	446	47	2	0.09533468559837728
chr17:40884947:C>T	618	53	2	0.07898658718330849
chr19:36627318:G>A	370	25	2	0.06329113924050633
chr19:49832346:C>T	378	36	2	0.08695652173913043
chr2:162020596:G>T	218	12	2	0.05217391304347826
chr20:64073938:C>G	496	28	2	0.05343511450381679
chr21:30215661:C>T	416	30	2	0.06726457399103139
chr3:154427532:C>T	160	21	2	0.11602209944751381
chr4:13627510:C>T	167	9	2	0.05113636363636364
chr6:100390550:C>A	241	21	2	0.08015267175572519
chr6:112216386:G>A	340	26	2	0.07103825136612021
chrX:11169540:G>T	178	31	1	0.14832535885167464
