mutation_id	ref_counts	var_counts	total_cn	VAF
chr10:47478395:C>T	8	16	2	0.6666666666666666
chr12:55365839:G>C	338	21	2	0.0584958217270195
chr12:130436945:G>A	871	36	2	0.03969128996692393
chr15:64674065:G>C	510	18	2	0.03409090909090909
chr16:1656790:G>A	570	16	2	0.027303754266211604
chr16:87398826:G>T	173	54	2	0.23788546255506607
chr19:19277039:C>T	616	24	2	0.0375
chr2:228018365:G>C	444	20	2	0.04310344827586207
chr3:45011295:G>A	402	15	2	0.03597122302158273
chr3:51947806:G>C	652	36	2	0.05232558139534884
chr3:114001630:C>T	380	16	2	0.04040404040404041
chr4:22388545:G>A	556	28	2	0.04794520547945205
chr4:75012621:C>T	487	15	2	0.029880478087649404
chr4:148435452:G>C	338	11	1	0.03151862464183381
chr5:113101804:C>A	605	20	2	0.032
chr7:80217338:C>T	314	16	2	0.048484848484848485
chr8:22511159:C>G	456	21	2	0.0440251572327044
chr9:137218030:G>A	644	24	2	0.03592814371257485
chrX:150736727:G>A	690	34	2	0.04696132596685083
