mutation_id	ref_counts	var_counts	total_cn	VAF
chr1:154089581:C>T	174	96	2	0.35555555555555557
chr1:155200861:G>T	534	16	2	0.02909090909090909
chr1:173909712:G>T	630	39	2	0.05829596412556054
chr10:122631201:C>G	410	16	2	0.03755868544600939
chr12:52055062:T>C	680	31	2	0.04360056258790436
chr12:122994874:G>A	331	155	2	0.31893004115226337
chr12:130342598:G>A	511	55	2	0.09717314487632508
chr14:39432014:C>T	648	84	2	0.11475409836065574
chr14:75038343:C>T	164	86	2	0.344
chr14:106627248:GTCT>CCGGTGGCTCCTGGAAACCCCCA	144	44	2	0.23404255319148937
chr16:72958022:C>T	308	154	2	0.3333333333333333
chr17:66965059:G>A	714	30	2	0.04032258064516129
chr19:1785540:C>T	322	163	2	0.33608247422680415
chr19:3590820:C>T	604	85	2	0.12336719883889695
chr19:39515602:C>G	488	289	2	0.37194337194337196
chr19:40423017:A>G	442	114	2	0.20503597122302158
chr2:138671620:C>A	491	17	2	0.03346456692913386
chr2:140950376:C>A	402	18	2	0.04285714285714286
chr2:195972295:C>T	230	15	2	0.061224489795918366
chr3:132660694:->AC	307	115	2	0.2725118483412322
chr7:122995184:G>C	221	102	2	0.3157894736842105
chr8:17565034:C>T	371	12	2	0.031331592689295036
chr8:143869596:C>G	700	27	2	0.037138927097661624
