mutation_id	ref_counts	var_counts	total_cn	VAF
chr1:37613824:G>A	361	100	2	0.21691973969631237
chr1:99306636:G>A	288	17	2	0.05573770491803279
chr1:152111038:C>A	257	108	2	0.2958904109589041
chr1:152111567:C>G	339	117	2	0.2565789473684211
chr10:101010617:G>A	500	172	2	0.25595238095238093
chr12:56339490:G>T	210	134	2	0.38953488372093026
chr12:132260993:G>A	526	20	2	0.03663003663003663
chr13:100532283:C>T	467	60	2	0.11385199240986717
chr14:23432745:C>T	280	101	2	0.2650918635170604
chr14:106511117:->CTGGAACCGCCGGTCC	126	20	2	0.136986301369863
chr15:29124737:G>A	468	35	2	0.06958250497017893
chr15:37098089:G>A	469	160	2	0.2543720190779014
chr15:84858140:C>A	315	171	2	0.35185185185185186
chr17:44830688:C>G	398	47	2	0.10561797752808989
chr19:2247611:C>T	574	33	2	0.054365733113673806
chr19:45553560:T>C	526	54	2	0.09310344827586207
chr2:32518911:C>G	197	24	2	0.1085972850678733
chr2:84688574:G>A	69	22	2	0.24175824175824176
chr2:240966408:G>A	242	9	2	0.035856573705179286
chr20:49066486:G>A	212	30	2	0.12396694214876033
chr20:50892526:G>A	200	33	2	0.14163090128755365
chr3:74371342:C>T	233	131	2	0.3598901098901099
chr5:143310189:C>A	161	10	2	0.05847953216374269
chr5:175442333:G>A	321	23	2	0.06686046511627906
chr6:29607147:G>A	524	60	2	0.10273972602739725
chr6:54926441:G>A	182	42	2	0.1875
chr6:70522520:G>A	177	44	2	0.19909502262443438
chr6:146159508:G>A	272	102	2	0.2727272727272727
chr9:113042833:G>T	240	24	2	0.09090909090909091
