mutation_id	ref_counts	var_counts	total_cn	VAF
chr1:237530427:G>T	135	121	2	0.47265625
chr11:101050054:C>T	118	106	2	0.4732142857142857
chr12:100402636:C>T	181	116	2	0.39057239057239057
chr15:45104296:G>A	280	256	2	0.47761194029850745
chr21:38392434:A>T	289	155	2	0.3490990990990991
chr22:29260703:T>G	227	166	2	0.4223918575063613
chr22:37137732:C>T	142	134	2	0.4855072463768116
chr3:101765415:G>C	192	144	2	0.42857142857142855
chr3:115676386:C>T	255	188	2	0.42437923250564336
chr3:177038112:C>T	156	129	2	0.45263157894736844
chr8:86230124:C>T	256	201	2	0.43982494529540483
