mutation_id	ref_counts	var_counts	total_cn	VAF
chr14:74357183:C>T	523	77	2	0.12833333333333333
chr16:31459572:C>T	884	27	2	0.029637760702524697
chr16:70366161:C>T	475	70	2	0.12844036697247707
chr16:88643374:C>T	540	20	2	0.03571428571428571
chr17:19412637:C>T	519	71	2	0.12033898305084746
chr18:25227194:T>C	480	24	2	0.047619047619047616
chr2:128109712:A>G	230	28	2	0.10852713178294573
chr3:19253850:A>T	148	29	2	0.1638418079096045
chr4:118313333:C>T	268	176	2	0.3963963963963964
chr6:136377866:G>A	201	25	2	0.11061946902654868
chr7:86786603:G>A	660	56	2	0.0782122905027933
chr9:115087104:G>A	452	85	2	0.15828677839851024
chrX:2789676:C>G	363	60	2	0.14184397163120568
