mutation_id	ref_counts	var_counts	total_cn	VAF
chr1:190098882:G>A	181	140	2	0.43613707165109034
chr12:112450406:G>A	218	132	2	0.37714285714285717
chr16:14865082:G>A	227	66	2	0.22525597269624573
chr17:11555807:G>A	483	221	3	0.31392045454545453
chr19:1796796:G>A	274	177	2	0.3924611973392461
chr2:209692971:C>T	279	143	2	0.33886255924170616
chr6:39613235:G>T	306	90	3	0.22727272727272727
chr7:155071588:G>A	188	146	2	0.437125748502994
chr8:28527370:T>G	186	160	2	0.4624277456647399
chr9:5921023:G>C	352	27	2	0.0712401055408971
chrX:131081813:G>C	330	293	2	0.47030497592295345
chrX:132072971:C>T	294	31	2	0.09538461538461539
