mutation_id	ref_counts	var_counts	total_cn	VAF
chr11:62983590:C>T	492	18	4	0.03529411764705882
chr17:35148409:G>A	254	64	2	0.20125786163522014
chr17:73252707:G>C	283	9	2	0.030821917808219176
chr4:144116875:G>A	183	26	2	0.12440191387559808
