mutation_id	ref_counts	var_counts	total_cn	VAF
chr1:54883770:G>A	154	42	4	0.21428571428571427
chr1:114716123:C>T	315	77	4	0.19642857142857142
chr10:25550990:C>T	184	37	5	0.167420814479638
chr13:113143883:C>T	436	26	4	0.05627705627705628
chr15:40016508:C>T	71	15	4	0.1744186046511628
chr15:80580485:T>C	290	64	4	0.1807909604519774
chr16:3738644:T>A	316	21	4	0.06231454005934718
chr17:63267822:C>T	279	53	6	0.15963855421686746
chr19:49090464:AG>-	226	47	4	0.17216117216117216
chr2:235852836:G>A	430	28	4	0.0611353711790393
chr20:45208411:C>T	221	50	4	0.18450184501845018
chr20:50959385:C>A	444	52	4	0.10483870967741936
chr21:38383755:T>G	766	47	6	0.05781057810578106
chr3:1382982:A>G	159	56	4	0.26046511627906976
chr3:180663940:C>T	169	21	4	0.11052631578947368
chr4:99654521:C>G	510	32	6	0.05904059040590406
chr4:121822402:C>T	167	30	6	0.15228426395939088
chr5:33637655:G>A	280	22	4	0.0728476821192053
chr6:143537059:A>T	870	110	6	0.11224489795918367
chrX:149498230:G>A	512	54	4	0.09540636042402827
