mutation_id	ref_counts	var_counts	total_cn	VAF
chr11:44058362:G>A	512	42	4	0.07581227436823104
chr12:12940779:A>G	205	57	4	0.21755725190839695
chr12:25245350:C>T	410	67	4	0.14046121593291405
chr2:147939226:G>T	205	44	4	0.17670682730923695
chr2:172556301:C>G	670	89	4	0.11725955204216074
chrX:115629241:G>A	236	32	4	0.11940298507462686
