mutation_id	ref_counts	var_counts	total_cn	VAF
chr1:114716123:C>T	417	62	2	0.12943632567849686
chr12:112450395:C>T	492	50	2	0.09225092250922509
chr13:28034154:A>C	454	14	2	0.029914529914529916
chr17:11932077:T>G	712	69	3	0.088348271446863
chr18:74635606:C>T	736	74	4	0.09135802469135802
chr19:40583666:C>G	348	39	2	0.10077519379844961
chr19:53407782:G>T	342	25	2	0.0681198910081744
chr21:21477424:C>T	598	100	4	0.14326647564469913
chr3:49658060:G>A	552	68	2	0.10967741935483871
chr5:139813352:G>A	356	203	2	0.3631484794275492
chr9:37537217:G>A	397	90	2	0.18480492813141683
