mutation_id	ref_counts	var_counts	total_cn	VAF
chr1:6471098:G>A	320	84	2	0.2079207920792079
chr1:94005476:G>A	371	60	2	0.13921113689095127
chr1:151232292:G>A	213	111	2	0.3425925925925926
chr1:236026025:C>T	316	181	2	0.3641851106639839
chr1:248362096:G>C	778	30	2	0.03712871287128713
chr10:4995451:G>T	395	54	2	0.12026726057906459
chr11:2167921:G>T	597	149	2	0.19973190348525469
chr12:11752555:->CGGGGCCC	594	98	2	0.1416184971098266
chr12:11884471:T>C	380	94	2	0.19831223628691982
chr12:25245350:C>T	476	30	2	0.05928853754940711
chr13:28312014:C>A	217	60	2	0.21660649819494585
chr13:33285529:G>A	298	99	2	0.24937027707808565
chr14:23388334:T>A	282	52	2	0.15568862275449102
chr2:32128439:C>G	240	8	2	0.03225806451612903
chr2:169233437:G>A	208	50	2	0.1937984496124031
chr20:57343422:T>C	125	19	2	0.13194444444444445
chr3:49128794:A>G	436	106	2	0.19557195571955718
chr3:160677632:C>T	286	77	2	0.21212121212121213
chr5:45262132:G>A	722	154	2	0.17579908675799086
chr5:136231431:C>T	325	172	2	0.3460764587525151
chr5:140967281:C>T	1006	30	2	0.02895752895752896
chr5:148111787:G>A	233	58	2	0.19931271477663232
chr5:176881993:G>A	940	47	2	0.047619047619047616
chr9:113591376:G>A	363	126	2	0.25766871165644173
chrX:48917803:C>T	568	115	2	0.1683748169838946
chrX:54551671:G>A	924	205	2	0.18157661647475642
