mutation_id	ref_counts	var_counts	total_cn	VAF
chr1:95246774:C>T	160	27	2	0.1443850267379679
chr10:56361214:G>A	441	26	2	0.055674518201284794
chr14:22875743:C>G	468	14	2	0.029045643153526972
chr14:106627242:CACTGTGTCTC>GGAGG	253	62	2	0.19682539682539682
chr16:77293126:G>A	267	106	2	0.28418230563002683
chr16:81174721:T>C	264	108	2	0.2903225806451613
chr17:7674220:C>T	278	45	2	0.1393188854489164
chr19:38920102:C>T	233	107	2	0.31470588235294117
chr2:113406854:AGGATTATACTACCCCATTCACAGTGTTACAAGCCATAA>TTGGGGG	84	57	2	0.40425531914893614
chr5:32000197:G>A	259	118	2	0.3129973474801061
chr7:86947815:C>T	280	145	2	0.3411764705882353
chr7:143382907:C>G	426	145	2	0.2539404553415061
chr8:38114244:G>C	186	37	2	0.16591928251121077
chr8:75543902:C>A	428	28	2	0.06140350877192982
chrX:6151037:C>A	103	96	1	0.4824120603015075
