mutation_id	ref_counts	var_counts	total_cn	VAF
chr1:2609803:C>T	276	206	2	0.42738589211618255
chr1:18735862:C>T	316	220	2	0.41044776119402987
chr11:45907146:T>G	179	110	2	0.3806228373702422
chr11:118650514:G>A	252	149	2	0.371571072319202
chr13:24290780:G>A	386	15	2	0.03740648379052369
chr13:32659233:C>G	149	88	2	0.37130801687763715
chr13:33829913:T>G	231	163	2	0.4137055837563452
chr13:35828305:G>A	107	43	2	0.2866666666666667
chr14:73250936:G>A	318	40	2	0.11173184357541899
chr14:96315217:T>G	148	111	2	0.42857142857142855
chr15:53715201:C>T	219	18	2	0.0759493670886076
chr17:81510832:A>T	253	108	3	0.29916897506925205
chr19:34438711:C>T	395	23	2	0.05502392344497608
chr19:43553007:G>A	246	135	2	0.3543307086614173
chr2:169827624:C>T	748	38	2	0.04834605597964377
chr2:205300650:C>T	266	172	2	0.3926940639269406
chr2:231037846:C>T	88	5	2	0.053763440860215055
chr20:46502446:C>A	249	136	2	0.35324675324675325
chr5:128966191:C>T	322	42	2	0.11538461538461539
chr6:49550997:C>T	408	202	2	0.33114754098360655
chr8:33592176:C>T	198	131	2	0.3981762917933131
chr9:104604819:G>A	304	20	2	0.06172839506172839
