mutation_id	ref_counts	var_counts	total_cn	VAF
chr1:64838554:G>A	338	30	2	0.08152173913043478
chr10:96319296:->C	273	114	2	0.29457364341085274
chr11:64229927:C>G	374	109	2	0.22567287784679088
chr12:25245347:C>T	307	73	2	0.19210526315789472
chr15:26567703:C>T	289	35	2	0.10802469135802469
chr2:89142573:GAGGTGA>TTTTAG	213	39	1	0.15476190476190477
chr21:33027360:GGA>-	542	92	2	0.14511041009463724
chr5:64506674:G>A	546	58	2	0.09602649006622517
chr7:126446159:T>C	231	129	2	0.35833333333333334
chr7:144232770:A>G	37	6	2	0.13953488372093023
chr8:31640040:G>A	260	50	2	0.16129032258064516
