mutation_id	ref_counts	var_counts	total_cn	VAF
chr1:201205248:C>T	430	244	2	0.3620178041543027
chr10:103473349:C>T	445	319	2	0.4175392670157068
chr11:92798210:C>T	279	86	2	0.2356164383561644
chr13:75760786:C>G	277	115	2	0.29336734693877553
chr14:106592676:->CTCTCGAA	42	30	1	0.4166666666666667
chr22:31088758:A>T	434	42	2	0.08823529411764706
chr4:113359264:G>A	277	182	2	0.39651416122004357
chr7:124032337:G>A	538	357	2	0.39888268156424583
