mutation_id	ref_counts	var_counts	total_cn	VAF
chr1:6451943:G>A	376	235	2	0.38461538461538464
chr12:47235412:G>A	270	194	2	0.41810344827586204
chr13:113667538:G>A	299	169	2	0.3611111111111111
chr14:33800318:C>T	648	22	2	0.03283582089552239
chr16:71860439:C>T	278	174	2	0.38495575221238937
chr19:45712245:G>A	403	262	2	0.39398496240601505
chr19:53212493:A>G	77	51	2	0.3984375
chr19:54153828:->CCTCCTATGA	294	120	2	0.2898550724637681
chr19:56817264:C>T	169	85	2	0.3346456692913386
chr2:118103220:T>C	155	91	2	0.3699186991869919
chr22:26540857:G>A	286	155	2	0.35147392290249435
chr6:12124100:A>C	162	96	2	0.37209302325581395
chr6:32058064:C>T	158	63	2	0.2850678733031674
chr6:81752654:C>G	605	19	2	0.030448717948717948
chr7:19145025:C>T	268	186	2	0.40969162995594716
chr8:109464754:C>T	211	157	2	0.4266304347826087
