mutation_id	ref_counts	var_counts	total_cn	VAF
chr1:26558889:C>T	229	136	4	0.3726027397260274
chr1:117121087:G>T	329	64	4	0.1628498727735369
chr1:152213151:T>A	411	34	4	0.07640449438202247
chr1:240207074:G>T	416	85	4	0.16966067864271456
chr10:1096237:T>G	345	73	4	0.17464114832535885
chr10:28124040:T>C	142	78	4	0.35454545454545455
chr12:92706824:G>T	391	79	4	0.16808510638297872
chr12:113463283:C>A	299	53	4	0.15056818181818182
chr14:20457260:C>T	312	91	4	0.22580645161290322
chr15:39587488:G>A	243	60	4	0.19801980198019803
chr15:53597242:C>T	221	38	4	0.14671814671814673
chr15:98969471:C>T	367	64	4	0.14849187935034802
chr16:30737761:CCT>-	491	72	4	0.12788632326820604
chr16:67946259:C>T	282	82	3	0.22527472527472528
chr17:7228025:->CACAGTCAG	134	24	3	0.1518987341772152
chr17:21415513:C>T	1220	110	4	0.08270676691729323
chr17:69008097:C>A	148	64	5	0.3018867924528302
chr17:76166482:C>A	304	46	4	0.13142857142857142
chr19:45914390:C>T	485	87	4	0.1520979020979021
chr2:96132713:G>T	235	152	4	0.39276485788113696
chr2:96860967:G>A	378	107	4	0.22061855670103092
chr2:115499541:A>G	171	35	4	0.16990291262135923
chr2:210675821:A>C	184	122	4	0.39869281045751637
chr2:221563765:G>A	294	48	4	0.14035087719298245
chr2:231000379:C>T	297	65	4	0.17955801104972377
chr20:61844670:C>A	156	128	3	0.4507042253521127
chr21:37017998:G>A	367	64	4	0.14849187935034802
chr3:98087865:G>-	201	33	3	0.14102564102564102
chr4:69204469:T>C	203	99	4	0.32781456953642385
chr6:26056209:C>T	196	118	4	0.37579617834394907
chr7:2069265:C>A	367	358	4	0.49379310344827587
chr7:80828633:A>T	364	43	5	0.10565110565110565
chr7:94420581:C>T	475	25	5	0.05
chr7:142954266:C>T	673	104	5	0.13384813384813385
chr8:1549300:C>T	679	151	4	0.1819277108433735
