mutation_id	ref_counts	var_counts	total_cn	VAF
chr1:165249623:C>T	100	79	2	0.441340782122905
chr10:60108879:A>T	286	13	2	0.043478260869565216
chr12:12950317:C>G	178	123	2	0.40863787375415284
chr12:52367314:C>T	216	184	2	0.46
chr12:103695769:C>T	144	77	2	0.34841628959276016
chr19:33204730:G>A	280	201	2	0.4178794178794179
chr2:223963842:G>A	138	63	2	0.31343283582089554
chr3:195573895:G>A	133	80	2	0.3755868544600939
chr6:89265734:C>T	143	83	2	0.3672566371681416
chr8:115604938:T>G	154	135	2	0.4671280276816609
chrX:107775343:C>T	354	223	2	0.38648180242634317
