mutation_id	ref_counts	var_counts	total_cn	VAF
chr1:153679559:G>T	665	33	2	0.04727793696275072
chr11:119639902:G>A	250	193	2	0.435665914221219
chr12:52777020:G>A	765	32	2	0.04015056461731493
chr13:29025306:G>T	374	45	2	0.10739856801909307
chr18:23758508:G>A	300	14	2	0.044585987261146494
chr3:12813293:G>T	430	26	2	0.05701754385964912
chr7:95595143:C>T	276	12	2	0.041666666666666664
chr8:100134030:A>C	110	103	2	0.4835680751173709
