mutation_id	ref_counts	var_counts	total_cn	VAF
chr1:152314441:C>A	118	65	2	0.3551912568306011
chr1:200857932:G>A	113	82	2	0.4205128205128205
chr14:22449122:TACGCACAGTGC>-	42	4	2	0.08695652173913043
chr14:104940186:G>A	488	69	3	0.12387791741472172
chr17:11992642:C>T	608	223	3	0.2683513838748496
chr6:44002936:G>A	817	387	3	0.32142857142857145
chr7:29480236:C>T	318	224	2	0.4132841328413284
chrX:103310591:T>C	649	154	4	0.1917808219178082
