mutation_id	ref_counts	var_counts	total_cn	VAF
chr1:114716123:C>T	108	94	2	0.46534653465346537
chr12:43772926:T>A	44	18	2	0.2903225806451613
chr12:47077980:G>A	134	133	2	0.49812734082397003
chr12:94186445:C>T	97	66	2	0.4049079754601227
chr14:94208519:C>T	387	110	4	0.22132796780684105
chr2:169172040:T>C	78	96	2	0.5517241379310345
chr20:50609671:C>T	225	178	2	0.44168734491315137
chr21:18315159:A>G	336	70	4	0.1724137931034483
chr21:29042471:G>A	249	36	4	0.12631578947368421
chr3:138023675:C>T	117	77	2	0.39690721649484534
chr5:121852379:G>A	359	17	2	0.04521276595744681
chr6:88047999:G>A	425	204	3	0.32432432432432434
chr7:13931667:G>A	148	82	2	0.3565217391304348
chr7:140753355:C>T	78	51	2	0.3953488372093023
chrX:71164294:C>T	327	45	2	0.12096774193548387
