mutation_id	ref_counts	var_counts	total_cn	VAF
chr11:3218441:G>A	375	287	2	0.4335347432024169
chr11:100061372:C>T	125	125	2	0.5
chr12:25245350:C>G	199	114	2	0.36421725239616615
chr14:72753315:G>A	399	148	3	0.27056672760511885
chr15:42970549:G>C	133	119	2	0.4722222222222222
chr15:43798980:G>A	262	232	2	0.46963562753036436
chr16:21206933:C>T	186	156	2	0.45614035087719296
chr19:35332719:G>A	163	184	2	0.5302593659942363
chr19:50230545:G>A	165	150	2	0.47619047619047616
chr2:26489734:C>T	137	114	2	0.4541832669322709
chr2:32575162:A>T	136	93	2	0.40611353711790393
chr21:41740883:G>A	930	233	4	0.2003439380911436
chr4:69857541:G>T	279	104	3	0.27154046997389036
chr5:141357080:G>A	211	198	2	0.4841075794621027
chr7:39572667:C>A	83	92	2	0.5257142857142857
chr9:70862934:C>T	364	14	2	0.037037037037037035
chrX:70204457:G>A	679	192	3	0.22043628013777267
