mutation_id	ref_counts	var_counts	total_cn	VAF
chr1:946426:G>A	387	32	2	0.07637231503579953
chr11:5857074:G>A	238	165	2	0.4094292803970223
chr11:19933661:C>T	356	238	2	0.4006734006734007
chr11:28296745:GTGCGTAGGTACC>-	175	106	2	0.37722419928825623
chr11:45224716:T>C	376	227	2	0.37645107794361526
chr11:70490364:G>A	189	194	2	0.5065274151436031
chr11:74843266:G>A	296	308	2	0.5099337748344371
chr12:11091345:C>-	316	211	2	0.40037950664136623
chr14:106421705:TGTGTGTCTCGCACAGTAATACA>CAT	10	126	1	0.9264705882352942
chr16:71067256:C>T	261	225	2	0.46296296296296297
chr17:62423992:->GGGGCCA	480	48	2	0.09090909090909091
chr2:232839908:CAC>TCAGGG	433	42	2	0.08842105263157894
chr5:141094815:C>T	306	30	2	0.08928571428571429
chr5:141388572:G>A	600	19	2	0.030694668820678513
chr8:52149920:G>C	307	241	2	0.4397810218978102
chr9:34627828:G>A	792	39	2	0.04693140794223827
chrX:53076735:G>A	562	40	2	0.0664451827242525
