mutation_id	ref_counts	var_counts	total_cn	VAF
chr11:88312479:G>A	378	93	2	0.19745222929936307
chr12:25245347:C>T	170	27	2	0.13705583756345177
chr13:28034138:->GGG	64	24	2	0.2727272727272727
chr17:17495454:->GGC	691	323	3	0.3185404339250493
chr18:49581587:T>A	637	123	3	0.1618421052631579
chr4:42963078:C>T	543	43	3	0.07337883959044368
chr4:184730968:G>A	49	15	3	0.234375
chr5:148665547:G>A	425	46	2	0.09766454352441614
chr6:27400866:G>T	156	20	3	0.11363636363636363
