mutation_id	ref_counts	var_counts	total_cn	VAF
chr1:114716127:C>T	249	142	2	0.3631713554987212
chr1:114716128:T>G	247	140	2	0.36175710594315247
chr11:551675:G>A	759	33	2	0.041666666666666664
chr13:95622396:G>A	272	134	2	0.33004926108374383
chr16:1911880:C>T	583	94	2	0.13884785819793205
chr2:1438844:G>A	221	104	2	0.32
chr5:141352214:G>A	447	263	2	0.3704225352112676
chr7:45084385:C>A	518	89	2	0.14662273476112025
