mutation_id	ref_counts	var_counts	total_cn	VAF
chr16:11877527:TACGGTATCAGTCTC>CCCT	227	42	2	0.15613382899628253
chr16:31224622:C>T	330	197	2	0.3738140417457306
chr17:49619077:->TATCGCCAATGC	212	54	2	0.20300751879699247
chr19:32692624:C>T	673	32	2	0.04539007092198582
chr19:55948065:C>T	440	32	2	0.06779661016949153
chr2:144389882:G>T	393	130	2	0.248565965583174
chr22:45543430:C>T	210	104	2	0.33121019108280253
chr4:76741836:G>A	319	140	2	0.30501089324618735
chr5:37305115:C>T	467	123	3	0.20847457627118643
chrX:41346376:G>A	168	22	1	0.11578947368421053
chrX:92618621:C>A	176	187	1	0.5151515151515151
