mutation_id	ref_counts	var_counts	total_cn	VAF
chr1:100992720:G>A	136	7	2	0.04895104895104895
chr11:122905199:C>T	89	64	2	0.41830065359477125
chr16:49637553:G>A	210	164	2	0.4385026737967914
chr17:50571911:C>T	287	161	3	0.359375
chr2:178590910:G>A	343	144	3	0.29568788501026694
chr20:33679792:G>A	220	124	2	0.36046511627906974
chr21:31998824:C>T	918	280	4	0.2337228714524207
chr4:61517455:C>-	626	191	3	0.23378212974296206
chr5:141245947:G>T	345	159	3	0.31547619047619047
chr5:158712309:AC>GAACCCCTGTAGCCCTCA	523	113	3	0.17767295597484276
chr8:85439854:C>T	571	176	4	0.23560910307898258
chrX:72139827:C>A	320	161	3	0.33471933471933474
