mutation_id	ref_counts	var_counts	total_cn	VAF
chr12:49040570:->G	566	58	2	0.09294871794871795
chr12:71994449:C>A	174	22	2	0.11224489795918367
chr12:110327906:->A	295	38	2	0.11411411411411411
chr14:106268605:->CCCCGGGCGGGC	156	20	2	0.11363636363636363
chr17:4208047:->CT	247	40	2	0.13937282229965156
chr18:75201711:C>T	346	14	2	0.03888888888888889
chr2:167250194:G>T	221	75	2	0.2533783783783784
chr20:4790558:G>A	217	53	2	0.1962962962962963
chr20:50191666:->G	655	92	2	0.12315930388219545
chr20:51729971:C>T	243	59	2	0.19536423841059603
chr20:57562784:C>T	392	63	2	0.13846153846153847
chr3:50290597:G>A	287	83	2	0.22432432432432434
chr5:131911832:G>T	122	16	2	0.11594202898550725
