mutation_id	ref_counts	var_counts	total_cn	VAF
chr12:8932642:C>T	670	170	2	0.20238095238095238
chr15:45662023:T>C	514	29	2	0.053406998158379376
chr16:3729507:TTGATGTTGAGGCAGAAGGGCA>AGGGGACCT	695	152	3	0.179456906729634
chr16:22172275:G>A	511	150	3	0.22692889561270801
chr16:69356921:T>G	306	97	3	0.24069478908188585
chr20:9566185:G>A	408	175	2	0.30017152658662094
chr4:119029977:G>A	289	126	2	0.3036144578313253
chr4:168420368:G>C	162	67	2	0.2925764192139738
chr6:39879358:G>A	415	196	2	0.32078559738134205
chr7:13931573:C>A	318	136	2	0.29955947136563876
chr8:76704318:C>A	277	155	2	0.3587962962962963
chr9:70598483:C>T	266	147	2	0.3559322033898305
chrX:141697627:T>C	414	193	2	0.31795716639209226
chrX:143631089:A>G	142	97	2	0.40585774058577406
