mutation_id	ref_counts	var_counts	total_cn	VAF
chr1:152309548:C>T	493	106	2	0.17696160267111852
chr10:27397957:G>C	54	63	2	0.5384615384615384
chr10:31854102:C>T	102	69	2	0.40350877192982454
chr10:49614381:G>A	409	332	2	0.44804318488529016
chr10:51153303:G>C	121	82	2	0.4039408866995074
chr11:6217511:G>A	365	347	2	0.48735955056179775
chr11:62825317:T>C	144	100	2	0.4098360655737705
chr12:40293573:G>A	46	23	2	0.3333333333333333
chr13:50013039:->A	121	47	2	0.27976190476190477
chr14:20459235:G>-	336	212	2	0.38686131386861317
chr14:21634648:G>T	292	218	2	0.42745098039215684
chr14:106592676:->CTCCCCCC	24	30	2	0.5555555555555556
chr15:81002305:G>C	816	28	2	0.03317535545023697
chr17:76002544:C>T	434	23	2	0.05032822757111598
chr19:4945943:->G	138	110	2	0.4435483870967742
chr19:8903176:G>T	119	74	2	0.38341968911917096
chr2:43852363:G>A	329	241	2	0.42280701754385963
chr2:140514710:T>C	99	72	2	0.42105263157894735
chr2:185799990:G>A	26	19	2	0.4222222222222222
chr20:2339938:G>A	426	74	2	0.148
chr22:44296732:G>A	296	244	2	0.45185185185185184
chr5:44305189:C>T	82	8	2	0.08888888888888889
chr5:72198625:G>C	134	93	2	0.40969162995594716
chr6:73414054:G>A	52	24	2	0.3157894736842105
chr7:1540205:C>T	722	148	2	0.17011494252873563
chr9:136846817:C>T	961	202	2	0.17368873602751506
chrX:85270705:G>T	5	61	1	0.9242424242424242
