mutation_id	ref_counts	var_counts	total_cn	VAF
chr10:74103924:G>C	144	52	3	0.2653061224489796
chr10:127418474:C>T	362	99	3	0.21475054229934923
chr11:6956431:C>T	219	85	2	0.27960526315789475
chr12:25245350:C>G	198	78	2	0.2826086956521739
chr18:33957446:C>T	311	91	3	0.2263681592039801
chr19:4099213:G>A	274	102	2	0.2712765957446808
chr2:113406871:->GG	19	111	2	0.8538461538461538
chr20:46009977:GGTGAGCTGGATA>CTCG	325	44	2	0.11924119241192412
chr3:11025504:G>A	184	81	2	0.30566037735849055
chr5:140877194:A>G	563	201	3	0.2630890052356021
chr5:141330754:T>C	430	45	3	0.09473684210526316
chr6:138255529:C>T	391	153	3	0.28125
