mutation_id	ref_counts	var_counts	total_cn	VAF
chr1:1332769:C>G	441	44	2	0.09072164948453608
chr1:3411705:C>T	463	248	2	0.3488045007032349
chr1:64841247:C>G	173	20	2	0.10362694300518134
chr10:23440665:->T	257	128	2	0.33246753246753247
chr11:92355143:C>T	357	28	2	0.07272727272727272
chr12:40993249:G>A	128	79	2	0.38164251207729466
chr12:57244604:G>A	216	16	2	0.06896551724137931
chr14:73259334:C>T	400	227	2	0.3620414673046252
chr14:106714685:CTC>TCCAGG	35	27	0	0.43548387096774194
chr16:728438:G>A	460	42	2	0.08366533864541832
chr16:728439:G>A	464	43	2	0.08481262327416174
chr18:25227047:C>T	217	129	2	0.37283236994219654
chr18:50283542:C>A	221	65	2	0.22727272727272727
chr19:11361408:C>T	512	64	2	0.1111111111111111
chr19:18683828:G>C	262	28	2	0.09655172413793103
chr19:49426704:G>A	536	50	2	0.08532423208191127
chr19:58261048:G>C	405	29	2	0.06682027649769585
chr2:178717769:C>T	193	23	2	0.10648148148148148
chr2:240618958:C>T	239	119	2	0.3324022346368715
chr20:664085:C>G	484	40	2	0.07633587786259542
chr20:58819042:C>T	370	43	2	0.10411622276029056
chr5:23509540:A>G	138	66	2	0.3235294117647059
chr8:39918130:C>T	226	32	2	0.12403100775193798
chrX:49215511:T>C	95	35	1	0.2692307692307692
