mutation_id	ref_counts	var_counts	total_cn	VAF
chr1:52885854:C>T	179	23	4	0.11386138613861387
chr10:8073953:C>T	902	265	6	0.22707797772065125
chr10:122643178:G>A	499	118	6	0.1912479740680713
chr10:132920075:C>T	619	101	6	0.14027777777777778
chr11:64320730:->GGAG	394	120	4	0.23346303501945526
chr11:66676774:A>G	385	144	4	0.2722117202268431
chr14:103560052:G>A	261	57	6	0.1792452830188679
chr15:29716787:C>T	82	31	4	0.2743362831858407
chr15:78800500:G>A	508	142	4	0.21846153846153846
chr17:65536437:C>T	586	227	4	0.27921279212792127
chr19:56208605:G>A	330	120	4	0.26666666666666666
chr2:23695742:C>T	457	146	4	0.24212271973466004
chr2:71526236:C>T	322	99	4	0.23515439429928742
chr3:3040100:G>A	215	55	4	0.2037037037037037
chr3:112639427:G>A	533	18	4	0.032667876588021776
chr4:6112800:G>A	604	141	6	0.18926174496644296
chr4:8367059:C>T	353	64	6	0.15347721822541965
chr7:135593120:C>T	239	49	4	0.1701388888888889
chr8:72052684:G>A	280	72	4	0.20454545454545456
chr9:128755489:C>T	779	109	6	0.12274774774774774
chrX:73843548:G>A	46	8	8	0.14814814814814814
chrX:73843549:G>A	49	8	8	0.14035087719298245
