mutation_id	ref_counts	var_counts	total_cn	VAF
chr1:9733454:->CTTATC	244	94	2	0.2781065088757396
chr1:15770552:C>T	228	162	2	0.4153846153846154
chr12:11884505:->AAGGCC	263	122	2	0.3168831168831169
chr12:128705662:C>T	304	225	2	0.42533081285444235
chr15:23644612:G>A	207	157	2	0.43131868131868134
chr15:83136490:T>C	149	111	2	0.4269230769230769
chr19:4054588:->CCCC	152	570	2	0.7894736842105263
chr4:93224750:G>A	156	111	2	0.4157303370786517
chr5:113053898:G>A	200	143	2	0.41690962099125367
chr7:510819:C>T	164	160	2	0.49382716049382713
chr7:5603318:C>T	564	30	2	0.050505050505050504
chr7:24668597:C>T	245	137	2	0.3586387434554974
