mutation_id	ref_counts	var_counts	total_cn	VAF
chr1:114716123:C>T	418	150	2	0.2640845070422535
chr10:97002960:G>A	425	18	2	0.040632054176072234
chr12:52568256:C>T	404	99	2	0.19681908548707752
chr19:46412228:G>A	654	48	2	0.06837606837606838
chr3:119226904:G>A	433	48	2	0.0997920997920998
chr4:38829216:G>A	236	10	2	0.04065040650406504
chr4:78286423:C>T	544	32	2	0.05555555555555555
