mutation_id	ref_counts	var_counts	total_cn	VAF
chr1:152307290:C>T	394	66	2	0.14347826086956522
chr10:122084510:G>T	441	96	2	0.1787709497206704
chr10:127447477:G>A	412	91	2	0.18091451292246521
chr11:124424011:C>T	374	39	2	0.09443099273607748
chr12:110880057:T>C	273	44	2	0.138801261829653
chr13:28018497:CA>GCTCAGGG	225	56	2	0.199288256227758
chr13:28034189:T>G	270	37	2	0.12052117263843648
chr18:53435199:C>A	140	48	2	0.2553191489361702
chr2:89213416:CAGTGGGA>AGGGGGAG	99	33	2	0.25
chr2:89244769:TACCACTGTGGGA>GGTTCTAGAG	23	16	0	0.41025641025641024
chr21:33836544:C>A	302	80	2	0.2094240837696335
chr4:1986324:C>T	288	59	2	0.17002881844380405
chr4:72290940:T>A	348	68	2	0.16346153846153846
