mutation_id	ref_counts	var_counts	total_cn	VAF
chr1:15942046:G>A	1030	96	2	0.0852575488454707
chr1:26780559:C>T	583	298	2	0.33825198637911463
chr10:60069500:G>A	364	17	2	0.04461942257217848
chr10:87862306:A>G	694	54	2	0.07219251336898395
chr11:56159946:C>A	497	57	2	0.10288808664259928
chr12:93573008:G>T	1054	30	2	0.027675276752767528
chr13:41691436:C>T	356	25	2	0.06561679790026247
chr14:38255342:G>C	767	25	2	0.03156565656565657
chr16:72797210:C>T	540	19	2	0.03398926654740608
chr17:10630404:C>G	642	72	2	0.10084033613445378
chr17:16567491:C>G	468	56	2	0.10687022900763359
chr19:34428509:G>A	525	86	2	0.1407528641571195
chr3:32891335:G>A	658	25	2	0.036603221083455345
chr3:169768059:G>A	656	22	2	0.032448377581120944
chr4:2208241:G>C	177	10	2	0.053475935828877004
chr4:122315640:C>T	544	19	2	0.03374777975133215
chr4:188147241:G>C	498	27	2	0.05142857142857143
chr6:26197014:G>A	538	55	2	0.09274873524451939
chr7:12581076:C>T	282	12	2	0.04081632653061224
chr7:81994870:C>G	298	13	2	0.04180064308681672
chr8:25310478:G>C	337	42	2	0.11081794195250659
chr9:122039287:C>T	246	36	2	0.1276595744680851
chrX:85107758:G>C	434	32	1	0.06866952789699571
chrX:132958364:C>T	543	28	1	0.04903677758318739
