mutation_id	ref_counts	var_counts	total_cn	VAF
chr10:121551371:G>A	378	152	6	0.28679245283018867
chr10:122211026:G>T	668	66	6	0.08991825613079019
chr11:18732614:C>T	155	122	5	0.4404332129963899
chr14:67397663:G>A	314	40	6	0.11299435028248588
chr15:40393508:C>T	52	27	2	0.34177215189873417
chr15:72544964:G>A	308	13	6	0.040498442367601244
chr16:57731252:C>A	114	92	4	0.44660194174757284
chr16:80604519:G>A	271	55	4	0.1687116564417178
chr19:8316537:C>T	246	46	4	0.15753424657534246
chr19:19219194:G>A	407	22	4	0.05128205128205128
chr2:53887455:G>A	101	77	4	0.43258426966292135
chr2:240769133:C>A	252	10	4	0.03816793893129771
chr3:64546789:G>A	179	124	4	0.40924092409240925
chr3:171676736:G>T	264	30	4	0.10204081632653061
chr4:166060080:C>T	255	99	5	0.2796610169491525
chr5:225978:G>A	291	47	4	0.1390532544378698
chr5:176034593:G>A	106	72	4	0.4044943820224719
chr6:55514037:T>A	238	17	4	0.06666666666666667
chr6:136922815:G>A	431	64	4	0.1292929292929293
chr9:101540942:G>C	276	13	4	0.04498269896193772
chrX:119582609:G>T	137	29	4	0.1746987951807229
