mutation_id	ref_counts	var_counts	total_cn	VAF
chr11:34453174:C>A	114	91	2	0.44390243902439025
chr12:18538256:C>T	194	111	2	0.3639344262295082
chr12:55819011:G>A	126	75	2	0.373134328358209
chr19:49098471:->GG	201	57	2	0.22093023255813954
chr19:54940275:C>T	579	63	2	0.09813084112149532
chr2:89085172:GTGGGAG>TTGAGGAGAA	145	54	1	0.271356783919598
chr22:26673216:C>T	208	119	2	0.363914373088685
chr7:108176547:G>A	76	41	2	0.3504273504273504
chr7:114664375:T>C	179	142	2	0.4423676012461059
