mutation_id	ref_counts	var_counts	total_cn	VAF
chr1:155264670:A>C	271	123	2	0.31218274111675126
chr19:10353059:C>G	522	26	2	0.04744525547445255
chr2:85579776:->GGTTCC	233	74	2	0.24104234527687296
chr2:138671481:T>C	304	196	2	0.392
chr20:1551898:G>A	433	50	2	0.10351966873706005
chr4:121932808:C>T	518	32	2	0.05818181818181818
chr9:120536473:C>T	223	122	2	0.3536231884057971
chrX:15564186:C>T	306	24	1	0.07272727272727272
