mutation_id	ref_counts	var_counts	total_cn	VAF
chr10:46373439:G>A	255	97	2	0.2755681818181818
chr10:55599909:C>G	113	92	2	0.44878048780487806
chr12:117555224:C>T	234	143	2	0.3793103448275862
chr15:34752827:C>T	539	16	2	0.02882882882882883
chr16:30353422:C>T	268	175	2	0.39503386004514673
chr19:17581180:C>T	175	116	2	0.39862542955326463
chr19:35723781:T>C	251	172	2	0.4066193853427896
chr22:22376505:->CC	172	104	2	0.37681159420289856
chr5:19571742:A>C	241	146	2	0.3772609819121447
chr5:138517632:T>C	181	110	2	0.37800687285223367
chr5:180313905:C>T	351	198	2	0.36065573770491804
chr7:147395622:G>A	115	77	2	0.4010416666666667
