mutation_id	ref_counts	var_counts	total_cn	VAF
chr1:240330696:G>C	117	14	1	0.10687022900763359
chr10:88914658:G>A	70	46	2	0.39655172413793105
chr11:3228497:C>T	327	83	2	0.20243902439024392
chr13:28028203:G>T	270	12	2	0.0425531914893617
chr15:42730939:C>T	91	55	1	0.3767123287671233
chr19:35868753:C>T	417	24	2	0.05442176870748299
chr19:45698887:G>T	136	50	2	0.26881720430107525
chr2:170829609:G>A	151	47	2	0.23737373737373738
chr2:185800894:C>T	108	42	2	0.28
chr22:30555655:G>A	297	85	2	0.22251308900523561
chr5:35874467:->AGGGTGCAGGCGTGA	196	41	2	0.1729957805907173
chr5:140803238:C>T	197	109	2	0.3562091503267974
chr7:142161152:C>T	112	43	2	0.27741935483870966
chr9:135768849:C>T	164	112	2	0.4057971014492754
