mutation_id	ref_counts	var_counts	total_cn	VAF
chr1:16232147:G>A	612	311	2	0.3369447453954496
chr1:151288600:C>T	428	219	2	0.3384853168469861
chr1:155248089:G>A	463	212	2	0.31407407407407406
chr1:209675866:C>T	1056	43	2	0.039126478616924476
chr1:248022624:G>A	215	95	2	0.3064516129032258
chr10:26168759:G>A	240	117	2	0.3277310924369748
chr10:104641511:C>T	900	27	2	0.02912621359223301
chr10:113152430:G>A	241	122	2	0.33608815426997246
chr12:46209079:G>A	146	49	2	0.2512820512820513
chr12:81174891:G>A	325	144	2	0.3070362473347548
chr12:100600416:G>A	270	114	2	0.296875
chr13:26685763:C>T	411	203	2	0.3306188925081433
chr14:69953450:G>A	358	175	2	0.32833020637898686
chr15:88874419:C>T	245	131	2	0.3484042553191489
chr16:8895054:G>A	247	120	2	0.32697547683923706
chr17:8319371:C>A	315	170	2	0.35051546391752575
chr17:40022731:G>A	448	185	2	0.292259083728278
chr17:48789990:G>A	338	164	2	0.32669322709163345
chr18:26459719:G>A	410	141	2	0.2558983666061706
chr18:53391706:C>A	288	104	2	0.2653061224489796
chr19:38595492:G>A	268	128	2	0.32323232323232326
chr2:1648395:G>A	513	267	2	0.3423076923076923
chr2:54628097:G>A	174	82	2	0.3203125
chr3:126654887:C>T	693	343	2	0.3310810810810811
chr4:99651719:C>T	511	18	2	0.034026465028355386
chr4:125408545:C>T	229	99	2	0.3018292682926829
chr4:186619188:T>A	361	155	2	0.3003875968992248
chr7:144266959:G>A	55	30	2	0.35294117647058826
chr9:69013132:C>T	332	169	2	0.3373253493013972
