mutation_id	ref_counts	var_counts	total_cn	VAF
chr1:11794425:C>T	258	94	2	0.26704545454545453
chr1:176876585:C>T	264	209	3	0.4418604651162791
chr10:94258824:C>T	276	107	3	0.2793733681462141
chr11:26671227:G>A	216	90	2	0.29411764705882354
chr11:63409852:C>T	209	70	2	0.25089605734767023
chr11:125917088:G>A	224	116	2	0.3411764705882353
chr12:40939386:C>A	262	100	2	0.27624309392265195
chr12:54517834:G>T	224	99	2	0.3065015479876161
chr12:112450395:C>A	246	100	2	0.28901734104046245
chr14:21414367:->TTA	279	65	3	0.18895348837209303
chr14:76376433:C>A	458	147	3	0.24297520661157024
chr16:3736691:->CCC	249	110	2	0.3064066852367688
chr16:57474833:A>G	215	105	2	0.328125
chr17:81716842:C>T	282	146	2	0.3411214953271028
chr19:4945916:->CGACGGGACCCCATT	138	42	2	0.23333333333333334
chr19:16509987:G>T	120	61	2	0.3370165745856354
chr2:113406871:TTCACAGTGTTACAAGCCATAACAA>AGG	76	52	2	0.40625
chr2:185813815:C>T	220	86	2	0.28104575163398693
chr2:202188245:G>A	151	91	2	0.3760330578512397
chr2:228018043:G>A	125	48	2	0.2774566473988439
chr22:22162681:->TAAGTTTCC	36	29	2	0.4461538461538462
chr4:78308155:G>A	533	132	4	0.19849624060150375
chr4:182793362:C>T	445	103	4	0.18795620437956204
chr6:55280323:A>T	238	89	3	0.27217125382262997
chr7:148809078:->A	289	88	2	0.23342175066312998
chrX:16170399:C>T	358	33	2	0.08439897698209718
