mutation_id	ref_counts	var_counts	total_cn	VAF
chr10:125774181:C>T	346	193	2	0.3580705009276438
chr13:87676264:C>T	315	42	2	0.11764705882352941
chr15:41711311:C>T	236	38	2	0.1386861313868613
chr19:9977683:C>T	383	22	2	0.05432098765432099
chr19:13983195:G>A	218	112	2	0.3393939393939394
chr3:47891253:G>C	162	120	2	0.425531914893617
chr4:7704273:G>A	152	97	2	0.3895582329317269
chr6:30601576:C>T	273	169	2	0.38235294117647056
chr7:29398450:G>T	314	19	2	0.057057057057057055
chrX:15522423:C>T	266	150	2	0.3605769230769231
