mutation_id	ref_counts	var_counts	total_cn	VAF
chr1:1754158:C>T	424	66	4	0.1346938775510204
chr10:13666301:G>A	407	127	8	0.23782771535580524
chr10:79292294:G>A	931	84	8	0.08275862068965517
chr10:102416591:G>A	1000	66	8	0.06191369606003752
chr10:116601198:G>A	500	26	8	0.049429657794676805
chr11:6870080:G>A	248	191	4	0.43507972665148065
chr12:51790401:G>A	208	10	4	0.045871559633027525
chr12:64870673:C>T	315	39	4	0.11016949152542373
chr12:109279809:G>A	401	101	4	0.20119521912350596
chr12:112450362:A>T	154	87	4	0.36099585062240663
chr12:112488466:C>T	302	51	4	0.14447592067988668
chr13:28018484:->GGGCTC	178	36	4	0.16822429906542055
chr14:92835565:G>A	259	34	6	0.11604095563139932
chr15:48762526:C>T	244	49	4	0.16723549488054607
chr17:69123286:A>G	156	78	6	0.3333333333333333
chr19:8316577:C>T	238	191	4	0.44522144522144524
chr19:49651397:G>A	530	15	4	0.027522935779816515
chr19:55578713:G>A	614	20	4	0.031545741324921134
chr3:46709200:C>T	359	75	4	0.1728110599078341
chr4:137530335:G>A	446	62	6	0.1220472440944882
chr5:37044389:C>T	109	75	4	0.4076086956521739
chr6:30147131:C>T	912	94	6	0.09343936381709742
chr7:98988769:G>A	155	49	4	0.24019607843137256
chr9:98826813:C>T	227	177	4	0.4381188118811881
