mutation_id	ref_counts	var_counts	total_cn	VAF
chr12:58887829:C>T	254	160	2	0.3864734299516908
chr14:106622360:GC>TGCCCCCCTCT	26	6	0	0.1875
chr14:106622389:G>A	28	17	0	0.37777777777777777
chr16:4900860:G>A	205	147	2	0.41761363636363635
chr17:42907619:A>G	150	106	2	0.4140625
chr19:34458807:->GG	207	110	2	0.3470031545741325
chr3:38726720:C>T	206	143	2	0.40974212034383956
