mutation_id	ref_counts	var_counts	total_cn	VAF
chr1:2487370:G>A	272	77	2	0.22063037249283668
chr1:147909208:G>A	279	50	2	0.1519756838905775
chr1:150558995:C>T	273	186	2	0.40522875816993464
chr11:9789108:C>G	194	28	2	0.12612612612612611
chr12:54183684:G>C	281	188	2	0.40085287846481876
chr14:106335078:TGTCTTTC>CCTAGGG	105	106	0	0.5023696682464455
chr22:37518088:G>A	226	172	2	0.4321608040201005
chr3:77098129:G>A	251	189	2	0.42954545454545456
chr3:107805420:->AGGG	384	69	2	0.152317880794702
chr3:107805422:->CCGTAGG	392	69	2	0.14967462039045554
chr7:34811810:T>C	190	143	2	0.4294294294294294
chr9:5078360:A>G	437	30	2	0.06423982869379015
