mutation_id	ref_counts	var_counts	total_cn	VAF
chr1:103691537:G>A	301	62	2	0.17079889807162535
chr1:148931862:G>A	198	22	2	0.1
chr10:94947853:C>T	241	108	3	0.30945558739255014
chr10:126426072:C>T	180	94	3	0.34306569343065696
chr11:31714827:T>C	92	67	2	0.42138364779874216
chr15:81358218:C>T	159	124	2	0.4381625441696113
chr16:10769091:C>T	138	95	2	0.40772532188841204
chr18:44952080:C>T	208	196	2	0.48514851485148514
chr19:9853875:->AG	128	75	2	0.3694581280788177
chr19:24106630:G>A	27	21	2	0.4375
chr2:130763344:G>A	209	192	2	0.47880299251870323
chr20:17260304:G>T	163	145	2	0.4707792207792208
chr20:51004614:C>T	198	172	2	0.4648648648648649
chr21:40051959:C>T	317	98	4	0.236144578313253
chr3:142397332:->GA	104	58	2	0.35802469135802467
chr5:33630909:A>T	85	99	2	0.5380434782608695
chr6:79926375:C>T	247	27	3	0.09854014598540146
chr6:116647576:G>A	203	71	3	0.2591240875912409
chr7:27110359:C>T	545	81	2	0.12939297124600638
chr7:113084335:A>G	167	154	2	0.4797507788161994
chr9:115078093:C>T	234	192	2	0.4507042253521127
chr9:129818578:G>A	169	131	2	0.43666666666666665
chrX:54333379:T>A	346	147	3	0.29817444219066935
chrX:55624547:G>A	440	186	3	0.2971246006389776
chrX:115190981:C>T	552	197	3	0.2630173564753004
chrX:154305400:C>T	253	107	3	0.2972222222222222
