mutation_id	ref_counts	var_counts	total_cn	VAF
chr1:1806477:T>C	160	116	2	0.42028985507246375
chr1:116544489:TT>-	158	49	2	0.23671497584541062
chr10:132859164:T>C	244	196	2	0.44545454545454544
chr14:22533496:->TGGGAT	21	87	1	0.8055555555555556
chr16:15740126:->AAA	195	154	2	0.44126074498567336
chr16:30964620:C>A	168	129	2	0.43434343434343436
chr2:208248389:G>A	181	93	2	0.33941605839416056
chr5:35874500:T>G	178	198	2	0.526595744680851
chr5:162093965:G>A	94	77	2	0.4502923976608187
chr7:141470574:G>A	132	93	2	0.41333333333333333
chr9:136197637:G>A	557	264	3	0.3215590742996346
chrX:153803801:C>T	38	309	1	0.8904899135446686
