mutation_id	ref_counts	var_counts	total_cn	VAF
chr1:13342683:G>A	622	103	2	0.14206896551724138
chr1:89187101:G>T	196	31	2	0.13656387665198239
chr1:152776632:C>A	610	44	2	0.0672782874617737
chr10:14326860:G>A	399	67	2	0.14377682403433475
chr10:100291408:C>A	307	48	2	0.1352112676056338
chr10:110812297:C>T	404	83	2	0.1704312114989733
chr11:4848384:G>T	456	18	2	0.0379746835443038
chr11:116821578:G>A	645	132	2	0.16988416988416988
chr12:48329761:G>A	682	60	2	0.08086253369272237
chr14:23424842:C>T	708	60	2	0.078125
chr15:59217932:C>T	440	80	2	0.15384615384615385
chr16:1211527:A>G	512	86	2	0.14381270903010032
chr17:7849283:C>T	512	103	2	0.16747967479674797
chr18:58366050:G>A	374	18	2	0.04591836734693878
chr18:79410862:C>T	791	58	2	0.06831566548881036
chr19:1924270:G>A	348	44	2	0.11224489795918367
chr19:34454516:G>A	264	38	2	0.12582781456953643
chr2:178588879:G>T	441	65	2	0.12845849802371542
chr2:206310382:A>T	324	48	2	0.12903225806451613
chr20:5302280:G>A	328	63	2	0.16112531969309463
chr20:56452649:A>G	350	64	2	0.15458937198067632
chr22:22099208:ATTT>C	239	47	2	0.16433566433566432
chr3:10125691:G>C	386	19	2	0.04691358024691358
chr3:10844219:G>A	333	63	2	0.1590909090909091
chr3:177038111:T>A	332	24	1	0.06741573033707865
chr3:177051676:->T	320	69	1	0.17737789203084833
chr4:55980249:A>T	120	20	2	0.14285714285714285
chr4:168181742:GTAA>-	110	16	2	0.12698412698412698
chr8:92005129:G>A	324	32	2	0.0898876404494382
chr8:144440428:C>T	738	47	2	0.05987261146496815
