mutation_id	ref_counts	var_counts	total_cn	VAF
chr1:159588237:C>A	296	27	2	0.08359133126934984
chr1:171207749:G>T	276	15	2	0.05154639175257732
chr11:134253614:G>C	561	22	2	0.03773584905660377
chr15:48738828:T>A	346	11	2	0.03081232492997199
chr15:82045468:C>T	488	18	2	0.03557312252964427
chr22:40681584:G>T	488	52	2	0.0962962962962963
chr5:130185178:A>T	364	53	2	0.12709832134292565
chr5:143282667:G>T	386	12	2	0.03015075376884422
chr5:143282668:A>C	384	12	2	0.030303030303030304
chr6:26156436:G>A	624	22	2	0.034055727554179564
chr6:98835059:C>T	432	18	2	0.04
chr7:100122545:G>A	265	36	2	0.11960132890365449
chr7:151187570:C>G	680	18	2	0.025787965616045846
chr9:61194053:C>T	945	49	2	0.04929577464788732
