mutation_id	ref_counts	var_counts	total_cn	VAF
chr1:85026183:G>A	257	48	2	0.15737704918032788
chr11:46886471:C>T	268	156	2	0.36792452830188677
chr11:108247035:C>G	109	56	2	0.3393939393939394
chr12:25225628:C>T	159	87	2	0.35365853658536583
chr12:53193885:G>A	129	66	2	0.3384615384615385
chr12:78050878:G>A	449	62	2	0.12133072407045009
chr13:41130881:C>T	290	145	2	0.3333333333333333
chr13:112401117:G>A	291	172	2	0.3714902807775378
chr19:8915637:C>A	78	51	2	0.3953488372093023
chr19:29529972:C>T	353	187	2	0.34629629629629627
chr19:55661187:G>A	264	218	2	0.45228215767634855
chr2:79157185:G>C	546	16	2	0.028469750889679714
chr2:90173413:C>A	132	106	2	0.44537815126050423
chr22:30352994:C>T	181	99	2	0.3535714285714286
chr4:42590830:G>A	231	108	2	0.3185840707964602
chr5:141096017:G>A	208	163	2	0.4393530997304582
chr6:97165340:C>A	403	29	2	0.06712962962962964
chr8:109296530:G>C	199	110	2	0.3559870550161812
chrX:73823955:T>C	127	125	2	0.49603174603174605
