mutation_id	ref_counts	var_counts	total_cn	VAF
chr12:52546455:C>T	247	177	2	0.41745283018867924
chr12:81174864:C>A	505	34	2	0.06307977736549165
chr15:71215192:G>A	426	222	2	0.3425925925925926
chr17:11679773:G>A	131	71	2	0.35148514851485146
chr19:34434874:G>A	122	68	2	0.35789473684210527
chr2:135804101:G>A	174	89	2	0.33840304182509506
chr2:197631220:G>A	135	68	2	0.33497536945812806
chr21:39779210:C>T	315	182	2	0.36619718309859156
chr4:7434303:G>A	553	32	2	0.0547008547008547
chr9:133636417:C>T	346	236	2	0.4054982817869416
chrX:139617540:G>A	387	12	2	0.03007518796992481
