mutation_id	ref_counts	var_counts	total_cn	VAF
chr1:157524332:G>C	718	39	2	0.05151915455746367
chr10:101015712:C>T	448	276	2	0.3812154696132597
chr11:7960562:C>T	393	229	2	0.36816720257234725
chr11:83278754:T>C	138	50	2	0.26595744680851063
chr12:6583240:G>A	750	38	2	0.048223350253807105
chr12:6592472:G>A	479	162	2	0.25273010920436817
chr12:128696062:C>T	301	142	2	0.32054176072234764
chr14:106770576:->GCCC	128	57	2	0.3081081081081081
chr16:20959266:T>A	371	206	2	0.35701906412478335
chr17:11822579:C>A	392	26	2	0.06220095693779904
chr19:3808947:C>T	471	226	2	0.3242467718794835
chr19:37887620:A>G	178	110	2	0.3819444444444444
chr20:63408524:G>A	263	125	2	0.32216494845360827
chr5:140927733:C>T	601	28	2	0.04451510333863275
chr8:30843990:A>G	138	60	2	0.30303030303030304
chr9:106925431:G>A	662	36	2	0.05157593123209169
