mutation_id	ref_counts	var_counts	total_cn	VAF
chr1:117092816:G>A	248	160	2	0.39215686274509803
chr10:132857718:G>T	311	151	3	0.3268398268398268
chr11:13010526:C>T	566	33	2	0.05509181969949917
chr11:62525983:C>T	251	10	2	0.038314176245210725
chr12:103796986:G>A	198	120	2	0.37735849056603776
chr14:94008679:C>T	425	108	3	0.2026266416510319
chr16:71850767:G>A	252	113	2	0.3095890410958904
chr17:7426397:C>T	476	215	2	0.3111432706222865
chr18:80160579:G>A	537	166	3	0.2361308677098151
chr2:97576440:A>-	24	3	2	0.1111111111111111
chr2:214809547:C>T	618	24	2	0.037383177570093455
chr5:141184686:G>T	630	20	2	0.03076923076923077
