mutation_id	ref_counts	var_counts	total_cn	VAF
chr1:95072763:C>T	234	43	2	0.1552346570397112
chr1:109484016:C>G	510	75	2	0.1282051282051282
chr10:21020149:G>A	208	66	2	0.24087591240875914
chr10:106672959:G>T	372	34	2	0.08374384236453201
chr10:128115320:T>C	254	57	2	0.1832797427652733
chr11:67399050:C>T	620	62	2	0.09090909090909091
chr11:113362490:G>A	330	14	2	0.040697674418604654
chr14:44505994:C>T	490	16	2	0.03162055335968379
chr14:106627249:T>GGGGGA	179	83	1	0.31679389312977096
chr16:20480631:G>A	274	61	2	0.18208955223880596
chr16:20543204:C>T	541	48	2	0.08149405772495756
chr17:35445077:C>T	134	23	2	0.1464968152866242
chr17:50274528:C>G	727	68	2	0.08553459119496855
chr17:58275562:T>A	437	18	2	0.03956043956043956
chr19:34434928:G>A	209	32	2	0.13278008298755187
chr19:51717142:G>A	443	30	2	0.06342494714587738
chr19:52156088:C>T	412	19	2	0.04408352668213457
chr2:169216274:C>A	303	22	2	0.06769230769230769
chr2:178650802:C>T	349	32	2	0.08398950131233596
chr2:237325701:C>T	213	53	2	0.19924812030075187
chr20:59992512:T>C	248	15	2	0.057034220532319393
chr3:44887693:G>A	378	85	2	0.183585313174946
chr3:180957888:G>A	280	28	2	0.09090909090909091
chr4:104491716:C>T	742	32	2	0.041343669250646
chr4:127706792:T>A	354	44	2	0.11055276381909548
chr6:41342021:C>G	346	45	2	0.11508951406649616
chr7:33974728:C>G	484	36	2	0.06923076923076923
chr7:64266559:C>T	226	51	2	0.18411552346570398
chr7:107663304:G>C	232	45	2	0.1624548736462094
chr8:20171407:C>G	277	24	2	0.07973421926910298
chr8:27500963:G>A	358	46	2	0.11386138613861387
chr8:85214625:G>A	209	39	2	0.15725806451612903
chrX:16853752:C>T	742	22	2	0.028795811518324606
chrX:49228377:C>T	961	24	2	0.024365482233502538
chrX:64336097:C>T	130	14	2	0.09722222222222222
chrX:103274170:G>C	560	127	2	0.1848617176128093
