mutation_id	ref_counts	var_counts	total_cn	VAF
chr1:13390788:T>A	133	113	2	0.45934959349593496
chr1:26473718:G>A	250	22	2	0.08088235294117647
chr1:114716126:C>T	268	22	2	0.07586206896551724
chr1:116984820:C>T	177	165	2	0.4824561403508772
chr1:155032759:T>C	107	61	2	0.3630952380952381
chr1:237784025:C>A	188	124	2	0.3974358974358974
chr1:240092615:C>T	245	200	2	0.449438202247191
chr10:95207274:C>G	356	68	2	0.16037735849056603
chr11:4999911:T>C	113	70	2	0.3825136612021858
chr11:45902640:C>T	266	217	2	0.4492753623188406
chr11:78670106:C>T	180	173	2	0.49008498583569404
chr11:82849145:C>G	271	59	2	0.1787878787878788
chr12:25245351:C>G	200	30	2	0.13043478260869565
chr16:791221:G>A	209	167	2	0.4441489361702128
chr19:48473297:G>A	88	81	2	0.47928994082840237
chr2:80303124:G>A	384	31	2	0.0746987951807229
chr2:88861548:TGGCCAAAACTGCACA>CTTGCCC	16	90	1	0.8490566037735849
chr2:115499546:T>C	118	73	2	0.38219895287958117
chr20:31997227:C>T	247	201	2	0.4486607142857143
chr3:167790567:A>G	155	28	2	0.15300546448087432
chr4:155910068:C>T	149	114	2	0.43346007604562736
chr5:75350843:C>T	270	25	2	0.0847457627118644
chr5:141210260:C>T	444	110	2	0.19855595667870035
chr6:56608175:T>C	174	116	2	0.4
chr6:101626401:G>T	122	112	2	0.47863247863247865
chr6:136279816:T>C	108	91	2	0.457286432160804
chr9:35609188:G>A	269	203	2	0.4300847457627119
chrX:22274257:T>C	7	138	1	0.9517241379310345
