mutation_id	ref_counts	var_counts	total_cn	VAF
chr1:75222408:G>A	396	23	4	0.05489260143198091
chr1:109421904:C>T	154	20	4	0.11494252873563218
chr11:57416581:G>A	181	143	4	0.44135802469135804
chr12:120127919:C>T	313	126	4	0.2870159453302961
chr14:100734751:A>T	542	20	4	0.03558718861209965
chr15:29718460:G>T	326	284	4	0.46557377049180326
chr16:2234734:->TGGCATTCTCGGGGT	442	49	4	0.09979633401221996
chr17:30997328:C>T	195	12	4	0.057971014492753624
chr18:78993965:G>A	892	38	4	0.04086021505376344
chr19:39423422:A>G	617	19	4	0.029874213836477988
chr2:27238088:T>C	248	97	4	0.2811594202898551
chr3:126157393:C>T	365	113	4	0.23640167364016737
chr4:110549850:G>T	231	20	4	0.0796812749003984
chr6:51772744:G>T	186	43	4	0.18777292576419213
chr8:123975993:C>G	366	147	4	0.28654970760233917
chrX:132214316:G>T	448	165	4	0.26916802610114193
