mutation_id	ref_counts	var_counts	total_cn	VAF
chr1:11127790:A>G	290	79	2	0.2140921409214092
chr1:11128107:G>T	162	18	2	0.1
chr1:162776212:C>T	201	90	2	0.30927835051546393
chr11:117409735:C>T	609	81	2	0.11739130434782609
chr11:124145881:C>T	246	29	2	0.10545454545454545
chr16:88645211:C>T	200	143	2	0.41690962099125367
chr17:47733938:C>T	159	97	2	0.37890625
chr19:11202613:T>C	219	175	2	0.44416243654822335
chr2:37199791:T>G	254	165	2	0.3937947494033413
chr2:109501589:G>A	396	64	2	0.1391304347826087
chr21:29133407:C>T	207	117	2	0.3611111111111111
chr22:46312205:G>A	264	169	2	0.3903002309468822
chr8:102342678:AGG>-	113	75	2	0.39893617021276595
chr8:132129379:G>A	389	121	2	0.2372549019607843
chrX:69957096:C>T	394	32	2	0.07511737089201878
chrX:75784216:C>A	95	410	2	0.8118811881188119
