mutation_id	ref_counts	var_counts	total_cn	VAF
chr1:9730639:C>T	299	192	4	0.3910386965376782
chr1:19143998:G>A	168	8	4	0.045454545454545456
chr1:44758107:->TATGTGACAT	98	53	4	0.3509933774834437
chr1:114716126:C>A	193	63	4	0.24609375
chr1:156908663:C>T	382	11	4	0.027989821882951654
chr1:160174212:G>A	192	104	4	0.35135135135135137
chr1:209616535:C>T	422	79	4	0.15768463073852296
chr1:241679594:A>T	132	42	4	0.2413793103448276
chr11:56612738:G>A	234	8	4	0.03305785123966942
chr13:101345272:C>G	215	8	4	0.03587443946188341
chr14:21503686:G>A	181	8	4	0.042328042328042326
chr14:104954158:->CAG	268	138	4	0.3399014778325123
chr16:88810473:->C	338	110	4	0.24553571428571427
chr17:7465743:C>T	246	15	4	0.05747126436781609
chr19:9266234:C>T	118	78	4	0.3979591836734694
chr2:90100738:TCCCACAGTGTTACACACCCAAACAT>CCG	137	65	3	0.3217821782178218
chr3:58163255:G>A	233	121	4	0.3418079096045198
chr3:171843439:G>C	240	76	4	0.24050632911392406
chr6:32052685:C>T	175	98	4	0.358974358974359
chr7:100817257:C>T	550	26	4	0.04513888888888889
chr7:157254089:G>A	195	69	4	0.26136363636363635
chr8:120313974:C>T	264	10	4	0.0364963503649635
chr9:112659979:G>T	350	16	4	0.04371584699453552
chr9:136200739:C>T	126	66	4	0.34375
chrX:13756630:ATATGCT>CCCCA	146	41	4	0.2192513368983957
chrX:19392409:G>T	177	55	4	0.23706896551724138
chrX:108736048:T>C	794	22	6	0.02696078431372549
