mutation_id	ref_counts	var_counts	total_cn	VAF
chr1:186189864:G>A	167	139	2	0.4542483660130719
chr1:240493324:T>G	928	42	2	0.04329896907216495
chr11:20637258:C>A	464	33	2	0.06639839034205232
chr11:26542027:C>T	427	15	2	0.033936651583710405
chr11:92883383:G>C	464	48	2	0.09375
chr12:21875713:T>C	179	18	2	0.09137055837563451
chr16:15408036:->AAGAC	356	186	2	0.34317343173431736
chr19:7019164:C>T	796	46	2	0.05463182897862233
chr19:14474207:C>T	1194	87	2	0.06791569086651054
chr19:36610044:G>A	294	30	2	0.09259259259259259
chr19:39098522:C>T	714	62	2	0.07989690721649484
chr2:73641381:G>A	568	46	2	0.0749185667752443
chr2:232662808:C>T	234	194	2	0.4532710280373832
chr3:139006040:C>T	855	88	2	0.09331919406150584
chrX:106942898:G>T	22	312	1	0.9341317365269461
