mutation_id	ref_counts	var_counts	total_cn	VAF
chr15:43279852:C>A	651	45	2	0.06465517241379311
chr19:4531693:C>T	493	263	2	0.3478835978835979
chr2:206960874:G>A	498	37	2	0.0691588785046729
chr3:47062338:GTTCAGTTGCTAAGGGAAAAGGGTGGTTTGTTTGTT>TGTTCAGTTGCTAAGGGAAAAGGGTGGTTTGTTTG	378	43	2	0.1021377672209026
chr3:47116642:G>A	284	40	2	0.12345679012345678
chr7:29883883:C>T	650	136	2	0.17302798982188294
chrX:71301822:C>T	478	82	2	0.14642857142857144
chrX:112822290:C>T	475	220	2	0.31654676258992803
