mutation_id	ref_counts	var_counts	total_cn	VAF
chr1:201077915:C>T	241	100	2	0.2932551319648094
chr15:53702278:C>T	250	106	2	0.29775280898876405
chr17:80210663:C>T	302	164	2	0.351931330472103
chr18:22415791:G>A	241	72	2	0.23003194888178913
chr18:61554544:G>A	365	184	2	0.33515482695810567
chr19:41982073:G>A	203	65	2	0.24253731343283583
chr20:63493190:C>T	646	28	2	0.04154302670623145
chr5:140836302:C>T	488	16	2	0.031746031746031744
chr6:161548987:T>C	418	17	2	0.03908045977011494
chr8:98089825:G>T	288	106	2	0.26903553299492383
chrX:41223370:A>T	304	19	2	0.058823529411764705
