mutation_id	ref_counts	var_counts	total_cn	VAF
chr1:31675272:G>T	236	194	2	0.4511627906976744
chr1:54601365:C>T	323	271	2	0.4562289562289562
chr10:650185:C>T	271	231	2	0.4601593625498008
chr10:96983299:G>T	184	169	2	0.47875354107648727
chr10:100806569:C>T	254	210	2	0.4525862068965517
chr11:134384160:C>T	714	40	2	0.05305039787798409
chr13:45194265:G>C	242	197	2	0.44874715261959
chr15:29053908:C>T	274	251	2	0.4780952380952381
chr15:74180114:G>A	590	36	2	0.05750798722044728
chr18:6950944:C>T	213	181	2	0.4593908629441624
chr18:58984198:C>T	449	71	2	0.13653846153846153
chr19:4318352:T>C	152	133	2	0.4666666666666667
chr2:3580207:C>T	614	36	2	0.055384615384615386
chr2:42493346:G>A	283	289	2	0.5052447552447552
chr2:74252256:G>A	838	50	2	0.05630630630630631
chr3:14715392:C>A	375	32	2	0.07862407862407862
chr3:45594992:->CC	314	150	2	0.3232758620689655
chr3:62269131:G>A	447	14	2	0.03036876355748373
chr4:86689724:G>A	196	144	2	0.4235294117647059
chr4:183445608:ACA>-	222	190	2	0.46116504854368934
chr5:80071031:T>G	308	17	2	0.052307692307692305
chr7:2002086:G>A	294	219	2	0.4269005847953216
chr7:139483618:G>T	495	35	2	0.0660377358490566
chr7:143356653:C>T	243	206	2	0.45879732739420936
chr9:5078360:A>G	352	58	2	0.14146341463414633
chr9:5078362:A>C	330	48	2	0.12698412698412698
chr9:5089726:C>A	333	51	2	0.1328125
chr9:77020838:C>T	909	46	2	0.048167539267015703
chrX:17726331:G>A	920	36	3	0.03765690376569038
chrX:104250587:C>T	1634	46	3	0.02738095238095238
chrX:110452542:C>A	633	272	3	0.3005524861878453
chrX:111847280:G>A	292	561	3	0.6576787807737398
chrX:131278605:C>T	1405	44	3	0.03036576949620428
chrX:137030785:C>A	1284	46	3	0.03458646616541353
chrX:153872215:G>A	1030	73	3	0.06618313689936536
