mutation_id	ref_counts	var_counts	total_cn	VAF
chr1:171782053:T>G	285	81	2	0.22131147540983606
chr10:56358910:T>A	227	59	2	0.2062937062937063
chr10:68911145:C>T	337	75	2	0.1820388349514563
chr10:132785595:C>A	504	52	2	0.09352517985611511
chr13:61411421:A>C	276	93	2	0.25203252032520324
chr19:13768390:G>C	208	54	2	0.20610687022900764
chr2:73265412:G>A	342	106	2	0.23660714285714285
chr2:90005629:TCA>-	110	14	2	0.11290322580645161
chr2:90100737:CTCC>TCCTG	39	65	2	0.625
chr2:140358012:C>T	348	32	2	0.08421052631578947
chr2:159898942:G>A	333	107	2	0.2431818181818182
chr2:164695750:C>T	102	94	2	0.47959183673469385
chr4:114845928:G>T	362	26	2	0.06701030927835051
chr5:161897120:G>A	92	80	2	0.46511627906976744
chr7:129389172:C>T	227	76	2	0.2508250825082508
