mutation_id	ref_counts	var_counts	total_cn	VAF
chr14:106389577:C>T	218	197	2	0.4746987951807229
chr14:106592675:->GA	28	60	1	0.6818181818181818
chr15:23441598:C>T	238	161	2	0.40350877192982454
chr4:174976262:T>C	334	12	2	0.03468208092485549
chr7:2586298:G>A	437	57	2	0.11538461538461539
chr7:143857251:ACAGATTCATTTTGTC>GG	684	111	2	0.13962264150943396
chrX:100296661:A>G	5	259	1	0.9810606060606061
