mutation_id	ref_counts	var_counts	total_cn	VAF
chr1:114716126:C>T	151	97	2	0.3911290322580645
chr10:98614965:C>T	178	136	2	0.43312101910828027
chr12:85127910:T>A	169	134	2	0.44224422442244227
chr12:133121601:T>C	124	94	2	0.43119266055045874
chr17:11598568:C>T	426	97	2	0.18546845124282982
chr2:39736999:A>C	195	136	2	0.4108761329305136
chr2:176100131:G>T	454	86	2	0.15925925925925927
chr22:21015292:G>A	215	154	2	0.4173441734417344
chr3:170907065:G>A	83	27	2	0.24545454545454545
chr4:165041117:C>T	199	169	2	0.4592391304347826
chr5:178204857:AGCAG>GAGACGACGGGCGCCA	187	111	2	0.3724832214765101
chrX:7050315:C>T	14	129	1	0.9020979020979021
chrX:26160904:G>A	28	120	1	0.8108108108108109
