mutation_id	ref_counts	var_counts	total_cn	VAF
chr1:150578981:G>A	772	27	2	0.03379224030037547
chr10:128115210:G>A	366	61	2	0.14285714285714285
chr11:1411537:G>A	869	30	2	0.03337041156840934
chr11:6877272:C>T	304	14	2	0.0440251572327044
chr11:56276381:A>G	487	24	2	0.046966731898238745
chr11:65720590:C>T	448	25	2	0.052854122621564484
chr11:123806248:T>C	231	126	2	0.35294117647058826
chr11:124921281:C>A	606	354	2	0.36875
chr12:11885993:T>C	101	175	1	0.6340579710144928
chr13:111328228:G>T	299	14	2	0.04472843450479233
chr15:41457817:G>A	131	93	1	0.41517857142857145
chr16:2183849:G>C	500	18	2	0.03474903474903475
chr16:3731321:->TGATGGCTCTCCG	539	137	2	0.20266272189349113
chr16:29466764:C>T	462	17	2	0.03549060542797495
chr17:9023027:C>G	722	24	2	0.032171581769437
chr17:19572792:G>A	233	79	2	0.2532051282051282
chr17:54937215:T>-	266	70	2	0.20833333333333334
chr18:37274804:C>A	416	54	2	0.1148936170212766
chr19:36094101:C>G	479	17	2	0.034274193548387094
chr19:36341119:G>A	502	16	2	0.03088803088803089
chr2:86088865:C>G	237	24	2	0.09195402298850575
chr20:57563068:G>A	256	140	2	0.35353535353535354
chr4:105717827:G>A	275	109	2	0.2838541666666667
chr5:141151847:C>T	794	121	2	0.13224043715846995
chr5:141225759:G>C	666	18	2	0.02631578947368421
chr6:43038845:C>A	436	13	2	0.028953229398663696
chr6:44932672:C>T	374	20	2	0.050761421319796954
chr6:152330737:G>A	319	38	2	0.10644257703081232
chr7:94663861:T>C	522	20	2	0.03690036900369004
chr7:127703250:T>C	593	22	2	0.03577235772357724
chr8:8891967:G>C	424	17	2	0.03854875283446712
chr9:66920249:T>A	257	140	2	0.3526448362720403
chrX:24587291:G>A	276	115	2	0.29411764705882354
chrX:130679644:C>T	391	241	2	0.3813291139240506
chrX:153921791:C>G	419	145	2	0.2570921985815603
