mutation_id	ref_counts	var_counts	total_cn	VAF
chr1:51403440:G>A	169	88	2	0.3424124513618677
chr11:73924665:C>A	241	92	2	0.27627627627627627
chr11:75430152:G>A	812	44	2	0.0514018691588785
chr16:16214411:->GCC	184	62	2	0.25203252032520324
chr4:84821534:C>T	129	80	2	0.3827751196172249
chr8:21909767:G>A	580	52	2	0.08227848101265822
chrX:9894942:C>T	626	79	2	0.11205673758865248
