mutation_id	ref_counts	var_counts	total_cn	VAF
chr10:19205181:C>T	308	26	2	0.07784431137724551
chr12:25245350:C>T	215	78	2	0.26621160409556316
chr13:28034120:T>A	146	79	2	0.3511111111111111
chr15:39582723:G>A	211	151	2	0.4171270718232044
chr16:3769257:->GCACAGGT	308	111	2	0.2649164677804296
chr16:22146279:T>A	191	131	2	0.40683229813664595
chr17:10516222:G>A	273	72	3	0.20869565217391303
chr17:19739621:T>G	637	29	3	0.04354354354354354
chr19:35903855:G>A	564	18	2	0.030927835051546393
chr2:120988975:C>T	477	248	2	0.34206896551724136
chr22:20991683:C>T	515	50	2	0.08849557522123894
chr7:1499258:G>A	183	93	2	0.33695652173913043
chr7:128852656:A>G	584	19	2	0.03150912106135987
chr9:98290633:C>T	233	165	2	0.41457286432160806
