mutation_id	ref_counts	var_counts	total_cn	VAF
chr1:160181801:C>T	776	22	2	0.02756892230576441
chr1:205304229:G>A	564	376	2	0.4
chr10:116681844:C>T	787	30	2	0.03671970624235006
chr11:28097841:A>G	267	203	2	0.4319148936170213
chr11:108140082:T>A	261	184	2	0.4134831460674157
chr12:39579574:T>A	313	232	2	0.42568807339449544
chr13:20083738:A>T	219	193	2	0.4684466019417476
chr14:106639119:TCTCTC>CCTTCCTCAAA	392	37	2	0.08624708624708624
chr16:67876099:C>T	490	14	2	0.027777777777777776
chr17:8758363:C>T	828	230	2	0.21739130434782608
chr17:82961078:G>C	487	323	2	0.3987654320987654
chr2:227297832:G>T	692	30	2	0.04155124653739612
chr3:64622276:T>A	427	336	2	0.44036697247706424
chr3:119811601:C>T	596	210	2	0.26054590570719605
chr5:35084604:G>C	690	21	2	0.029535864978902954
chr5:83553433:G>A	938	50	2	0.05060728744939271
chr5:178225399:C>T	458	366	2	0.4441747572815534
chr6:29440203:G>A	1515	95	2	0.059006211180124224
chr6:166158483:G>A	837	640	2	0.4333107650643196
