mutation_id	ref_counts	var_counts	total_cn	VAF
chr11:73311246:C>T	565	18	2	0.030874785591766724
chr11:128912068:C>T	478	35	2	0.0682261208576998
chr12:130346966:G>A	418	28	2	0.06278026905829596
chr18:31464261:C>T	409	57	2	0.1223175965665236
chr2:185789812:A>G	133	98	2	0.42424242424242425
chr2:225582006:C>T	466	28	2	0.05668016194331984
chr4:105897977:C>T	338	21	2	0.0584958217270195
chrX:48354064:C>T	18	75	1	0.8064516129032258
chrX:73447626:G>A	404	16	1	0.0380952380952381
