mutation_id	ref_counts	var_counts	total_cn	VAF
chr1:114716123:C>T	320	42	2	0.11602209944751381
chr1:213997242:G>A	214	181	2	0.4582278481012658
chr1:228425063:G>A	229	161	2	0.4128205128205128
chr1:248453410:G>A	235	168	2	0.41687344913151364
chr11:1081673:C>A	368	33	2	0.08229426433915212
chr11:69005817:C>T	294	276	2	0.4842105263157895
chr12:25225628:C>T	263	47	2	0.15161290322580645
chr13:20704057:C>T	492	23	2	0.04466019417475728
chr13:52847597:G>A	343	325	2	0.4865269461077844
chr14:22528527:GGT>A	85	105	2	0.5526315789473685
chr16:2179134:C>T	286	23	2	0.0744336569579288
chr16:12902175:C>T	638	35	2	0.05200594353640416
chr18:23532224:C>T	414	30	2	0.06756756756756757
chr18:48859457:G>A	266	184	2	0.4088888888888889
chr19:1233521:C>T	224	209	2	0.48267898383371827
chr2:178719351:C>T	265	196	2	0.42516268980477223
chr3:154429547:C>T	308	21	2	0.06382978723404255
chr4:133151578:G>A	494	38	2	0.07142857142857142
chr5:150061760:G>C	116	83	2	0.41708542713567837
chr6:32096482:G>A	574	35	2	0.05747126436781609
chr7:13895982:G>A	288	222	2	0.43529411764705883
chr8:138688958:G>A	352	15	2	0.04087193460490463
