mutation_id	ref_counts	var_counts	total_cn	VAF
chr1:1973020:G>A	221	155	2	0.4122340425531915
chr1:37794290:G>A	340	210	2	0.38181818181818183
chr10:37193205:T>-	118	12	3	0.09230769230769231
chr12:11839275:->GG	245	102	2	0.29394812680115273
chr14:36581381:C>T	508	176	2	0.2573099415204678
chr14:91321301:G>A	185	114	2	0.38127090301003347
chr15:67372654:C>T	149	82	2	0.354978354978355
chr16:3738646:C>T	177	92	2	0.3420074349442379
chr17:10529009:C>T	603	159	3	0.20866141732283464
chr17:15231016:C>T	490	174	3	0.2620481927710843
chr17:17495239:->GTCCC	841	232	3	0.21621621621621623
chr17:75973625:C>T	294	96	3	0.24615384615384617
chr18:9775305:G>A	279	107	3	0.2772020725388601
chr19:4054147:G>A	656	20	2	0.029585798816568046
chr2:162435516:C>G	490	14	2	0.027777777777777776
chr20:45421448:G>A	323	209	2	0.39285714285714285
chr21:29159949:G>A	496	69	4	0.12212389380530973
chr22:20992879:G>A	194	113	2	0.36807817589576547
chr22:22162660:AGACCTGGGACAGTAACACTC>TTCGGG	150	63	2	0.29577464788732394
chr22:22893754:G>T	536	28	2	0.04964539007092199
chr3:32890954:C>T	570	27	2	0.04522613065326633
chr3:48662210:C>T	349	227	2	0.3940972222222222
chr3:49929838:G>A	518	194	2	0.27247191011235955
chr3:125177792:G>A	250	127	2	0.33687002652519893
chr4:97840928:A>T	135	74	2	0.35406698564593303
chr6:65332384:A>G	141	72	2	0.3380281690140845
chr7:120275652:A>T	438	16	2	0.03524229074889868
