mutation_id	ref_counts	var_counts	total_cn	VAF
chr1:152156455:G>A	242	153	2	0.38734177215189874
chr10:122643210:C>T	538	26	2	0.04609929078014184
chr11:1460631:G>A	518	87	2	0.14380165289256197
chr11:67231716:G>A	214	171	2	0.44415584415584414
chr11:103186437:C>G	275	30	2	0.09836065573770492
chr12:25227342:T>G	356	25	2	0.06561679790026247
chr19:11378248:->C	468	73	2	0.13493530499075784
chr3:12540204:C>T	286	35	2	0.10903426791277258
chr3:154429326:A>G	146	95	2	0.3941908713692946
chr5:41049414:G>T	146	90	2	0.3813559322033898
chr7:48099727:C>G	169	99	2	0.3694029850746269
