mutation_id	ref_counts	var_counts	total_cn	VAF
chr11:62649803:C>T	563	18	2	0.03098106712564544
chr12:10801930:C>T	572	91	2	0.13725490196078433
chr15:23686819:C>T	390	55	2	0.12359550561797752
chr15:54015677:C>T	292	17	2	0.05501618122977346
chr15:82659581:C>G	304	18	2	0.055900621118012424
chr17:9162919:C>T	333	207	2	0.38333333333333336
chr17:76472008:G>A	468	39	2	0.07692307692307693
chr19:1621918:G>C	636	20	2	0.03048780487804878
chr2:119681410:G>A	400	216	2	0.35064935064935066
chr2:170717057:G>A	630	88	2	0.12256267409470752
chr3:133928587:C>G	559	70	2	0.11128775834658187
chr5:74834526:C>T	349	45	2	0.11421319796954314
chr6:27132396:C>A	219	118	2	0.35014836795252224
chr6:41936007:->G	488	226	2	0.3165266106442577
chr7:114642616:C>T	143	52	2	0.26666666666666666
chrX:102716192:G>A	204	51	1	0.2
