mutation_id	ref_counts	var_counts	total_cn	VAF
chr1:74572031:C>T	333	137	4	0.29148936170212764
chr11:66539790:G>A	289	95	4	0.24739583333333334
chr12:25225713:T>A	277	50	6	0.1529051987767584
chr2:173955965:G>T	215	58	4	0.21245421245421245
chr20:36175609:C>T	230	105	4	0.31343283582089554
chr5:79026536:G>A	370	32	4	0.07960199004975124
chr7:21750244:C>T	215	60	6	0.21818181818181817
chr9:69377711:C>T	289	79	4	0.21467391304347827
chr9:137145791:G>C	304	90	4	0.22842639593908629
chrX:9937287:C>A	313	167	4	0.34791666666666665
chrX:41344117:G>A	163	71	4	0.3034188034188034
