mutation_id	ref_counts	var_counts	total_cn	VAF
chr11:61281152:C>T	457	29	2	0.059670781893004114
chr11:113416998:A>T	249	10	2	0.03861003861003861
chr12:20699595:G>A	194	70	2	0.26515151515151514
chr16:3729624:C>A	339	144	2	0.2981366459627329
chr16:81123776:C>T	112	49	2	0.30434782608695654
chr18:63637724:G>T	135	51	2	0.27419354838709675
chr2:96686211:C>T	274	117	2	0.29923273657289
chr3:141442617:G>A	140	54	2	0.27835051546391754
chr5:5306637:G>A	307	114	2	0.27078384798099764
chr6:73194670:G>A	454	116	2	0.20350877192982456
chr8:127416060:C>T	464	204	2	0.30538922155688625
chrX:93709856:C>T	303	55	2	0.15363128491620112
