mutation_id	ref_counts	var_counts	total_cn	VAF
chr14:67575456:G>A	121	80	2	0.39800995024875624
chr16:81164761:G>C	197	79	2	0.286231884057971
chr17:12763226:C>G	190	120	2	0.3870967741935484
chr2:178782279:C>A	406	32	2	0.0730593607305936
chr3:170526831:G>T	367	24	2	0.061381074168797956
