mutation_id	ref_counts	var_counts	total_cn	VAF
chr1:114587396:G>A	194	23	2	0.10599078341013825
chr1:114713908:T>C	269	22	2	0.07560137457044673
chr11:95050721:C>T	303	54	4	0.15126050420168066
chr11:124543294:G>A	326	54	4	0.14210526315789473
chr13:28034144:A>G	147	45	2	0.234375
chr14:19976024:T>G	403	70	4	0.14799154334038056
chr14:64795603:C>T	366	55	4	0.13064133016627077
chr14:94290312:G>A	532	63	4	0.10588235294117647
chr16:3781225:->AT	154	15	2	0.08875739644970414
chr17:11551918:G>A	251	34	4	0.11929824561403508
chr17:80038167:G>A	237	10	4	0.04048582995951417
chr18:10791239:G>A	175	29	4	0.14215686274509803
chr18:78994838:C>T	568	116	3	0.1695906432748538
chr2:98581639:A>C	353	55	4	0.13480392156862744
chr2:160112106:G>T	114	14	3	0.109375
chr3:37083692:C>A	107	36	2	0.2517482517482518
chr3:78631190:G>A	280	26	2	0.08496732026143791
chr3:100643601:C>T	191	40	2	0.17316017316017315
chr4:94664036:G>T	236	25	4	0.09578544061302682
chr4:99653383:C>A	464	14	4	0.029288702928870293
chr4:183261170:A>G	335	44	4	0.11609498680738786
chr6:47832004:C>A	180	26	4	0.1262135922330097
chr6:151445377:C>G	348	57	4	0.14074074074074075
chr6:152330431:T>A	322	64	4	0.16580310880829016
chr8:17558325:C>T	297	38	3	0.11343283582089553
chr9:106929505:C>T	247	49	2	0.16554054054054054
chr9:128527216:G>C	137	31	3	0.18452380952380953
chrX:50310350:G>A	290	50	3	0.14705882352941177
