mutation_id	ref_counts	var_counts	total_cn	VAF
chr12:25245350:C>T	176	152	2	0.4634146341463415
chr13:25579932:C>T	147	98	2	0.4
chr16:58534203:C>T	290	28	2	0.0880503144654088
chr3:142736489:G>A	104	69	2	0.3988439306358382
chr4:127805718:G>A	129	38	3	0.2275449101796407
chr4:134200633:C>G	341	160	3	0.3193612774451098
chr6:148549577:C>T	58	27	2	0.3176470588235294
chr9:38395770:C>T	159	146	2	0.4786885245901639
chr9:127921888:C>T	282	207	2	0.4233128834355828
