mutation_id	ref_counts	var_counts	total_cn	VAF
chr1:35192332:C>T	469	25	2	0.05060728744939271
chr1:39334236:G>C	100	46	2	0.3150684931506849
chr1:184619542:G>T	182	14	2	0.07142857142857142
chr1:244862663:A>C	175	117	2	0.4006849315068493
chr14:106675012:GTGTCTCTCGCACAGTAATAC>ACCGGGG	32	45	1	0.5844155844155844
chr16:14952003:G>A	602	80	2	0.11730205278592376
chr16:20486588:G>A	230	12	2	0.049586776859504134
chr19:8955911:C>A	118	67	2	0.3621621621621622
chr2:68655315:C>T	182	105	2	0.36585365853658536
chr2:75646856:C>T	450	18	2	0.038461538461538464
chr2:165678788:C>T	242	22	2	0.08333333333333333
chr4:17874097:G>C	229	8	2	0.03375527426160337
chr5:19473560:G>A	262	11	2	0.040293040293040296
chr5:43628332:C>G	237	19	2	0.07421875
chr5:57249574:A>G	78	52	2	0.4
chr6:26250314:C>T	376	17	2	0.043256997455470736
chr6:131624954:C>A	132	12	2	0.08333333333333333
chr8:76707599:G>A	224	20	2	0.08196721311475409
chrX:70387253:G>C	424	18	2	0.04072398190045249
chrX:115191814:C>T	316	210	2	0.39923954372623577
