mutation_id	ref_counts	var_counts	total_cn	VAF
chr10:22573382:C>G	416	16	2	0.037037037037037035
chr10:122489540:G>T	476	48	2	0.0916030534351145
chr11:56211424:C>T	220	23	2	0.09465020576131687
chr12:21845739:G>A	329	49	2	0.12962962962962962
chr13:95433873:G>A	314	33	2	0.09510086455331412
chr18:31413449:G>A	295	34	2	0.1033434650455927
chr19:6147490:C>T	255	22	2	0.07942238267148015
chr2:108753052:C>T	279	12	2	0.041237113402061855
chr3:167465573:G>C	396	34	2	0.07906976744186046
chr3:190656181:G>C	280	25	2	0.08196721311475409
chr4:56315607:G>A	372	39	2	0.0948905109489051
chr7:98856031:G>A	252	24	2	0.08695652173913043
chr7:144095659:C>G	239	24	2	0.09125475285171103
chr9:21481448:C>T	464	27	2	0.054989816700611
chrX:13736538:C>A	411	47	2	0.10262008733624454
chrX:49281432:A>G	361	34	2	0.08607594936708861
