mutation_id	ref_counts	var_counts	total_cn	VAF
chr1:71047230:G>A	239	235	4	0.4957805907172996
chr1:167845765:T>A	197	180	4	0.47745358090185674
chr14:94467209:C>T	223	131	4	0.3700564971751412
chr15:43857161:G>A	103	19	4	0.1557377049180328
chr17:32780675:G>A	172	140	4	0.44871794871794873
chr18:47035223:C>A	305	72	4	0.1909814323607427
chr2:186833195:G>T	94	9	4	0.08737864077669903
chr4:1801998:C>T	228	81	4	0.2621359223300971
chr5:180335896:G>A	262	44	4	0.1437908496732026
chr7:84060512:C>T	232	21	4	0.08300395256916997
chr7:96097579:G>C	136	37	4	0.2138728323699422
chr7:138918885:G>T	292	15	4	0.048859934853420196
chr7:150802297:C>T	272	60	4	0.18072289156626506
chr8:17754043:G>A	252	50	4	0.16556291390728478
chr9:106925282:A>C	171	144	4	0.45714285714285713
