mutation_id	ref_counts	var_counts	total_cn	VAF
chr14:106511116:->TCTAGG	14	12	2	0.46153846153846156
chr14:106511175:A>G	18	14	2	0.4375
chr19:4054710:->G	521	238	2	0.31357048748353095
chr19:8333227:C>T	132	99	2	0.42857142857142855
chr2:87339031:CCTC>-	72	40	2	0.35714285714285715
chr6:32186614:C>T	286	182	2	0.3888888888888889
chr6:138335002:G>A	562	44	2	0.07260726072607261
chr6:149378554:C>T	198	126	2	0.3888888888888889
chr9:35303070:G>T	130	94	2	0.41964285714285715
