mutation_id	ref_counts	var_counts	total_cn	VAF
chr1:22647371:G>A	481	255	2	0.34646739130434784
chr1:233666688:C>T	410	197	2	0.3245469522240527
chr12:47789333:->TTC	262	100	2	0.27624309392265195
chr14:106506993:GTGTAT>A	44	54	1	0.5510204081632653
chr3:48562928:C>T	422	188	2	0.3081967213114754
chr6:30069218:G>A	600	214	2	0.2628992628992629
