mutation_id	ref_counts	var_counts	total_cn	VAF
chr1:114716126:C>T	282	199	2	0.41372141372141374
chr14:77027659:T>C	321	258	2	0.44559585492227977
chr14:106592677:->TTTCCCAGCCACACCT	67	4	1	0.056338028169014086
chr16:68813345:C>T	386	45	2	0.10440835266821345
chr17:7674214:G>A	176	129	2	0.42295081967213116
chr19:38457506:G>A	167	135	2	0.4470198675496689
chr19:48039295:A>C	201	156	2	0.4369747899159664
chr2:130946591:C>T	179	121	2	0.4033333333333333
chr3:18352183:C>G	183	44	2	0.19383259911894274
chr5:665283:G>A	319	36	2	0.10140845070422536
chr7:114628641:C>A	430	27	2	0.05908096280087528
chr8:142874398:A>G	224	118	2	0.34502923976608185
