mutation_id	ref_counts	var_counts	total_cn	VAF
chr1:225273040:G>A	280	19	2	0.06354515050167224
chr10:118040345:G>C	276	19	3	0.06440677966101695
chr11:66021602:T>A	297	226	2	0.4321223709369025
chr14:106592654:ACAATGGCCTCCCCTCACTGTGTCTC>GGA	70	35	1	0.3333333333333333
chr2:178632239:G>A	256	31	2	0.10801393728222997
chr3:47841710:G>C	246	8	2	0.031496062992125984
chr8:54621252:G>C	765	76	2	0.09036860879904875
chr8:86905084:G>A	42	21	2	0.3333333333333333
chrX:96937324:G>A	4	20	1	0.8333333333333334
