mutation_id	ref_counts	var_counts	total_cn	VAF
chr1:1754178:G>A	242	50	1	0.17123287671232876
chr1:21728648:G>A	374	121	2	0.24444444444444444
chr1:157836108:C>T	276	100	2	0.26595744680851063
chr10:49386562:G>A	470	111	3	0.19104991394148021
chr12:18683247:C>T	244	80	3	0.24691358024691357
chr12:25245347:C>T	419	105	3	0.20038167938931298
chr12:100418136:G>A	300	77	3	0.20424403183023873
chr14:75071043:C>G	550	97	3	0.14992272024729522
chr15:74451507:A>C	259	75	2	0.2245508982035928
chr17:50358244:G>A	527	176	3	0.2503556187766714
chr3:93874270:A>T	181	57	2	0.23949579831932774
chr5:65224358:A>G	277	77	2	0.2175141242937853
chr6:56611566:C>T	210	46	3	0.1796875
chr7:4233378:C>T	305	123	2	0.28738317757009346
chrX:16171025:C>T	322	148	2	0.3148936170212766
chrX:128051324:A>G	486	38	2	0.07251908396946564
