mutation_id	ref_counts	var_counts	total_cn	VAF
chr1:39568902:T>G	360	57	2	0.1366906474820144
chr1:149944163:G>A	518	27	2	0.04954128440366973
chr1:229635055:G>A	574	29	2	0.04809286898839138
chr1:247589037:C>T	255	47	2	0.15562913907284767
chr10:25175466:C>T	224	181	2	0.4469135802469136
chr10:25175467:A>T	225	181	2	0.4458128078817734
chr10:122698165:G>C	395	214	2	0.35139573070607555
chr11:55726762:C>A	214	115	2	0.3495440729483283
chr12:2868703:G>A	513	33	2	0.06043956043956044
chr12:41573874:C>T	135	116	2	0.46215139442231074
chr12:112450407:A>G	490	81	2	0.14185639229422067
chr12:120579806:T>C	342	58	2	0.145
chr13:94398518:G>A	237	157	2	0.39847715736040606
chr15:37095606:G>A	367	16	2	0.04177545691906005
chr16:50320681:C>T	283	16	2	0.05351170568561873
chr16:81999451:C>T	328	209	2	0.3891992551210428
chr17:42659879:G>A	614	44	2	0.0668693009118541
chr17:44667566:G>T	364	35	2	0.08771929824561403
chr17:50523104:C>A	326	16	2	0.04678362573099415
chr19:15011135:G>A	990	38	2	0.03696498054474708
chr2:45006306:C>T	836	32	2	0.03686635944700461
chr2:168769640:G>A	322	55	2	0.14588859416445624
chr2:178712437:G>A	531	42	2	0.07329842931937172
chr2:233682423:C>A	364	22	2	0.05699481865284974
chr2:237368785:C>T	297	247	2	0.4540441176470588
chr22:39488214:C>T	320	196	2	0.3798449612403101
chr3:48918595:C>G	524	20	2	0.03676470588235294
chr4:1655039:C>T	502	84	2	0.14334470989761092
chr5:41010060:G>T	221	124	2	0.35942028985507246
chr5:102480217:G>A	176	81	2	0.3151750972762646
chr5:102480218:G>A	179	81	2	0.31153846153846154
chr5:148523291:G>A	276	144	2	0.34285714285714286
chr7:135734090:C>T	559	52	2	0.0851063829787234
chr8:2962601:G>C	200	166	2	0.453551912568306
chr8:27469886:C>T	585	32	2	0.05186385737439222
chr9:5231710:C>T	213	39	2	0.15476190476190477
chr9:123373472:G>A	768	32	2	0.04
chrX:53985024:C>T	384	12	1	0.030303030303030304
chrX:153725297:C>G	656	46	2	0.06552706552706553
