mutation_id	ref_counts	var_counts	total_cn	VAF
chr1:210797551:G>T	310	195	2	0.38613861386138615
chr1:244862484:TCA>GG	202	84	2	0.2937062937062937
chr12:25245351:C>G	442	42	2	0.08677685950413223
chr15:62708688:C>T	543	91	2	0.14353312302839116
chr16:49281291:T>G	686	21	2	0.0297029702970297
chr18:9553380:G>C	298	10	2	0.032467532467532464
chr19:49888615:C>T	464	25	2	0.05112474437627812
chr2:89142713:T>C	117	254	0	0.6846361185983828
chr20:32197099:C>T	565	54	2	0.08723747980613894
chr21:32311741:C>T	618	68	2	0.09912536443148688
chr22:22031471:CA>-	149	71	2	0.32272727272727275
chr3:73624571:C>T	697	59	2	0.07804232804232804
chr4:1961074:G>A	325	182	1	0.358974358974359
chr4:99651819:A>G	281	150	2	0.3480278422273782
chr4:139417929:G>C	392	46	2	0.1050228310502283
chr5:140842686:C>T	733	98	2	0.11793020457280386
chr5:141332280:G>C	360	45	2	0.1111111111111111
chr5:149028444:C>G	484	55	2	0.10204081632653061
chr8:119832552:C>T	492	42	2	0.07865168539325842
chr9:35561297:G>A	742	36	2	0.04627249357326478
chr9:127403739:A>C	568	18	2	0.030716723549488054
chrX:37010198:G>A	438	26	1	0.05603448275862069
chrX:148662355:G>A	511	61	2	0.10664335664335664
