mutation_id	ref_counts	var_counts	total_cn	VAF
chr12:49026224:G>A	229	117	2	0.33815028901734107
chr14:24262336:C>T	283	139	2	0.3293838862559242
chr14:58318546:T>A	187	11	2	0.05555555555555555
chr14:106639118:GT>A	223	38	2	0.14559386973180077
chr16:2967604:G>A	488	54	2	0.0996309963099631
chr19:35851656:C>T	312	124	2	0.28440366972477066
chr2:157434731:G>A	136	34	2	0.2
chr20:10651670:G>A	290	123	2	0.29782082324455206
chr22:22031472:->CC	136	56	2	0.2916666666666667
chr3:38761192:G>A	74	38	2	0.3392857142857143
chr3:142522760:G>A	150	38	2	0.20212765957446807
chr9:94620355:C>T	190	77	2	0.2883895131086142
chrX:91878418:C>T	78	85	1	0.5214723926380368
