mutation_id	ref_counts	var_counts	total_cn	VAF
chr1:150072200:G>C	103	70	2	0.4046242774566474
chr1:151709243:C>T	211	169	2	0.44473684210526315
chr10:114842984:G>A	322	14	2	0.041666666666666664
chr11:6570282:G>A	368	33	2	0.08229426433915212
chr11:48139508:C>T	137	113	2	0.452
chr11:48325651:C>T	188	185	2	0.4959785522788204
chr11:92969732:G>A	396	22	2	0.05263157894736842
chr11:106939614:C>T	195	198	2	0.5038167938931297
chr11:116821288:G>A	294	250	2	0.45955882352941174
chr12:109281413:G>C	130	117	2	0.47368421052631576
chr14:60808377:G>C	104	91	2	0.4666666666666667
chr16:520124:G>A	197	174	2	0.46900269541778977
chr17:76164789:C>T	262	39	2	0.12956810631229235
chr19:1796713:G>C	186	136	2	0.422360248447205
chr19:47152934:->CCT	161	125	2	0.4370629370629371
chr2:90100738:->CCG	7	96	2	0.9320388349514563
chr2:113406863:CTACCCCATTCACAGTGTTACAA>GTCCGTTGAG	3	47	2	0.94
chr2:156326836:C>T	154	155	2	0.5016181229773463
chr20:2795616:C>T	192	145	2	0.43026706231454004
chr20:18315252:C>T	434	14	2	0.03125
chr3:47411158:C>G	922	33	2	0.03455497382198953
chr3:50058445:G>A	164	146	2	0.47096774193548385
chr3:99850556:C>G	330	28	2	0.0782122905027933
chr3:158592456:G>C	271	26	2	0.08754208754208755
chr3:183945878:G>A	207	24	2	0.1038961038961039
chr4:1961074:G>A	231	168	2	0.42105263157894735
chr5:43280689:G>A	159	116	2	0.4218181818181818
chr6:26234888:C>G	119	97	2	0.44907407407407407
chr6:43533982:C>G	152	10	2	0.06172839506172839
chr6:46708130:G>C	118	113	2	0.48917748917748916
chr6:56619468:G>A	115	95	2	0.4523809523809524
chr7:852862:G>A	311	35	2	0.10115606936416185
chr7:23735568:G>A	104	98	2	0.48514851485148514
chr7:106868918:G>A	233	168	2	0.41895261845386533
chr7:142797119:AC>-	351	217	2	0.38204225352112675
chr8:27921835:C>T	578	71	2	0.10939907550077041
chr8:71215640:C>T	135	155	2	0.5344827586206896
chr9:66918422:G>A	189	103	2	0.3527397260273973
chr9:94301262:G>A	200	194	2	0.49238578680203043
chrX:145823178:G>A	258	23	1	0.08185053380782918
