mutation_id	ref_counts	var_counts	total_cn	VAF
chr1:20713528:G>A	225	53	2	0.1906474820143885
chr1:30876678:C>A	329	107	2	0.24541284403669725
chr1:37761475:G>A	382	123	2	0.24356435643564356
chr1:114716127:C>T	236	52	2	0.18055555555555555
chr1:176934282:C>T	406	43	3	0.0957683741648107
chr1:216199737:A>G	347	53	3	0.1325
chr1:230843510:G>A	494	56	3	0.10181818181818182
chr11:380399:C>T	422	90	3	0.17578125
chr11:66332566:C>A	426	86	3	0.16796875
chr11:78732565:C>T	214	31	3	0.12653061224489795
chr12:7817932:C>T	298	103	2	0.256857855361596
chr12:11885962:G>A	332	42	2	0.11229946524064172
chr12:12244475:TC>-	162	118	2	0.42142857142857143
chr14:23575809:C>T	666	68	3	0.09264305177111716
chr17:7673775:->GGGG	412	76	3	0.1557377049180328
chr17:63805166:C>T	260	13	3	0.047619047619047616
chr18:48029730:G>A	757	107	4	0.12384259259259259
chr19:2877816:G>A	407	29	2	0.06651376146788991
chr2:148949857:G>A	239	28	2	0.10486891385767791
chr21:46334699:C>T	713	118	4	0.14199759326113118
chr22:43862253:G>A	291	50	2	0.1466275659824047
chr3:98532186:C>T	254	83	2	0.24629080118694363
chr3:130397877:G>A	201	50	2	0.199203187250996
chr4:989117:C>T	561	56	3	0.09076175040518639
chr4:13627510:C>T	194	10	3	0.049019607843137254
chr4:23889937:G>T	411	60	3	0.12738853503184713
chr6:167181845:C>T	279	57	3	0.16964285714285715
chrX:120875550:C>T	564	55	2	0.0888529886914378
