mutation_id	ref_counts	var_counts	total_cn	VAF
chr1:31733101:C>T	232	205	2	0.4691075514874142
chr1:176702654:C>T	156	130	2	0.45454545454545453
chr11:4923524:G>A	225	189	2	0.45652173913043476
chr11:113275351:C>T	176	150	2	0.4601226993865031
chr12:49040542:G>A	284	260	2	0.47794117647058826
chr13:37104853:C>T	165	132	2	0.4444444444444444
chr14:23576360:C>T	640	63	2	0.08961593172119488
chr15:23686582:G>A	424	58	2	0.12033195020746888
chr17:805213:G>A	282	207	2	0.4233128834355828
chr18:45879210:A>G	98	43	3	0.3049645390070922
chr19:48612970:G>A	253	248	2	0.49500998003992014
chr2:89244772:CACTGTGGGAGGCCA>GGAG	38	17	1	0.3090909090909091
chr2:240888484:C>T	387	307	2	0.4423631123919308
chr20:42756512:C>T	196	193	2	0.4961439588688946
chr4:54736728:C>T	336	14	2	0.04
chr6:97114384:G>A	520	24	3	0.04411764705882353
chr9:5078357:A>T	129	46	2	0.26285714285714284
chrX:100408027:C>T	332	267	2	0.44574290484140233
