mutation_id	ref_counts	var_counts	total_cn	VAF
chr1:39324297:C>T	225	39	2	0.14772727272727273
chr10:58789777:C>A	195	132	2	0.4036697247706422
chr11:1735319:G>A	247	140	2	0.36175710594315247
chr11:49952760:T>G	106	90	2	0.45918367346938777
chr12:25245347:C>T	214	47	2	0.18007662835249041
chr16:2003096:C>T	310	43	2	0.12181303116147309
chr16:3736786:G>C	183	100	2	0.35335689045936397
chr16:72164879:C>T	218	63	2	0.22419928825622776
chr17:5282296:A>G	541	46	3	0.07836456558773425
chr19:19528123:G>A	116	78	2	0.4020618556701031
chr4:168400946:C>T	200	86	3	0.3006993006993007
chr5:24487899:G>A	185	53	2	0.22268907563025211
chr5:176879745:G>A	151	83	2	0.3547008547008547
