mutation_id	ref_counts	var_counts	total_cn	VAF
chr12:7432589:C>A	251	154	2	0.3802469135802469
chr12:101157316:G>T	383	32	2	0.07710843373493977
chr15:41817032:G>T	236	29	2	0.10943396226415095
chr17:3846043:G>A	262	167	2	0.38927738927738925
chr17:37739440:G>A	114	104	2	0.47706422018348627
chr2:11618312:C>T	271	41	2	0.13141025641025642
chr2:60461338:TGGT>GAAATA	639	92	2	0.12585499316005472
chr3:12168409:G>A	165	101	2	0.37969924812030076
chr3:101853677:C>G	397	85	2	0.17634854771784234
chr4:42143881:C>T	485	48	2	0.0900562851782364
chr4:157363014:C>T	105	33	2	0.2391304347826087
chr5:13737417:A>T	245	110	2	0.30985915492957744
chr5:140835508:T>G	236	88	2	0.2716049382716049
chr5:141173865:C>T	214	119	2	0.35735735735735735
chr5:141650366:T>C	166	124	2	0.42758620689655175
chr6:31810846:G>A	272	183	2	0.4021978021978022
chr8:24300054:G>C	131	67	2	0.3383838383838384
chr9:5078360:A>G	148	8	2	0.05128205128205128
chr9:69516563:G>A	478	75	2	0.13562386980108498
chrX:154805356:G>A	445	141	3	0.24061433447098976
