mutation_id	ref_counts	var_counts	total_cn	VAF
chr1:216422150:G>A	263	78	4	0.2287390029325513
chr17:75003651:C>T	836	108	6	0.11440677966101695
chr19:50625437:G>A	584	20	4	0.033112582781456956
chr20:42780251:C>T	348	41	4	0.10539845758354756
chr3:119402340:T>C	321	101	4	0.23933649289099526
chr8:109642892:C>T	579	56	6	0.08818897637795275
