mutation_id	ref_counts	var_counts	total_cn	VAF
chr1:114716126:C>T	99	271	2	0.7324324324324324
chr1:147648272:A>G	193	144	2	0.42729970326409494
chr1:204267516:C>T	181	113	2	0.3843537414965986
chr10:54185217:T>A	172	138	2	0.44516129032258067
chr11:124015837:G>T	171	125	2	0.4222972972972973
chr13:44979925:C>T	79	32	2	0.2882882882882883
chr15:88033037:C>T	600	20	3	0.03225806451612903
chr16:3738616:C>T	360	22	2	0.05759162303664921
chr19:2191154:A>G	498	30	2	0.056818181818181816
chr19:5694797:C>T	217	133	2	0.38
chr19:38485775:G>A	664	49	2	0.06872370266479663
chr19:47232602:T>A	156	125	2	0.44483985765124556
chr2:144389983:T>C	372	31	2	0.07692307692307693
chr21:15842430:C>T	251	190	4	0.4308390022675737
chr4:143698908:C>T	402	18	2	0.04285714285714286
chr5:13810192:C>T	830	58	2	0.06531531531531531
chr6:29112094:C>T	272	177	2	0.39420935412026725
chr6:148532878:C>T	280	206	2	0.42386831275720166
chr8:19505630:G>C	282	261	2	0.48066298342541436
chr8:142484667:C>T	150	120	2	0.4444444444444444
