mutation_id	ref_counts	var_counts	total_cn	VAF
chr1:17338107:G>A	133	43	2	0.24431818181818182
chr14:35723244:G>T	148	49	2	0.24873096446700507
chr14:78957340:G>A	160	69	2	0.30131004366812225
chr19:40213651:G>A	398	20	2	0.04784688995215311
chr2:46151095:C>A	347	32	2	0.08443271767810026
chr20:63566009:C>T	414	24	2	0.0547945205479452
chr5:143399654:->AC	68	56	2	0.45161290322580644
chr6:26250523:T>A	284	54	2	0.15976331360946747
chr6:27838284:G>A	192	46	2	0.19327731092436976
chr6:151944270:G>A	236	203	2	0.4624145785876993
chr7:86786603:G>A	365	71	2	0.1628440366972477
chr8:144450541:G>A	273	47	2	0.146875
chr9:990643:C>A	253	170	2	0.40189125295508277
chr9:103005414:G>A	352	22	2	0.058823529411764705
chrX:118974948:A>C	538	57	2	0.0957983193277311
