mutation_id	ref_counts	var_counts	total_cn	VAF
chr1:159713680:T>A	334	184	4	0.3552123552123552
chr10:63207981:G>A	324	16	4	0.047058823529411764
chr19:39389348:C>T	50	102	2	0.6710526315789473
chr6:41597793:G>A	328	167	4	0.3373737373737374
chr6:138286778:C>T	371	15	4	0.038860103626943004
chr7:16091699:G>A	157	76	4	0.3261802575107296
chrX:100837428:C>T	221	13	2	0.05555555555555555
