mutation_id	ref_counts	var_counts	total_cn	VAF
chr10:5499227:G>T	616	71	2	0.10334788937409024
chr10:49132242:G>A	443	92	2	0.17196261682242991
chr10:76949176:G>A	300	59	2	0.16434540389972144
chr11:58203892:T>C	317	64	2	0.1679790026246719
chr12:25245347:C>T	302	36	2	0.10650887573964497
chr12:112450385:G>A	274	48	2	0.14906832298136646
chr12:113387892:G>A	248	27	2	0.09818181818181818
chr13:20631040:->A	182	50	2	0.21551724137931033
chr14:93183737:G>A	750	75	2	0.09090909090909091
chr17:34983357:C>T	307	38	2	0.11014492753623188
chr17:40023348:A>T	421	79	2	0.158
chr18:12277246:C>T	283	60	2	0.1749271137026239
chr19:38192204:G>A	266	70	2	0.20833333333333334
chr2:90005628:CTCA>GCTCCTCTT	136	32	2	0.19047619047619047
chr20:1305364:G>A	440	99	2	0.1836734693877551
chr4:6062372:G>A	406	159	2	0.2814159292035398
chr4:108760279:C>T	237	59	2	0.19932432432432431
chr6:112172742:C>T	349	62	2	0.15085158150851583
