mutation_id	ref_counts	var_counts	total_cn	VAF
chr11:48137029:G>T	232	14	2	0.056910569105691054
chr12:75207816:C>T	522	38	2	0.06785714285714285
chr16:75235779:C>T	253	175	2	0.4088785046728972
chr18:13645347:C>T	263	27	2	0.09310344827586207
chr2:113406872:->ACCC	66	6	2	0.08333333333333333
chr3:124719370:G>A	144	99	2	0.4074074074074074
chr4:5416874:->CAGGACTCGGTT	162	56	2	0.25688073394495414
chr4:5416880:G>T	164	55	2	0.2511415525114155
chr5:116446862:G>A	198	143	2	0.41935483870967744
chr6:27890640:C>G	198	162	2	0.45
chr6:43302326:G>A	149	148	2	0.4983164983164983
chr7:140037745:C>T	136	139	2	0.5054545454545455
chr9:133207241:T>C	226	11	2	0.046413502109704644
