mutation_id	ref_counts	var_counts	total_cn	VAF
chr10:102413966:C>T	402	115	3	0.22243713733075435
chr12:11752557:->TT	187	124	2	0.3987138263665595
chr12:26979884:->A	252	164	2	0.3942307692307692
chr12:52381126:C>T	131	117	2	0.4717741935483871
chr12:112450407:A>G	217	131	2	0.3764367816091954
chr14:103336724:G>A	248	128	3	0.3404255319148936
chr15:49876395:G>T	436	16	3	0.035398230088495575
chr16:31436028:G>A	619	34	2	0.05206738131699847
chr17:11679876:G>A	292	131	3	0.30969267139479906
chr17:81053727:C>T	336	85	3	0.20190023752969122
chr19:50232032:C>T	175	143	2	0.449685534591195
chr2:27137513:G>A	358	172	3	0.32452830188679244
chr2:238096806:G>A	403	164	3	0.2892416225749559
chr21:33865251:C>T	500	150	4	0.23076923076923078
chr22:26479340:A>-	230	86	3	0.2721518987341772
chr22:28796090:->G	360	103	3	0.2224622030237581
chr3:98265036:G>A	138	83	2	0.3755656108597285
chr5:141101013:C>T	280	93	3	0.24932975871313673
chr5:179345301:G>A	228	76	3	0.25
chr6:29355459:G>T	330	127	3	0.2778993435448578
chr6:47020732:G>A	177	80	3	0.311284046692607
chr6:47879646:G>A	287	122	3	0.2982885085574572
chr6:129165582:C>G	283	9	3	0.030821917808219176
chr7:15612411:G>T	133	100	2	0.4291845493562232
chr7:142036953:C>T	136	101	2	0.42616033755274263
chr7:150520620:C>T	86	58	2	0.4027777777777778
chr8:22221430:G>T	525	26	3	0.047186932849364795
chrX:71668174:C>A	468	168	3	0.2641509433962264
