mutation_id	ref_counts	var_counts	total_cn	VAF
chr1:24187217:A>G	496	37	2	0.06941838649155722
chr1:51302113:A>G	273	83	2	0.23314606741573032
chr1:114716126:C>T	379	38	2	0.09112709832134293
chr1:114716127:C>A	284	78	2	0.2154696132596685
chr1:203347664:T>C	213	136	2	0.38968481375358166
chr10:50859920:G>A	230	82	3	0.26282051282051283
chr12:25245351:C>A	275	33	2	0.10714285714285714
chr19:15174196:G>C	722	38	2	0.05
chr2:100300741:T>A	209	40	2	0.1606425702811245
chr2:163610011:G>A	295	39	2	0.11676646706586827
chr22:46219818:G>A	185	20	2	0.0975609756097561
chr4:125468761:C>T	259	70	3	0.2127659574468085
chr7:29904289:G>A	164	100	2	0.3787878787878788
chr8:124553488:C>T	250	153	2	0.37965260545905705
chr9:36966554:->GGGCTTGA	234	66	2	0.22
