mutation_id	ref_counts	var_counts	total_cn	VAF
chr1:7663979:G>C	280	130	2	0.3170731707317073
chr1:11046559:C>T	192	12	2	0.058823529411764705
chr11:69135486:G>A	282	30	2	0.09615384615384616
chr12:5045539:C>T	281	121	2	0.3009950248756219
chr12:112489047:C>T	192	25	2	0.1152073732718894
chr13:28034140:A>T	127	68	2	0.3487179487179487
chr13:102738138:G>A	248	24	2	0.08823529411764706
chr14:22843755:C>A	316	92	3	0.22549019607843138
chr16:3739596:C>T	161	82	2	0.3374485596707819
chr16:24897981:T>A	99	67	2	0.4036144578313253
chr18:78992414:C>A	1026	66	3	0.06043956043956044
chr3:50068759:C>T	70	55	2	0.44
chr5:17486272:T>C	103	42	2	0.2896551724137931
chr6:41743359:G>A	297	104	3	0.2593516209476309
chr9:136013209:G>A	217	20	2	0.08438818565400844
