mutation_id	ref_counts	var_counts	total_cn	VAF
chr1:86486536:G>A	180	51	2	0.22077922077922077
chr1:97234911:C>T	190	65	2	0.2549019607843137
chr1:114716123:C>T	172	61	2	0.26180257510729615
chr10:11870160:C>T	1004	96	3	0.08727272727272728
chr10:66928249:T>A	532	151	3	0.22108345534407028
chr12:7137049:C>T	323	60	2	0.1566579634464752
chr12:7369594:C>T	328	129	2	0.28227571115973743
chr13:95433928:C>T	286	127	2	0.3075060532687651
chr16:1209251:C>T	658	85	2	0.11440107671601615
chr18:14542892:G>A	436	445	3	0.5051078320090806
chr20:9529665:C>A	181	76	2	0.29571984435797666
chr3:101243814:C>T	169	74	2	0.3045267489711934
chr4:103140293:T>C	17	3	3	0.15
chr7:38276317:->TACT	3	8	0	0.7272727272727273
chr7:116250295:G>T	344	37	2	0.09711286089238845
chr9:34658573:C>T	404	149	2	0.2694394213381555
