mutation_id	ref_counts	var_counts	total_cn	VAF
chr1:12277757:G>A	180	15	2	0.07692307692307693
chr12:15109140:A>G	192	68	2	0.26153846153846155
chr13:110462297:C>T	286	39	1	0.12
chr14:106005095:TCTCTCGCACAGTAATA>GTCCGGG	17	27	1	0.6136363636363636
chr2:218828568:G>A	227	125	2	0.35511363636363635
chr21:29651148:G>A	201	89	2	0.30689655172413793
chr4:69596356:G>A	282	25	2	0.08143322475570032
chrX:154032448:C>T	566	37	2	0.06135986733001658
