mutation_id	ref_counts	var_counts	total_cn	VAF
chr1:204228114:G>A	253	174	2	0.40749414519906324
chr12:112450393:T>G	274	55	2	0.16717325227963525
chr12:112489084:G>T	336	52	2	0.13402061855670103
chr12:113387015:G>A	265	110	2	0.29333333333333333
chr14:31144205:T>G	142	79	3	0.3574660633484163
chr16:21705284:G>A	166	107	2	0.39194139194139194
chr17:82172772:C>T	469	115	3	0.1969178082191781
chr19:12792096:T>C	639	125	2	0.16361256544502617
chr3:78938614:C>T	125	48	2	0.2774566473988439
chr4:20617161:T>G	704	36	4	0.04864864864864865
chr4:82485614:C>T	725	66	4	0.08343868520859671
chr8:109479624:G>C	256	32	3	0.1111111111111111
chr9:4118225:G>A	849	78	2	0.08414239482200647
