mutation_id	ref_counts	var_counts	total_cn	VAF
chr1:248039077:C>A	129	82	2	0.3886255924170616
chr10:17105552:G>A	103	63	2	0.3795180722891566
chr14:106116633:TGT>-	88	35	3	0.2845528455284553
chr16:3731352:G>A	304	174	2	0.36401673640167365
chr19:15728197:G>A	421	162	2	0.27787307032590053
chr20:6077241:G>T	302	34	2	0.10119047619047619
chr4:1841454:G>T	611	25	3	0.03930817610062893
chr4:56314169:C>T	296	110	3	0.270935960591133
chr4:68478869:C>T	276	85	3	0.23545706371191136
chr7:98937210:C>T	106	47	2	0.30718954248366015
chr7:155071060:C>T	504	38	2	0.07011070110701106
