mutation_id	ref_counts	var_counts	total_cn	VAF
chr1:114716123:C>T	247	66	2	0.2108626198083067
chr1:154337489:T>G	493	22	2	0.04271844660194175
chr10:103882737:C>T	396	65	2	0.14099783080260303
chr10:105139473:A>C	276	38	2	0.12101910828025478
chr12:25225713:T>A	168	17	2	0.0918918918918919
chr12:26064973:T>G	72	48	2	0.4
chr15:88135108:G>T	132	103	2	0.43829787234042555
chr16:3736796:A>C	275	39	2	0.12420382165605096
chr19:31277444:G>A	249	126	2	0.336
chr2:219547835:C>T	561	125	2	0.18221574344023322
chr2:233811881:C>T	223	34	2	0.13229571984435798
chr3:131349649:T>A	322	33	2	0.09295774647887324
chr3:180616314:G>C	202	28	2	0.12173913043478261
chr4:56316230:C>T	748	111	3	0.12922002328288706
chr5:141102568:T>A	812	109	2	0.11834961997828447
chr7:150330466:G>A	316	200	2	0.3875968992248062
chr8:143923726:G>A	463	120	2	0.2058319039451115
