mutation_id	ref_counts	var_counts	total_cn	VAF
chr1:230747555:G>A	144	115	2	0.444015444015444
chr10:132812870:G>T	281	85	3	0.23224043715846995
chr11:1565689:G>A	400	58	2	0.12663755458515283
chr12:25245347:C>T	160	76	2	0.3220338983050847
chr12:112489080:T>C	251	34	2	0.11929824561403508
chr14:23415225:C>T	304	89	3	0.22646310432569974
chr14:105864246:CCAGTAGTCAAAGTAGTCA>GACAC	14	80	2	0.851063829787234
chr16:9092177:G>A	269	217	2	0.44650205761316875
chr2:98396219:G>A	175	80	2	0.3137254901960784
chr3:46448996:C>T	222	107	2	0.3252279635258359
chr3:190409955:C>T	223	77	2	0.25666666666666665
chr5:128990442:G>A	168	21	2	0.1111111111111111
chr7:4762220:C>T	186	113	2	0.3779264214046823
