mutation_id	ref_counts	var_counts	total_cn	VAF
chr1:1804502:C>A	264	98	2	0.27071823204419887
chr15:75932865:A>G	227	151	2	0.3994708994708995
chr18:76379318:C>T	316	139	2	0.3054945054945055
chrX:152364433:G>A	23	71	1	0.7553191489361702
