mutation_id	ref_counts	var_counts	total_cn	VAF
chr10:37832066:T>G	326	130	2	0.2850877192982456
chr10:67097605:G>C	135	82	2	0.3778801843317972
chr11:62528338:C>T	379	75	2	0.16519823788546256
chr11:65321269:C>T	469	213	2	0.312316715542522
chr11:102950153:C>A	329	16	2	0.0463768115942029
chr15:40899294:C>T	558	34	2	0.057432432432432436
chr15:74367501:G>A	622	27	2	0.04160246533127889
chr16:15365261:T>C	360	108	2	0.23076923076923078
chr17:78993740:A>C	604	22	2	0.03514376996805112
chr18:12449654:G>A	161	64	2	0.28444444444444444
chr2:110657586:C>A	294	18	2	0.057692307692307696
chr2:154698981:C>T	282	157	2	0.357630979498861
chr2:195934681:G>A	434	25	2	0.054466230936819175
chr2:197402635:C>G	452	34	2	0.06995884773662552
chr2:218430828:C>T	326	176	2	0.350597609561753
chr22:31714448:->T	156	92	2	0.3709677419354839
chr4:137530828:C>A	196	20	2	0.09259259259259259
chr5:149307607:G>T	280	14	2	0.047619047619047616
chr6:32058334:G>T	450	19	2	0.04051172707889126
chr6:131598605:G>A	187	94	2	0.33451957295373663
chr6:152442083:G>A	361	29	2	0.07435897435897436
chr7:123662378:C>G	483	14	2	0.028169014084507043
chrX:10449478:C>T	88	168	1	0.65625
