mutation_id	ref_counts	var_counts	total_cn	VAF
chr1:56524367:C>A	478	44	2	0.0842911877394636
chr11:74114396:G>T	268	32	2	0.10666666666666667
chr14:104593582:C>T	420	226	2	0.3498452012383901
chr17:40782154:G>A	175	153	2	0.46646341463414637
chr19:3591116:C>A	300	168	2	0.358974358974359
chr20:9557694:G>T	257	130	2	0.3359173126614987
chr5:140848714:C>T	454	398	2	0.4671361502347418
chr6:28504419:C>T	286	166	2	0.3672566371681416
chr7:108198081:C>A	70	89	2	0.559748427672956
chr8:3998027:C>T	426	55	2	0.11434511434511435
chr8:120370359:C>T	196	72	2	0.26865671641791045
chr9:21335311:G>A	165	151	1	0.4778481012658228
