mutation_id	ref_counts	var_counts	total_cn	VAF
chr1:171532866:A>C	213	41	2	0.16141732283464566
chr1:248387978:G>A	928	65	2	0.06545820745216516
chr12:48967951:G>A	194	134	2	0.40853658536585363
chr17:16709330:G>T	170	122	2	0.4178082191780822
chr19:4233253:G>A	304	238	2	0.43911439114391143
chr2:74099445:C>T	374	259	2	0.40916271721958924
chr22:16800012:G>A	273	15	2	0.052083333333333336
chr3:171674506:G>A	165	97	2	0.3702290076335878
chr5:113082922:G>A	245	167	2	0.4053398058252427
chr7:140673660:C>A	512	374	2	0.4221218961625282
chr7:155738320:C>T	311	236	2	0.43144424131627057
