mutation_id	ref_counts	var_counts	total_cn	VAF
chr1:176207062:C>T	632	31	2	0.04675716440422323
chr10:127018762:A>C	174	109	2	0.38515901060070673
chr11:30010987:G>A	412	18	2	0.04186046511627907
chr13:102401563:G>A	343	35	2	0.09259259259259259
chr14:106470263:->CCCGGGA	42	4	0	0.08695652173913043
chr14:106511105:TCACACTGTGTCTC>CCTTGG	76	21	1	0.21649484536082475
chr15:33154735:G>C	278	45	2	0.1393188854489164
chr2:38876104:C>T	412	42	2	0.09251101321585903
chr20:44279103:G>C	543	50	2	0.08431703204047218
chr3:169116424:G>A	538	28	2	0.04946996466431095
chr4:183261358:C>T	264	67	2	0.20241691842900303
chr5:135852648:C>T	477	21	2	0.04216867469879518
chr5:177436395:C>T	283	16	2	0.05351170568561873
chr7:117278178:C>T	258	26	2	0.09154929577464789
chr9:121115162:G>A	206	14	2	0.06363636363636363
chr9:133107151:G>A	610	31	2	0.0483619344773791
