mutation_id	ref_counts	var_counts	total_cn	VAF
chr1:109421904:C>T	65	34	2	0.3434343434343434
chr11:1031013:C>T	512	109	3	0.17552334943639292
chr11:92353145:C>A	309	61	3	0.16486486486486487
chr12:6587868:G>A	181	139	2	0.434375
chr12:112489084:G>T	364	26	2	0.06666666666666667
chr13:28018498:ATG>-	198	24	2	0.10810810810810811
chr13:28034183:A>G	251	24	2	0.08727272727272728
chr13:109140574:C>T	600	47	2	0.07264296754250386
chr14:23386056:G>A	772	30	4	0.03740648379052369
chr14:45044837:G>A	191	44	3	0.18723404255319148
chr14:54531014:C>T	352	24	3	0.06382978723404255
chr16:20559238:T>G	360	30	3	0.07692307692307693
chr17:80184215:C>T	217	104	3	0.32398753894080995
chr17:81447507:C>G	585	103	3	0.14970930232558138
chr18:76895062:C>T	532	121	3	0.18529862174578868
chr18:78992313:G>A	783	159	3	0.16878980891719744
chr19:44273835:G>A	185	129	2	0.410828025477707
chr19:50662184:C>T	285	208	2	0.42190669371196754
chr2:15946003:A>G	192	136	2	0.4146341463414634
chr4:55104906:C>A	364	86	4	0.19111111111111112
chr5:7520764:C>T	162	107	2	0.39776951672862454
chr6:146426600:C>T	171	257	4	0.6004672897196262
chr7:54544633:G>A	114	82	2	0.41836734693877553
chr9:135618027:C>T	304	25	2	0.07598784194528875
chrX:54923235:C>G	265	162	3	0.3793911007025761
