mutation_id	ref_counts	var_counts	total_cn	VAF
chr13:98176752:G>A	315	195	2	0.38235294117647056
chr15:42735896:C>T	140	99	2	0.41422594142259417
chr17:8039429:T>C	331	188	2	0.3622350674373796
chr19:34433373:C>T	162	81	2	0.3333333333333333
chr6:36200984:AT>-	206	53	2	0.20463320463320464
chr7:102469026:C>A	326	212	2	0.3940520446096654
