mutation_id	ref_counts	var_counts	total_cn	VAF
chr1:114716123:C>T	126	74	2	0.37
chr11:58403175:C>T	94	73	2	0.437125748502994
chr11:69774934:C>T	544	24	2	0.04225352112676056
chr11:113207863:C>T	154	74	2	0.32456140350877194
chr12:11839288:->GA	195	24	2	0.1095890410958904
chr12:45851415:G>T	161	101	2	0.38549618320610685
chr14:105601136:G>A	254	103	3	0.28851540616246496
chr17:35164142:G>A	186	65	3	0.2589641434262948
chr18:36652579:C>T	198	77	3	0.28
chr18:36747056:C>G	225	66	3	0.2268041237113402
chr2:178617375:C>G	109	56	2	0.3393939393939394
chr3:64541341:A>G	110	67	2	0.3785310734463277
chr9:35092695:T>G	292	17	2	0.05501618122977346
chr9:93256370:G>A	329	193	2	0.36973180076628354
