mutation_id	ref_counts	var_counts	total_cn	VAF
chr1:181721765:C>T	202	156	3	0.43575418994413406
chr1:223394889:C>T	412	72	2	0.1487603305785124
chr10:116968658:G>A	180	39	3	0.1780821917808219
chr14:105152264:G>A	472	19	3	0.038696537678207736
chr2:86080921:->TCT	321	89	2	0.21707317073170732
chr7:138579387:C>T	276	92	2	0.25
chr8:142915079:C>T	767	22	3	0.02788339670468948
chr9:2643408:C>T	401	110	3	0.21526418786692758
chr9:98251874:C>T	566	154	3	0.21388888888888888
