mutation_id	ref_counts	var_counts	total_cn	VAF
chr1:61700226:C>A	79	29	2	0.26851851851851855
chr1:86126054:G>A	207	138	2	0.4
chr1:86567595:C>G	152	99	2	0.3944223107569721
chr1:224681025:C>T	160	64	2	0.2857142857142857
chr10:133199180:C>T	444	46	2	0.09387755102040816
chr11:94997617:G>A	380	17	2	0.042821158690176324
chr11:117465159:G>A	229	50	2	0.17921146953405018
chr12:25225628:C>G	146	37	2	0.20218579234972678
chr12:57194687:G>A	173	86	2	0.33204633204633205
chr14:24259725:G>C	385	20	2	0.04938271604938271
chr14:29597684:G>A	263	119	2	0.31151832460732987
chr14:99174583:G>T	637	66	2	0.09388335704125178
chr14:106324254:TT>-	64	82	1	0.5616438356164384
chr15:23361432:G>A	448	23	2	0.04883227176220807
chr16:28063134:G>C	421	16	2	0.036613272311212815
chr16:88892253:C>T	298	11	2	0.03559870550161812
chr17:7583912:T>A	303	198	2	0.39520958083832336
chr19:6312235:G>A	440	44	2	0.09090909090909091
chr19:57130490:A>T	106	95	2	0.472636815920398
chr2:178590701:C>T	252	59	2	0.18971061093247588
chr2:178591032:C>G	289	69	2	0.19273743016759776
chr2:178748240:A>G	103	60	2	0.36809815950920244
chr2:219557494:G>A	716	24	2	0.032432432432432434
chr21:45175859:G>A	259	136	2	0.34430379746835443
chr4:15936134:C>G	498	15	2	0.029239766081871343
chr5:79079372:G>A	210	18	2	0.07894736842105263
chr6:43777637:C>T	178	79	2	0.30739299610894943
chr6:139288595:C>T	310	145	2	0.31868131868131866
chr6:152220913:C>G	253	51	2	0.16776315789473684
chr6:158504079:G>A	376	167	2	0.30755064456721914
chr6:160578661:G>A	163	53	2	0.24537037037037038
chr6:160650337:C>T	64	25	2	0.2808988764044944
chr7:149848116:C>T	248	219	2	0.4689507494646681
chr7:158316858:G>A	454	36	2	0.07346938775510205
chr8:142879467:C>A	378	16	2	0.04060913705583756
chrX:151672348:C>G	272	74	1	0.2138728323699422
