mutation_id	ref_counts	var_counts	total_cn	VAF
chr11:1597793:C>A	465	189	2	0.2889908256880734
chr13:20005093:G>T	310	12	2	0.037267080745341616
chr13:51934816:G>A	255	117	2	0.31451612903225806
chr14:106714683:CTCTC>GGGG	52	18	1	0.2571428571428571
chr19:13207397:C>T	674	36	2	0.05070422535211268
chr4:150590713:C>T	222	16	2	0.06722689075630252
chr6:39927427:C>T	417	37	2	0.08149779735682819
chr6:77463226:T>A	339	156	2	0.3151515151515151
