mutation_id	ref_counts	var_counts	total_cn	VAF
chr1:32593494:C>T	259	182	2	0.4126984126984127
chr14:45188878:G>A	602	200	3	0.24937655860349128
chr14:105916826:GGCATAG>AGGGGA	36	92	1	0.71875
chr15:96334483:C>T	798	36	2	0.04316546762589928
chr18:78993563:G>A	1327	598	3	0.3106493506493507
chr9:35091485:T>C	799	333	3	0.2941696113074205
