mutation_id	ref_counts	var_counts	total_cn	VAF
chr1:2146093:G>A	338	38	2	0.10106382978723404
chr1:52408642:C>A	326	23	2	0.0659025787965616
chr1:85095966:C>G	251	18	2	0.06691449814126393
chr1:93549369:G>A	229	95	2	0.2932098765432099
chr1:109548742:G>A	340	13	2	0.036827195467422094
chr11:59515066:G>A	303	131	2	0.30184331797235026
chr12:21015774:G>A	67	34	2	0.33663366336633666
chr12:130451219:G>A	301	132	2	0.30484988452655887
chr13:42219254:C>T	195	125	2	0.390625
chr14:20590531:C>G	392	40	2	0.09259259259259259
chr15:68194089:C>A	254	142	2	0.35858585858585856
chr16:70251340:G>A	418	221	2	0.3458528951486698
chr17:75233106:C>T	354	12	2	0.03278688524590164
chr19:1270972:G>C	444	12	2	0.02631578947368421
chr19:9115311:C>T	454	15	2	0.031982942430703626
chr19:49310455:G>C	256	173	2	0.40326340326340326
chr19:49707572:C>T	291	80	2	0.215633423180593
chr19:49881452:C>G	565	20	2	0.03418803418803419
chr2:55050046:G>T	926	52	2	0.053169734151329244
chr2:197402635:C>G	232	90	2	0.2795031055900621
chr20:49263349:C>T	321	15	2	0.044642857142857144
chr21:26965680:G>A	891	45	2	0.04807692307692308
chr22:50218791:G>A	743	28	2	0.03631647211413749
chr3:96987528:G>T	298	36	2	0.10778443113772455
chr3:133400176:G>C	410	315	2	0.43448275862068964
chr3:174280723:C>G	458	14	2	0.029661016949152543
chr3:195786991:G>A	439	70	2	0.137524557956778
chr5:60898389:G>A	248	12	2	0.046153846153846156
chr5:141398367:G>C	298	48	2	0.13872832369942195
chr6:28272760:G>T	202	70	2	0.25735294117647056
chr8:38247806:G>A	119	27	2	0.18493150684931506
chrX:30236524:G>C	319	195	2	0.37937743190661477
chrX:91877895:G>A	534	18	2	0.03260869565217391
chrX:153398801:C>T	418	15	2	0.03464203233256351
