mutation_id	ref_counts	var_counts	total_cn	VAF
chr10:132937051:C>T	189	32	3	0.14479638009049775
chr11:5820742:C>T	262	98	2	0.2722222222222222
chr12:25245350:C>A	198	82	2	0.29285714285714287
chr14:79861092:A>G	373	108	2	0.22453222453222454
chr17:36064355:G>T	413	123	2	0.2294776119402985
chr18:32270243:G>A	396	92	3	0.1885245901639344
chr2:99337585:G>C	272	106	2	0.2804232804232804
chr2:113406871:T>G	84	38	2	0.3114754098360656
chr2:113406872:T>C	83	38	2	0.3140495867768595
chr22:41327214:->GAGAAGGCGCTGGAGGACAGC	174	38	2	0.1792452830188679
chr8:24955795:C>T	442	36	2	0.07531380753138076
chr8:106769948:C>T	261	109	2	0.2945945945945946
chr9:32631372:G>A	254	111	2	0.3041095890410959
