mutation_id	ref_counts	var_counts	total_cn	VAF
chr1:81943654:G>C	211	136	2	0.3919308357348703
chr1:169542798:G>A	351	16	2	0.043596730245231606
chr10:93601004:G>A	554	50	2	0.08278145695364239
chr10:133207318:C>T	259	194	2	0.4282560706401766
chr11:95067462:A>T	292	196	2	0.4016393442622951
chr12:62396345:G>A	193	95	2	0.3298611111111111
chr12:101317659:G>T	226	9	2	0.03829787234042553
chr14:106714682:TCTC>-	11	5	1	0.3125
chr16:57960858:C>A	388	32	2	0.0761904761904762
chr19:1080045:G>A	484	80	2	0.14184397163120568
chr19:46427873:C>T	522	24	2	0.04395604395604396
chr19:51713817:C>T	440	282	2	0.39058171745152354
chr2:90100738:->TCCC	60	98	1	0.620253164556962
chr2:151679731:G>A	129	102	2	0.44155844155844154
chr2:201160440:C>A	100	76	2	0.4318181818181818
chr22:22031470:->TC	114	44	2	0.27848101265822783
chr3:42557590:T>C	318	16	2	0.04790419161676647
chr4:1974864:A>G	180	130	2	0.41935483870967744
chr4:188003672:T>C	394	23	2	0.05515587529976019
chr6:7231623:G>A	672	39	2	0.05485232067510549
chr8:65707033:G>T	109	14	2	0.11382113821138211
chrX:64190838:C>T	393	48	1	0.10884353741496598
chrX:155334400:C>T	179	170	1	0.4871060171919771
