mutation_id	ref_counts	var_counts	total_cn	VAF
chr16:75113619:G>T	538	55	2	0.09274873524451939
chr18:10979654:G>C	237	33	2	0.12222222222222222
chr2:154450539:C>T	377	42	2	0.10023866348448687
chr3:52438103:G>A	738	71	2	0.08776266996291718
chr5:87369898:G>C	266	33	2	0.11036789297658862
chr6:158502288:G>A	406	49	2	0.1076923076923077
chrX:143628341:G>A	131	23	1	0.14935064935064934
