mutation_id	ref_counts	var_counts	total_cn	VAF
chr1:2512957:C>T	345	210	2	0.3783783783783784
chr1:150967857:A>G	201	41	2	0.16942148760330578
chr1:215728257:A>T	255	162	2	0.38848920863309355
chr10:85869117:G>A	410	32	2	0.07239819004524888
chr10:112294016:C>T	340	16	2	0.0449438202247191
chr16:3729630:TTGGTGTGC>CCCGG	287	174	2	0.3774403470715835
chr16:84657162:G>A	277	201	2	0.4205020920502092
chr17:29166051:C>T	259	140	2	0.3508771929824561
chr2:178562860:A>C	198	102	2	0.34
chr2:209929925:C>T	164	102	2	0.38345864661654133
chr2:240465628:A>G	172	142	2	0.45222929936305734
chr4:99284572:T>A	112	78	2	0.4105263157894737
chr5:21752178:G>A	500	58	3	0.1039426523297491
chr5:26881505:T>A	624	20	3	0.031055900621118012
chr5:140871328:G>A	559	166	3	0.2289655172413793
chr5:141179653:C>T	2624	64	3	0.023809523809523808
chr7:151024052:C>T	49	142	1	0.743455497382199
chr8:76854086:A>G	228	149	2	0.3952254641909814
chr8:88327182:C>G	206	33	2	0.13807531380753138
chr8:107321909:G>C	126	81	2	0.391304347826087
chr8:130951899:G>A	140	119	2	0.4594594594594595
