mutation_id	ref_counts	var_counts	total_cn	VAF
chr1:3478509:G>A	610	153	2	0.20052424639580602
chr10:110781679:C>G	482	26	2	0.051181102362204724
chr14:67058717:A>G	454	37	2	0.07535641547861507
chr19:58470899:C>G	675	41	2	0.05726256983240224
chr2:74087948:G>A	554	149	2	0.2119487908961593
chr2:151609981:T>G	285	112	2	0.28211586901763225
chr22:22668746:C>T	518	32	3	0.05818181818181818
chr7:158205239:C>T	470	32	2	0.06374501992031872
chr8:30844029:C>T	129	16	2	0.1103448275862069
chr8:56316192:G>A	421	102	2	0.1950286806883365
