mutation_id	ref_counts	var_counts	total_cn	VAF
chr1:99877788:G>A	250	53	2	0.17491749174917492
chr10:102402119:G>T	383	49	2	0.11342592592592593
chr11:18934002:G>A	240	172	2	0.4174757281553398
chr12:25245347:C>T	269	96	2	0.26301369863013696
chr12:41506488:T>G	186	139	2	0.4276923076923077
chr12:112489096:C>A	362	49	2	0.1192214111922141
chr16:3738645:A>T	222	40	2	0.15267175572519084
chr19:15457382:G>A	369	155	2	0.2958015267175573
chr19:19219196:C>T	269	253	2	0.4846743295019157
chr19:40617143:C>T	330	96	2	0.22535211267605634
chr2:106843194:G>A	383	299	2	0.43841642228739003
chr2:178654810:G>T	13	5	2	0.2777777777777778
chr2:227310806:C>A	282	47	2	0.14285714285714285
chr21:43797546:G>A	433	65	4	0.13052208835341367
chr22:28772962:G>C	416	81	2	0.16297786720321933
chr3:193289976:A>C	297	116	2	0.28087167070217917
chr5:141362129:C>T	410	121	2	0.2278719397363465
chr6:22290255:C>T	518	50	3	0.0880281690140845
chr6:34531637:G>A	376	94	3	0.2
chr6:54136817:C>T	380	135	3	0.2621359223300971
chr9:117414519:G>A	336	54	2	0.13846153846153847
chrX:84187821:C>T	286	49	2	0.14626865671641792
chrX:105909339:C>T	339	275	2	0.44788273615635177
