mutation_id	ref_counts	var_counts	total_cn	VAF
chr1:29311484:C>T	320	41	2	0.11357340720221606
chr1:114886238:T>A	293	60	2	0.16997167138810199
chr11:61962618:G>A	337	61	2	0.15326633165829145
chr12:109216869:C>T	382	19	2	0.04738154613466334
chr14:106675012:GTGTCTCTC>TCCACA	105	38	0	0.26573426573426573
chr16:728172:T>A	509	125	2	0.1971608832807571
chr2:165389592:C>G	268	13	2	0.046263345195729534
chr4:23824295:G>T	319	57	2	0.15159574468085107
chr7:4790588:C>T	274	56	2	0.1696969696969697
chr7:77940138:G>A	393	46	2	0.10478359908883828
chrX:27461323:C>A	62	32	1	0.3404255319148936
chrY:14841086:G>A	191	88	1	0.3154121863799283
