mutation_id	ref_counts	var_counts	total_cn	VAF
chr1:17616151:C>T	228	153	2	0.4015748031496063
chr1:99688964:C>T	254	167	2	0.39667458432304037
chr1:151692481:->GGGGTC	176	84	2	0.3230769230769231
chr1:229636598:T>G	128	101	2	0.4410480349344978
chr12:23640875:C>A	230	133	2	0.36639118457300274
chr12:72562982:C>G	127	11	2	0.07971014492753623
chr18:26547715:G>A	408	229	2	0.35949764521193095
chr19:8966036:T>G	255	171	2	0.4014084507042254
chr22:22162679:TCA>-	59	24	2	0.2891566265060241
chr22:28796137:C>-	201	47	2	0.18951612903225806
chr5:136988519:G>A	305	176	2	0.3659043659043659
chrX:45053833:G>A	20	198	2	0.908256880733945
