mutation_id	ref_counts	var_counts	total_cn	VAF
chr14:106639118:->GGA	14	4	1	0.2222222222222222
chr15:29113978:G>A	296	141	2	0.32265446224256294
chr16:66922278:G>A	279	126	2	0.3111111111111111
chr17:44904237:C>G	219	26	2	0.10612244897959183
chr18:12344230:G>A	216	26	2	0.10743801652892562
chr7:29072340:G>A	180	73	2	0.2885375494071146
chrX:18761551:A>T	270	30	2	0.1
chrX:77998526:C>T	260	77	2	0.228486646884273
chrX:115191992:C>T	583	16	2	0.02671118530884808
chrX:145824602:A>T	333	156	2	0.31901840490797545
