mutation_id	ref_counts	var_counts	total_cn	VAF
chr1:114716126:C>G	222	44	2	0.16541353383458646
chr1:205918970:T>A	330	11	2	0.03225806451612903
chr1:241879047:C>T	240	96	2	0.2857142857142857
chr17:19678756:G>T	396	63	2	0.13725490196078433
chr19:42273568:C>T	466	133	2	0.22203672787979967
chr2:43712278:G>A	218	106	2	0.3271604938271605
chr3:9947046:G>A	368	237	2	0.39173553719008264
chr3:36738994:C>T	316	43	2	0.11977715877437325
chr5:141175038:G>A	1456	130	2	0.08196721311475409
chr6:160718382:C>A	385	85	2	0.18085106382978725
chr7:159109884:G>A	254	120	2	0.32085561497326204
chr8:19822476:T>C	169	47	2	0.2175925925925926
chr9:127174720:->GGG	246	45	2	0.15463917525773196
chrY:9467292:C>A	918	282	1	0.235
