mutation_id	ref_counts	var_counts	total_cn	VAF
chr11:45650426:G>A	263	159	2	0.3767772511848341
chr12:5045039:G>T	328	240	2	0.4225352112676056
chr12:52434230:C>T	290	208	2	0.41767068273092367
chr15:90482092:C>G	145	117	2	0.44656488549618323
chr5:68293821:CCCGCACAT>-	26	4	2	0.13333333333333333
chr5:73848998:G>A	116	59	2	0.33714285714285713
chr6:146788536:C>T	194	152	2	0.4393063583815029
chr6:152316943:A>T	165	85	2	0.34
chr8:112682585:C>T	158	86	2	0.3524590163934426
