mutation_id	ref_counts	var_counts	total_cn	VAF
chr1:115685315:G>T	336	47	2	0.1227154046997389
chr11:10530749:G>A	188	48	2	0.2033898305084746
chr11:18021164:C>A	144	9	2	0.058823529411764705
chr11:35176739:A>G	264	97	2	0.26869806094182824
chr11:115176545:C>T	339	20	2	0.055710306406685235
chr12:128957585:C>A	292	34	2	0.10429447852760736
chr14:93690152:G>A	484	105	3	0.17826825127334464
chr16:49636332:G>A	413	169	2	0.29037800687285226
chr19:1059056:C>T	251	82	2	0.24624624624624625
chr19:18009888:G>A	1156	71	2	0.05786471067644662
chr2:84821916:G>A	304	34	2	0.10059171597633136
chr2:105242390:C>T	585	189	2	0.2441860465116279
chr2:238130491:T>C	829	32	2	0.03716608594657375
chr20:34994147:G>A	364	29	2	0.0737913486005089
chr3:77550905:C>T	618	55	2	0.08172362555720654
chr4:77020592:G>A	708	44	3	0.05851063829787234
chr5:666048:TT>-	460	108	3	0.19014084507042253
chr6:97162133:G>T	255	51	3	0.16666666666666666
chr6:146030131:T>C	411	54	3	0.11612903225806452
chr7:100620906:G>T	503	56	2	0.1001788908765653
chr7:120741600:C>T	456	33	2	0.06748466257668712
