mutation_id	ref_counts	var_counts	total_cn	VAF
chr1:8324498:C>T	267	66	2	0.1981981981981982
chr1:54686316:G>A	352	83	2	0.19080459770114944
chr1:114425586:G>A	561	20	2	0.03442340791738382
chr1:168097093:C>G	506	29	2	0.05420560747663551
chr11:558938:C>T	532	59	2	0.09983079526226735
chr11:6795675:C>T	350	15	2	0.0410958904109589
chr11:7825575:G>C	591	27	2	0.043689320388349516
chr11:56137656:T>C	274	31	2	0.10163934426229508
chr11:119088695:C>A	282	15	2	0.050505050505050504
chr12:10126617:T>C	235	67	2	0.22185430463576158
chr12:101168100:G>C	308	14	2	0.043478260869565216
chr14:102944470:C>T	259	21	2	0.075
chr15:35538312:C>T	242	15	2	0.058365758754863814
chr15:84857642:G>T	440	20	2	0.043478260869565216
chr16:9937963:G>C	128	42	2	0.24705882352941178
chr16:29694666:C>A	358	20	2	0.05291005291005291
chr17:63484510:G>A	416	27	2	0.060948081264108354
chr19:3600215:G>T	621	48	2	0.07174887892376682
chr19:17882153:C>A	345	18	2	0.049586776859504134
chr19:41903384:G>A	346	14	2	0.03888888888888889
chr2:18584544:C>G	347	23	2	0.062162162162162166
chr2:25234404:C>A	306	26	2	0.0783132530120482
chr2:95180244:G>T	330	13	2	0.037900874635568516
chr2:191836187:G>A	363	28	2	0.07161125319693094
chr2:218664442:C>T	275	87	2	0.24033149171270718
chr2:233841291:A>C	294	33	2	0.10091743119266056
chr22:22031470:T>A	115	21	2	0.15441176470588236
chr22:22031472:A>C	106	19	2	0.152
chr3:78617719:C>T	342	16	2	0.0446927374301676
chr4:36316322:G>C	270	14	2	0.04929577464788732
chr4:68550879:C>G	98	10	2	0.09259259259259259
chr4:76022403:C>A	234	74	2	0.24025974025974026
chr5:140803052:C>T	228	69	2	0.23232323232323232
chr5:168685849:C>G	472	23	2	0.046464646464646465
chr5:177515781:G>A	348	22	2	0.05945945945945946
chr6:17799265:C>T	174	12	2	0.06451612903225806
chr6:26031778:C>T	500	28	2	0.05303030303030303
chr6:34538417:G>A	197	74	2	0.2730627306273063
chr6:46688545:C>T	407	124	2	0.2335216572504708
chr6:77690696:A>G	202	53	2	0.20784313725490197
chr7:27108664:G>A	413	47	2	0.10217391304347827
chr8:98089579:C>G	384	22	2	0.054187192118226604
chr8:132105194:C>G	358	21	2	0.055408970976253295
chr9:8518002:G>C	428	26	2	0.05726872246696035
chr9:27949519:G>C	197	71	2	0.26492537313432835
chr9:33443334:A>-	197	50	2	0.20242914979757085
chr9:68303122:G>A	368	45	2	0.1089588377723971
chrX:27463114:G>C	270	20	2	0.06896551724137931
chrX:106669208:A>G	330	71	2	0.1770573566084788
chrX:154353300:G>A	351	72	2	0.1702127659574468
