mutation_id	ref_counts	var_counts	total_cn	VAF
chr15:58665181:G>A	155	94	2	0.37751004016064255
chr16:27505915:C>T	106	50	2	0.32051282051282054
chr18:31413314:G>A	296	24	2	0.075
chr3:46021530:C>T	249	132	2	0.3464566929133858
chr3:62874765:G>T	200	106	2	0.3464052287581699
chr3:98264595:A>T	114	85	2	0.4271356783919598
chr9:39133058:G>A	780	37	2	0.04528763769889841
