mutation_id	ref_counts	var_counts	total_cn	VAF
chr10:59234373:G>A	174	131	2	0.42950819672131146
chr11:17301832:TAAGAATGTT>CCC	220	96	2	0.3037974683544304
chr11:56360426:C>G	358	265	2	0.42536115569823435
chr11:117428499:G>A	156	120	2	0.43478260869565216
chr12:25245350:C>G	208	181	2	0.4652956298200514
chr14:102507051:G>A	364	300	2	0.45180722891566266
chr15:33838009:G>A	267	221	2	0.45286885245901637
chr15:40367535:G>T	466	55	2	0.10556621880998081
chr17:38329759:A>G	341	321	2	0.48489425981873113
chr2:54255631:G>A	348	237	2	0.40512820512820513
chr2:113406870:ATTCACAGTGTTACAAGCCATAACAAA>-	110	47	2	0.29936305732484075
chr21:26844707:T>G	900	253	4	0.2194275802254987
chr4:176727797:G>A	184	128	2	0.41025641025641024
chr7:74836302:A>T	590	169	2	0.22266139657444006
chr8:38419705:G>A	190	160	2	0.45714285714285713
chr8:144469510:C>T	230	178	2	0.4362745098039216
chr9:133367347:G>A	283	237	2	0.45576923076923076
chrX:49072476:G>A	359	365	2	0.5041436464088398
