mutation_id	ref_counts	var_counts	total_cn	VAF
chr1:114427762:ATAG>-	248	159	2	0.3906633906633907
chr1:209782069:G>A	195	104	2	0.34782608695652173
chr12:49050736:->GG	355	161	2	0.312015503875969
chr12:57180441:G>A	316	165	2	0.34303534303534305
chr13:24700776:G>A	168	101	2	0.3754646840148699
chr15:71728622:C>T	286	178	2	0.38362068965517243
chr16:4996879:C>T	374	18	2	0.04591836734693878
chr17:9771631:C>T	336	212	2	0.38686131386861317
chr17:74920393:C>T	377	203	2	0.35
chr19:3094783:->C	414	210	2	0.33653846153846156
chr19:55362306:G>A	341	261	2	0.4335548172757475
chr2:1433510:C>T	377	241	2	0.38996763754045305
chr2:113406870:->TTAGGGACTTT	136	60	2	0.30612244897959184
chr22:24091837:C>T	223	126	2	0.36103151862464183
chr22:27797602:G>A	522	331	2	0.388042203985932
chr3:57277784:T>G	134	82	2	0.37962962962962965
chr4:17614669:A>T	421	202	3	0.32423756019261635
chr5:35874454:->TGGGGCTTCCGTGCC	189	45	2	0.19230769230769232
chr6:29307561:G>A	195	113	2	0.36688311688311687
chr6:52404190:C>T	185	119	2	0.39144736842105265
chr7:97024494:C>G	267	133	2	0.3325
chr7:97117756:A>C	213	119	2	0.35843373493975905
chr8:142917074:C>T	226	116	2	0.3391812865497076
chr9:5825170:G>A	306	101	3	0.24815724815724816
chrX:18216539:G>T	508	118	4	0.18849840255591055
chrX:32389644:G>A	187	112	4	0.3745819397993311
chrX:102603555:G>T	280	43	4	0.13312693498452013
