mutation_id	ref_counts	var_counts	total_cn	VAF
chr1:215844388:A>G	240	68	4	0.22077922077922077
chr12:25245347:C>T	308	31	4	0.09144542772861357
chr2:89244772:CACTGTGGGA>GGG	131	18	1	0.12080536912751678
chr7:98988769:G>A	215	44	4	0.16988416988416988
