mutation_id	ref_counts	var_counts	total_cn	VAF
chr1:11108244:T>A	353	30	2	0.0783289817232376
chr1:112491030:C>T	423	52	2	0.10947368421052632
chr12:55841174:C>T	313	151	2	0.3254310344827586
chr22:22031469:->CCACCCC	167	27	2	0.13917525773195877
chr5:136357266:G>A	572	36	2	0.05921052631578947
chr8:11808770:G>A	395	147	2	0.27121771217712176
