mutation_id	ref_counts	var_counts	total_cn	VAF
chr1:114716123:C>T	201	129	2	0.39090909090909093
chr10:116674893:C>A	332	168	3	0.336
chr14:105469892:C>-	359	78	3	0.17848970251716248
chr19:16148791:G>A	179	150	2	0.45592705167173253
chr20:63569380:C>T	268	219	2	0.44969199178644764
chr21:36461102:G>A	619	156	4	0.20129032258064516
chr21:44697292:G>A	728	213	4	0.2263549415515409
chr6:35469450:T>C	296	130	3	0.3051643192488263
chrX:107602163:C>T	536	36	2	0.06293706293706294
chrX:124086751:G>A	161	97	2	0.375968992248062
