mutation_id	ref_counts	var_counts	total_cn	VAF
chr12:130428335:C>T	176	44	2	0.2
chr13:69740467:T>G	198	97	1	0.3288135593220339
chr14:106268607:C>-	211	39	1	0.156
chr14:106301394:GGTATCCGTGC>-	218	26	1	0.10655737704918032
chr15:73325098:C>T	316	96	2	0.23300970873786409
chr2:89937679:->GCGGC	79	24	2	0.23300970873786409
chr2:113406871:TTCAC>-	122	30	2	0.19736842105263158
chr2:185806233:G>C	161	28	2	0.14814814814814814
chr2:209813647:C>T	259	104	2	0.2865013774104683
chr20:5302498:C>T	341	83	2	0.1957547169811321
chr3:46459699:C>A	363	14	2	0.03713527851458886
chr4:119164314:G>A	155	139	2	0.47278911564625853
chr5:32061099:G>A	228	59	2	0.20557491289198607
chr5:97013748:A>G	278	10	2	0.034722222222222224
chr5:140883344:T>G	253	99	2	0.28125
