mutation_id	ref_counts	var_counts	total_cn	VAF
chr1:114709583:C>T	236	36	2	0.1323529411764706
chr12:112185024:T>A	355	17	2	0.0456989247311828
chr14:62708446:G>A	203	16	2	0.0730593607305936
chr19:3942136:G>C	398	22	2	0.05238095238095238
chr19:47340869:C>T	455	47	2	0.09362549800796813
chr2:99369478:C>T	91	28	2	0.23529411764705882
chr2:185805951:G>A	194	8	2	0.039603960396039604
chr21:44529819:C>T	332	33	2	0.09041095890410959
chr4:683753:G>A	245	76	2	0.2367601246105919
chr8:94128312:G>A	248	12	2	0.046153846153846156
chr8:144356624:C>T	271	70	2	0.20527859237536658
chr9:129868117:C>T	434	31	2	0.06666666666666667
chrX:77682875:T>A	193	83	2	0.3007246376811594
