mutation_id	ref_counts	var_counts	total_cn	VAF
chr1:52656857:G>C	371	34	2	0.08395061728395062
chr10:93645965:C>T	107	88	2	0.4512820512820513
chr11:130130147:C>T	154	138	2	0.4726027397260274
chr12:21314673:->AAG	146	16	2	0.09876543209876543
chr14:34762154:G>C	436	13	2	0.028953229398663696
chr14:99920847:G>T	235	86	2	0.26791277258566976
chr15:90916234:->GCG	266	130	2	0.3282828282828283
chr16:20862456:G>A	443	14	2	0.030634573304157548
chr4:71557762:C>T	430	24	2	0.05286343612334802
chr4:147542606:C>T	419	23	2	0.05203619909502263
chr5:147400743:C>T	261	115	2	0.3058510638297872
chr5:176881466:G>A	589	34	2	0.05457463884430177
chr7:123464997:T>A	75	58	2	0.43609022556390975
chrX:107115536:A>G	269	171	2	0.3886363636363636
chrX:149503203:C>A	220	127	2	0.3659942363112392
