mutation_id	ref_counts	var_counts	total_cn	VAF
chr11:70435661:G>A	198	184	4	0.4816753926701571
chr11:92969759:G>A	243	216	4	0.47058823529411764
chr15:40813747:G>A	371	23	4	0.0583756345177665
chr16:49635816:G>A	388	63	3	0.13968957871396895
chr17:7675088:C>T	58	180	2	0.7563025210084033
chr17:11629459:G>T	34	116	2	0.7733333333333333
chr19:38395839:C>T	512	22	3	0.04119850187265917
chr19:40532660:G>A	104	112	3	0.5185185185185185
chr20:23440286:A>G	270	17	5	0.059233449477351915
chr3:51441758:T>A	304	10	4	0.03184713375796178
chr3:51441759:A>G	307	10	4	0.031545741324921134
chr3:149475007:C>A	169	74	3	0.3045267489711934
chr5:119167638:T>C	125	73	4	0.3686868686868687
chr6:122780367:G>A	136	129	3	0.4867924528301887
chr7:1091944:C>T	193	162	5	0.4563380281690141
