mutation_id	ref_counts	var_counts	total_cn	VAF
chr1:2028090:C>T	256	186	2	0.42081447963800905
chr1:158547397:G>C	256	199	2	0.43736263736263736
chr11:17372361:C>G	190	177	2	0.4822888283378747
chr12:57750987:G>T	300	237	2	0.441340782122905
chr13:32337414:C>G	128	116	2	0.47540983606557374
chr13:35668408:G>A	172	116	2	0.4027777777777778
chr19:1986500:G>C	156	136	2	0.4657534246575342
chr19:22315688:A>C	134	102	2	0.4322033898305085
chr2:236377137:G>A	201	99	2	0.33
chr2:240464927:C>A	311	258	2	0.45342706502636204
chr20:57202599:G>T	171	142	2	0.4536741214057508
chr22:24855356:G>A	239	212	2	0.4700665188470067
chr5:40798167:C>T	87	60	2	0.40816326530612246
chr5:127331396:G>C	135	90	2	0.4
chr6:87530826:T>A	215	165	2	0.4342105263157895
chr6:102055437:G>A	176	147	2	0.4551083591331269
chr9:131009501:G>T	329	216	2	0.3963302752293578
chrX:27980551:C>T	13	89	1	0.8725490196078431
chrX:50388530:G>C	24	156	1	0.8666666666666667
