mutation_id	ref_counts	var_counts	total_cn	VAF
chr1:16576332:T>-	1301	132	2	0.09211444521981857
chr1:48411563:G>A	115	96	2	0.4549763033175355
chr1:75136653:C>T	191	194	2	0.5038961038961038
chr10:118595107:G>A	516	221	3	0.29986431478968795
chr10:133459062:G>A	435	216	3	0.3317972350230415
chr11:89973406:T>C	4	38	2	0.9047619047619048
chr14:22449121:ATACG>GGGACTTAGAC	6	66	2	0.9166666666666666
chr14:22539073:TGCATC>AA	351	96	3	0.21476510067114093
chr16:81149768:G>T	228	142	2	0.3837837837837838
chr2:106843487:G>A	328	265	2	0.4468802698145025
chr2:117941201:G>A	141	96	2	0.4050632911392405
chr9:121302047:G>A	455	198	3	0.30321592649310875
chrX:17375887:A>T	690	243	3	0.2604501607717042
