mutation_id	ref_counts	var_counts	total_cn	VAF
chr1:114716123:C>T	209	115	2	0.3549382716049383
chr1:228371966:C>T	377	239	2	0.387987012987013
chr11:8985737:C>T	226	116	2	0.3391812865497076
chr16:633370:C>A	474	107	2	0.18416523235800344
chr16:3738616:C>T	189	140	2	0.425531914893617
chr19:35786530:C>T	380	228	2	0.375
chr19:49958348:C>A	299	195	2	0.39473684210526316
chr2:216859934:C>T	258	125	2	0.3263707571801567
chr20:45547303:C>T	240	185	2	0.43529411764705883
chr20:49482454:G>A	232	146	2	0.3862433862433862
chr3:66413003:C>T	287	18	2	0.05901639344262295
chr4:967648:C>T	502	191	3	0.2756132756132756
chr5:155013909:G>A	285	177	2	0.38311688311688313
