mutation_id	ref_counts	var_counts	total_cn	VAF
chr1:156480959:->CTTCCTTC	373	117	3	0.23877551020408164
chr11:6402632:G>A	216	163	2	0.43007915567282323
chr11:65554349:G>T	335	80	2	0.1927710843373494
chr18:65762916:G>T	186	133	2	0.4169278996865204
chr2:166305805:C>T	134	101	2	0.4297872340425532
chr22:38843653:G>A	108	6	2	0.05263157894736842
chrX:141881779:G>A	105	19	1	0.1532258064516129
