mutation_id	ref_counts	var_counts	total_cn	VAF
chr1:23438762:A>T	139	66	2	0.32195121951219513
chr1:114716123:C>A	133	99	2	0.4267241379310345
chr18:70325573:C>T	309	110	3	0.26252983293556087
chr2:165137976:G>A	118	63	2	0.34806629834254144
chr3:38620902:G>A	246	117	2	0.32231404958677684
chr5:140795148:C>T	282	170	2	0.37610619469026546
chr8:27658558:C>T	276	89	3	0.24383561643835616
chr9:35301013:G>A	171	70	2	0.29045643153526973
chrX:25013351:G>A	618	136	4	0.18037135278514588
