mutation_id	ref_counts	var_counts	total_cn	VAF
chr1:24082038:G>A	287	79	2	0.21584699453551912
chr1:32324493:G>A	171	56	2	0.24669603524229075
chr10:85724388:C>T	156	58	2	0.27102803738317754
chr11:105003283:->T	88	40	2	0.3125
chr18:47033570:A>T	219	80	2	0.26755852842809363
chr2:1922795:C>T	316	114	2	0.2651162790697674
chr22:22031462:A>C	97	27	2	0.21774193548387097
chr22:22031468:ATTCA>CACC	99	30	2	0.23255813953488372
chr3:120167514:G>A	270	90	2	0.25
chr4:41613637:G>C	159	44	2	0.21674876847290642
chr5:1221292:C>A	206	38	2	0.1557377049180328
chr7:20380803:A>G	144	49	2	0.2538860103626943
