mutation_id	ref_counts	var_counts	total_cn	VAF
chr10:121515318:C>T	101	76	3	0.4293785310734463
chr12:56143317:G>A	111	79	2	0.41578947368421054
chr12:112489080:T>C	144	121	2	0.45660377358490567
chr15:75676535:C>T	185	130	2	0.4126984126984127
chr16:1212035:C>T	309	159	3	0.33974358974358976
chr16:71431231:G>A	227	92	3	0.2884012539184953
chr18:31469285:G>A	379	143	4	0.2739463601532567
chr19:40567945:C>T	292	203	2	0.4101010101010101
chr2:25750224:->CGCC	143	81	2	0.36160714285714285
chr2:47800786:TCTGATTATGACCAAGCT>CGGGCA	99	15	2	0.13157894736842105
chr2:132784193:G>A	124	128	2	0.5079365079365079
chr7:50528195:G>A	335	12	2	0.0345821325648415
chr7:55205335:C>T	159	140	2	0.4682274247491639
chrX:36000361:C>T	96	44	2	0.3142857142857143
