mutation_id	ref_counts	var_counts	total_cn	VAF
chr1:11834248:G>T	152	32	2	0.17391304347826086
chr12:20711431:C>A	220	18	2	0.07563025210084033
chr12:124913546:C>T	345	51	2	0.12878787878787878
chr15:96332194:C>T	506	33	2	0.061224489795918366
chr16:88428229:C>T	261	74	2	0.2208955223880597
chr17:43809061:C>A	103	20	2	0.16260162601626016
chr19:16929009:G>A	204	49	2	0.19367588932806323
chr2:106843288:G>A	312	82	2	0.20812182741116753
chr2:132417649:G>A	450	43	2	0.0872210953346856
chr2:189063011:C>T	234	20	2	0.07874015748031496
chr2:195864778:G>A	208	19	2	0.08370044052863436
chr22:46263135:G>A	343	54	2	0.13602015113350127
chr3:51361964:T>C	212	41	2	0.16205533596837945
chr4:154609679:A>G	232	38	2	0.14074074074074075
chr6:64439298:G>A	187	12	2	0.06030150753768844
chr8:36807398:C>T	232	17	2	0.06827309236947791
chr8:50553147:G>T	288	22	2	0.07096774193548387
