mutation_id	ref_counts	var_counts	total_cn	VAF
chr1:180935541:C>T	640	32	2	0.047619047619047616
chr12:51820706:C>G	820	59	2	0.0671217292377702
chr17:44932767:C>T	288	51	2	0.1504424778761062
chr18:10803904:C>T	207	150	2	0.42016806722689076
chr4:6105833:G>A	421	315	2	0.4279891304347826
chr4:176193580:T>G	184	11	2	0.05641025641025641
chr5:174046800:G>A	528	36	2	0.06382978723404255
chr6:82365724:C>T	381	45	2	0.1056338028169014
chr9:73162807:C>T	205	142	2	0.4092219020172911
chr9:135523948:G>A	320	36	2	0.10112359550561797
chrX:3322068:A>G	589	44	2	0.06951026856240126
chrX:53537673:C>T	275	185	2	0.40217391304347827
