mutation_id	ref_counts	var_counts	total_cn	VAF
chr1:15094202:C>T	383	16	2	0.040100250626566414
chr1:152303232:C>G	481	28	2	0.0550098231827112
chr1:167870370:C>T	251	14	2	0.052830188679245285
chr10:68197475:T>C	178	20	2	0.10101010101010101
chr10:85724591:G>A	347	26	2	0.06970509383378017
chr11:78891294:G>A	402	22	2	0.05188679245283019
chr11:114530657:C>G	468	45	2	0.08771929824561403
chr11:114530776:C>G	501	40	2	0.07393715341959335
chr12:33439388:C>T	475	16	2	0.032586558044806514
chr12:50354389:G>A	367	20	1	0.05167958656330749
chr12:64127660:G>C	486	23	2	0.04518664047151277
chr12:117761343:G>T	698	35	2	0.047748976807639835
chr14:81277455:A>G	290	72	2	0.19889502762430938
chr14:88468996:C>T	422	20	2	0.04524886877828054
chr15:24676761:C>T	312	23	2	0.06865671641791045
chr15:29126341:G>A	570	53	2	0.08507223113964688
chr16:75229834:C>T	516	48	2	0.0851063829787234
chr16:85067170:C>T	440	44	2	0.09090909090909091
chr17:29848917:C>G	316	32	1	0.09195402298850575
chr18:33738781:G>C	280	29	2	0.09385113268608414
chr18:46483712:G>C	344	24	2	0.06521739130434782
chr19:4353004:G>C	426	18	1	0.04054054054054054
chr19:49290749:C>T	272	54	1	0.1656441717791411
chr19:50289573:C>G	406	50	1	0.10964912280701754
chr2:232548227:C>T	468	40	2	0.07874015748031496
chr20:9423937:C>G	178	14	2	0.07291666666666667
chr21:29939404:C>T	394	42	3	0.0963302752293578
chr21:41857248:C>T	538	24	4	0.042704626334519574
chr3:185473118:G>C	467	49	2	0.09496124031007752
chr3:189971914:G>A	235	30	2	0.11320754716981132
chr4:103589744:A>G	286	41	2	0.12538226299694188
chr5:168510675:G>C	244	24	2	0.08955223880597014
chr6:142075839:T>A	338	40	2	0.10582010582010581
chr7:39464345:G>C	500	46	2	0.08424908424908426
chr7:87443360:C>A	199	27	2	0.11946902654867257
chr7:151176275:G>A	376	15	2	0.03836317135549872
chr8:104531937:C>G	196	16	2	0.07547169811320754
chr8:109464403:G>T	258	13	2	0.04797047970479705
chrX:2490321:G>A	918	68	2	0.06896551724137931
chrX:23394159:G>T	147	16	1	0.09815950920245399
