mutation_id	ref_counts	var_counts	total_cn	VAF
chr1:65392839:C>T	239	94	2	0.2822822822822823
chr11:73362229:C>T	314	134	2	0.29910714285714285
chr12:56244077:G>C	460	15	2	0.031578947368421054
chr14:100881965:C>T	277	102	2	0.2691292875989446
chr17:59051280:A>G	194	85	2	0.3046594982078853
chr19:11549377:C>T	340	111	2	0.24611973392461198
chr19:34458768:G>A	147	60	2	0.2898550724637681
chr22:29048427:G>A	462	17	2	0.03549060542797495
chr3:75739324:A>G	314	42	2	0.11797752808988764
chr4:161775971:G>A	180	71	2	0.28286852589641437
chr5:149027759:C>T	337	201	2	0.3736059479553903
chr5:161689021:A>T	297	100	2	0.2518891687657431
chr6:83196165:G>C	186	45	2	0.19480519480519481
chr7:128810358:C>T	186	58	2	0.23770491803278687
chr8:120280959:G>T	166	58	2	0.25892857142857145
