mutation_id	ref_counts	var_counts	total_cn	VAF
chr1:1916577:G>C	302	100	2	0.24875621890547264
chr1:114716126:C>T	212	116	2	0.35365853658536583
chr1:201900025:G>T	308	151	2	0.3289760348583878
chr12:89603733:C>T	104	55	2	0.34591194968553457
chr17:18241689:C>T	193	114	2	0.3713355048859935
chr19:22181163:G>T	53	32	2	0.3764705882352941
chr19:45818122:C>T	214	168	2	0.4397905759162304
chr2:240783086:C>T	336	125	2	0.27114967462039047
chr3:50057923:G>A	257	198	2	0.4351648351648352
chr4:61934958:G>C	226	152	2	0.4021164021164021
chr5:83539938:G>A	344	32	2	0.0851063829787234
chr8:143922710:G>A	592	18	2	0.029508196721311476
