mutation_id	ref_counts	var_counts	total_cn	VAF
chr1:114716123:C>A	172	83	2	0.3254901960784314
chr11:627088:C>T	186	96	2	0.3404255319148936
chr11:19055828:A>T	200	80	2	0.2857142857142857
chr12:122781179:G>T	90	70	2	0.4375
chr14:106373654:CACTGTGCCTCTC>TCGTAAG	106	79	1	0.42702702702702705
chr16:2295595:C>T	165	87	2	0.34523809523809523
chr5:63960560:C>T	257	104	2	0.2880886426592798
chr5:141247571:G>A	488	208	2	0.2988505747126437
chr5:141432721:C>A	522	248	2	0.3220779220779221
chr5:151507225:G>A	294	100	2	0.25380710659898476
chr5:156850624:C>T	280	95	2	0.25333333333333335
chr7:38276308:ACCAGTGGTATCAC>-	24	8	2	0.25
