mutation_id	ref_counts	var_counts	total_cn	VAF
chr1:2593829:C>T	233	106	2	0.31268436578171094
chr1:114716126:C>T	230	43	2	0.1575091575091575
chr1:214383824:G>A	352	58	2	0.14146341463414633
chr10:116700957:G>T	154	65	2	0.2968036529680365
chr2:84727793:A>G	188	103	2	0.3539518900343643
chr2:219032490:C>T	161	76	2	0.3206751054852321
chr2:229546947:C>T	107	74	2	0.4088397790055249
chr2:237818203:G>A	288	21	2	0.06796116504854369
chr21:26965551:G>A	432	458	3	0.5146067415730337
chr4:682021:C>T	501	73	2	0.12717770034843207
chr7:140544735:C>T	166	106	2	0.3897058823529412
chrX:80791909:C>T	45	109	1	0.7077922077922078
