mutation_id	ref_counts	var_counts	total_cn	VAF
chr10:27035514:C>G	284	49	6	0.14714714714714713
chr11:45858747:G>A	315	75	6	0.19230769230769232
chr11:56701253:A>G	560	15	6	0.02608695652173913
chr12:25227341:T>G	333	64	6	0.16120906801007556
chr15:83264480:T>C	544	80	6	0.1282051282051282
chr15:83870860:C>T	279	50	6	0.1519756838905775
chr18:6729909:G>A	571	102	6	0.1515601783060921
chr19:38512117:G>A	458	81	4	0.150278293135436
chr2:109614668:T>G	651	161	4	0.19827586206896552
chr2:196729260:G>A	238	59	4	0.19865319865319866
chr2:237817651:C>T	225	28	4	0.11067193675889328
chr4:9783230:G>A	413	80	6	0.16227180527383367
chr5:5457507:A>G	358	77	6	0.17701149425287357
chr5:141124210:G>A	767	158	6	0.17081081081081081
chr7:43554727:G>A	379	85	4	0.18318965517241378
chr7:92447895:G>A	538	14	4	0.025362318840579712
chr8:124003338:A>-	224	32	4	0.125
chr9:110800699:T>-	299	94	4	0.23918575063613232
chr9:127789452:G>A	421	97	4	0.18725868725868725
