mutation_id	ref_counts	var_counts	total_cn	VAF
chr1:244552771:G>C	71	44	2	0.3826086956521739
chr1:247301263:C>T	117	80	2	0.40609137055837563
chr11:61316299:G>A	114	91	2	0.44390243902439025
chr11:121128214:G>A	172	130	2	0.4304635761589404
chr12:112450385:G>A	158	125	2	0.4416961130742049
chr14:93294050:->T	310	102	3	0.24757281553398058
chr15:29126298:G>A	170	114	2	0.4014084507042254
chr17:40163544:C>T	278	122	3	0.305
chr17:81458896:G>A	382	141	3	0.2695984703632887
chr2:66442907:C>T	105	84	2	0.4444444444444444
chr3:39502808:G>A	532	20	2	0.036231884057971016
chr6:30724118:C>T	626	222	3	0.2617924528301887
chr8:26044799:C>T	371	111	3	0.23029045643153526
chr9:18723042:C>T	122	106	2	0.4649122807017544
