mutation_id	ref_counts	var_counts	total_cn	VAF
chr1:183636168:G>T	459	20	2	0.04175365344467641
chr12:51365559:C>G	567	22	2	0.03735144312393888
chr19:36060006:A>C	542	28	2	0.04912280701754386
chr20:32825947:C>G	336	13	2	0.03724928366762178
chr4:186639779:G>C	376	18	2	0.04568527918781726
chr5:61543831:G>C	510	15	2	0.02857142857142857
chr7:44112567:G>C	349	19	2	0.051630434782608696
