mutation_id	ref_counts	var_counts	total_cn	VAF
chr1:64864870:T>G	560	27	2	0.04599659284497445
chr11:56159816:A>T	334	17	2	0.04843304843304843
chr12:57099842:C>T	440	13	1	0.02869757174392936
chr16:76521262:T>C	204	24	2	0.10526315789473684
chr4:102809813:->GG	241	46	2	0.1602787456445993
chr4:103176028:C>T	180	27	2	0.13043478260869565
chr5:148827592:C>T	365	72	2	0.16475972540045766
chr8:76864168:A>T	368	50	2	0.11961722488038277
chr8:109464759:C>G	448	14	2	0.030303030303030304
chr9:132645912:C>G	169	49	2	0.22477064220183487
