mutation_id	ref_counts	var_counts	total_cn	VAF
chr10:97901634:G>A	141	103	2	0.42213114754098363
chr13:35593409:T>C	168	74	2	0.30578512396694213
chr15:62701188:C>T	148	103	2	0.4103585657370518
chr2:173956094:->AT	166	69	2	0.2936170212765957
chr9:106939032:G>A	304	138	2	0.31221719457013575
chrX:80692107:C>T	38	40	1	0.5128205128205128
