mutation_id	ref_counts	var_counts	total_cn	VAF
chr1:114716126:C>A	184	116	2	0.38666666666666666
chr1:219611204:G>A	258	190	2	0.42410714285714285
chr10:99611242:C>T	490	30	2	0.057692307692307696
chr12:113094878:C>G	421	195	2	0.31655844155844154
chr17:7673772:->CCT	338	117	2	0.2571428571428571
chr19:17876058:G>A	312	121	2	0.279445727482679
chr3:41895539:C>T	240	11	2	0.043824701195219126
chr4:113902862:C>A	498	28	2	0.053231939163498096
chr6:30489544:A>G	271	134	2	0.3308641975308642
chrX:45083512:->GT	363	176	2	0.32653061224489793
