mutation_id	ref_counts	var_counts	total_cn	VAF
chr1:11794011:G>A	291	80	2	0.215633423180593
chr1:68444647:C>T	192	30	2	0.13513513513513514
chr15:43636050:C>A	76	14	2	0.15555555555555556
chr16:4699120:->TCTTTACTCCACT	235	42	2	0.15162454873646208
chr2:90100738:->CTTCC	171	27	2	0.13636363636363635
chr2:185792641:G>A	129	34	2	0.2085889570552147
chr3:183099413:G>C	526	17	2	0.03130755064456722
chr5:181224136:A>G	348	96	2	0.21621621621621623
