mutation_id	ref_counts	var_counts	total_cn	VAF
chr1:114716127:C>A	244	38	2	0.1347517730496454
chr10:97896939:C>T	274	78	2	0.2215909090909091
chr14:102047972:C>T	507	65	2	0.11363636363636363
chr16:3738616:C>T	224	62	2	0.21678321678321677
chr3:165190415:A>G	178	39	2	0.17972350230414746
chr7:51191061:G>A	221	57	2	0.20503597122302158
chrX:31071925:C>T	306	105	1	0.25547445255474455
