mutation_id	ref_counts	var_counts	total_cn	VAF
chr1:112448973:G>A	230	87	2	0.2744479495268139
chr10:122488998:G>A	298	77	3	0.20533333333333334
chr11:36575723:TTCTAC>-	345	60	2	0.14814814814814814
chr11:113418063:G>A	356	138	2	0.2793522267206478
chr14:106627250:C>-	129	53	1	0.29120879120879123
chr15:51394844:G>A	290	125	2	0.30120481927710846
chr17:28524632:G>A	431	198	2	0.314785373608903
chr17:64504223:A>C	243	110	2	0.311614730878187
chr19:8589522:G>A	456	195	2	0.2995391705069124
chr20:56536195:A>G	213	89	2	0.2947019867549669
chr22:22376502:TTCTCACAGT>CTTACAG	267	83	2	0.23714285714285716
chr3:135154224:C>T	420	155	2	0.26956521739130435
chr4:5988395:A>T	323	119	2	0.2692307692307692
chr7:158316838:C>T	450	188	2	0.2946708463949843
chr8:52661098:C>T	169	87	2	0.33984375
