mutation_id	ref_counts	var_counts	total_cn	VAF
chr1:114716123:C>T	215	49	2	0.1856060606060606
chr19:32802693:C>T	214	84	2	0.28187919463087246
chr2:1239749:G>A	313	111	2	0.2617924528301887
chr4:7434451:C>T	497	30	2	0.056925996204933584
chr4:70335606:C>T	151	82	2	0.351931330472103
chr6:152325169:C>T	270	82	2	0.23295454545454544
