mutation_id	ref_counts	var_counts	total_cn	VAF
chr1:235812997:A>G	249	87	2	0.25892857142857145
chr10:69923809:C>A	468	18	2	0.037037037037037035
chr11:17356931:A>G	618	18	2	0.02830188679245283
chr11:64989473:C>T	612	104	2	0.1452513966480447
chr11:77039635:->CC	630	58	2	0.08430232558139535
chr13:24793208:G>A	386	262	2	0.404320987654321
chr15:78771643:->T	525	63	2	0.10714285714285714
chr16:57137274:ACG>TACT	517	66	2	0.11320754716981132
chr16:84067810:C>G	208	141	2	0.4040114613180516
chr2:60460653:G>T	591	82	2	0.12184249628528974
chr2:132783872:G>A	314	45	2	0.12534818941504178
chr2:235041664:G>A	442	190	2	0.30063291139240506
chr6:31745271:T>G	319	222	2	0.41035120147874304
chr7:141212681:G>A	357	56	2	0.13559322033898305
chr8:99520994:A>G	311	24	2	0.07164179104477612
