mutation_id	ref_counts	var_counts	total_cn	VAF
chr10:70749968:G>T	429	20	2	0.044543429844097995
chr12:55130350:C>T	350	121	2	0.25690021231422505
chr14:85622753:C>T	290	143	2	0.3302540415704388
chr15:82677719:G>A	496	24	2	0.046153846153846156
chr2:178542551:G>A	125	77	2	0.3811881188118812
chr7:101420033:C>T	320	148	2	0.3162393162393162
chrX:134413520:G>T	210	14	1	0.0625
