mutation_id	ref_counts	var_counts	total_cn	VAF
chr1:110061484:G>A	236	190	2	0.4460093896713615
chr11:72138960:G>T	140	131	2	0.4833948339483395
chr12:31984332:A>G	177	111	2	0.3854166666666667
chr17:7673802:C>G	232	188	2	0.44761904761904764
chr17:74372456:C>A	241	184	2	0.4329411764705882
chr17:81238988:G>A	324	266	2	0.45084745762711864
chr19:35126524:C>T	564	61	2	0.0976
chr2:37951839:T>C	200	66	2	0.24812030075187969
chr2:178632965:G>A	366	19	2	0.04935064935064935
chr5:169717426:T>G	302	20	2	0.062111801242236024
chr7:149860921:C>T	293	212	2	0.4198019801980198
chrX:26161348:G>A	20	163	1	0.8907103825136612
