mutation_id	ref_counts	var_counts	total_cn	VAF
chr1:89262718:T>C	133	98	2	0.42424242424242425
chr11:95050516:G>A	245	45	2	0.15517241379310345
chr12:27415898:C>T	100	29	2	0.2248062015503876
chr12:45050533:G>A	236	109	2	0.3159420289855073
chr12:49038385:G>C	232	169	2	0.42144638403990026
chr13:36985644:C>T	155	89	2	0.36475409836065575
chr14:23387531:C>G	143	80	2	0.35874439461883406
chr15:80470244:G>A	132	68	2	0.34
chr16:70469194:G>A	171	103	2	0.3759124087591241
chr16:74909579:C>T	245	118	2	0.325068870523416
chr18:31334086:G>A	71	20	2	0.21978021978021978
chr19:55801684:G>A	201	119	2	0.371875
chr5:83490381:C>A	225	144	2	0.3902439024390244
chr5:140883794:C>T	319	222	2	0.41035120147874304
chr5:150649653:C>T	327	203	2	0.38301886792452833
chr8:143791425:C>T	333	196	2	0.3705103969754253
chr9:131197284:T>A	149	77	2	0.3407079646017699
