mutation_id	ref_counts	var_counts	total_cn	VAF
chr1:22955409:G>A	358	42	4	0.105
chr1:175403484:C>T	521	124	6	0.19224806201550387
chr13:38859365:C>T	476	57	4	0.10694183864915573
chr19:5210774:G>T	464	19	4	0.039337474120082816
chr19:17646103:C>T	324	18	4	0.05263157894736842
chr2:50055006:G>A	194	35	4	0.15283842794759825
chr2:99565576:C>T	329	70	4	0.17543859649122806
chr2:236581520:C>T	311	18	4	0.0547112462006079
chr22:20149452:C>T	494	41	4	0.07663551401869159
chr4:48620699:T>C	342	59	6	0.14713216957605985
chr5:94894738:G>T	380	19	4	0.047619047619047616
chr8:132024615:C>T	576	84	6	0.12727272727272726
