mutation_id	ref_counts	var_counts	total_cn	VAF
chr1:34178090:G>T	214	13	2	0.05726872246696035
chr14:21523927:G>A	303	79	2	0.20680628272251309
chr14:106627248:->A	169	88	2	0.3424124513618677
chr2:27576113:G>T	345	12	2	0.03361344537815126
chr3:27404848:->T	123	73	2	0.37244897959183676
chr5:132486824:G>A	237	38	2	0.13818181818181818
