mutation_id	ref_counts	var_counts	total_cn	VAF
chr11:17393008:C>T	130	106	2	0.4491525423728814
chr11:55554363:G>-	175	102	2	0.36823104693140796
chr12:125654085:G>A	199	192	2	0.49104859335038364
chr14:93242374:C>G	434	184	3	0.2977346278317152
chr16:57919175:G>A	184	150	2	0.4491017964071856
chr17:78475408:C>T	420	183	3	0.3034825870646766
chr20:32433747:C>T	281	194	2	0.40842105263157896
chr22:39488001:C>T	489	15	2	0.02976190476190476
chr4:2875991:G>A	151	238	3	0.6118251928020566
chr4:55600523:C>T	113	174	3	0.6062717770034843
chr4:78421969:C>G	165	276	3	0.6258503401360545
chr5:140807319:C>T	192	150	2	0.43859649122807015
chr6:167291548:C>T	235	112	3	0.3227665706051873
chr7:21430157:C>T	197	167	2	0.45879120879120877
chr7:31696987:T>C	123	130	2	0.5138339920948617
chr7:137654755:C>A	142	78	2	0.35454545454545455
chr8:109510851:C>G	191	170	2	0.4709141274238227
chr9:39358945:G>A	366	52	2	0.12440191387559808
chrX:49230482:C>T	549	170	4	0.2364394993045897
