mutation_id	ref_counts	var_counts	total_cn	VAF
chr1:101836902:G>T	192	112	2	0.3684210526315789
chr1:152948692:G>A	37	28	2	0.4307692307692308
chr12:62391317:->A	279	42	2	0.1308411214953271
chr14:106511119:->CCCCCCCCTCATCCCACCCAC	27	11	1	0.2894736842105263
chr14:106511175:A>G	30	8	1	0.21052631578947367
chr17:11929964:A>G	241	166	2	0.40786240786240785
chr18:79337381:G>A	497	64	2	0.1140819964349376
chr19:8498723:G>A	492	52	2	0.09558823529411764
chr3:148883807:G>A	192	10	2	0.04950495049504951
chr6:57147837:C>T	434	15	2	0.0334075723830735
chr9:34976565:G>A	224	156	2	0.4105263157894737
