mutation_id	ref_counts	var_counts	total_cn	VAF
chr1:11658380:G>A	221	76	4	0.2558922558922559
chr1:152760681:G>A	614	63	4	0.0930576070901034
chr1:197200462:C>T	139	54	4	0.27979274611398963
chr1:205663550:G>A	650	62	4	0.08707865168539326
chr10:97901599:C>T	438	83	6	0.15930902111324377
chr12:25245351:C>G	261	88	4	0.2521489971346705
chr12:80496026:T>A	300	21	4	0.06542056074766354
chr12:108560993:C>A	408	157	4	0.2778761061946903
chr14:22449125:->GAAA	293	72	6	0.19726027397260273
chr17:75524334:C>T	500	116	6	0.18831168831168832
chr19:5757891:G>A	372	119	4	0.24236252545824846
chr2:27578433:G>T	413	56	4	0.11940298507462686
chr7:44513553:C>T	342	134	4	0.2815126050420168
chr7:157682905:C>T	415	56	4	0.11889596602972399
chr9:34971401:C>T	570	69	4	0.107981220657277
chrX:27461893:T>A	349	83	8	0.19212962962962962
