mutation_id	ref_counts	var_counts	total_cn	VAF
chr1:1806512:C>A	210	99	2	0.32038834951456313
chr1:64845520:C>A	181	103	2	0.3626760563380282
chr12:70745918:C>T	232	140	2	0.3763440860215054
chr19:16865447:G>A	262	141	2	0.34987593052109184
chr19:51006658:C>T	304	206	2	0.403921568627451
chr3:122718151:C>T	218	139	2	0.38935574229691877
chrX:34943686:G>A	328	217	2	0.3981651376146789
