mutation_id	ref_counts	var_counts	total_cn	VAF
chr1:114716127:C>T	274	69	2	0.20116618075801748
chr1:216422289:G>T	134	129	2	0.49049429657794674
chr11:2414745:G>A	434	97	2	0.18267419962335216
chr11:5342998:A>T	155	35	2	0.18421052631578946
chr11:6622266:G>T	319	236	2	0.4252252252252252
chr11:57690420:C>T	355	25	2	0.06578947368421052
chr11:92799530:G>A	337	28	2	0.07671232876712329
chr11:125954140:C>T	200	191	2	0.4884910485933504
chr12:10451035:G>A	212	164	2	0.43617021276595747
chr12:25245350:C>T	304	70	2	0.18716577540106952
chr13:28034195:T>G	153	107	2	0.4115384615384615
chr15:72046170:G>A	201	167	2	0.453804347826087
chr16:46897733:G>A	159	105	2	0.3977272727272727
chr16:71431159:T>C	275	69	2	0.2005813953488372
chr16:75479262:G>A	332	326	2	0.49544072948328266
chr17:76008323:G>A	663	300	3	0.3115264797507788
chr17:76292200:G>A	860	392	3	0.31309904153354634
chr18:13826410:C>T	508	256	3	0.33507853403141363
chr18:33333239:G>C	361	142	3	0.2823061630218688
chr19:10135761:C>T	277	75	2	0.21306818181818182
chr19:55302158:C>A	200	168	2	0.45652173913043476
chr2:119247855:C>T	397	273	2	0.40746268656716417
chr21:43021374:C>T	407	65	3	0.13771186440677965
chr3:405640:G>A	158	114	2	0.41911764705882354
chr4:2452210:C>T	393	202	3	0.33949579831932775
chr4:72283658:C>A	365	125	3	0.25510204081632654
chr4:125320420:G>C	296	146	3	0.33031674208144796
chr5:19473407:G>T	246	213	2	0.46405228758169936
chr5:112861399:C>T	409	94	2	0.18687872763419483
chr6:70525007:C>T	247	81	3	0.24695121951219512
chr6:151349689:C>T	467	187	3	0.28593272171253825
chr7:117592542:G>A	150	191	2	0.5601173020527859
chr8:97277126:C>T	276	248	2	0.4732824427480916
