mutation_id	ref_counts	var_counts	total_cn	VAF
chr1:114139663:C>T	347	50	2	0.12594458438287154
chr1:114716126:C>G	178	93	2	0.34317343173431736
chr1:228307428:G>C	307	190	2	0.3822937625754527
chr11:18743376:G>A	366	33	2	0.08270676691729323
chr11:124751573:G>A	162	109	2	0.4022140221402214
chr12:34026325:G>A	322	27	2	0.07736389684813753
chr15:86247817:C>T	443	29	2	0.0614406779661017
chr19:2418034:G>A	179	108	2	0.37630662020905925
chr19:47476619:G>C	309	196	2	0.38811881188118813
chr2:151639328:G>A	304	21	2	0.06461538461538462
chr22:35727166:T>A	234	162	2	0.4090909090909091
chr22:42636728:A>G	179	106	2	0.3719298245614035
chr3:44256215:C>T	217	123	2	0.36176470588235293
