mutation_id	ref_counts	var_counts	total_cn	VAF
chr1:46941341:C>T	415	116	2	0.2184557438794727
chr10:62656476:G>A	204	108	2	0.34615384615384615
chr12:6906638:C>T	67	71	1	0.5144927536231884
chr12:130434830:G>A	373	159	2	0.29887218045112784
chr19:40846024:C>A	580	18	2	0.030100334448160536
chr19:47066500:G>A	435	233	2	0.34880239520958084
chr20:36897875:C>T	298	154	2	0.3407079646017699
chr6:64821713:G>C	159	72	2	0.3116883116883117
chr6:113956679:C>G	262	55	2	0.17350157728706625
chr7:140753355:C>T	316	22	2	0.0650887573964497
chrX:37008533:G>A	79	299	1	0.791005291005291
chrX:50635349:G>A	145	239	1	0.6223958333333334
chrX:104040304:G>A	375	24	1	0.06015037593984962
