mutation_id	ref_counts	var_counts	total_cn	VAF
chr1:114709582:G>A	321	13	2	0.038922155688622756
chr1:152305051:C>T	222	193	2	0.4650602409638554
chr1:169470056:A>G	203	96	2	0.3210702341137124
chr11:123061294:G>A	345	24	2	0.06504065040650407
chr12:830040:G>A	334	13	2	0.037463976945244955
chr12:11839182:->A	328	196	2	0.37404580152671757
chr13:23332969:C>T	330	32	2	0.08839779005524862
chr13:38690578:G>A	256	31	2	0.10801393728222997
chr16:70474964:G>A	354	149	2	0.2962226640159046
chr17:35139959:G>T	261	103	2	0.28296703296703296
chr18:79410781:C>T	331	184	2	0.3572815533980582
chr19:47682119:C>T	274	172	2	0.38565022421524664
chr2:89099879:G>T	20	3	0	0.13043478260869565
chr2:127428793:C>T	504	47	2	0.0852994555353902
chr22:31897498:G>A	188	81	2	0.30111524163568776
chr3:100646683:C>T	241	98	2	0.2890855457227139
chr4:24576290:G>C	284	14	2	0.04697986577181208
chr4:47572976:C>G	239	14	2	0.05533596837944664
chr6:7580680:G>A	222	123	2	0.3565217391304348
chr6:54124586:C>T	257	191	2	0.4263392857142857
chr8:108455872:G>T	10	3	2	0.23076923076923078
chrX:64190839:C>G	314	158	2	0.3347457627118644
chrX:78273111:G>A	204	21	2	0.09333333333333334
chrX:101840498:C>A	219	109	2	0.3323170731707317
