mutation_id	ref_counts	var_counts	total_cn	VAF
chr1:85164583:C>T	265	13	2	0.046762589928057555
chr1:236029618:G>A	425	87	2	0.169921875
chr11:121478122:A>G	130	8	2	0.057971014492753624
chr12:323141:T>C	272	58	2	0.17575757575757575
chr12:25245350:C>T	339	64	2	0.1588089330024814
chr13:112969396:G>A	203	50	2	0.1976284584980237
chr22:41238595:C>T	620	26	2	0.04024767801857585
chr7:123169281:G>T	298	44	2	0.1286549707602339
chr8:127416087:C>T	810	34	2	0.04028436018957346
chrX:118573819:T>A	268	42	4	0.13548387096774195
