mutation_id	ref_counts	var_counts	total_cn	VAF
chr10:29523574:C>T	309	17	2	0.05214723926380368
chr16:1667336:G>A	118	8	1	0.06349206349206349
chr17:39875406:T>A	196	9	2	0.04390243902439024
chr17:63829512:A>T	103	92	2	0.4717948717948718
chr19:7869329:G>C	526	64	2	0.10847457627118644
chr19:7871135:G>C	453	43	2	0.08669354838709678
chr19:7872202:G>A	493	53	2	0.09706959706959707
chr20:49236378:C>T	293	12	2	0.03934426229508197
chr22:38067758:T>C	119	96	2	0.44651162790697674
chr3:12503686:C>A	389	19	2	0.04656862745098039
chr3:58008631:->GCC	176	152	2	0.4634146341463415
chr3:184338431:C>T	152	144	2	0.4864864864864865
chr4:121036556:G>C	112	99	2	0.46919431279620855
chr4:148081459:C>T	132	115	2	0.46558704453441296
chr8:104148838:C>T	146	10	2	0.0641025641025641
chr9:113583958:C>T	214	176	2	0.4512820512820513
chrX:32699288:C>A	65	10	1	0.13333333333333333
