mutation_id	ref_counts	var_counts	total_cn	VAF
chr1:84414586:G>A	231	83	2	0.2643312101910828
chr1:176740090:C>T	386	201	2	0.3424190800681431
chr10:92456389:C>T	176	70	2	0.2845528455284553
chr14:106421700:CTCACTGTGTGTCT>TCAGGA	236	93	2	0.2826747720364742
chr17:63819853:G>A	356	169	2	0.3219047619047619
chr4:83594923:C>T	151	110	2	0.421455938697318
chr7:128880039:A>G	784	40	2	0.04854368932038835
