mutation_id	ref_counts	var_counts	total_cn	VAF
chr14:37841567:T>A	514	21	3	0.03925233644859813
chr15:26621532:A>G	96	97	2	0.5025906735751295
chr17:4881016:C>T	249	45	2	0.15306122448979592
chr19:45804669:G>A	307	241	2	0.4397810218978102
chr3:157437870:T>A	277	288	2	0.5097345132743363
chr8:8328398:G>A	494	224	3	0.31197771587743733
chrX:15564186:C>T	331	47	2	0.12433862433862433
