mutation_id	ref_counts	var_counts	total_cn	VAF
chr1:54139795:G>A	227	199	2	0.4671361502347418
chr10:21495858:G>C	272	222	2	0.4493927125506073
chr11:119278165:G>T	86	44	2	0.3384615384615385
chr12:80610530:A>C	94	77	2	0.4502923976608187
chr19:15425243:G>C	99	84	2	0.45901639344262296
chr2:119611729:G>A	93	90	2	0.4918032786885246
chr21:10569457:T>C	71	8	2	0.10126582278481013
chr22:22031471:->G	91	58	2	0.38926174496644295
chr22:40308642:->A	131	90	2	0.4072398190045249
chr3:51590519:G>T	168	126	2	0.42857142857142855
chr8:17098548:G>A	95	62	2	0.39490445859872614
chr8:39584638:G>T	337	28	2	0.07671232876712329
chr9:104809474:G>C	169	19	2	0.10106382978723404
