mutation_id	ref_counts	var_counts	total_cn	VAF
chr1:43448233:C>G	422	15	2	0.034324942791762014
chr10:46330068:C>G	136	69	2	0.33658536585365856
chr12:25245328:C>G	170	79	2	0.3172690763052209
chr13:26642328:G>A	151	75	2	0.33185840707964603
chr14:61045403:C>T	137	44	2	0.2430939226519337
chr14:74022988:G>A	206	14	2	0.06363636363636363
chr14:106714684:->CTCCCCCCC	56	11	1	0.16417910447761194
chr15:23687130:C>G	235	101	2	0.3005952380952381
chr16:68829713:C>T	221	133	2	0.3757062146892655
chr18:76908438:G>A	245	120	2	0.3287671232876712
chr2:142130695:G>A	189	120	2	0.3883495145631068
chr2:154855055:C>T	205	90	2	0.3050847457627119
chr2:185804557:C>T	100	31	2	0.2366412213740458
chr2:188570080:T>A	49	11	2	0.18333333333333332
chr2:219418642:G>A	373	192	2	0.3398230088495575
chr3:44786555:C>T	161	31	2	0.16145833333333334
chr3:126621898:C>G	124	35	2	0.22012578616352202
chr4:1961074:G>A	166	92	2	0.35658914728682173
chr6:64590840:G>A	79	15	2	0.1595744680851064
chr6:162262697:C>G	202	100	2	0.33112582781456956
chr7:37914232:G>A	183	71	2	0.2795275590551181
chrX:106662158:C>T	42	101	1	0.7062937062937062
