mutation_id	ref_counts	var_counts	total_cn	VAF
chr12:49026941:C>T	388	219	2	0.36079077429983525
chr17:44320721:C>A	227	94	2	0.29283489096573206
chr19:45179305:C>T	346	178	2	0.33969465648854963
chr2:144389881:T>C	385	201	2	0.3430034129692833
chr2:218814972:G>A	265	112	2	0.29708222811671087
chr7:156969662:G>A	302	110	3	0.2669902912621359
chr9:136791417:A>T	418	181	2	0.3021702838063439
