mutation_id	ref_counts	var_counts	total_cn	VAF
chr11:47420292:G>C	494	34	2	0.06439393939393939
chr11:94486003:A>T	309	25	2	0.0748502994011976
chr19:47260422:G>A	348	20	2	0.05434782608695652
chr5:41201626:A>C	532	22	2	0.039711191335740074
chr5:140787844:C>T	986	52	2	0.05009633911368015
