mutation_id	ref_counts	var_counts	total_cn	VAF
chr1:114713907:T>G	162	94	2	0.3671875
chr1:116600169:C>A	211	155	2	0.42349726775956287
chr11:4330078:G>T	227	109	2	0.3244047619047619
chr17:40167896:G>A	273	90	3	0.24793388429752067
chr17:48550865:C>T	384	141	3	0.26857142857142857
chr19:38469119:C>T	145	22	2	0.1317365269461078
chr2:196732495:G>T	116	17	2	0.12781954887218044
chr2:236580778:G>A	150	131	2	0.46619217081850534
chr3:45966409:C>A	233	149	2	0.3900523560209424
chr4:6609116:->GG	281	26	3	0.08469055374592833
chr4:188003485:C>T	191	78	3	0.2899628252788104
chr8:27240147:G>T	134	205	3	0.6047197640117994
chr9:90613442:C>T	264	18	2	0.06382978723404255
chrX:48576567:G>C	465	108	4	0.18848167539267016
