mutation_id	ref_counts	var_counts	total_cn	VAF
chr1:229249799:A>G	193	192	2	0.4987012987012987
chr10:25597880:C>T	299	172	3	0.3651804670912951
chr10:35175959:A>T	329	111	3	0.25227272727272726
chr10:105256839:G>A	457	115	3	0.20104895104895104
chr11:125627672:G>A	142	83	2	0.3688888888888889
chr12:25245347:C>T	202	110	2	0.3525641025641026
chr12:29477372:A>T	157	128	2	0.44912280701754387
chr12:55426532:T>A	130	100	2	0.43478260869565216
chr14:99174828:G>A	285	125	3	0.3048780487804878
chr15:71811496:G>A	156	115	2	0.42435424354243545
chr16:89595580:G>A	160	92	2	0.36507936507936506
chr17:33021300:G>A	207	75	3	0.26595744680851063
chr17:41140436:C>T	606	238	3	0.28199052132701424
chr19:22316052:C>A	155	77	2	0.33189655172413796
chr2:130763276:->GGC	247	127	2	0.339572192513369
chr2:140444677:C>T	96	108	2	0.5294117647058824
chr2:185807065:C>T	105	78	2	0.4262295081967213
chr3:98353955:C>T	195	134	2	0.4072948328267477
chr4:1961074:G>A	323	123	3	0.2757847533632287
chr4:8846289:C>T	344	153	3	0.30784708249496984
chr4:39254007:T>C	222	110	3	0.3313253012048193
chr4:125450618:C>T	331	137	3	0.29273504273504275
chr5:168423863:C>T	254	233	2	0.4784394250513347
chrX:66203468:C>T	536	30	2	0.053003533568904596
