mutation_id	ref_counts	var_counts	total_cn	VAF
chr1:23431860:G>A	336	54	2	0.13846153846153847
chr1:35834110:G>C	325	43	2	0.11684782608695653
chr1:100467999:G>A	412	13	2	0.03058823529411765
chr1:153771886:G>A	652	85	2	0.11533242876526459
chr1:233375963:C>T	330	36	2	0.09836065573770492
chr1:237791458:G>A	322	11	2	0.03303303303303303
chr10:24584502:C>T	450	47	2	0.09456740442655935
chr10:45003786:C>T	290	52	2	0.15204678362573099
chr10:53821893:C>T	189	30	2	0.136986301369863
chr11:3659889:A>C	562	74	2	0.11635220125786164
chr11:62526358:C>G	354	53	2	0.13022113022113022
chr11:124924989:G>T	414	14	2	0.03271028037383177
chr12:20646863:G>C	372	11	2	0.028720626631853787
chr13:33129566:C>T	393	44	2	0.10068649885583524
chr14:75091378:G>A	518	57	2	0.09913043478260869
chr15:59223095:C>A	274	42	2	0.13291139240506328
chr16:14447032:C>G	434	61	2	0.12323232323232323
chr16:19642432:G>C	400	16	2	0.038461538461538464
chr17:7313074:G>T	334	54	2	0.13917525773195877
chr17:75497788:C>G	314	43	2	0.12044817927170869
chr19:56577246:C>G	366	45	2	0.10948905109489052
chr2:27575112:C>T	250	39	2	0.13494809688581316
chr2:65071727:C>G	409	65	2	0.1371308016877637
chr2:134898389:G>C	304	50	2	0.14124293785310735
chr22:21634529:G>A	303	40	2	0.11661807580174927
chr3:20171192:C>T	206	32	2	0.13445378151260504
chr3:42686236:C>T	610	30	2	0.046875
chr3:88465425:C>A	434	16	2	0.035555555555555556
chr4:148152471:A>G	157	8	2	0.048484848484848485
chr4:186284212:C>T	452	14	2	0.030042918454935622
chr5:36200249:C>G	179	29	2	0.13942307692307693
chr5:72848430:C>T	430	39	2	0.08315565031982942
chr5:137953365:C>G	274	27	2	0.08970099667774087
chr6:43188696:C>A	278	24	2	0.07947019867549669
chr6:46691672:G>C	182	17	2	0.08542713567839195
chr6:56619494:C>T	236	25	2	0.09578544061302682
chr6:89950272:C>A	143	20	2	0.12269938650306748
chr7:66941877:C>T	226	32	2	0.12403100775193798
chr7:120275235:G>C	364	40	2	0.09900990099009901
chr7:120275236:A>T	364	40	2	0.09900990099009901
chr8:30845948:C>T	265	45	2	0.14516129032258066
chr8:76704883:C>T	380	16	2	0.04040404040404041
chr9:131487995:T>C	490	53	2	0.09760589318600368
chr9:137790873:C>G	267	46	2	0.14696485623003194
chrX:27462741:C>T	236	36	2	0.1323529411764706
chrX:48981798:C>T	490	18	2	0.03543307086614173
