mutation_id	ref_counts	var_counts	total_cn	VAF
chr1:45340301:G>A	502	65	2	0.1146384479717813
chr1:160237135:G>A	187	34	2	0.15384615384615385
chr1:215680215:C>G	245	78	2	0.24148606811145512
chr11:45946094:A>C	185	91	2	0.32971014492753625
chr11:59181842:C>T	261	176	2	0.40274599542334094
chr12:119130716:G>A	221	169	2	0.43333333333333335
chr13:32124626:A>T	112	20	2	0.15151515151515152
chr13:36865689:C>T	151	124	2	0.4509090909090909
chr13:49705690:G>C	206	40	2	0.16260162601626016
chr14:52027250:G>A	389	85	2	0.17932489451476794
chr14:105381074:G>C	235	45	2	0.16071428571428573
chr15:90443408:G>C	153	29	2	0.15934065934065933
chr16:48111603:C>G	217	42	2	0.16216216216216217
chr16:89284537:C>G	278	50	2	0.1524390243902439
chr16:89284616:C>G	271	52	2	0.1609907120743034
chr19:1399527:C>G	260	50	2	0.16129032258064516
chr19:8430716:G>C	464	87	2	0.15789473684210525
chr19:35538671:C>T	254	14	2	0.05223880597014925
chr19:37636115:G>T	165	36	2	0.1791044776119403
chr19:37889543:G>A	201	54	2	0.21176470588235294
chr19:48117664:G>C	274	71	2	0.20579710144927535
chr19:55896077:G>C	238	46	2	0.1619718309859155
chr20:32014981:C>T	429	79	2	0.15551181102362205
chr20:49221577:C>T	240	46	2	0.16083916083916083
chr22:21772887:C>T	245	47	2	0.16095890410958905
chr22:50278215:C>T	295	67	2	0.1850828729281768
chr3:5195226:A>T	163	21	2	0.11413043478260869
chr3:49022159:C>T	338	66	2	0.16336633663366337
chr3:64615427:C>T	314	35	2	0.10028653295128939
chr3:130571121:C>T	283	178	2	0.38611713665943603
chr4:105695531:C>G	152	29	2	0.16022099447513813
chr4:125479759:C>T	147	93	2	0.3875
chr4:146224559:G>A	314	37	2	0.10541310541310542
chr4:172229699:C>T	188	101	2	0.3494809688581315
chr5:141210496:G>A	494	283	2	0.3642213642213642
chr5:141351874:C>T	688	19	2	0.026874115983026876
chr6:13615386:C>G	381	78	2	0.16993464052287582
chr6:27815328:C>T	154	13	1	0.07784431137724551
chr6:105158651:G>T	254	42	2	0.14189189189189189
chr6:107633913:G>A	476	78	2	0.1407942238267148
chr7:141839415:G>C	279	37	2	0.11708860759493671
chr8:142764620:G>A	267	52	2	0.16300940438871472
chr9:35711011:T>C	152	103	2	0.403921568627451
chr9:97376795:G>C	211	32	2	0.13168724279835392
chr9:121173296:G>C	212	35	2	0.1417004048582996
chrX:66208187:C>G	113	60	1	0.3468208092485549
