mutation_id	ref_counts	var_counts	total_cn	VAF
chr1:18634326:C>T	187	143	2	0.43333333333333335
chr1:114709583:C>T	176	103	2	0.36917562724014336
chr1:156652855:C>T	269	151	2	0.3595238095238095
chr10:52271408:A>T	392	17	2	0.04156479217603912
chr11:117481235:G>A	486	16	2	0.03187250996015936
chr11:124015674:G>A	86	54	2	0.38571428571428573
chr13:36695324:C>T	208	181	2	0.4652956298200514
chr15:32900040:C>T	242	124	2	0.33879781420765026
chr17:3714861:C>G	166	79	2	0.3224489795918367
chr19:16377140:G>A	177	104	2	0.3701067615658363
chr19:48703500:C>A	412	17	2	0.039627039627039624
chr21:39181871:G>A	71	36	2	0.3364485981308411
chr21:41801596:C>T	182	144	2	0.44171779141104295
chr22:26670370:C>T	412	15	2	0.0351288056206089
chr3:119383140:G>A	187	111	2	0.3724832214765101
chr4:186197579:C>T	125	56	2	0.30939226519337015
chr6:132692237:G>A	228	21	2	0.08433734939759036
chr7:122886337:T>G	157	116	2	0.4249084249084249
chr8:22920189:C>T	222	16	2	0.06722689075630252
chrX:43795787:C>G	542	16	2	0.02867383512544803
chrX:143628178:G>A	156	20	2	0.11363636363636363
