mutation_id	ref_counts	var_counts	total_cn	VAF
chr10:82959063:C>A	359	137	3	0.2762096774193548
chr12:57199332:C>T	320	240	2	0.42857142857142855
chr12:112489093:A>C	260	199	2	0.4335511982570806
chr13:28018503:A>C	225	177	2	0.44029850746268656
chr15:87880318:C>T	469	171	3	0.2671875
chr17:823637:G>C	518	31	3	0.056466302367941715
chr4:95840713:G>C	477	218	3	0.31366906474820144
chr4:154744419:C>G	479	191	3	0.28507462686567164
chr4:182324121:G>A	524	225	3	0.30040053404539385
