mutation_id	ref_counts	var_counts	total_cn	VAF
chr10:60186737:G>A	255	67	2	0.2080745341614907
chr10:111079044:C>T	724	222	2	0.2346723044397463
chr11:56463173:G>A	361	102	2	0.2203023758099352
chr11:90202412:G>A	208	71	2	0.25448028673835127
chr12:25245347:C>T	293	72	2	0.19726027397260273
chr12:64836534:C>T	197	70	2	0.26217228464419473
chr14:20295828:C>T	344	95	2	0.2164009111617312
chr14:29597649:C>A	476	87	2	0.15452930728241562
chr15:91916392:G>T	422	138	2	0.24642857142857144
chr17:19415767:C>T	382	151	2	0.28330206378986866
chr17:72124025:G>A	750	188	2	0.20042643923240938
chr19:7862990:G>A	301	102	2	0.2531017369727047
chr2:27207555:G>A	395	180	2	0.3130434782608696
chr22:39964519:G>A	285	89	2	0.23796791443850268
chr3:158596914:G>A	128	26	2	0.16883116883116883
chr4:5856261:G>A	322	74	2	0.18686868686868688
chr4:54100781:C>T	840	232	2	0.21641791044776118
chr4:54290418:G>A	554	146	2	0.20857142857142857
chr4:182792301:C>T	251	70	2	0.21806853582554517
chr6:127813007:C>T	453	98	2	0.17785843920145192
chr6:128078815:G>A	287	61	2	0.1752873563218391
chr6:161350131:C>G	496	85	2	0.14629948364888123
chr7:89333588:G>A	250	95	2	0.2753623188405797
chr7:100991030:C>T	343	87	2	0.20232558139534884
chr8:3406174:G>A	344	85	2	0.19813519813519814
chr8:29071825:C>T	746	202	2	0.21308016877637131
chrX:9894408:G>A	326	130	1	0.2850877192982456
