mutation_id	ref_counts	var_counts	total_cn	VAF
chr1:114716126:C>T	139	252	2	0.6445012787723785
chr17:11747673:C>T	258	93	2	0.26495726495726496
chr2:172485190:C>A	265	111	2	0.29521276595744683
chr5:83673478:C>T	160	86	2	0.34959349593495936
chr9:37015168:G>C	39	178	1	0.8202764976958525
chr9:101430878:G>A	142	79	2	0.3574660633484163
chrX:347605:A>G	330	110	2	0.25
