mutation_id	ref_counts	var_counts	total_cn	VAF
chr1:8360714:C>T	266	243	2	0.4774066797642436
chr1:35746900:T>C	114	138	2	0.5476190476190477
chr1:186001340:C>T	144	65	3	0.31100478468899523
chr10:59245363:T>G	378	23	3	0.057356608478802994
chr11:5778426:A>G	292	132	3	0.3113207547169811
chr11:113399228:A>G	476	50	3	0.09505703422053231
chr12:81267975:C>T	325	55	3	0.14473684210526316
chr12:92706774:C>T	465	60	3	0.11428571428571428
chr13:28018498:ATG>-	97	127	2	0.5669642857142857
chr14:71109591:A>G	260	19	3	0.06810035842293907
chr15:65331539:G>T	132	118	2	0.472
chr15:79468269:G>A	199	23	2	0.1036036036036036
chr16:3731323:AGG>-	319	126	3	0.28314606741573034
chr17:16443831:C>T	424	46	3	0.09787234042553192
chr17:82442274:GT>-	685	113	3	0.14160401002506265
chr18:50729841:A>T	338	22	3	0.06111111111111111
chr19:44818605:G>A	177	144	2	0.4485981308411215
chr2:105398980:C>T	850	48	3	0.053452115812917596
chr2:196713495:C>T	259	122	3	0.32020997375328086
chr2:205401096:T>G	526	34	3	0.060714285714285714
chr21:36936818:C>T	376	105	5	0.2182952182952183
chr21:43798096:C>T	374	37	5	0.09002433090024331
chr22:50530763:G>A	644	58	3	0.08262108262108261
chr3:27312165:C>T	102	81	2	0.4426229508196721
chr4:61587284:G>A	308	98	4	0.2413793103448276
chr4:95185131:A>G	376	142	4	0.27413127413127414
chr4:184017139:G>A	475	58	4	0.10881801125703565
chr5:156173:C>T	238	95	4	0.2852852852852853
chr7:150947877:G>T	113	91	2	0.44607843137254904
chrX:73846059:G>A	138	117	2	0.4588235294117647
