mutation_id	ref_counts	var_counts	total_cn	VAF
chr1:979035:G>A	426	130	2	0.23381294964028776
chr1:114716126:C>T	302	132	2	0.30414746543778803
chr1:220615989:T>A	76	9	2	0.10588235294117647
chr11:65188013:T>A	179	95	2	0.3467153284671533
chr12:10997479:C>T	533	25	2	0.044802867383512544
chr13:98461870:->C	177	102	2	0.3655913978494624
chr14:20584062:T>C	358	106	3	0.22844827586206898
chr14:39247148:G>A	118	230	3	0.6609195402298851
chr14:49586340:G>A	413	95	3	0.18700787401574803
chr15:45172276:C>T	326	34	2	0.09444444444444444
chr19:10712586:T>C	240	77	2	0.24290220820189273
chr21:36461379:C>T	901	152	4	0.144349477682811
chr21:44646503:C>A	652	80	4	0.1092896174863388
chr22:38708930:C>A	501	28	3	0.052930056710775046
chr3:126418457:G>C	230	20	2	0.08
chr4:145137729:C>T	226	88	2	0.2802547770700637
chr6:46690069:C>T	318	60	3	0.15873015873015872
chr7:124476775:C>T	364	90	2	0.19823788546255505
chr9:124458686:G>A	159	139	2	0.4664429530201342
