mutation_id	ref_counts	var_counts	total_cn	VAF
chr12:25245347:C>T	378	43	2	0.1021377672209026
chr12:111363333:G>A	619	86	2	0.12198581560283688
