mutation_id	ref_counts	var_counts	total_cn	VAF
chr1:35418493:G>T	300	34	2	0.10179640718562874
chr1:161196738:C>A	492	51	2	0.09392265193370165
chr1:246988169:T>C	264	114	2	0.30158730158730157
chr10:132869342:C>G	400	149	2	0.27140255009107467
chr11:22279653:A>G	158	69	2	0.3039647577092511
chr12:10179574:G>A	346	24	2	0.06486486486486487
chr12:112866760:G>A	175	73	2	0.29435483870967744
chr16:56830617:T>A	268	218	2	0.448559670781893
chr18:14791461:G>-	106	26	2	0.19696969696969696
chr18:53205287:G>A	478	49	2	0.09297912713472485
chr19:1371064:G>A	208	167	2	0.44533333333333336
chr19:11030750:C>T	317	82	2	0.20551378446115287
chr19:45307487:C>T	452	44	2	0.08870967741935484
chr2:90173412:->CCGGGGTG	112	19	1	0.1450381679389313
chr2:113406871:->GC	126	33	2	0.20754716981132076
chr3:122922410:A>G	344	257	2	0.4276206322795341
chr4:52017227:G>A	242	88	2	0.26666666666666666
chr5:176877920:G>A	291	214	2	0.42376237623762375
chr9:4118573:G>A	384	43	2	0.10070257611241218
chr9:5078395:C>G	219	57	2	0.20652173913043478
chr9:90887816:C>T	504	50	2	0.09025270758122744
