mutation_id	ref_counts	var_counts	total_cn	VAF
chr10:7637237:G>A	164	65	2	0.2838427947598253
chr10:79292282:G>C	281	158	2	0.35990888382687924
chr7:135034177:C>T	186	69	2	0.27058823529411763
chr9:136454245:C>T	298	113	2	0.2749391727493917
