mutation_id	ref_counts	var_counts	total_cn	VAF
chr1:25989481:G>A	293	72	2	0.19726027397260273
chr11:69810399:C>T	671	292	3	0.3032191069574247
chr12:106067886:G>T	295	82	2	0.21750663129973474
chr13:32442816:C>T	130	71	2	0.35323383084577115
chr16:57518206:G>A	349	259	2	0.42598684210526316
chr17:1472014:G>A	235	135	2	0.36486486486486486
chr17:16313558:C>G	188	123	2	0.3954983922829582
chr18:61528101:C>T	511	183	3	0.26368876080691644
chr19:55732450:G>A	293	85	2	0.22486772486772486
chr2:121281247:G>A	191	139	2	0.4212121212121212
chr4:44447832:C>T	581	198	3	0.25417201540436457
chr6:18463332:G>A	296	94	3	0.24102564102564103
chr7:6757858:C>T	320	156	2	0.3277310924369748
chr7:33109234:G>A	265	178	2	0.4018058690744921
chr8:85662205:G>A	1164	82	2	0.06581059390048154
chr9:22008781:C>T	419	274	2	0.3953823953823954
