mutation_id	ref_counts	var_counts	total_cn	VAF
chr1:27113876:G>A	205	77	2	0.2730496453900709
chr1:114427211:A>C	171	147	2	0.46226415094339623
chr1:152110115:C>G	407	19	2	0.04460093896713615
chr12:48140721:G>C	241	34	2	0.12363636363636364
chr12:72663155:A>G	263	38	2	0.12624584717607973
chr12:132642941:A>G	462	99	2	0.17647058823529413
chr16:53605578:G>A	368	18	2	0.046632124352331605
chr2:12723288:C>T	216	70	2	0.24475524475524477
chr2:71600827:C>G	260	84	2	0.2441860465116279
chr2:90005625:->TCCC	25	37	2	0.5967741935483871
chr2:90005629:TCA>CTCCGGT	20	18	2	0.47368421052631576
chr2:178616605:C>G	356	13	2	0.03523035230352303
chr3:130568358:C>T	374	20	2	0.050761421319796954
chr3:180661920:C>A	387	16	2	0.03970223325062035
chr4:69290763:C>T	237	66	2	0.21782178217821782
chr4:128098273:G>A	393	25	2	0.05980861244019139
chr5:140843389:G>C	533	30	2	0.05328596802841918
chr6:99921008:G>C	355	24	2	0.0633245382585752
chr6:143536990:G>C	207	10	2	0.04608294930875576
chr7:88131464:T>-	206	75	2	0.2669039145907473
