mutation_id	ref_counts	var_counts	total_cn	VAF
chr10:1217004:G>A	519	209	3	0.28708791208791207
chr10:97049043:G>A	414	200	3	0.3257328990228013
chr11:1085192:C>T	248	454	3	0.6467236467236467
chr11:10854616:A>C	53	17	3	0.24285714285714285
chr11:113207968:C>T	305	139	3	0.3130630630630631
chr11:130449598:C>T	612	292	3	0.3230088495575221
chr12:120312967:G>A	199	164	2	0.45179063360881544
chr13:28034189:T>G	117	104	2	0.47058823529411764
chr17:63507572:G>A	319	130	3	0.289532293986637
chr18:7231784:G>A	596	193	4	0.24461343472750316
chr18:12546724:C>T	314	94	4	0.23039215686274508
chr18:78992849:C>T	128	68	4	0.3469387755102041
chr19:45961146:G>A	144	143	2	0.49825783972125437
chr2:131263723:G>A	282	121	2	0.3002481389578164
chr2:216049283:G>A	102	89	2	0.46596858638743455
chr20:31996928:C>T	227	198	2	0.46588235294117647
chr20:32786605:C>T	189	141	2	0.42727272727272725
chr20:32920152:T>G	180	140	2	0.4375
chr21:29577126:C>A	388	112	4	0.224
chr3:64099351:G>A	358	68	2	0.1596244131455399
chr3:121828505:A>G	59	51	2	0.4636363636363636
chr3:189864414:C>T	138	100	2	0.42016806722689076
chr3:189889456:C>T	221	192	2	0.4648910411622276
chr4:95148749:G>A	216	79	3	0.2677966101694915
chr4:99597082:C>T	179	105	3	0.36971830985915494
chr4:157136631:C>T	196	87	3	0.30742049469964666
chr5:13866253:G>A	201	101	3	0.3344370860927152
chr5:83545587:C>T	323	145	3	0.30982905982905984
chr6:26234640:T>G	383	185	3	0.3257042253521127
chr8:105802787:G>A	393	170	3	0.3019538188277087
chr9:123136428:G>A	103	113	2	0.5231481481481481
chrX:3321574:G>A	162	142	2	0.46710526315789475
chrX:101656431:G>A	272	234	2	0.4624505928853755
