mutation_id	ref_counts	var_counts	total_cn	VAF
chr1:114716123:C>T	202	106	2	0.34415584415584416
chr12:80707881:C>T	464	18	2	0.03734439834024896
chr15:73325403:C>T	111	100	2	0.47393364928909953
chr17:37731639:G>T	398	55	2	0.12141280353200883
chr19:16744563:C>T	287	47	2	0.1407185628742515
chr19:51081599:G>A	340	42	2	0.1099476439790576
chr2:89244780:GAGGCCA>-	18	24	2	0.5714285714285714
chr2:141013701:C>T	130	75	2	0.36585365853658536
chr20:43540296:G>T	299	17	2	0.05379746835443038
chr4:6062374:G>A	258	154	2	0.3737864077669903
chr5:94473370:C>A	264	39	2	0.12871287128712872
chr8:129752716:C>T	216	11	2	0.048458149779735685
chrX:22273935:C>T	262	106	2	0.28804347826086957
chrX:136548831:C>A	263	142	2	0.3506172839506173
chrX:151397333:C>A	225	98	2	0.30340557275541796
