mutation_id	ref_counts	var_counts	total_cn	VAF
chr1:70429813:C>T	237	22	2	0.08494208494208494
chr1:115286134:C>T	277	52	2	0.1580547112462006
chr1:222629173:G>T	341	49	4	0.12564102564102564
chr11:608395:C>A	579	156	2	0.21224489795918366
chr13:48380190:->A	141	16	1	0.10191082802547771
chr16:20418094:G>A	276	74	2	0.21142857142857144
chr18:10871291:CTT>-	245	43	2	0.14930555555555555
chr19:11350997:G>A	318	20	2	0.05917159763313609
chr19:45251619:A>G	419	17	2	0.0389908256880734
chr2:206304835:ACCGAAGAGAG>-	313	44	2	0.12324929971988796
chr2:218679583:G>T	278	41	2	0.12852664576802508
chr22:19524282:G>A	713	22	2	0.029931972789115645
chr5:141180246:G>T	410	22	2	0.05092592592592592
chr8:103918473:C>T	201	22	2	0.09865470852017937
chr9:98496443:G>A	343	28	2	0.07547169811320754
chrX:24699490:C>T	314	53	2	0.1444141689373297
chrX:115190902:G>A	371	176	2	0.3217550274223035
chrX:126551984:C>T	578	129	2	0.18246110325318246
