mutation_id	ref_counts	var_counts	total_cn	VAF
chr1:152719914:G>A	464	171	3	0.2692913385826772
chr1:170992254:G>T	385	102	3	0.20944558521560575
chr11:18934241:C>T	360	97	2	0.212253829321663
chr13:28034126:TCATATTCTCTGAA>GG	230	74	2	0.24342105263157895
chr14:23425798:G>A	244	122	3	0.3333333333333333
chr17:35150090:G>A	370	128	3	0.2570281124497992
chr17:69114866:C>T	315	111	3	0.2605633802816901
chr18:3215050:G>A	1032	54	4	0.049723756906077346
chr19:46649466:C>T	336	162	2	0.3253012048192771
chr20:45301113:C>T	151	69	2	0.31363636363636366
chr4:158130845:C>A	423	99	4	0.1896551724137931
chr5:140829199:G>A	277	105	2	0.27486910994764396
chr8:143728601:G>A	871	242	4	0.2174303683737646
chrX:153804039:C>T	377	227	2	0.3758278145695364
