mutation_id	ref_counts	var_counts	total_cn	VAF
chr1:1043663:G>A	344	302	2	0.4674922600619195
chr1:6574657:G>A	185	154	2	0.45427728613569324
chr1:44800848:C>T	329	224	2	0.4050632911392405
chr1:185933628:C>T	237	215	2	0.4756637168141593
chr11:66437241:C>T	351	148	2	0.2965931863727455
chr12:64126075:C>T	253	197	2	0.43777777777777777
chr13:32234753:G>C	132	67	2	0.33668341708542715
chr14:106802688:TGTGTGTCTAG>CCCCCC	192	47	2	0.19665271966527198
chr17:7344071:C>T	262	186	2	0.41517857142857145
chr17:10452300:C>T	352	294	2	0.4551083591331269
chr2:164700666:G>A	275	209	2	0.4318181818181818
chr2:172990900:C>G	442	28	2	0.059574468085106386
chr2:189670521:G>A	664	50	2	0.0700280112044818
chr2:240589388:G>A	311	325	2	0.5110062893081762
chr20:33089542:G>T	345	181	2	0.344106463878327
chr21:33246765:G>C	271	214	2	0.44123711340206184
chr22:18610900:C>A	17	10	2	0.37037037037037035
chr22:22921396:->GGG	217	123	2	0.36176470588235293
chr22:22921398:T>GGGG	260	138	2	0.34673366834170855
chr22:42065879:C>T	222	178	2	0.445
chr3:133616904:G>C	175	78	2	0.308300395256917
chr3:183798971:C>G	235	166	2	0.4139650872817955
chr4:20850551:A>G	112	108	2	0.4909090909090909
chr5:57481996:C>T	551	43	2	0.0723905723905724
chr5:140042492:C>A	291	264	2	0.4756756756756757
chr6:27249132:G>A	204	154	2	0.4301675977653631
chr7:30078633:C>T	260	112	2	0.3010752688172043
chr7:100489051:G>T	712	47	2	0.061923583662714096
chr7:122081520:C>G	203	167	2	0.45135135135135135
chr8:143296738:G>T	389	340	2	0.4663923182441701
chr9:12821722:C>T	179	183	2	0.505524861878453
chr9:129086180:G>A	254	112	2	0.30601092896174864
chrX:16124167:C>T	76	252	1	0.7682926829268293
