mutation_id	ref_counts	var_counts	total_cn	VAF
chr1:156037123:G>A	165	99	4	0.375
chr11:130473309:G>A	417	216	4	0.3412322274881517
chr15:40298313:G>A	355	194	4	0.3533697632058288
chr15:40557277:G>A	252	151	4	0.3746898263027295
chr15:65388927:G>A	360	211	4	0.36952714535901926
chr15:70052375:G>A	176	91	4	0.3408239700374532
chr3:48661257:C>T	593	106	4	0.15164520743919885
chrX:80709440:G>T	301	89	6	0.2282051282051282
