mutation_id	ref_counts	var_counts	total_cn	VAF
chr1:53114758:C>T	215	39	2	0.15354330708661418
chr10:102411739:A>T	282	55	2	0.1632047477744807
chr11:6002087:G>A	430	15	2	0.033707865168539325
chr14:106714685:->CCTCGAA	8	34	0	0.8095238095238095
chr15:28248666:C>G	442	81	2	0.15487571701720843
chr16:1827328:G>A	449	97	2	0.17765567765567766
chr22:21215991:C>T	198	72	2	0.26666666666666666
chr3:89419381:G>A	144	118	2	0.45038167938931295
chr4:88697489:T>G	269	218	2	0.44763860369609854
chr5:677892:G>A	381	89	2	0.18936170212765957
chr5:80174985:C>G	424	19	2	0.04288939051918736
chr6:26467998:G>A	281	44	2	0.13538461538461538
chr9:68940765:G>C	155	145	2	0.48333333333333334
chrX:46837145:G>A	234	181	2	0.43614457831325304
chrX:80692131:C>G	215	55	2	0.2037037037037037
