mutation_id	ref_counts	var_counts	total_cn	VAF
chr1:168581206:A>T	278	39	2	0.12302839116719243
chr11:55935649:G>A	252	31	2	0.10954063604240283
chr11:72727033:C>G	590	27	2	0.04376012965964344
chr12:25245347:C>T	285	37	2	0.11490683229813664
chr12:58888429:G>T	301	42	2	0.12244897959183673
chr12:106427233:T>A	93	89	2	0.489010989010989
chr12:112489084:G>C	276	79	2	0.22253521126760564
chr16:88699006:A>C	223	147	2	0.3972972972972973
chr17:44383518:G>A	328	159	3	0.3264887063655031
chr17:68983846:A>G	165	85	3	0.34
chr18:31458513:G>A	536	54	3	0.09152542372881356
chr2:233636914:G>A	132	12	2	0.08333333333333333
chr22:19878127:C>T	453	14	3	0.029978586723768737
chr3:46834071:C>T	559	67	3	0.10702875399361023
chr4:185623724:C>T	287	60	2	0.1729106628242075
chr5:141135971:T>C	366	14	2	0.03684210526315789
chr5:177307710:G>A	318	324	2	0.5046728971962616
chr6:151373583:->TCGCCT	428	122	3	0.22181818181818183
chr7:3967367:C>T	165	137	2	0.45364238410596025
chr7:123869099:C>T	259	39	2	0.13087248322147652
