mutation_id	ref_counts	var_counts	total_cn	VAF
chr12:25245347:C>T	290	38	2	0.11585365853658537
chr14:91693407:G>A	325	38	2	0.1046831955922865
chr16:58538876:A>G	297	53	2	0.15142857142857144
chr20:33238181:C>T	304	42	2	0.12138728323699421
chr4:1961074:G>A	409	73	2	0.15145228215767634
