mutation_id	ref_counts	var_counts	total_cn	VAF
chr12:6936283:->G	485	214	2	0.3061516452074392
chr12:25245350:C>T	201	74	2	0.2690909090909091
chr2:144389881:T>C	301	193	2	0.39068825910931176
chr3:150871060:G>A	166	118	2	0.4154929577464789
chr4:2445246:G>T	267	192	2	0.41830065359477125
chr4:61909579:C>T	155	89	2	0.36475409836065575
