mutation_id	ref_counts	var_counts	total_cn	VAF
chr1:61801722:G>A	223	34	2	0.13229571984435798
chr1:89382838:G>C	207	45	2	0.17857142857142858
chr11:6877418:C>A	226	80	2	0.26143790849673204
chr11:11943041:G>A	192	76	2	0.2835820895522388
chr12:40298434:T>-	216	112	2	0.34146341463414637
chr14:33950644:C>T	652	168	2	0.2048780487804878
chr15:33701042:G>A	435	23	2	0.05021834061135371
chr15:55620172:G>T	261	125	2	0.3238341968911917
chr15:97971148:C>T	212	81	2	0.2764505119453925
chr17:50667705:C>T	462	210	2	0.3125
chr19:13762944:G>A	461	189	2	0.2907692307692308
chr19:44780906:C>T	281	148	2	0.34498834498834496
chr3:43033116:G>A	367	193	2	0.34464285714285714
chr3:170297373:C>T	149	76	2	0.3377777777777778
chr4:48499604:G>A	268	100	2	0.2717391304347826
chr8:27439397:C>T	213	88	2	0.292358803986711
chr8:143691158:G>A	565	305	2	0.3505747126436782
chr9:13223682:A>G	354	13	2	0.035422343324250684
