mutation_id	ref_counts	var_counts	total_cn	VAF
chr1:196423075:C>T	113	91	2	0.44607843137254904
chr1:201218542:C>T	111	111	2	0.5
chr1:203483284:C>T	329	56	2	0.14545454545454545
chr10:7964506:A>G	191	179	2	0.4837837837837838
chr17:62692326:C>T	196	169	2	0.46301369863013697
chr19:35562483:G>A	163	171	2	0.5119760479041916
chr19:43552177:G>A	444	22	2	0.04721030042918455
chr3:39185533:C>T	178	177	2	0.49859154929577465
chr3:133947355:C>T	158	147	2	0.4819672131147541
chr5:73753041:C>T	429	37	2	0.07939914163090128
chr7:95290114:G>C	153	16	2	0.09467455621301775
chr9:2651455:G>A	254	20	2	0.072992700729927
chr9:33053262:->GGGAGC	120	75	2	0.38461538461538464
