mutation_id	ref_counts	var_counts	total_cn	VAF
chr1:24086676:G>A	262	130	2	0.33163265306122447
chr1:168104868:G>A	131	69	2	0.345
chr10:6226205:G>A	295	101	3	0.255050505050505
chr10:12825670:G>A	522	166	3	0.24127906976744187
chr10:122911704:A>G	370	141	3	0.2759295499021526
chr11:1255558:G>A	154	108	2	0.4122137404580153
chr11:4640193:C>T	211	135	2	0.3901734104046243
chr11:119278235:A>G	429	14	2	0.03160270880361174
chr12:130450264:G>A	144	100	2	0.4098360655737705
chr19:2933917:C>T	289	39	2	0.11890243902439024
chr2:165389233:G>A	244	149	2	0.3791348600508906
chr22:44847996:C>T	329	187	2	0.3624031007751938
chr3:127668569:C>T	236	152	2	0.3917525773195876
chr4:127773491:C>T	433	122	3	0.21981981981981982
chr4:150851884:C>T	154	47	3	0.23383084577114427
chr4:186708182:C>T	400	133	3	0.24953095684803
chrX:53433733:C>T	327	161	3	0.32991803278688525
chrX:117909429:C>A	352	152	3	0.30158730158730157
