mutation_id	ref_counts	var_counts	total_cn	VAF
chr1:155016445:->CGGC	259	176	2	0.4045977011494253
chr1:156978351:G>A	150	110	2	0.4230769230769231
chr10:49107741:C>T	361	149	3	0.29215686274509806
chr10:49107742:C>T	363	150	3	0.29239766081871343
chr10:127552570:G>A	307	119	3	0.2793427230046948
chr11:17779466:G>A	108	76	2	0.41304347826086957
chr11:31094177:G>A	77	55	2	0.4166666666666667
chr11:49192821:C>G	76	56	2	0.42424242424242425
chr11:118203582:C>T	139	113	2	0.44841269841269843
chr12:11885989:ATT>-	155	19	2	0.10919540229885058
chr12:25225713:T>A	175	38	2	0.1784037558685446
chr12:57184923:C>T	115	97	2	0.45754716981132076
chr13:28018498:ATG>-	119	35	2	0.22727272727272727
chr14:22423042:->GAT	115	39	3	0.2532467532467532
chr16:1079174:G>A	218	180	2	0.45226130653266333
chr16:3793493:->GAAT	99	24	2	0.1951219512195122
chr16:57957361:C>T	124	84	2	0.40384615384615385
chr16:58038359:C>T	136	90	2	0.39823008849557523
chr17:18735001:C>T	168	117	2	0.4105263157894737
chr17:29608970:C>T	109	105	2	0.49065420560747663
chr17:40555382:C>T	225	57	2	0.20212765957446807
chr2:21011759:G>A	376	37	2	0.08958837772397095
chr2:201761329:G>A	153	107	2	0.4115384615384615
chr2:240965409:G>A	109	117	2	0.5176991150442478
chr20:96129:A>T	146	55	2	0.2736318407960199
chr21:36293415:C>T	587	168	4	0.22251655629139072
chr3:161085900:T>A	121	33	2	0.21428571428571427
chr3:183982904:C>T	140	140	2	0.5
chr3:192335416:C>T	116	94	2	0.44761904761904764
chr4:1961074:G>A	279	59	3	0.17455621301775148
chr4:95202825:C>T	238	123	3	0.3407202216066482
chr4:118352579:G>A	442	189	3	0.29952456418383516
chr4:125448534:G>A	314	124	3	0.2831050228310502
chr4:148435515:G>A	215	82	3	0.2760942760942761
chr5:140929249:G>A	159	111	2	0.4111111111111111
chr6:39879414:G>A	311	169	3	0.35208333333333336
chr6:50715539:G>A	307	159	3	0.34120171673819744
chr6:75841376:C>T	78	10	3	0.11363636363636363
chr7:290659:C>T	92	83	2	0.4742857142857143
chr8:32764345:A>G	228	104	3	0.3132530120481928
chrX:34130781:G>A	696	266	3	0.2765072765072765
chrX:43731852:G>A	130	68	3	0.3434343434343434
chrX:43731853:G>A	128	66	3	0.3402061855670103
chrX:50911007:G>A	451	190	3	0.296411856474259
chrX:88753805:C>T	314	131	3	0.2943820224719101
