mutation_id	ref_counts	var_counts	total_cn	VAF
chr1:114716123:C>T	260	40	2	0.13333333333333333
chr10:73772461:A>G	1058	158	3	0.1299342105263158
chr10:94306685:C>T	205	16	3	0.07239819004524888
chr11:17558541:G>A	232	35	2	0.13108614232209737
chr13:28034175:T>G	280	28	2	0.09090909090909091
chr13:95970258:A>T	96	17	2	0.1504424778761062
chr16:57685913:C>T	207	26	2	0.11158798283261803
chr17:7324977:G>C	298	38	3	0.1130952380952381
chr7:47904461:G>A	267	41	2	0.1331168831168831
chr8:124082288:G>T	101	30	2	0.22900763358778625
chr8:143276073:G>A	712	65	2	0.08365508365508366
chr9:133520265:G>A	296	44	2	0.12941176470588237
chrX:3317329:C>T	477	83	2	0.14821428571428572
chrX:31071899:C>T	644	62	2	0.08781869688385269
