mutation_id	ref_counts	var_counts	total_cn	VAF
chr1:27006652:G>T	341	21	2	0.058011049723756904
chr12:131910793:C>T	372	12	2	0.03125
chr14:32735835:G>A	169	19	3	0.10106382978723404
chr14:37267019:C>T	334	31	3	0.08493150684931507
chr17:10306576:C>T	402	47	3	0.10467706013363029
chr17:16948963:C>T	142	33	3	0.18857142857142858
chr17:40928294:C>T	566	55	3	0.08856682769726248
chr18:50261176:C>T	91	18	3	0.1651376146788991
chr19:51334270:G>A	202	49	2	0.1952191235059761
chr2:185806281:G>T	135	31	2	0.18674698795180722
chr2:225582695:C>T	414	64	2	0.13389121338912133
chr3:51237498:C>T	149	23	2	0.13372093023255813
chr3:65448054:C>T	265	34	2	0.11371237458193979
chr4:105552898:G>A	410	24	3	0.055299539170506916
chr4:146867578:C>T	219	10	3	0.043668122270742356
chr5:32090663:C>T	452	57	3	0.11198428290766209
chr5:147901629:G>A	221	24	3	0.09795918367346938
chr6:24797705:G>A	363	50	3	0.12106537530266344
chr6:34036324:C>T	542	62	3	0.10264900662251655
chr6:54138237:C>T	206	35	3	0.14522821576763487
chr7:142220278:C>T	247	60	2	0.19543973941368079
chr8:50792677:G>A	149	25	3	0.14367816091954022
chr9:37729838:G>A	273	37	3	0.11935483870967742
chr9:39088494:C>T	672	32	3	0.045454545454545456
chrX:2855001:C>T	552	26	4	0.04498269896193772
chrX:51408336:G>A	754	76	4	0.09156626506024096
chrX:123428077:G>A	630	44	4	0.06528189910979229
