mutation_id	ref_counts	var_counts	total_cn	VAF
chr1:156671815:A>C	264	67	2	0.20241691842900303
chr1:222543937:G>A	239	34	2	0.12454212454212454
chr12:112071927:C>T	135	58	2	0.3005181347150259
chr13:110195039:G>A	172	90	2	0.3435114503816794
chr15:32968750:G>T	81	40	2	0.3305785123966942
chr15:55638653:T>G	133	68	2	0.3383084577114428
chr16:77193561:T>A	248	99	2	0.28530259365994237
chr17:41026778:CTCCACACGACTGTCTGGGCGGCACCACCTGATACGGGTGCTCACAG>-	31	3	2	0.08823529411764706
chr17:41347188:C>T	300	128	2	0.29906542056074764
chr19:38367708:G>A	260	152	2	0.36893203883495146
chr2:227699221:G>A	215	118	2	0.35435435435435436
chr22:37570326:G>A	212	112	2	0.345679012345679
chr4:8581252:G>A	327	167	2	0.33805668016194335
chr6:159215091:C>T	224	55	2	0.1971326164874552
