mutation_id	ref_counts	var_counts	total_cn	VAF
chr1:64675412:G>A	199	60	2	0.23166023166023167
chr1:171557553:C>G	470	162	2	0.2563291139240506
chr1:220696722:C>T	204	82	2	0.2867132867132867
chr13:20082859:T>C	311	89	2	0.2225
chr18:23909213:A>C	322	136	2	0.29694323144104806
chr2:168873595:C>T	124	28	2	0.18421052631578946
chr6:72248040:G>T	194	96	3	0.3310344827586207
chr7:139148351:C>T	224	77	2	0.2558139534883721
chr8:30727820:G>T	556	24	2	0.041379310344827586
chr8:144464820:T>C	331	131	2	0.28354978354978355
