mutation_id	ref_counts	var_counts	total_cn	VAF
chr1:54806173:G>A	524	85	4	0.13957307060755336
chr1:241957895:G>A	687	38	4	0.05241379310344828
chr10:5499383:G>A	686	26	6	0.03651685393258427
chr10:50828255:C>T	490	40	6	0.07547169811320754
chr11:66562029:G>A	267	36	4	0.1188118811881188
chr12:49039605:G>A	314	51	4	0.13972602739726028
chr13:49267559:C>G	269	65	4	0.19461077844311378
chr13:52846313:G>A	360	218	4	0.3771626297577855
chr18:36828720:G>T	763	153	6	0.16703056768558952
chr19:55464519:G>A	615	73	4	0.10610465116279069
chr19:58509998:C>T	201	52	4	0.20553359683794467
chr20:25479130:C>T	602	40	4	0.06230529595015576
chr3:40182292:C>T	351	73	4	0.1721698113207547
chr4:94455429:T>G	459	70	6	0.1323251417769376
chr5:134564580:C>T	202	32	4	0.13675213675213677
chr5:157492973:A>G	174	86	4	0.33076923076923076
chr6:109533401:T>C	256	31	4	0.10801393728222997
chr8:20255059:C>A	447	50	6	0.1006036217303823
chr8:141466485:C>T	706	82	6	0.10406091370558376
chr9:108880075:T>G	241	78	4	0.2445141065830721
chr9:137429373:G>A	414	43	4	0.09409190371991247
