mutation_id	ref_counts	var_counts	total_cn	VAF
chr1:2789770:C>T	398	329	2	0.45254470426409904
chr10:79292295:C>A	481	55	2	0.10261194029850747
chr10:110598247:T>C	304	11	2	0.03492063492063492
chr11:3122023:C>T	229	186	2	0.44819277108433736
chr11:67433007:C>T	374	41	2	0.09879518072289156
chr12:53381767:G>A	204	188	2	0.47959183673469385
chr12:109242577:G>A	164	143	2	0.46579804560260585
chr15:65624950:C>T	463	101	2	0.17907801418439717
chr15:85768163:G>A	226	214	2	0.4863636363636364
chr16:2106478:G>A	552	121	2	0.17979197622585438
chr17:37207775:G>T	225	166	2	0.42455242966751916
chr17:49046282:C>T	380	26	2	0.06403940886699508
chr17:81908941:G>A	294	217	2	0.4246575342465753
chr19:21727330:G>A	174	167	2	0.4897360703812317
chr19:40550289:G>A	214	182	2	0.4595959595959596
chr22:49823260:G>A	558	25	2	0.04288164665523156
chr5:58617796:G>A	190	206	2	0.5202020202020202
chr5:135028832:C>T	596	18	2	0.029315960912052116
chrX:77652324:T>-	148	202	1	0.5771428571428572
