mutation_id	ref_counts	var_counts	total_cn	VAF
chr1:34784857:G>A	336	196	2	0.3684210526315789
chr1:43172315:C>T	251	200	2	0.4434589800443459
chr1:152216328:G>T	440	102	2	0.1881918819188192
chr1:233379284:C>T	304	198	2	0.3944223107569721
chr12:25245350:C>T	210	115	2	0.35384615384615387
chr12:84867189:G>T	61	48	2	0.44036697247706424
chr12:120579788:G>A	199	115	2	0.3662420382165605
chr14:33800992:G>A	254	247	2	0.4930139720558882
chr14:93937708:C>T	220	181	2	0.4513715710723192
chr19:57876980:A>C	252	190	2	0.4298642533936652
chr2:88966262:AGGGTAATTGTA>GTC	50	13	0	0.20634920634920634
chr20:35303937:A>G	146	140	2	0.48951048951048953
chr21:45992041:G>A	268	242	2	0.4745098039215686
chr22:22031470:->CTCGC	94	72	2	0.43373493975903615
chr22:22031472:A>TCGCCT	95	84	2	0.4692737430167598
chr22:37086367:C>T	329	262	2	0.4433164128595601
chr22:41176908:CTGAGT>GC	197	138	2	0.41194029850746267
chr3:48927736:C>T	246	215	2	0.46637744034707157
chr3:138734633:C>G	134	10	2	0.06944444444444445
chr3:147410160:C>A	265	274	2	0.5083487940630798
chr4:57023516:C>T	148	124	2	0.45588235294117646
chr5:141371927:C>T	399	297	2	0.4267241379310345
chr6:48008869:C>T	243	181	2	0.4268867924528302
chr6:122809146:T>C	164	123	2	0.42857142857142855
chr7:34058138:G>A	158	113	2	0.41697416974169743
chr7:77262197:A>C	111	121	2	0.521551724137931
chr7:103472838:G>A	160	103	2	0.3916349809885932
chr8:12133909:C>T	644	150	2	0.1889168765743073
chr8:60848514:G>T	244	15	2	0.05791505791505792
chr9:136199013:C>A	635	286	3	0.31053203040173727
