mutation_id	ref_counts	var_counts	total_cn	VAF
chr11:66294925:G>A	676	135	4	0.16646115906288533
chr12:121804751:->C	252	114	4	0.3114754098360656
chr12:128669462:G>T	448	13	4	0.028199566160520606
chr14:23415066:G>T	374	262	4	0.4119496855345912
chr14:106714686:T>-	98	26	2	0.20967741935483872
chr15:40934613:C>T	290	207	4	0.4164989939637827
chr16:5065783:C>T	312	206	4	0.39768339768339767
chr3:48593618:G>T	678	52	4	0.07123287671232877
chr4:30724482:C>T	262	188	4	0.4177777777777778
chr6:150249504:T>A	255	160	4	0.3855421686746988
chr8:22069435:G>A	307	241	4	0.4397810218978102
chrX:77558715:C>T	194	141	4	0.4208955223880597
chrX:101495364:C>T	163	134	4	0.4511784511784512
chrX:104013303:C>T	474	51	4	0.09714285714285714
