mutation_id	ref_counts	var_counts	total_cn	VAF
chr1:147908499:C>T	368	48	2	0.11538461538461539
chr1:160950088:C>A	168	118	2	0.4125874125874126
chr1:166846650:C>T	147	127	2	0.4635036496350365
chr1:176739694:C>T	246	77	2	0.23839009287925697
chr1:183542294:T>C	205	131	2	0.3898809523809524
chr11:7000699:C>A	157	62	2	0.2831050228310502
chr11:68018541:G>A	141	89	2	0.3869565217391304
chr13:28034138:A>G	199	106	2	0.3475409836065574
chr14:106062148:GTCT>TCTGTAGGGGGCTTCCGC	233	26	2	0.10038610038610038
chr14:106639100:CTCACCTCCCCTCACTGTGT>ATGGCCTCCCCTCACTGTGTCTCC	194	17	3	0.08056872037914692
chr19:17726597:G>A	564	88	2	0.13496932515337423
chr19:48334138:->CGATAAGCC	282	176	2	0.38427947598253276
chr20:62197965:C>T	144	86	2	0.3739130434782609
chr22:41168462:C>G	147	132	2	0.4731182795698925
chr5:73832372:G>A	235	36	2	0.13284132841328414
chr5:90679626:C>T	161	110	2	0.4059040590405904
chr6:142078790:G>A	575	49	3	0.07852564102564102
chr8:12427728:C>T	494	98	2	0.16554054054054054
chr9:21217097:T>A	95	75	2	0.4411764705882353
chr9:32631850:G>A	289	180	2	0.3837953091684435
chr9:98773978:G>A	223	156	2	0.41160949868073876
