mutation_id	ref_counts	var_counts	total_cn	VAF
chr1:43967587:G>A	174	137	2	0.4405144694533762
chr1:151519335:G>T	171	154	2	0.47384615384615386
chr1:175079610:C>A	495	253	3	0.3382352941176471
chr1:201718542:G>A	561	257	3	0.3141809290953545
chr1:204230508:G>A	550	266	3	0.32598039215686275
chr1:215086512:C>T	302	60	3	0.16574585635359115
chr11:4450237:C>A	167	67	2	0.2863247863247863
chr11:130405905:G>A	270	157	2	0.36768149882903983
chr16:58543602:C>T	199	109	2	0.3538961038961039
chr16:67150398:C>T	616	34	2	0.052307692307692305
chr17:12715528:G>A	232	26	2	0.10077519379844961
chr6:105278382:G>T	442	17	2	0.037037037037037035
chr7:34051943:C>T	145	64	2	0.3062200956937799
chr9:70108429:G>C	400	13	2	0.031476997578692496
