mutation_id	ref_counts	var_counts	total_cn	VAF
chr1:33495100:C>T	403	35	2	0.07990867579908675
chr1:114716126:C>T	398	36	2	0.08294930875576037
chr12:53975287:G>A	404	17	2	0.040380047505938245
chr12:112450395:C>T	275	130	2	0.32098765432098764
chr13:25774939:G>A	298	13	2	0.04180064308681672
chr14:37268752:C>A	56	13	3	0.18840579710144928
chr16:28320633:G>A	244	174	2	0.41626794258373206
chr16:84016634:C>T	306	242	2	0.4416058394160584
chr2:166406444:G>A	134	105	2	0.4393305439330544
chr4:1406143:G>A	980	27	3	0.026812313803376366
chr6:115968612:G>A	306	116	3	0.27488151658767773
chr6:121126410:G>T	178	44	3	0.1981981981981982
