mutation_id	ref_counts	var_counts	total_cn	VAF
chr1:20664624:C>T	235	189	2	0.44575471698113206
chr11:7303321:G>A	343	265	2	0.43585526315789475
chr19:4047967:C>-	213	133	2	0.38439306358381503
chr22:37644898:G>A	266	201	2	0.430406852248394
chr6:32443290:C>T	555	424	2	0.4330949948927477
chr6:44249715:G>A	211	150	2	0.4155124653739612
chr6:137494094:T>C	404	246	2	0.37846153846153846
chr8:68146253:A>C	236	217	2	0.47902869757174393
