mutation_id	ref_counts	var_counts	total_cn	VAF
chr1:9039890:C>A	260	230	2	0.46938775510204084
chr1:110198217:G>A	275	87	2	0.24033149171270718
chr10:73791005:G>A	346	20	2	0.0546448087431694
chr11:48264613:T>A	198	124	2	0.38509316770186336
chr14:46651390:C>T	213	214	2	0.5011709601873536
chr14:74358266:G>A	453	66	2	0.12716763005780346
chr14:106511175:A>G	12	10	0	0.45454545454545453
chr14:106592676:T>GTCAA	10	87	0	0.8969072164948454
chr15:38299463:C>T	504	27	2	0.05084745762711865
chr17:45829610:G>C	273	269	2	0.496309963099631
chr19:5212219:C>T	206	149	2	0.4197183098591549
chr19:8977389:G>T	228	194	2	0.4597156398104265
chr2:113406872:TCACAGTGTTACAAGCCATAA>AAGGGC	98	58	2	0.3717948717948718
chr20:49005142:C>T	449	20	2	0.042643923240938165
chr20:61976259:G>A	534	15	2	0.0273224043715847
chr3:48593101:C>T	201	51	2	0.20238095238095238
chr3:113279900:C>T	424	137	2	0.24420677361853832
chr3:172807775:C>T	319	11	2	0.03333333333333333
chr4:56911111:C>T	317	25	2	0.07309941520467836
chr5:13885032:G>A	238	26	2	0.09848484848484848
chr5:141209937:G>A	165	101	2	0.37969924812030076
chr7:31643566:A>T	204	170	2	0.45454545454545453
chr8:109968558:C>T	212	30	2	0.12396694214876033
