mutation_id	ref_counts	var_counts	total_cn	VAF
chr1:162770301:G>A	242	12	2	0.047244094488188976
chr12:13564573:C>T	323	71	2	0.1802030456852792
chr12:25245351:C>T	253	72	2	0.22153846153846155
chr14:55183689:C>T	142	69	2	0.32701421800947866
chr17:77402298:C>T	694	42	2	0.057065217391304345
chr19:36876939:G>A	162	39	2	0.19402985074626866
chr19:54456412:C>T	654	48	2	0.06837606837606838
chr2:43225325:->G	493	52	2	0.09541284403669725
chr2:89244793:->CCTTGCATGCGGCAGCGCTG	54	26	2	0.325
chr2:219638167:C>T	312	28	2	0.08235294117647059
chr22:15528659:A>T	330	191	2	0.3666026871401152
chr3:49684051:G>A	176	143	2	0.4482758620689655
chr4:56315619:G>A	170	152	2	0.4720496894409938
chr5:154477498:C>A	137	118	2	0.4627450980392157
chr6:41935962:T>C	416	69	2	0.1422680412371134
chr7:1092251:C>T	611	38	2	0.05855161787365177
chr7:14574304:T>A	296	44	2	0.12941176470588237
chr9:19049863:CTT>-	120	12	1	0.09090909090909091
