mutation_id	ref_counts	var_counts	total_cn	VAF
chr1:26894350:G>T	365	201	2	0.3551236749116608
chr17:7581499:C>T	291	122	2	0.29539951573849876
chr19:38499205:G>A	328	72	2	0.18
chr2:51027983:G>A	423	223	2	0.34520123839009287
chr2:113406872:TC>AGCGGA	116	54	2	0.3176470588235294
chr2:233719098:C>T	366	77	2	0.17381489841986456
chr4:78374225:C>A	233	104	2	0.3086053412462908
chr5:88804788:T>C	207	37	2	0.15163934426229508
chr9:128584323:A>G	175	105	2	0.375
chrX:121049131:G>A	88	145	1	0.6223175965665236
