mutation_id	ref_counts	var_counts	total_cn	VAF
chr1:65918605:A>G	165	99	2	0.375
chr10:27414098:C>A	541	20	2	0.035650623885918005
chr10:49646651:C>T	248	142	2	0.3641025641025641
chr11:62614772:G>T	412	35	2	0.07829977628635347
chr13:23891994:T>C	656	148	2	0.18407960199004975
chr13:24321063:A>G	42	42	2	0.5
chr17:58206541:G>A	146	110	2	0.4296875
chr2:20671164:C>T	386	290	2	0.4289940828402367
chr2:148770800:G>A	354	18	2	0.04838709677419355
chr2:198084840:C>T	360	17	2	0.04509283819628647
chr3:61748921:C>T	248	200	2	0.44642857142857145
chr6:137002167:A>G	514	24	2	0.04460966542750929
chr7:20159795:G>T	422	18	2	0.04090909090909091
chrX:154468555:C>T	216	17	1	0.07296137339055794
