mutation_id	ref_counts	var_counts	total_cn	VAF
chr1:117938491:C>A	135	50	2	0.2702702702702703
chr1:152698987:G>A	450	164	2	0.2671009771986971
chr11:17101336:C>A	321	226	2	0.41316270566727603
chr11:67502619:G>C	294	241	2	0.4504672897196262
chr17:64500707:C>T	308	199	2	0.39250493096646943
chr18:5969530:G>A	373	64	2	0.14645308924485126
chr2:61493966:->GCCC	179	94	2	0.3443223443223443
chr2:165676574:C>T	163	130	2	0.44368600682593856
chr7:38362864:CC>-	124	48	2	0.27906976744186046
chr8:81755424:C>T	185	106	2	0.3642611683848797
chr8:142489346:G>A	246	186	2	0.4305555555555556
chr9:136941318:G>A	466	371	2	0.4432497013142174
chrX:51407573:G>C	326	10	0	0.02976190476190476
