mutation_id	ref_counts	var_counts	total_cn	VAF
chr12:109166872:C>T	214	89	2	0.29372937293729373
chr13:102822084:G>A	88	30	2	0.2542372881355932
chr14:23571159:C>T	558	20	2	0.03460207612456748
chr14:106714684:->GCCGCGGA	66	16	0	0.1951219512195122
chr15:43207416:C>T	265	16	2	0.05693950177935943
chr17:219652:C>T	187	102	2	0.35294117647058826
chr18:5395683:G>A	312	14	2	0.04294478527607362
chr19:11041349:C>T	270	176	2	0.39461883408071746
chr19:46016358:A>C	276	147	2	0.3475177304964539
chr19:58517541:G>A	444	19	2	0.04103671706263499
chr2:214974788:T>G	128	81	2	0.3875598086124402
chr22:22162675:ACACTCACACAGTGATACAGGC>-	38	6	0	0.13636363636363635
chr6:51903621:G>T	106	67	2	0.3872832369942196
chr6:127580372:A>C	361	15	2	0.0398936170212766
chr7:98988769:G>A	136	90	2	0.39823008849557523
chr7:100555611:C>G	131	66	2	0.3350253807106599
chr9:5078362:A>T	105	62	2	0.3712574850299401
chr9:126395574:G>A	148	70	2	0.3211009174311927
