mutation_id	ref_counts	var_counts	total_cn	VAF
chr1:196713890:G>A	92	6	2	0.061224489795918366
chr11:66708250:C>T	700	60	2	0.07894736842105263
chr11:70487143:G>T	560	152	2	0.21348314606741572
chr15:22462386:G>A	299	122	2	0.28978622327790976
chr15:29718892:C>T	228	156	2	0.40625
chr18:49894996:G>A	306	171	2	0.3584905660377358
chr19:38831130:G>C	289	45	2	0.1347305389221557
chr2:54255487:G>T	359	204	2	0.3623445825932504
chr2:218638712:G>T	588	43	2	0.06814580031695722
chr3:48591909:C>T	326	119	2	0.26741573033707866
chr8:27605073:C>T	468	120	2	0.20408163265306123
chrX:32823305:A>C	35	7	1	0.16666666666666666
