mutation_id	ref_counts	var_counts	total_cn	VAF
chr10:99329799:G>A	420	293	2	0.4109396914446003
chr11:48366374:G>A	221	188	2	0.45965770171149145
chr12:121416260:C>G	457	116	3	0.2024432809773124
chr13:109046927:TGT>-	108	28	2	0.20588235294117646
chr14:49729501:G>A	116	80	2	0.40816326530612246
chr14:88479721:C>T	229	113	2	0.3304093567251462
chr15:61959519:G>A	236	99	2	0.2955223880597015
chr16:11476858:C>T	547	238	3	0.30318471337579617
chr16:21051866:G>A	246	111	3	0.31092436974789917
chr16:67286631:G>A	449	191	3	0.2984375
chr16:70370307:G>A	277	490	3	0.6388526727509778
chr17:2963868:G>A	149	123	2	0.4522058823529412
chr17:45149285:->C	419	394	3	0.48462484624846247
chr19:44891654:C>T	254	179	2	0.4133949191685912
chr2:90173414:->CA	159	50	2	0.23923444976076555
chr3:49425978:T>A	72	132	1	0.6470588235294118
chr3:130581791:A>T	209	156	2	0.4273972602739726
chr6:7583722:A>C	216	109	2	0.3353846153846154
chr6:129465195:C>T	305	64	2	0.17344173441734417
chr6:133461152:C>A	214	162	2	0.4308510638297872
chr6:133483088:C>T	131	103	2	0.44017094017094016
chr7:144362746:C>A	1473	154	2	0.09465273509526737
chr9:13126572:C>T	148	95	2	0.39094650205761317
