mutation_id	ref_counts	var_counts	total_cn	VAF
chr11:59655734:G>A	152	81	2	0.34763948497854075
chr12:25245347:C>T	414	26	2	0.05909090909090909
chr14:95213292:C>T	403	157	3	0.28035714285714286
chr15:82549521:G>A	340	213	2	0.38517179023508136
chr16:3736751:G>A	312	186	2	0.37349397590361444
chr19:3827508:G>T	385	238	2	0.38202247191011235
chr2:208145954:G>T	264	156	2	0.37142857142857144
chr2:222623730:A>G	173	57	2	0.24782608695652175
chr4:68945306:C>A	262	87	3	0.2492836676217765
chr4:118114903:C>A	411	123	3	0.2303370786516854
chr6:121447845:A>T	479	192	3	0.28614008941877794
chr8:109461835:T>A	280	86	2	0.23497267759562843
chr9:14722530:T>A	496	160	3	0.24390243902439024
