mutation_id	ref_counts	var_counts	total_cn	VAF
chr1:68159154:C>T	151	109	2	0.41923076923076924
chr1:114713911:C>T	204	132	2	0.39285714285714285
chr14:59521605:G>A	236	99	3	0.2955223880597015
chr14:106639118:->CCTCTTCCGA	40	22	3	0.3548387096774194
chr16:20359421:G>A	218	162	2	0.4263157894736842
chr16:31485770:C>T	291	189	2	0.39375
chr21:25603827:AAAGTAAGAA>-	168	183	3	0.5213675213675214
chr22:42807110:C>G	184	155	2	0.45722713864306785
chr4:79325569:G>A	396	140	3	0.26119402985074625
chr8:112311118:C>T	206	128	2	0.38323353293413176
chrX:51408236:G>A	539	264	3	0.3287671232876712
chrX:66615981:G>A	414	147	3	0.2620320855614973
chrX:111847144:C>T	389	168	3	0.3016157989228007
chrX:119903389:G>T	227	97	3	0.2993827160493827
