mutation_id	ref_counts	var_counts	total_cn	VAF
chr1:204619879:C>A	455	122	2	0.21143847487001732
chr1:213997865:C>T	473	130	2	0.2155887230514096
chr11:19234905:T>C	321	155	2	0.32563025210084034
chr11:88294216:T>C	414	32	2	0.07174887892376682
chr12:109279882:A>G	313	98	2	0.2384428223844282
chr15:101307282:A>G	265	103	2	0.2798913043478261
chr19:8956946:C>T	213	64	2	0.23104693140794225
chr19:44784383:A>T	249	106	2	0.29859154929577464
chr22:43227429:G>A	323	65	2	0.16752577319587628
chr8:119832543:G>T	306	101	2	0.24815724815724816
