mutation_id	ref_counts	var_counts	total_cn	VAF
chr1:114716123:C>T	303	56	2	0.15598885793871867
chr1:114716126:C>G	178	172	2	0.49142857142857144
chr1:152311964:A>G	482	214	2	0.3074712643678161
chr1:154251188:CTC>-	340	43	2	0.1122715404699739
chr1:163068959:C>T	133	66	2	0.3316582914572864
chr10:132851267:C>T	263	153	2	0.36778846153846156
chr14:51000776:G>A	412	148	4	0.2642857142857143
chr14:104025677:C>T	681	60	4	0.08097165991902834
chr16:3729174:GCTTCCA>CAG	294	172	2	0.36909871244635195
chr16:81999168:G>A	247	118	2	0.3232876712328767
chr19:8947254:G>T	204	112	2	0.35443037974683544
chr19:38496901:G>A	163	105	2	0.3917910447761194
chr19:52017059:G>T	117	52	2	0.3076923076923077
chr2:140534126:G>A	186	64	2	0.256
chr2:235670508:G>A	344	94	2	0.2146118721461187
chr5:141344822:G>A	178	113	2	0.38831615120274915
chr6:24134394:C>T	580	46	4	0.07348242811501597
chr6:56628083:C>A	256	70	4	0.2147239263803681
chr6:142415803:C>T	168	74	4	0.30578512396694213
chr6:163566725:G>A	187	79	4	0.29699248120300753
chr8:43059150:G>A	167	93	2	0.3576923076923077
chr8:72937352:C>T	253	169	2	0.4004739336492891
chr9:137716848:C>T	540	56	2	0.09395973154362416
chrX:18824064:G>A	214	43	4	0.16731517509727625
chrX:132628501:G>A	435	141	4	0.24479166666666666
