mutation_id	ref_counts	var_counts	total_cn	VAF
chr10:116626001:G>A	600	147	3	0.19678714859437751
chr12:112450354:C>G	294	73	2	0.1989100817438692
chr12:112489084:G>T	628	33	2	0.049924357034795766
chr12:128415404:G>A	466	124	2	0.21016949152542372
chr17:11598523:G>A	710	243	3	0.25498426023084997
chr19:14088759:G>A	281	146	2	0.34192037470725994
chr2:214410305:C>T	271	67	2	0.19822485207100593
chr21:38383756:C>T	1089	258	4	0.1915367483296214
chr6:1390676:C>T	1356	254	3	0.1577639751552795
chr7:29990196:C>T	493	26	2	0.05009633911368015
chr7:102321614:A>C	438	120	2	0.21505376344086022
chr7:132180628:C>T	370	192	2	0.3416370106761566
chr8:24397343:G>A	345	163	2	0.32086614173228345
chr8:132024619:C>A	425	253	2	0.37315634218289084
chr9:76358647:C>T	396	177	2	0.3089005235602094
chrX:66599490:G>A	462	156	3	0.2524271844660194
