mutation_id	ref_counts	var_counts	total_cn	VAF
chr1:43936529:G>C	252	178	2	0.413953488372093
chr1:152304928:G>A	331	195	2	0.37072243346007605
chr10:71690582:C>T	140	106	2	0.43089430894308944
chr11:14786441:C>T	113	67	2	0.37222222222222223
chr12:11885949:->A	202	84	2	0.2937062937062937
chr12:25225709:C>T	154	39	2	0.20207253886010362
chr13:94466655:G>T	128	92	2	0.41818181818181815
chr18:31475820:A>T	188	113	2	0.3754152823920266
chr19:41091751:C>T	170	138	2	0.44805194805194803
chr2:198089026:G>C	345	18	2	0.049586776859504134
chr20:62880372:C>T	290	198	2	0.4057377049180328
chr3:97244101:G>A	361	54	2	0.13012048192771083
chr3:142470145:A>T	101	40	2	0.28368794326241137
chr4:42579938:C>T	128	57	2	0.3081081081081081
chr5:179833622:T>C	180	124	2	0.40789473684210525
chr9:70413337:G>A	226	154	2	0.4052631578947368
chrX:112790725:C>T	399	70	2	0.14925373134328357
