mutation_id	ref_counts	var_counts	total_cn	VAF
chr1:15409976:C>T	302	38	2	0.11176470588235295
chr11:112085417:G>A	339	28	2	0.07629427792915532
chr14:23525896:G>A	350	106	2	0.2324561403508772
chr17:35479522:C>A	334	38	2	0.10215053763440861
chr18:14105111:G>C	280	101	2	0.2650918635170604
chr19:58052606:G>T	480	52	2	0.09774436090225563
chr2:36783402:A>T	236	67	2	0.22112211221122113
chr2:37951850:C>T	321	28	2	0.08022922636103152
chr2:184937622:A>G	243	10	2	0.039525691699604744
chr2:231528498:G>A	425	141	2	0.24911660777385158
chr20:17496982:G>T	248	72	2	0.225
chr20:62413928:G>C	586	24	2	0.03934426229508197
chr21:40369158:G>A	333	45	2	0.11904761904761904
chr22:20584910:C>T	493	57	2	0.10363636363636364
chr22:27797588:C>T	593	69	2	0.1042296072507553
chr22:42876227:C>T	317	104	2	0.24703087885985747
chr3:98168838:G>T	289	50	2	0.14749262536873156
chr3:125187339:C>T	373	144	2	0.27852998065764023
chr5:17632409:C>T	330	50	2	0.13157894736842105
chr5:124647166:->CAGGAACCCCAC	238	43	2	0.15302491103202848
chr6:56615972:G>A	286	19	1	0.06229508196721312
chr7:21786712:G>A	236	79	2	0.2507936507936508
chr7:102301101:C>T	412	134	2	0.2454212454212454
chr9:5185387:G>C	241	92	2	0.27627627627627627
chrX:115192333:C>T	298	22	1	0.06875
chrX:135052107:A>C	89	106	1	0.5435897435897435
