mutation_id	ref_counts	var_counts	total_cn	VAF
chr10:3099315:A>G	380	163	3	0.3001841620626151
chr11:83471717:G>T	162	127	2	0.43944636678200694
chr12:112450407:A>C	212	133	2	0.3855072463768116
chr17:9728137:G>A	445	207	3	0.3174846625766871
chr17:35764105:G>A	587	228	3	0.27975460122699386
chr17:48184810:G>A	357	124	3	0.2577962577962578
chr21:39661210:C>T	578	143	4	0.19833564493758668
chr4:1974938:A>G	445	167	3	0.272875816993464
