mutation_id	ref_counts	var_counts	total_cn	VAF
chr1:154992940:A>C	396	20	2	0.04807692307692308
chr13:33061136:C>T	345	30	2	0.08
chr14:21634810:G>A	245	29	2	0.10583941605839416
chr17:69085064:C>T	349	27	2	0.07180851063829788
chr20:62322269:G>A	338	43	2	0.11286089238845144
chr3:49122260:G>A	426	59	2	0.12164948453608247
chr3:102477489:A>C	289	50	2	0.14749262536873156
chr4:72032017:G>A	493	60	2	0.10849909584086799
chr5:72200290:G>A	320	31	2	0.08831908831908832
chr6:30068618:G>A	256	73	2	0.22188449848024316
chr6:44287639:G>A	308	91	2	0.22807017543859648
chrX:47566713:G>A	645	74	2	0.10292072322670376
chrX:68433716:G>A	362	32	2	0.08121827411167512
