mutation_id	ref_counts	var_counts	total_cn	VAF
chr1:1354773:G>C	405	129	2	0.24157303370786518
chr1:1355488:G>C	437	144	2	0.24784853700516352
chr1:1355746:G>C	255	66	2	0.205607476635514
chr1:161749856:->GGG	199	114	2	0.36421725239616615
chr1:161749858:C>GGGG	231	144	2	0.384
chr1:183418232:G>A	221	135	2	0.3792134831460674
chr10:122833791:C>A	304	212	2	0.4108527131782946
chr10:126094119:A>G	163	130	2	0.44368600682593856
chr11:2615075:A>T	131	102	2	0.43776824034334766
chr11:114522082:G>A	254	173	2	0.405152224824356
chr12:104757455:C>T	230	159	2	0.4087403598971722
chr14:106268623:T>C	20	11	2	0.3548387096774194
chr17:31858766:C>T	250	158	2	0.3872549019607843
chr17:69164982:A>G	120	89	2	0.4258373205741627
chr21:38423418:->CGGCGTCCAAAGGGC	189	68	2	0.26459143968871596
chr4:54263942:T>C	193	156	2	0.4469914040114613
chr4:186589129:T>A	268	163	2	0.37819025522041766
chr5:141151726:C>T	561	150	2	0.2109704641350211
chr6:54870637:C>T	178	141	2	0.44200626959247646
chr6:99613607:C>T	335	241	2	0.4184027777777778
chr6:119002957:C>T	220	168	2	0.4329896907216495
chr7:50400461:AACACT>GGAGGG	358	166	2	0.31679389312977096
chr7:123624645:G>A	222	140	2	0.3867403314917127
