mutation_id	ref_counts	var_counts	total_cn	VAF
chr1:150839459:C>T	119	104	2	0.4663677130044843
chr1:201899900:G>A	199	166	2	0.4547945205479452
chr1:237773583:C>T	140	97	2	0.4092827004219409
chr1:244054485:C>T	183	130	2	0.41533546325878595
chr10:100348242:T>C	181	125	2	0.4084967320261438
chr11:66042847:C>T	88	115	2	0.5665024630541872
chr12:119822918:A>G	191	160	2	0.45584045584045585
chr13:28018498:ATG>-	99	70	2	0.41420118343195267
chr15:29123441:G>A	184	174	2	0.4860335195530726
chr15:34792471:G>A	144	119	2	0.4524714828897338
chr16:71430711:C>T	115	88	2	0.43349753694581283
chr16:85077482:C>T	234	188	2	0.44549763033175355
chr17:18121858:G>T	593	271	3	0.3136574074074074
chr17:44667109:C>T	360	141	3	0.281437125748503
chr18:46963716:G>A	767	188	2	0.1968586387434555
chr2:61492337:C>T	135	91	2	0.4026548672566372
chr2:80546001:T>A	198	134	2	0.4036144578313253
chr2:209945864:G>A	196	138	2	0.41317365269461076
chr20:62414501:G>A	221	183	2	0.452970297029703
chr3:151740859:G>T	210	27	2	0.11392405063291139
chr4:39434655:G>A	303	182	3	0.3752577319587629
chr4:55110439:C>T	133	264	3	0.6649874055415617
chr4:105938311:C>T	229	97	3	0.29754601226993865
chr4:114675929:C>T	264	15	3	0.053763440860215055
chr5:65291409:C>G	145	192	2	0.56973293768546
chr6:70149859:A>T	348	11	2	0.03064066852367688
chr6:80040210:G>A	248	98	3	0.2832369942196532
chr6:129316090:G>A	286	88	3	0.23529411764705882
chr6:129349309:C>G	221	108	3	0.3282674772036474
chr8:68331208:C>T	249	231	2	0.48125
chr8:68331209:C>T	249	231	2	0.48125
chr8:144040852:C>T	200	160	2	0.4444444444444444
chr9:136764427:T>G	182	136	2	0.4276729559748428
chrX:48559199:G>C	632	36	3	0.05389221556886228
chrX:54301789:C>T	308	103	3	0.25060827250608275
chrX:141907372:C>T	556	227	3	0.28991060025542786
chrX:154956964:C>G	220	82	3	0.271523178807947
