mutation_id	ref_counts	var_counts	total_cn	VAF
chr1:6125209:G>A	227	160	2	0.4134366925064599
chr10:20868764:G>A	108	77	2	0.41621621621621624
chr10:117548087:G>A	412	15	2	0.0351288056206089
chr11:124925034:G>A	195	110	2	0.36065573770491804
chr12:41573850:C>T	320	30	2	0.08571428571428572
chr12:51379716:G>A	262	201	2	0.43412526997840173
chr16:791940:G>A	184	120	2	0.39473684210526316
chr16:10767178:G>A	582	46	2	0.0732484076433121
chr16:67284909:C>T	720	28	2	0.0374331550802139
chr17:38820949:C>T	390	208	2	0.34782608695652173
chr17:42788384:C>T	203	152	2	0.428169014084507
chr19:4095396:G>A	469	42	2	0.0821917808219178
chr19:33772255:G>A	337	279	2	0.45292207792207795
chr2:89244814:C>T	107	43	2	0.2866666666666667
chr22:26027639:C>T	148	116	2	0.4393939393939394
chr3:9371235:G>A	286	10	2	0.033783783783783786
chr3:13621816:C>T	251	138	2	0.35475578406169667
chr6:1313365:C>G	136	96	2	0.41379310344827586
chr6:75194928:C>G	113	91	2	0.44607843137254904
chr7:100100032:G>A	159	87	2	0.35365853658536583
chr8:100721514:C>T	601	21	2	0.03376205787781351
chr8:117819739:G>C	304	164	2	0.3504273504273504
chr8:141219743:C>T	641	35	2	0.051775147928994084
chrX:111247393:G>A	143	34	1	0.192090395480226
