mutation_id	ref_counts	var_counts	total_cn	VAF
chr11:113986773:G>A	245	182	2	0.4262295081967213
chr12:11885963:C>T	181	78	2	0.30115830115830117
chr14:106627249:T>GCCA	25	97	1	0.7950819672131147
chr19:7612778:G>A	748	52	2	0.065
chr19:48334105:G>A	792	27	2	0.03296703296703297
chr6:63680121:A>C	155	76	2	0.329004329004329
chr7:99662824:G>A	266	15	2	0.05338078291814947
chr8:120575165:G>T	256	162	2	0.3875598086124402
chr8:132180181:G>T	241	48	2	0.16608996539792387
chrX:84469112:G>A	108	147	1	0.5764705882352941
