mutation_id	ref_counts	var_counts	total_cn	VAF
chr11:47803511:C>T	196	114	2	0.36774193548387096
chr12:25245347:C>T	199	109	2	0.3538961038961039
chr15:49128721:C>T	152	93	2	0.3795918367346939
chr17:32659192:G>A	216	148	2	0.4065934065934066
chr18:20954946:C>T	400	39	2	0.0888382687927107
chr19:2341039:C>T	147	89	2	0.3771186440677966
chr2:209913873:C>T	200	134	2	0.40119760479041916
chr22:37024331:C>T	397	256	2	0.39203675344563554
chr4:78438681:A>G	270	21	2	0.07216494845360824
chr6:85615010:C>T	275	179	2	0.394273127753304
chr6:158481139:C>T	243	201	2	0.4527027027027027
chr9:115086062:C>A	346	207	2	0.3743218806509946
chrX:54085791:G>A	356	346	3	0.4928774928774929
chrX:71125490:A>G	305	123	3	0.28738317757009346
chrX:101840597:C>T	114	24	1	0.17391304347826086
chrX:153786418:T>C	163	167	1	0.5060606060606061
