mutation_id	ref_counts	var_counts	total_cn	VAF
chr1:28594025:G>A	242	223	2	0.47956989247311826
chr1:114716127:C>T	237	197	2	0.4539170506912442
chr10:20001931:G>T	450	141	3	0.23857868020304568
chr14:73251707:G>A	407	172	3	0.2970639032815199
chr21:40312191:G>A	581	193	4	0.24935400516795866
chr21:41801671:C>T	519	143	4	0.21601208459214502
chr6:31829610:G>A	591	218	3	0.2694684796044499
chr8:85663096:G>A	406	43	2	0.0957683741648107
chrX:100296748:C>T	588	249	3	0.2974910394265233
chrX:101841952:C>T	268	88	3	0.24719101123595505
chrX:107603063:G>A	505	227	3	0.31010928961748635
chrX:138857661:G>-	269	106	3	0.2826666666666667
