mutation_id	ref_counts	var_counts	total_cn	VAF
chr10:115215710:G>T	148	117	3	0.44150943396226416
chr11:20160011:G>A	646	20	2	0.03003003003003003
chr14:37749796:C>T	48	10	2	0.1724137931034483
chr2:26728399:->C	485	158	2	0.24572317262830481
chr2:113406860:ATACTACCCCATTCACAGTGTT>CCCCGG	162	54	2	0.25
chr2:185797347:G>A	173	49	2	0.22072072072072071
chr20:58228640:C>T	196	10	2	0.04854368932038835
chr22:50531699:->AAAG	693	201	2	0.22483221476510068
chr5:83258552:C>T	155	42	2	0.2131979695431472
chr8:39668036:T>G	393	45	2	0.10273972602739725
