mutation_id	ref_counts	var_counts	total_cn	VAF
chr1:13420964:G>C	652	25	2	0.03692762186115214
chr1:173582002:T>G	188	12	2	0.06
chr10:94031405:G>A	420	17	2	0.038901601830663615
chr11:83157613:C>T	386	18	2	0.04455445544554455
chr11:118557817:G>A	532	24	2	0.04316546762589928
chr12:52821985:C>G	333	209	2	0.3856088560885609
chr12:124341960:G>C	470	398	2	0.45852534562211983
chr14:39293346:G>C	141	7	2	0.0472972972972973
chr14:106622389:G>A	8	10	1	0.5555555555555556
chr14:106627249:TC>GTCATG	26	10	1	0.2777777777777778
chr14:106639119:->CTCCCCCAGAGGCAC	7	42	1	0.8571428571428571
chr14:106714683:->TGCCCCCAACA	24	23	2	0.48936170212765956
chr14:106714686:->CCCCCC	28	43	2	0.6056338028169014
chr15:45198937:C>T	826	39	2	0.04508670520231214
chr17:9022788:G>A	410	226	2	0.3553459119496855
chr18:70325184:->A	287	201	2	0.41188524590163933
chr19:7612231:G>T	317	278	2	0.4672268907563025
chr19:52582984:C>G	307	9	2	0.028481012658227847
chr19:56622218:T>G	384	370	2	0.4907161803713528
chr2:70088791:G>A	161	106	2	0.3970037453183521
chr2:219552616:G>A	1008	52	2	0.04905660377358491
chr20:46013691:C>T	720	36	2	0.047619047619047616
chr3:32891567:G>A	550	32	2	0.054982817869415807
chr3:97877762:G>A	201	165	2	0.45081967213114754
chr5:151855168:G>A	170	113	2	0.3992932862190813
chr6:26508612:G>A	509	15	2	0.02862595419847328
chr8:144516346:C>G	407	340	2	0.45515394912985274
