mutation_id	ref_counts	var_counts	total_cn	VAF
chr11:88508956:G>A	1133	39	4	0.033276450511945395
chr14:22531076:T>A	280	136	4	0.3269230769230769
chr14:22531078:A>G	286	138	4	0.32547169811320753
chr15:68351279:G>A	223	156	4	0.41160949868073876
chr17:44673518:AGGAGTTCCT>-	205	117	4	0.36335403726708076
