mutation_id	ref_counts	var_counts	total_cn	VAF
chr1:114713907:T>A	342	44	2	0.11398963730569948
chr11:4682015:G>A	398	34	2	0.0787037037037037
chr12:93411280:G>A	166	18	2	0.09782608695652174
chr13:113096608:G>A	569	94	2	0.14177978883861236
chr14:94364471:C>T	434	61	2	0.12323232323232323
chr17:8552126:C>T	266	19	3	0.06666666666666667
chr19:14097427:G>A	242	43	2	0.15087719298245614
chr21:42904220:->T	314	49	3	0.1349862258953168
chr3:64163032:G>A	276	28	2	0.09210526315789473
chr5:141388792:A>C	187	32	2	0.1461187214611872
chr9:7049117:G>C	204	25	2	0.1091703056768559
chrX:124333261:G>A	496	28	2	0.05343511450381679
