mutation_id	ref_counts	var_counts	total_cn	VAF
chr1:21824541:C>A	431	32	2	0.06911447084233262
chr11:57182656:C>T	182	109	2	0.3745704467353952
chr11:133920621:C>T	474	48	2	0.09195402298850575
chr15:79046812:C>T	201	126	2	0.3853211009174312
chr2:86028681:C>T	192	124	2	0.3924050632911392
chr2:219302348:G>A	220	144	2	0.3956043956043956
chr3:124796733:G>A	267	141	2	0.34558823529411764
chr6:41936007:->G	502	56	2	0.1003584229390681
chr7:151118305:G>A	253	30	2	0.10600706713780919
