mutation_id	ref_counts	var_counts	total_cn	VAF
chr1:225392425:C>A	128	110	2	0.46218487394957986
chr12:52573636:G>A	298	211	2	0.41453831041257366
chr12:52601416:G>A	485	41	2	0.0779467680608365
chr12:89349401:GTTAGGGGATATGTTGGATTTTTTCATTTTGACAATGT>CC	268	131	2	0.3283208020050125
chr12:121229048:G>A	254	139	2	0.35368956743002544
chr17:69032208:C>A	268	89	3	0.24929971988795518
chr17:80891776:C>G	341	157	3	0.3152610441767068
chr17:82163331:C>T	491	198	3	0.28737300435413643
chr19:52438424:G>T	180	108	2	0.375
chr20:3234572:C>T	234	192	2	0.4507042253521127
chr20:33679948:G>A	213	135	2	0.3879310344827586
chr20:63693257:G>A	224	118	2	0.34502923976608185
chr3:47106062:G>A	122	32	2	0.2077922077922078
chr5:132487055:A>G	218	147	2	0.40273972602739727
chr5:139392865:C>G	425	292	2	0.4072524407252441
chr6:10963781:G>A	139	37	3	0.21022727272727273
chr7:99454045:G>A	288	158	2	0.3542600896860987
chr8:106706459:C>G	276	98	3	0.2620320855614973
chr8:119793426:T>A	58	39	3	0.4020618556701031
chr9:72754875:C>T	174	85	2	0.3281853281853282
chrX:54446125:G>T	481	175	3	0.26676829268292684
