mutation_id	ref_counts	var_counts	total_cn	VAF
chr1:210242227:G>A	294	93	2	0.24031007751937986
chr10:43109149:C>T	390	143	2	0.2682926829268293
chr14:106639119:T>GC	172	36	1	0.17307692307692307
chr14:106657722:GTCTCT>AGGA	77	12	1	0.1348314606741573
chr15:62737041:C>G	258	84	2	0.24561403508771928
chr16:2519689:G>A	333	97	2	0.2255813953488372
chr2:43851716:G>A	228	86	2	0.27388535031847133
chr2:137233085:G>A	160	70	2	0.30434782608695654
chr3:44901819:C>T	344	14	2	0.03910614525139665
chr5:93585055:C>T	271	62	2	0.18618618618618618
chr5:113488274:G>T	353	112	2	0.24086021505376345
chr6:64388818:C>T	209	80	2	0.2768166089965398
chr7:93353694:C>T	205	60	2	0.22641509433962265
chr8:53229710:C>T	290	96	2	0.24870466321243523
chr8:144053108:G>A	229	85	2	0.27070063694267515
chr9:72241191:T>C	246	81	2	0.24770642201834864
