mutation_id	ref_counts	var_counts	total_cn	VAF
chr1:81990959:G>A	415	32	2	0.07158836689038031
chr12:52306080:G>A	220	161	2	0.4225721784776903
chr13:28034144:A>C	180	135	2	0.42857142857142855
chr16:575939:C>T	351	283	2	0.44637223974763407
chr17:7408600:C>T	353	265	2	0.42880258899676377
chr19:55861531:C>T	201	152	2	0.43059490084985835
chr2:208242019:G>A	235	105	2	0.3088235294117647
chr5:2749039:G>A	234	201	2	0.46206896551724136
chr7:41965869:G>T	195	241	2	0.5527522935779816
chr8:76849663:C>T	180	185	2	0.5068493150684932
chr8:109438981:G>A	260	191	2	0.42350332594235035
chrX:45011019:->TGGA	8	93	1	0.9207920792079208
