mutation_id	ref_counts	var_counts	total_cn	VAF
chr1:230236716:C>T	241	85	6	0.2607361963190184
chr1:245609450:G>A	389	385	6	0.4974160206718346
chr10:58800994:G>T	466	105	8	0.18388791593695272
chr11:62581436:C>T	412	120	7	0.22556390977443608
chr12:29755795:C>T	337	106	6	0.23927765237020315
chr12:104928399:C>A	245	69	6	0.2197452229299363
chr12:106067441:C>T	384	100	6	0.2066115702479339
chr14:19935931:C>T	555	63	9	0.10194174757281553
chr14:22520415:GTGATTTATAACCA>TCCCCCCAG	335	58	8	0.1475826972010178
chr19:3785083:G>A	370	12	5	0.031413612565445025
chr19:13886006:G>A	231	107	4	0.3165680473372781
chr2:97198478:C>A	73	6	4	0.0759493670886076
chr2:179518608:G>T	95	32	4	0.25196850393700787
chr21:45992191:G>A	478	82	8	0.14642857142857144
chr22:40315436:C>A	266	145	4	0.35279805352798055
chr3:36485022:G>T	237	105	4	0.30701754385964913
chr3:78714497:C>T	162	76	4	0.31932773109243695
chr3:149198480:A>C	178	96	4	0.35036496350364965
chr5:524202:C>T	601	159	6	0.20921052631578949
chr5:102239329:C>T	134	37	6	0.21637426900584794
chr5:140857580:C>T	816	27	4	0.03202846975088968
chr8:47701975:G>T	271	70	6	0.20527859237536658
chr8:58146756:G>A	450	141	6	0.23857868020304568
chrX:9743609:C>T	358	90	6	0.20089285714285715
chrX:21878635:C>A	267	49	6	0.1550632911392405
