mutation_id	ref_counts	var_counts	total_cn	VAF
chr16:87644291:G>A	926	40	2	0.041407867494824016
chr9:72940235:T>C	378	19	2	0.04785894206549118
