mutation_id	ref_counts	var_counts	total_cn	VAF
chr1:26268586:A>G	392	133	2	0.25333333333333335
chr11:92697405:G>A	250	64	2	0.20382165605095542
chr11:93738128:C>T	108	21	2	0.16279069767441862
chr11:111926071:C>G	418	138	2	0.24820143884892087
chr17:80214190:G>A	367	106	2	0.22410147991543342
chr3:183651155:C>G	292	95	2	0.2454780361757106
chr4:123401924:G>A	302	86	2	0.22164948453608246
chr5:128966484:C>T	405	105	2	0.20588235294117646
chr9:101737798:G>A	808	250	2	0.23629489603024575
