mutation_id	ref_counts	var_counts	total_cn	VAF
chr1:13610514:C>T	115	78	2	0.40414507772020725
chr1:43598001:C>T	237	193	2	0.44883720930232557
chr1:116941822:G>A	376	12	2	0.030927835051546393
chr11:55936350:T>C	160	66	2	0.2920353982300885
chr12:102877539:G>A	113	82	2	0.4205128205128205
chr13:28018505:C>A	263	38	2	0.12624584717607973
chr17:28958035:G>A	518	63	3	0.10843373493975904
chr19:4544373:C>T	658	21	2	0.030927835051546393
chr20:17968226:G>A	269	197	2	0.4227467811158798
chr3:7146500:C>T	150	100	2	0.4
chr6:110358010:C>T	290	145	3	0.3333333333333333
chr6:159271336:G>A	152	72	3	0.32142857142857145
chr7:140781611:C>T	212	120	2	0.3614457831325301
chr8:141479913:C>A	89	65	2	0.42207792207792205
