mutation_id	ref_counts	var_counts	total_cn	VAF
chr1:24084634:G>A	118	10	2	0.078125
chr10:29473892:C>T	338	113	3	0.25055432372505543
chr10:132922650:->CTT	329	103	3	0.23842592592592593
chr12:25245350:C>T	141	70	2	0.33175355450236965
chr17:8173524:C>T	138	78	2	0.3611111111111111
chr17:64860193:G>A	86	63	2	0.4228187919463087
chr17:80058555:C>T	152	78	2	0.3391304347826087
chr18:78992247:G>A	730	212	4	0.22505307855626328
chr19:56814341:T>A	190	94	2	0.33098591549295775
chr2:159944923:A>G	55	31	2	0.36046511627906974
chr2:196027987:G>A	119	40	2	0.25157232704402516
chr4:120695208:C>T	144	78	2	0.35135135135135137
chr5:68295288:T>C	107	50	2	0.3184713375796178
chr5:79131048:C>T	145	118	2	0.44866920152091255
chr8:30846871:C>T	96	74	2	0.43529411764705883
chrX:141897482:T>C	160	132	2	0.4520547945205479
