mutation_id	ref_counts	var_counts	total_cn	VAF
chr1:85868808:C>T	115	96	2	0.4549763033175355
chr10:116701045:G>A	215	195	2	0.47560975609756095
chr11:6528700:C>T	220	200	2	0.47619047619047616
chr11:18733342:C>T	194	146	2	0.4294117647058823
chr17:39520015:G>A	218	187	2	0.4617283950617284
chr17:48530772:C>T	302	248	2	0.4509090909090909
chr18:10855484:C>T	212	172	2	0.4479166666666667
chr2:24841643:->GGCC	214	105	2	0.329153605015674
chr20:58842076:G>A	252	224	2	0.47058823529411764
chr5:129028364:G>A	118	94	2	0.44339622641509435
chr5:136978716:C>T	211	169	2	0.44473684210526315
chr6:16327077:C>T	229	176	2	0.4345679012345679
chr8:27659019:G>C	243	211	2	0.4647577092511013
