mutation_id	ref_counts	var_counts	total_cn	VAF
chr1:5967314:G>C	468	22	2	0.044897959183673466
chr1:53077263:G>A	514	51	2	0.09026548672566372
chr1:62274892:C>T	331	59	2	0.15128205128205127
chr1:150473191:C>T	402	57	2	0.12418300653594772
chr1:158718068:T>C	282	42	2	0.12962962962962962
chr12:82857453:G>T	308	58	2	0.15846994535519127
chr12:124971395:G>T	327	31	2	0.08659217877094973
chr13:27567696:G>A	406	35	2	0.07936507936507936
chr14:106714674:ACACTGTGTCTCTCGCACAGT>-	16	23	1	0.5897435897435898
chr17:3467538:C>T	159	17	2	0.09659090909090909
chr17:42586088:C>T	151	103	2	0.40551181102362205
chr17:45846781:G>A	624	80	2	0.11363636363636363
chr19:52366620:C>T	430	36	2	0.07725321888412018
chr2:76748793:C>T	503	47	2	0.08545454545454545
chr2:163610180:G>T	277	130	2	0.3194103194103194
chr2:170404307:C>T	245	72	2	0.22712933753943218
chr2:228018695:G>A	225	148	2	0.3967828418230563
chr22:22031468:ATTCA>CT	40	66	2	0.6226415094339622
chr3:77563187:A>-	214	103	2	0.3249211356466877
chr3:119747892:C>G	204	11	2	0.05116279069767442
chr4:8871552:G>A	624	76	2	0.10857142857142857
chr4:46964972:G>A	145	84	2	0.36681222707423583
chr4:72290925:C>T	219	124	2	0.36151603498542273
chr4:119031386:A>G	396	34	2	0.07906976744186046
chr5:141174424:G>A	767	105	2	0.12041284403669725
chr6:168033947:G>A	244	161	2	0.39753086419753086
chr8:144466773:C>T	457	70	2	0.13282732447817835
chrX:45151664:G>A	55	104	1	0.6540880503144654
chrX:134417293:G>T	174	26	2	0.13
