mutation_id	ref_counts	var_counts	total_cn	VAF
chr1:173041666:C>T	178	83	2	0.31800766283524906
chr1:215086460:C>T	223	24	2	0.09716599190283401
chr10:91500509:G>A	194	64	3	0.24806201550387597
chr11:6547112:T>G	226	43	2	0.15985130111524162
chr13:28028244:T>G	198	37	2	0.1574468085106383
chr16:3749626:C>T	33	8	2	0.1951219512195122
chr18:78992307:C>T	551	205	3	0.27116402116402116
chr3:54627817:G>A	156	76	2	0.3275862068965517
chr5:149627196:C>T	345	52	3	0.1309823677581864
chr9:33617815:A>G	310	38	2	0.10919540229885058
chrX:11664677:G>A	286	226	2	0.44140625
