mutation_id	ref_counts	var_counts	total_cn	VAF
chr1:35454478:C>G	254	19	2	0.0695970695970696
chr10:89417682:G>T	623	38	4	0.057488653555219364
chr10:93797060:C>T	377	100	4	0.20964360587002095
chr13:100532458:G>A	318	193	2	0.3776908023483366
chr14:106506995:->C	64	34	2	0.3469387755102041
chr17:80188467:G>A	389	147	3	0.27425373134328357
chr19:50517848:T>C	405	256	2	0.38729198184568836
chr20:42102210:C>A	339	75	2	0.18115942028985507
chr21:44654335:G>C	691	143	5	0.17146282973621102
chr7:92062411:C>G	149	73	2	0.32882882882882886
chr7:139251956:G>T	102	47	2	0.31543624161073824
chrX:3027367:G>A	516	154	3	0.2298507462686567
chrX:123428017:C>T	470	163	3	0.2575039494470774
