mutation_id	ref_counts	var_counts	total_cn	VAF
chr1:114716097:G>T	320	80	2	0.2
chr10:93612973:C>A	656	24	3	0.03529411764705882
chr11:17548200:C>T	342	27	2	0.07317073170731707
chr11:64118010:C>T	452	44	2	0.08870967741935484
chr11:92353040:G>A	215	88	2	0.29042904290429045
chr11:115238584:C>T	275	86	2	0.23822714681440443
chr12:51770541:G>A	200	73	2	0.2673992673992674
chr12:106732962:G>A	358	25	2	0.06527415143603134
chr12:123584807:C>T	249	22	2	0.08118081180811808
chr16:86568257:G>A	423	161	2	0.2756849315068493
chr17:63340188:C>T	304	68	3	0.1827956989247312
chr21:33550785:G>T	536	120	4	0.18292682926829268
chr5:170812122:G>A	297	110	2	0.2702702702702703
chr6:167157638:G>A	401	122	3	0.2332695984703633
chr7:31864943:G>A	178	57	3	0.2425531914893617
chr7:95589666:G>A	226	38	3	0.14393939393939395
chr8:40153611:T>G	424	76	3	0.152
chrX:34943502:G>A	977	67	4	0.06417624521072797
chrX:71603847:C>T	854	188	4	0.18042226487523993
