mutation_id	ref_counts	var_counts	total_cn	VAF
chr1:21851869:C>T	420	56	2	0.11764705882352941
chr1:114716123:C>T	186	96	2	0.3404255319148936
chr10:93351549:C>T	194	58	3	0.23015873015873015
chr10:114144614:T>C	80	6	3	0.06976744186046512
chr17:7818696:G>T	458	20	3	0.04184100418410042
chr17:40162736:G>A	383	35	3	0.08373205741626795
chr19:13299317:G>A	404	24	2	0.056074766355140186
chr2:232791378:C>T	168	18	2	0.0967741935483871
chr22:46260255:G>A	416	42	2	0.09170305676855896
chr4:146833850:G>T	92	38	2	0.2923076923076923
chr7:74518212:C>T	796	49	2	0.05798816568047337
