mutation_id	ref_counts	var_counts	total_cn	VAF
chr12:110722114:C>G	456	50	2	0.09881422924901186
chr14:106770577:GTA>AGGGGG	151	77	2	0.33771929824561403
chr17:8480300:C>T	275	56	2	0.1691842900302115
chr17:76736962:C>T	507	199	2	0.2818696883852691
chr20:44901653:C>T	316	134	2	0.29777777777777775
chr4:1951182:C>A	212	93	2	0.30491803278688523
chr5:62579484:G>A	162	66	2	0.2894736842105263
chr5:115620609:C>T	248	23	2	0.08487084870848709
chr6:26158382:C>G	620	54	2	0.08011869436201781
chr6:26285445:G>A	313	36	2	0.10315186246418338
chr6:83593676:G>T	332	144	2	0.3025210084033613
