mutation_id	ref_counts	var_counts	total_cn	VAF
chr1:108728820:G>A	194	170	2	0.46703296703296704
chr1:243126654:G>A	323	22	2	0.06376811594202898
chr10:127339025:A>T	128	231	3	0.6434540389972145
chr14:22539073:T>-	394	30	3	0.07075471698113207
chr14:104597090:C>T	447	58	3	0.11485148514851486
chr16:11476822:G>A	367	69	2	0.15825688073394495
chr17:76061179:G>A	279	80	3	0.22284122562674094
chr2:235052681:G>A	494	18	2	0.03515625
chr20:33086119:G>A	350	26	2	0.06914893617021277
chr20:45110481:A>G	527	16	2	0.029465930018416207
chr5:79278008:C>T	479	38	3	0.0735009671179884
chr5:141052890:G>T	402	12	2	0.028985507246376812
chr6:73766955:C>T	234	90	3	0.2777777777777778
