mutation_id	ref_counts	var_counts	total_cn	VAF
chr1:36859129:G>A	137	115	2	0.45634920634920634
chr1:114716126:C>G	408	32	2	0.07272727272727272
chr10:28595923:A>C	204	147	2	0.4188034188034188
chr10:102260068:C>T	204	16	2	0.07272727272727272
chr11:46873401:C>A	52	189	2	0.7842323651452282
chr11:57554612:G>A	109	98	2	0.47342995169082125
chr12:25245345:C>T	250	43	2	0.14675767918088736
chr12:27679631:C>G	111	91	2	0.4504950495049505
chr12:122206688:G>C	198	153	2	0.4358974358974359
chr12:124483682:G>A	242	174	2	0.4182692307692308
chr14:23559971:G>A	145	88	2	0.3776824034334764
chr15:44332034:G>C	86	20	2	0.18867924528301888
chr16:682459:C>G	233	12	2	0.04897959183673469
chr19:4930735:CTC>-	113	45	2	0.2848101265822785
chr19:49801830:C>T	361	73	2	0.16820276497695852
chr2:85134076:G>A	224	181	2	0.4469135802469136
chr2:165996090:C>T	68	47	2	0.40869565217391307
chr2:240573173:G>A	201	160	2	0.44321329639889195
chr20:31477904:G>A	268	16	2	0.056338028169014086
chr20:51009766:G>A	512	44	2	0.07913669064748201
chr21:32495082:G>A	396	27	2	0.06382978723404255
chr3:13391234:G>A	236	16	2	0.06349206349206349
chr3:131555519:G>A	146	119	2	0.4490566037735849
chr3:158827298:C>T	70	28	2	0.2857142857142857
chr5:95891131:C>T	156	95	2	0.3784860557768924
chr5:109379201:C>T	141	126	2	0.47191011235955055
chr5:122020429:C>G	192	126	2	0.39622641509433965
chr5:141123893:G>A	750	36	2	0.04580152671755725
chr5:141175217:A>T	744	67	2	0.08261405672009864
chr5:177306424:G>A	161	111	2	0.40808823529411764
chr6:31634814:G>T	289	225	2	0.4377431906614786
chr7:149105378:G>A	181	138	2	0.43260188087774293
chr8:6936818:C>T	182	173	2	0.48732394366197185
chr8:90060188:A>G	177	50	2	0.22026431718061673
chr9:93253051:C>T	496	45	2	0.08317929759704251
chr9:137031520:G>A	580	31	2	0.05073649754500818
chrX:32438384:C>G	13	131	1	0.9097222222222222
chrX:87518024:G>C	153	46	1	0.23115577889447236
