mutation_id	ref_counts	var_counts	total_cn	VAF
chr1:114716123:C>T	399	99	2	0.19879518072289157
chr1:171199468:C>A	226	152	2	0.4021164021164021
chr1:240093048:G>A	597	360	2	0.3761755485893417
chr10:80289334:C>T	232	27	2	0.10424710424710425
chr12:85882348:A>T	184	140	2	0.43209876543209874
chr12:121005027:C>T	408	86	2	0.17408906882591094
chr13:83881062:G>T	277	184	2	0.39913232104121477
chr16:2464229:G>T	641	92	2	0.12551159618008187
chr16:27449208:->C	376	252	2	0.4012738853503185
chr16:28317550:C>T	323	217	2	0.40185185185185185
chr16:70918352:C>T	28	22	2	0.44
chr17:7818091:G>A	245	146	2	0.3734015345268542
chr17:37458581:G>A	160	113	2	0.4139194139194139
chr19:45071667:G>A	422	286	2	0.403954802259887
chr22:45548732:C>T	246	142	2	0.36597938144329895
chr3:134620779:C>T	478	48	2	0.09125475285171103
chr3:165009298:T>G	134	97	2	0.4199134199134199
chr4:7718157:G>A	475	73	2	0.1332116788321168
chr6:31116860:G>A	492	340	2	0.40865384615384615
chr6:146159440:G>A	343	106	2	0.23608017817371937
chr6:148543977:G>A	390	226	2	0.36688311688311687
chr7:51025140:C>T	325	48	2	0.128686327077748
chr8:124475119:G>C	508	21	2	0.03969754253308128
chrX:3317221:G>A	580	91	2	0.13561847988077497
