mutation_id	ref_counts	var_counts	total_cn	VAF
chr11:48489108:G>A	366	38	2	0.09405940594059406
chr11:66693207:C>T	391	42	2	0.09699769053117784
chr11:66693276:C>T	527	70	2	0.11725293132328309
chr14:37735991:A>G	156	8	2	0.04878048780487805
chr19:34466996:C>T	255	25	2	0.08928571428571429
chr2:119158072:G>A	740	84	2	0.10194174757281553
chr21:40124232:C>T	298	50	2	0.14367816091954022
chr21:41741078:C>T	520	51	2	0.0893169877408056
chr3:14520400:C>T	388	70	2	0.15283842794759825
chr3:52516149:G>C	519	70	2	0.11884550084889643
