mutation_id	ref_counts	var_counts	total_cn	VAF
chr1:3632214:G>A	90	54	2	0.375
chr12:112477720:A>G	135	92	2	0.4052863436123348
chr16:3731323:AGG>-	248	128	2	0.3404255319148936
chr2:84762944:C>T	80	72	2	0.47368421052631576
chrX:31071485:G>A	478	27	2	0.053465346534653464
chrX:80704678:CTT>-	124	84	2	0.40384615384615385
