mutation_id	ref_counts	var_counts	total_cn	VAF
chr1:11934840:G>A	528	31	2	0.055456171735241505
chr1:74183508:G>T	34	12	2	0.2608695652173913
chr1:214644986:G>C	172	9	2	0.049723756906077346
chr11:4848317:G>A	284	21	2	0.06885245901639345
chr11:6456645:C>G	415	140	2	0.25225225225225223
chr11:18706915:C>T	232	14	2	0.056910569105691054
chr11:32428043:G>A	369	100	2	0.21321961620469082
chr11:36593232:G>A	352	13	2	0.03561643835616438
chr11:117999411:G>C	392	32	2	0.07547169811320754
chr12:96693731:C>G	117	8	2	0.064
chr12:118151149:C>G	227	16	2	0.06584362139917696
chr12:120655867:G>C	270	29	2	0.09698996655518395
chr12:131921141:G>C	562	19	2	0.03270223752151463
chr12:132856467:C>T	128	62	2	0.3263157894736842
chr13:57634087:C>T	320	12	2	0.03614457831325301
chr15:40206347:C>G	366	28	2	0.07106598984771574
chr15:51377490:C>G	413	16	2	0.037296037296037296
chr16:69120205:G>A	252	94	2	0.27167630057803466
chr16:86554735:C>T	241	11	2	0.04365079365079365
chr17:36953113:G>C	569	58	2	0.09250398724082935
chr17:82324628:G>A	389	34	2	0.08037825059101655
chr19:5592886:G>A	264	16	2	0.05714285714285714
chr19:55593418:C>T	474	179	2	0.27411944869831545
chr2:31373955:T>G	128	70	2	0.35353535353535354
chr2:120978454:C>G	207	108	2	0.34285714285714286
chr2:140776216:G>T	230	10	2	0.041666666666666664
chr22:30379759:A>C	192	108	2	0.36
chr22:50517598:G>A	176	83	2	0.3204633204633205
chr22:50604570:C>T	303	119	2	0.28199052132701424
chr3:37298892:G>C	286	32	2	0.10062893081761007
chr3:101821649:C>T	344	17	2	0.04709141274238227
chr3:122284339:G>C	320	12	2	0.03614457831325301
chr3:132659663:T>-	349	109	2	0.23799126637554585
chr3:138472845:C>T	232	16	2	0.06451612903225806
chr3:139578981:G>C	395	30	2	0.07058823529411765
chr3:148886127:C>T	322	14	2	0.041666666666666664
chr4:72032123:G>C	429	15	2	0.033783783783783786
chr4:186621694:G>A	198	55	2	0.21739130434782608
chr5:141361765:G>A	673	31	2	0.04403409090909091
chr6:36302336:T>A	403	56	2	0.12200435729847495
chr6:75183437:C>T	271	10	2	0.03558718861209965
chr6:143284207:C>G	236	20	2	0.078125
chr6:145894221:C>G	158	10	2	0.05952380952380952
chr7:86839339:G>C	212	96	2	0.3116883116883117
chr8:50530200:G>A	232	22	2	0.08661417322834646
chr8:56963911:T>C	274	89	2	0.24517906336088155
chr8:118110220:C>T	240	110	2	0.3142857142857143
chr9:110407996:G>A	444	28	2	0.059322033898305086
chrX:50602722:C>G	386	28	2	0.06763285024154589
chrX:135908601:G>A	304	10	2	0.03184713375796178
chrX:148662029:C>T	420	30	2	0.06666666666666667
