mutation_id	ref_counts	var_counts	total_cn	VAF
chr1:52393718:C>T	100	91	2	0.47643979057591623
chr11:32700790:C>-	56	36	2	0.391304347826087
chr13:112819306:G>A	160	46	2	0.22330097087378642
chr14:106592675:->CC	20	28	0	0.5833333333333334
chr19:7768982:C>T	90	70	2	0.4375
chr19:15807598:C>A	258	198	2	0.4342105263157895
chr2:100990857:C>T	110	87	2	0.4416243654822335
chr20:45330456:C>T	129	133	2	0.5076335877862596
chr20:46725914:G>A	291	186	2	0.389937106918239
chr20:53255058:G>A	207	183	2	0.46923076923076923
chr4:186280060:C>T	146	112	2	0.43410852713178294
chr7:111124140:G>A	144	112	2	0.4375
