mutation_id	ref_counts	var_counts	total_cn	VAF
chr1:34761934:G>A	312	51	2	0.14049586776859505
chr1:206902044:T>G	220	34	2	0.13385826771653545
chr11:2699675:C>T	866	29	2	0.03240223463687151
chr11:89402510:G>T	227	81	2	0.262987012987013
chr14:21643349:C>T	199	85	2	0.2992957746478873
chr15:23565935:G>A	368	135	2	0.268389662027833
chr3:64160008:G>A	353	43	2	0.10858585858585859
chr5:141247471:C>T	616	214	2	0.25783132530120484
chr7:50382593:A>T	415	442	3	0.5157526254375729
chr7:95495906:C>T	412	36	2	0.08035714285714286
chrX:101231690:C>T	360	116	2	0.24369747899159663
