mutation_id	ref_counts	var_counts	total_cn	VAF
chr1:1655426:C>T	169	69	2	0.28991596638655465
chr12:25245347:C>T	284	91	3	0.24266666666666667
chr18:14848863:C>T	189	49	3	0.20588235294117646
chr2:168923809:G>A	161	126	2	0.43902439024390244
chr3:35721754:C>T	180	94	2	0.34306569343065696
chr3:52651766:G>C	126	62	2	0.32978723404255317
chr4:26482042:G>A	388	163	3	0.2958257713248639
chr8:39165095:G>A	296	92	3	0.23711340206185566
