mutation_id	ref_counts	var_counts	total_cn	VAF
chr1:17259716:C>T	396	13	2	0.03178484107579462
chr1:21599563:C>T	482	63	2	0.11559633027522936
chr1:56917690:C>T	385	36	2	0.0855106888361045
chr10:122579736:G>T	924	24	2	0.02531645569620253
chr17:20580525:G>T	374	37	2	0.09002433090024331
chr18:62369334:G>A	594	56	2	0.08615384615384615
chr19:56664278:C>T	611	65	2	0.09615384615384616
chr4:25671627:G>A	423	40	2	0.08639308855291576
chr5:176584585:C>T	624	66	2	0.09565217391304348
chrX:3112493:A>T	276	17	1	0.05802047781569966
chrX:50634295:C>T	358	55	1	0.13317191283292978
