mutation_id	ref_counts	var_counts	total_cn	VAF
chr1:9715849:G>A	336	22	4	0.061452513966480445
chr11:56462671:G>A	263	93	4	0.2612359550561798
chr12:25245347:C>T	289	92	4	0.24146981627296588
chr13:113075003:C>T	353	85	4	0.19406392694063926
chr15:41854057:C>T	242	107	4	0.30659025787965616
chr18:14851903:T>C	411	24	4	0.05517241379310345
chr19:38831120:G>A	296	93	4	0.2390745501285347
chr2:48963505:C>A	358	121	4	0.25260960334029225
chr2:88861912:CCGAACGTCCACCACAGTGAGAGCT>A	170	38	2	0.18269230769230768
chr2:149000420:C>A	197	62	4	0.23938223938223938
chr4:182600926:C>A	112	46	4	0.2911392405063291
chr5:141393683:G>A	203	57	4	0.21923076923076923
chr5:151531627:G>A	295	107	4	0.26616915422885573
chr9:125153574:G>A	269	87	4	0.2443820224719101
chrX:152701583:G>A	494	148	4	0.23052959501557632
