mutation_id	ref_counts	var_counts	total_cn	VAF
chr11:64766024:->G	552	60	2	0.09803921568627451
chr13:37598666:C>T	295	32	2	0.09785932721712538
chr19:3977544:C>T	676	74	2	0.09866666666666667
chr2:10058946:G>A	418	21	2	0.04783599088838269
