mutation_id	ref_counts	var_counts	total_cn	VAF
chr1:75143141:G>T	179	155	2	0.46407185628742514
chr11:6956395:G>A	230	135	2	0.3698630136986301
chr11:7089703:C>T	651	54	2	0.07659574468085106
chr11:106054349:T>C	380	22	2	0.05472636815920398
chr15:62164679:C>T	437	250	2	0.363901018922853
chr16:1954059:C>T	654	33	2	0.048034934497816595
chr17:65225120:C>T	765	59	2	0.07160194174757281
chr2:28829268:C>T	278	32	2	0.1032258064516129
chr2:185788778:G>C	213	187	2	0.4675
chr20:3706495:G>A	241	204	2	0.4584269662921348
chr21:46599366:C>G	221	132	2	0.37393767705382436
chr3:167528017:C>G	260	22	2	0.07801418439716312
chr3:187199762:C>T	350	244	2	0.4107744107744108
chr4:37446670:T>C	211	158	2	0.4281842818428184
chr6:146159533:G>T	410	15	2	0.03529411764705882
chr7:48108333:C>T	410	19	2	0.04428904428904429
chr7:111940170:A>G	492	41	2	0.07692307692307693
