mutation_id	ref_counts	var_counts	total_cn	VAF
chr1:109191778:G>T	248	45	2	0.15358361774744028
chr1:197143527:C>T	189	152	2	0.44574780058651026
chr11:105924543:G>T	236	23	2	0.0888030888030888
chr12:18723344:C>A	238	11	2	0.04417670682730924
chr17:64188359:G>A	356	47	2	0.11662531017369727
chr3:47017714:A>G	16	251	2	0.9400749063670412
