mutation_id	ref_counts	var_counts	total_cn	VAF
chr11:114551136:C>A	102	86	2	0.4574468085106383
chr12:80266608:T>C	158	47	2	0.22926829268292684
chr17:60525836:G>A	319	72	2	0.18414322250639387
chr4:16226407:G>T	430	392	2	0.4768856447688564
chr7:121295568:G>A	68	61	2	0.4728682170542636
