mutation_id	ref_counts	var_counts	total_cn	VAF
chr1:6124012:C>T	237	208	2	0.46741573033707867
chr1:162356984:C>T	131	133	2	0.5037878787878788
chr10:19324041:C>T	296	73	3	0.1978319783197832
chr11:60951244:G>A	249	274	2	0.5239005736137667
chr11:77115482:C>T	212	190	2	0.472636815920398
chr12:124912693:A>T	200	138	2	0.40828402366863903
chr13:28018484:A>G	158	34	2	0.17708333333333334
chr13:28034144:A>T	160	84	2	0.3442622950819672
chr17:48728278:G>C	193	172	2	0.4712328767123288
chr20:2417281:C>T	98	115	2	0.539906103286385
chr21:26934726:G>A	387	116	4	0.23061630218687873
chr3:85935780:T>G	106	73	2	0.40782122905027934
chr7:48275999:G>A	119	103	2	0.46396396396396394
chr7:50382567:->GGGGCGCC	163	98	2	0.37547892720306514
chr7:130312119:G>T	79	88	2	0.5269461077844312
