mutation_id	ref_counts	var_counts	total_cn	VAF
chr1:103026218:C>A	168	9	2	0.05084745762711865
chr11:19933724:C>T	384	28	2	0.06796116504854369
chr11:118436540:C>T	193	119	2	0.3814102564102564
chr12:120215616:C>T	224	124	2	0.3563218390804598
chr17:34155999:G>A	239	76	3	0.24126984126984127
chr18:50729394:C>T	822	32	3	0.03747072599531616
chr2:113406853:CAGGATTATACTACCCCATTCACA>AGG	156	65	2	0.29411764705882354
chr2:210608424:C>T	160	108	2	0.40298507462686567
chr2:233822491:G>A	163	132	2	0.44745762711864406
chr20:51694084:G>A	149	137	2	0.479020979020979
chr22:26541216:C>T	516	24	2	0.044444444444444446
chr22:43678149:C>T	176	18	2	0.09278350515463918
chr3:133928578:C>T	307	169	2	0.3550420168067227
chr3:196937574:C>T	208	151	2	0.4206128133704735
chr6:42107398:G>A	400	147	3	0.2687385740402194
chr6:51911921:C>T	226	90	3	0.2848101265822785
chr6:152321779:G>A	343	103	3	0.23094170403587444
chr7:76248251:G>T	238	123	2	0.3407202216066482
