mutation_id	ref_counts	var_counts	total_cn	VAF
chr1:46933979:C>T	368	192	2	0.34285714285714286
chr10:1072181:C>A	139	97	2	0.4110169491525424
chr10:23193874:G>C	377	17	2	0.04314720812182741
chr10:58361378:C>T	266	37	2	0.12211221122112212
chr11:30915623:G>A	167	107	2	0.3905109489051095
chr12:118400689:G>C	46	83	1	0.6434108527131783
chr14:41886929:->T	183	108	2	0.3711340206185567
chr14:44506115:G>C	468	14	2	0.029045643153526972
chr14:75546542:G>A	264	261	2	0.49714285714285716
chr14:106592675:->TTTGA	11	61	2	0.8472222222222222
chr15:73740410:G>A	244	124	2	0.33695652173913043
chr16:10962561:G>C	220	110	2	0.3333333333333333
chr17:10496025:C>G	330	160	2	0.32653061224489793
chr17:35479200:G>C	272	18	2	0.06206896551724138
chr17:41477127:C>T	243	200	2	0.45146726862302483
chr17:43882496:C>T	171	151	2	0.468944099378882
chr19:4199960:G>A	239	161	2	0.4025
chr2:48346590:G>C	190	64	2	0.25196850393700787
chr2:89937678:CTCCCACAGTGGTACAGCCCTGAACAAAAACCTCCCTG>TTTTCCCTACAGACCAATACAGAAACCTCCCTGC	18	8	3	0.3076923076923077
chr2:134345063:C>T	88	67	2	0.432258064516129
chr3:183963578:C>T	344	12	2	0.033707865168539325
chr4:123402478:G>C	238	134	2	0.3602150537634409
chr5:155015492:C>G	186	124	2	0.4
chr5:180992934:G>A	287	191	2	0.399581589958159
chr6:30075596:G>C	636	315	2	0.3312302839116719
chr6:32029952:C>G	154	32	2	0.17204301075268819
chr6:46868984:G>A	193	80	2	0.29304029304029305
chr7:38276318:->ATC	10	76	0	0.8837209302325582
chr7:95528204:G>A	269	241	2	0.4725490196078431
chr9:114091928:C>T	358	244	2	0.4053156146179402
chr9:124888344:C>G	254	112	2	0.30601092896174864
chrX:48700245:C>T	435	200	2	0.31496062992125984
chrX:86714693:C>G	182	117	2	0.391304347826087
chrX:153648025:C>G	443	261	2	0.37073863636363635
