mutation_id	ref_counts	var_counts	total_cn	VAF
chr1:1623650:C>T	219	192	2	0.46715328467153283
chr1:155904472:T>C	257	59	3	0.18670886075949367
chr10:79946511:C>T	325	83	3	0.2034313725490196
chr11:119132668:C>T	208	11	2	0.0502283105022831
chr15:83263759:G>T	340	14	2	0.03954802259887006
chr16:29987935:G>T	272	136	2	0.3333333333333333
chr16:47083508:C>T	194	84	2	0.302158273381295
chr2:38074591:G>C	499	16	2	0.031067961165048542
chr2:55332622:C>G	87	57	2	0.3958333333333333
chr22:39679178:C>G	181	102	2	0.36042402826855124
chr3:124848342:G>A	100	48	2	0.32432432432432434
chr5:16877625:C>T	160	63	2	0.2825112107623318
chr5:23521044:A>T	110	71	2	0.39226519337016574
chr5:141399639:C>T	328	19	2	0.05475504322766571
chr7:86839681:C>T	167	85	2	0.3373015873015873
chr7:154872677:C>A	180	118	2	0.3959731543624161
chr8:35684630:G>A	183	80	2	0.3041825095057034
chr9:104604684:AA>-	84	40	2	0.3225806451612903
