mutation_id	ref_counts	var_counts	total_cn	VAF
chr11:30012517:G>A	628	467	2	0.42648401826484017
chr11:103154605:C>T	372	24	2	0.06060606060606061
chr14:102015964:C>T	500	330	2	0.39759036144578314
chr14:106622361:->TTTTTCCTCT	34	13	0	0.2765957446808511
chr17:47347893:G>C	380	141	2	0.2706333973128599
chr18:7117708:C>T	786	378	2	0.3247422680412371
chr19:35142498:G>A	784	26	2	0.03209876543209877
chr3:119619622:C>A	312	247	2	0.4418604651162791
chr6:56493001:G>T	386	291	2	0.4298375184638109
chrX:38299070:G>C	41	318	1	0.8857938718662952
