mutation_id	ref_counts	var_counts	total_cn	VAF
chr1:11795246:G>A	325	45	2	0.12162162162162163
chr1:239907675:C>T	457	16	2	0.03382663847780127
chr10:25176092:C>T	743	44	2	0.05590851334180432
chr13:28018503:A>T	176	22	2	0.1111111111111111
chr2:211702031:T>G	297	11	2	0.03571428571428571
chr20:1319640:G>A	240	62	2	0.2052980132450331
chr20:62327918:G>A	590	39	2	0.06200317965023847
chr22:20991692:G>A	475	53	2	0.10037878787878787
chr3:108757139:T>G	220	30	2	0.12
chr6:146666827:C>T	285	22	2	0.07166123778501629
chr7:98988769:G>A	243	11	2	0.04330708661417323
chrX:10134559:C>T	766	35	3	0.04369538077403246
chrX:21856845:G>A	799	63	3	0.07308584686774942
chrX:48802785:G>A	480	71	3	0.12885662431941924
chrX:152922744:G>A	570	37	3	0.060955518945634266
