mutation_id	ref_counts	var_counts	total_cn	VAF
chr13:109783186:C>T	457	128	2	0.2188034188034188
chr15:40754618:T>C	156	107	2	0.4068441064638783
chr17:76094517:C>T	165	158	2	0.4891640866873065
chr18:62368833:G>A	167	134	2	0.44518272425249167
chr2:163611249:G>T	291	11	2	0.03642384105960265
chr20:58841963:C>T	188	87	2	0.31636363636363635
chr5:128345513:G>A	257	74	2	0.22356495468277945
chr8:94432271:C>A	239	104	3	0.3032069970845481
chrX:3076582:G>A	534	27	2	0.0481283422459893
chrX:72139185:A>G	232	23	2	0.09019607843137255
