mutation_id	ref_counts	var_counts	total_cn	VAF
chr1:114716126:C>T	206	60	2	0.22556390977443608
chr10:76891548:C>T	164	101	2	0.38113207547169814
chr12:112450407:A>T	228	30	2	0.11627906976744186
chr14:22981431:->CGTCCAC	414	162	2	0.28125
chr16:4996930:C>T	230	83	2	0.26517571884984026
chr17:68986174:C>T	119	108	2	0.47577092511013214
chr21:25745295:C>A	213	71	2	0.25
chr21:38391709:->GGGCCG	186	46	2	0.19827586206896552
chr4:158127487:C>T	134	99	2	0.4248927038626609
chr6:44183147:G>T	143	90	2	0.38626609442060084
