mutation_id	ref_counts	var_counts	total_cn	VAF
chr1:228395232:C>T	364	38	2	0.0945273631840796
chr1:241959010:T>A	274	22	2	0.07432432432432433
chr1:248681645:G>A	254	15	2	0.055762081784386616
chr10:93408906:G>A	367	26	2	0.06615776081424936
chr10:117374458:G>A	271	127	2	0.31909547738693467
chr17:1659419:C>T	605	70	2	0.1037037037037037
chr19:7932892:G>A	224	126	2	0.36
chr19:12734627:G>T	508	32	2	0.05925925925925926
chr19:18167305:G>A	197	33	2	0.14347826086956522
chr19:50451960:C>T	201	145	2	0.4190751445086705
chr3:73384686:G>A	484	14	2	0.028112449799196786
chr3:154124440:G>C	198	9	2	0.043478260869565216
chr5:33936961:C>T	519	88	2	0.14497528830313014
chr5:81094881:G>T	189	30	2	0.136986301369863
chr6:33321049:C>T	666	64	2	0.08767123287671233
chr6:159233550:C>T	592	64	2	0.0975609756097561
chr8:32647993:C>T	480	20	2	0.04
chr8:143276761:G>A	373	51	2	0.12028301886792453
chr9:132327562:G>A	194	93	2	0.3240418118466899
chrX:54465766:C>T	102	199	1	0.6611295681063123
chrX:120254838:C>T	150	46	1	0.23469387755102042
