mutation_id	ref_counts	var_counts	total_cn	VAF
chr1:40494938:G>C	132	45	2	0.2542372881355932
chr1:40495936:G>C	220	117	2	0.34718100890207715
chr1:197477784:C>T	250	117	2	0.3188010899182561
chr11:7509959:TCTATGTGGTCTACAGTACTGGGGGCCAGGGCCCTCATCGCATCACCTGCA>-	37	4	2	0.0975609756097561
chr11:118369451:C>T	123	92	2	0.42790697674418604
chr15:26580391:C>A	234	158	2	0.4030612244897959
chr15:75955935:->TTCT	70	42	2	0.375
chr15:99997517:G>A	322	306	2	0.4872611464968153
chr17:48598036:A>C	327	267	2	0.4494949494949495
chr17:73390470:->GGGCC	76	54	2	0.4153846153846154
chr18:11862444:G>C	237	100	2	0.29673590504451036
chr19:55711924:C>T	250	190	2	0.4318181818181818
chr2:1477453:GCGCCAGCGAGGTCCCCTCCCTGACGGCACTGCACACGCTGTGGCT>-	33	4	2	0.10810810810810811
chr2:178531829:TCATACTTCCTTTCTGATGTCTTCTGAGTTTTTAAAGCAGCTTTCATGGAC>-	26	3	2	0.10344827586206896
chr4:69495244:A>T	132	61	2	0.3160621761658031
chr6:16327966:CACCGGGGTCCCTGGCTGCGGGGTGGCGTACGCGGCAGGCAGCGTGGTGGC>-	28	3	2	0.0967741935483871
chr7:677263:C>T	269	118	2	0.3049095607235142
chr8:12740966:C>T	108	73	2	0.40331491712707185
chr8:106703031:G>A	286	14	2	0.04666666666666667
chr9:69516805:C>T	416	167	2	0.2864493996569468
chrX:40072790:G>T	332	261	2	0.44013490725126475
chrX:143629074:C>G	236	221	2	0.48358862144420134
