mutation_id	ref_counts	var_counts	total_cn	VAF
chr1:10638975:G>A	101	62	2	0.3803680981595092
chr1:169542572:G>C	191	27	2	0.12385321100917432
chr10:45463308:C>T	516	18	2	0.033707865168539325
chr10:94089360:G>A	128	55	2	0.3005464480874317
chr12:63147535:G>C	419	17	2	0.0389908256880734
chr13:37569306:G>A	78	31	2	0.28440366972477066
chr13:78617067:C>T	210	43	2	0.16996047430830039
chr16:70467439:C>G	348	27	2	0.072
chr18:23529240:C>T	432	20	2	0.04424778761061947
chr18:69739019:G>A	372	28	2	0.07
chr19:4960753:C>G	251	27	2	0.09712230215827339
chr19:34493316:C>G	193	90	2	0.31802120141342755
chr19:35866430:C>T	608	18	2	0.02875399361022364
chr19:52881112:G>C	178	121	2	0.40468227424749165
chr2:53797731:G>C	58	19	2	0.24675324675324675
chr2:127573969:G>A	401	21	2	0.04976303317535545
chr2:162371957:G>C	217	114	2	0.34441087613293053
chr2:165890929:C>T	245	28	2	0.10256410256410256
chr2:195716696:G>C	133	44	2	0.24858757062146894
chr21:28981208:C>G	100	32	2	0.24242424242424243
chr21:30337350:C>G	444	44	2	0.09016393442622951
chr3:15074734:G>A	396	50	2	0.11210762331838565
chr3:65391322:G>C	262	43	2	0.14098360655737704
chr3:94036562:C>T	113	16	2	0.12403100775193798
chr3:101801788:C>T	251	10	2	0.038314176245210725
chr3:177050127:G>C	147	21	2	0.125
chr4:25012417:G>A	274	154	2	0.3598130841121495
chr4:95840558:G>A	375	34	2	0.08312958435207823
chr4:99908713:G>C	79	36	2	0.3130434782608696
chr4:105235999:G>C	191	79	2	0.29259259259259257
chr5:23509935:G>A	183	104	2	0.3623693379790941
chr5:90519478:C>G	80	25	2	0.23809523809523808
chr5:126777862:C>A	207	97	2	0.3190789473684211
chr6:99613996:A>C	381	191	2	0.3339160839160839
chr6:117362606:G>A	165	28	2	0.14507772020725387
chr6:146399265:C>G	258	123	2	0.3228346456692913
chr8:86230071:C>G	232	105	2	0.3115727002967359
