mutation_id	ref_counts	var_counts	total_cn	VAF
chr1:43604942:C>T	402	30	2	0.06944444444444445
chr1:114716123:C>T	205	58	2	0.22053231939163498
chr12:25245347:C>T	260	26	2	0.09090909090909091
chr12:39573785:C>G	206	24	2	0.10434782608695652
chr13:102729786:G>A	227	58	2	0.20350877192982456
chr18:6980585:C>A	262	36	3	0.12080536912751678
chr2:131040265:->GGGG	251	67	2	0.21069182389937108
chr21:33528885:A>C	333	60	4	0.15267175572519084
chr4:7723734:G>C	473	18	3	0.03665987780040733
chr6:39906498:C>A	614	124	3	0.16802168021680217
chr6:143712018:G>A	325	12	3	0.03560830860534125
chr9:95477665:C>A	588	22	3	0.036065573770491806
