mutation_id	ref_counts	var_counts	total_cn	VAF
chr1:158766457:C>A	240	172	2	0.4174757281553398
chr11:16871144:G>A	71	67	2	0.4855072463768116
chr11:68914832:T>-	218	110	2	0.3353658536585366
chr11:124038885:C>G	318	160	2	0.33472803347280333
chr12:4370459:C>T	696	256	3	0.2689075630252101
chr12:117242666:C>T	222	172	2	0.4365482233502538
chr12:121827834:G>A	177	115	2	0.3938356164383562
chr14:106627249:T>GGGGTTCG	148	77	1	0.3422222222222222
chr19:34458893:ATAAAGT>CCCG	221	78	2	0.2608695652173913
chr19:40613455:T>-	228	31	2	0.11969111969111969
chr20:45253059:G>A	265	175	2	0.3977272727272727
chr22:29206120:G>C	287	208	2	0.4202020202020202
chr3:48414998:C>T	270	149	2	0.3556085918854415
chr6:165302157:G>A	235	171	2	0.4211822660098522
chrX:41346946:C>T	19	93	1	0.8303571428571429
