mutation_id	ref_counts	var_counts	total_cn	VAF
chr1:22576560:C>T	282	129	2	0.31386861313868614
chr1:111766480:GAA>TCTGAACG	197	60	2	0.23346303501945526
chr11:32614498:A>T	153	84	2	0.35443037974683544
chr12:104103019:G>T	320	18	2	0.05325443786982249
chr12:112446385:A>G	240	44	2	0.15492957746478872
chr12:117860335:G>A	271	55	2	0.1687116564417178
chr14:102870340:G>A	297	54	2	0.15384615384615385
chr14:104883087:C>A	376	91	2	0.1948608137044968
chr16:72787483:G>-	183	81	2	0.3068181818181818
chr2:55025248:->TG	287	58	2	0.1681159420289855
chr22:50170798:A>G	264	174	2	0.3972602739726027
chr4:93216746:C>T	130	74	2	0.3627450980392157
chr4:154235483:C>T	457	34	2	0.06924643584521385
