mutation_id	ref_counts	var_counts	total_cn	VAF
chr1:1309774:G>A	528	219	2	0.2931726907630522
chr10:80132802:C>T	802	23	2	0.027878787878787878
chr11:101039238:T>A	298	18	2	0.056962025316455694
chr11:124029649:G>A	447	27	2	0.056962025316455694
chr12:12477580:T>G	355	129	2	0.2665289256198347
chr19:44287563:C>G	316	84	2	0.21
chr2:64094938:G>A	336	103	2	0.23462414578587698
chr2:164692360:A>G	243	76	2	0.23824451410658307
chr2:206306636:G>A	360	22	2	0.05759162303664921
chr20:35437628:G>A	746	38	2	0.04846938775510204
chr4:127811505:C>T	267	85	2	0.24147727272727273
chr4:185623272:C>T	371	92	2	0.19870410367170627
chr5:110739374:->G	674	75	2	0.10013351134846461
chrX:104039992:G>A	294	20	1	0.06369426751592357
