mutation_id	ref_counts	var_counts	total_cn	VAF
chr1:114716126:C>T	144	110	2	0.4330708661417323
chr11:4367494:G>A	201	146	2	0.4207492795389049
chr12:75051172:G>A	162	114	2	0.41304347826086957
chr12:108519074:G>T	233	178	2	0.43309002433090027
chr14:106268604:TGTC>CCT	106	65	1	0.38011695906432746
chr19:49107871:C>T	359	265	2	0.42467948717948717
chr21:46205897:C>T	241	149	2	0.382051282051282
chr6:138432155:C>A	281	197	2	0.4121338912133891
chr6:147509140:G>T	286	222	2	0.43700787401574803
