mutation_id	ref_counts	var_counts	total_cn	VAF
chr21:42076206:G>T	328	22	2	0.06285714285714286
chr7:148415517:G>C	423	215	2	0.33699059561128525
