mutation_id	ref_counts	var_counts	total_cn	VAF
chr1:192158695:A>C	14	14	3	0.5
chr10:69005835:C>T	388	50	3	0.1141552511415525
chr11:114571179:C>T	167	44	2	0.20853080568720378
chr12:25245347:C>T	207	29	2	0.1228813559322034
chr13:28018491:A>T	133	17	2	0.11333333333333333
chr13:28034144:A>G	137	56	2	0.29015544041450775
chr15:82666873:G>A	252	55	2	0.1791530944625407
chr15:82892690:C>T	88	103	2	0.5392670157068062
chr15:101307214:G>A	197	57	2	0.22440944881889763
chr16:3757883:T>C	262	44	2	0.1437908496732026
chr17:75616753:G>A	439	212	3	0.32565284178187404
chr17:82033517:C>T	586	61	3	0.09428129829984544
chr22:38986300:T>C	84	91	2	0.52
chr3:25580571:G>A	329	21	2	0.06
chr3:98498381:G>A	79	16	2	0.16842105263157894
chr4:121818117:C>A	311	54	3	0.14794520547945206
chr5:152404656:C>T	222	70	2	0.23972602739726026
chr6:26250493:T>C	375	63	3	0.14383561643835616
chr8:112313927:->T	142	58	2	0.29
chr8:142915079:C>T	512	71	2	0.12178387650085763
chr9:132828655:G>A	113	102	2	0.4744186046511628
