mutation_id	ref_counts	var_counts	total_cn	VAF
chr1:54807007:C>T	201	52	2	0.20553359683794467
chr1:182553477:C>G	158	50	2	0.2403846153846154
chr11:27658063:C>T	277	60	2	0.17804154302670624
chr11:90152420:G>C	318	20	2	0.05917159763313609
chr11:120478257:G>C	238	55	2	0.18771331058020477
chr11:123940291:C>G	369	11	2	0.02894736842105263
chr12:78006514:C>T	356	12	2	0.03260869565217391
chr12:95532999:C>T	233	74	2	0.24104234527687296
chr12:132011509:C>A	160	42	2	0.2079207920792079
chr15:24678675:G>T	376	23	2	0.05764411027568922
chr17:2334790:G>A	330	19	2	0.054441260744985676
chr19:34434927:G>A	128	49	2	0.2768361581920904
chr19:58053788:T>A	313	123	1	0.28211009174311924
chr2:113406871:->CCTCCC	67	22	2	0.24719101123595505
chr2:152628421:C>G	349	75	3	0.17688679245283018
chr3:56434778:T>C	300	91	2	0.23273657289002558
chr3:97876868:G>C	278	19	2	0.06397306397306397
chr3:142962395:G>C	198	72	2	0.26666666666666666
chr3:165188973:C>G	276	59	2	0.1761194029850746
chr6:87416692:C>G	182	43	2	0.19111111111111112
chr7:2814922:C>G	187	51	2	0.21428571428571427
chr7:10974839:->CAGCCC	151	36	2	0.1925133689839572
chr7:21558981:G>C	150	46	2	0.23469387755102042
chr7:122702439:G>A	333	63	2	0.1590909090909091
chr9:117713392:G>C	344	13	2	0.036414565826330535
chrX:31508226:C>T	172	11	2	0.060109289617486336
chrX:47447558:G>A	258	65	2	0.20123839009287925
chrX:120469147:G>C	530	18	2	0.032846715328467155
chrX:139956120:C>T	334	12	2	0.03468208092485549
chrX:153725534:G>A	714	64	2	0.08226221079691516
