mutation_id	ref_counts	var_counts	total_cn	VAF
chr1:33546168:C>T	249	188	2	0.4302059496567506
chr11:56490915:C>T	228	152	2	0.4
chr12:11853490:->ACCTT	184	107	2	0.36769759450171824
chr12:25245351:C>G	175	96	2	0.35424354243542433
chr17:18126456:C>T	183	68	3	0.27091633466135456
chr18:21452127:G>A	294	128	3	0.3033175355450237
chrX:45191893:T>G	316	522	3	0.6229116945107399
