mutation_id	ref_counts	var_counts	total_cn	VAF
chr14:93928944:G>A	328	157	2	0.3237113402061856
chr19:50666569:C>A	364	178	2	0.3284132841328413
chr2:166284500:GTCCATTGGGGAGCATGAGGGCTGAGC>-	25	4	2	0.13793103448275862
chr22:32049962:G>A	375	24	2	0.06015037593984962
chr3:69118925:TTCGGGGCCTGCGATGGCTTTTTCATCAT>-	25	3	2	0.10714285714285714
chr7:45677955:C>T	228	140	2	0.3804347826086957
