mutation_id	ref_counts	var_counts	total_cn	VAF
chr1:114713908:T>C	50	11	2	0.18032786885245902
chr11:65641338:A>G	371	297	2	0.44461077844311375
chr13:35645913:T>C	24	3	2	0.1111111111111111
chr19:1458039:C>T	285	171	2	0.375
chr19:8147344:C>T	531	278	2	0.34363411619283063
chr19:45786719:C>G	487	353	2	0.42023809523809524
chr4:121036888:C>T	79	28	3	0.2616822429906542
chr8:138883167:G>A	284	178	2	0.3852813852813853
