mutation_id	ref_counts	var_counts	total_cn	VAF
chr1:164807613:->CCCGGG	237	45	2	0.1595744680851064
chr10:80427383:C>T	224	67	2	0.23024054982817868
chr10:100989409:G>A	245	53	2	0.17785234899328858
chr10:116675232:G>A	368	101	2	0.21535181236673773
chr11:130070642:C>T	397	95	2	0.19308943089430894
chr12:57038867:C>T	260	84	2	0.2441860465116279
chr19:6417757:G>A	192	67	2	0.25868725868725867
chr3:49662243:C>T	383	137	2	0.26346153846153847
chr5:65788475:T>C	90	16	2	0.1509433962264151
chr5:140363822:G>A	282	46	2	0.1402439024390244
chr8:123255934:G>A	148	36	2	0.1956521739130435
chr9:36923355:C>T	148	74	2	0.3333333333333333
