mutation_id	ref_counts	var_counts	total_cn	VAF
chr1:56792455:A>T	173	113	2	0.3951048951048951
chr1:84414781:C>G	206	126	2	0.3795180722891566
chr1:114678005:C>G	129	96	2	0.4266666666666667
chr10:97896924:C>G	355	22	2	0.058355437665782495
chr10:133625151:G>C	10	4	2	0.2857142857142857
chr11:5422990:C>T	202	95	2	0.31986531986531985
chr11:45900296:G>A	283	137	2	0.3261904761904762
chr11:92806413:C>G	92	77	2	0.4556213017751479
chr11:107334914:C>G	99	31	2	0.23846153846153847
chr11:113688261:C>G	249	35	2	0.12323943661971831
chr11:120481487:G>C	141	116	2	0.45136186770428016
chr12:10634063:G>A	421	18	2	0.04100227790432802
chr12:11853496:->CC	259	142	2	0.3541147132169576
chr12:25209894:G>C	35	11	2	0.2391304347826087
chr12:57532771:C>G	168	94	2	0.35877862595419846
chr12:108817145:C>T	131	103	2	0.44017094017094016
chr12:120223754:G>A	117	87	2	0.4264705882352941
chr12:132634202:G>C	231	30	2	0.11494252873563218
chr14:105142853:C>T	383	161	2	0.2959558823529412
chr15:41727317:C>T	176	131	2	0.42671009771986973
chr15:70684379:C>T	293	39	2	0.11746987951807229
chr15:90760810:C>T	173	100	2	0.3663003663003663
chr17:2040282:C>T	187	176	2	0.48484848484848486
chr17:69043547:C>T	91	41	2	0.3106060606060606
chr17:81443853:G>A	283	35	2	0.11006289308176101
chr19:17338214:C>A	328	197	2	0.37523809523809526
chr19:18008310:G>C	161	143	2	0.47039473684210525
chr19:22392651:G>T	197	8	2	0.03902439024390244
chr19:30445253:G>A	185	167	2	0.4744318181818182
chr19:40876602:C>G	262	34	2	0.11486486486486487
chr19:48195284:G>A	272	240	2	0.46875
chr19:51993039:C>T	156	126	2	0.44680851063829785
chr19:54145748:G>A	228	202	2	0.4697674418604651
chr2:86456538:C>T	164	62	2	0.2743362831858407
chr2:236497364:G>C	263	14	2	0.05054151624548736
chr20:44424286:G>C	432	19	2	0.04212860310421286
chr22:20143027:C>-	478	263	2	0.3549257759784076
chr22:42210699:G>C	328	264	2	0.44594594594594594
chr22:42210861:G>A	294	258	2	0.4673913043478261
chr3:170498766:C>G	204	160	2	0.43956043956043955
chr5:98859974:G>A	34	8	2	0.19047619047619047
chr5:98870800:G>A	89	77	2	0.463855421686747
chr5:177524605:C>G	315	143	2	0.31222707423580787
chr5:177524896:C>G	275	143	2	0.34210526315789475
chr6:145955113:C>G	132	73	2	0.35609756097560974
chr7:6502807:G>C	239	121	2	0.33611111111111114
chr7:141790471:G>C	242	103	2	0.2985507246376812
chr8:21788130:G>C	246	87	2	0.26126126126126126
chr8:73293600:C>G	143	59	2	0.29207920792079206
chr8:76852178:G>T	201	144	2	0.41739130434782606
chr8:109491969:C>T	342	12	2	0.03389830508474576
