mutation_id	ref_counts	var_counts	total_cn	VAF
chr1:156671654:G>C	278	159	2	0.36384439359267734
chr16:3283930:G>A	376	257	2	0.4060031595576619
chr17:11990527:G>A	155	116	2	0.4280442804428044
chr2:197756471:C>T	131	102	2	0.43776824034334766
chr5:168431347:A>G	484	33	2	0.06382978723404255
