mutation_id	ref_counts	var_counts	total_cn	VAF
chr1:18849494:G>A	328	57	2	0.14805194805194805
chr1:38045856:G>A	436	86	2	0.16475095785440613
chr1:47775251:C>T	612	143	2	0.18940397350993377
chr10:73791077:G>A	264	173	2	0.39588100686498856
chr11:44937573:C>T	209	178	2	0.4599483204134367
chr11:65540145:C>T	528	119	2	0.1839258114374034
chr11:66705342:C>T	934	68	2	0.06786427145708583
chr19:17391257:C>T	726	188	2	0.20568927789934355
chr19:56423411:G>C	289	55	2	0.15988372093023256
chr21:45896343:G>A	192	142	2	0.4251497005988024
chr3:119294429:C>T	411	112	2	0.21414913957934992
chr3:181712961:G>A	589	169	2	0.22295514511873352
chr4:1961074:G>A	230	189	2	0.4510739856801909
chr4:113345930:C>T	108	97	2	0.47317073170731705
chr5:96889297:C>T	205	60	2	0.22641509433962265
chr6:31860237:C>T	686	19	2	0.02695035460992908
chr6:32072064:C>T	402	14	2	0.03365384615384615
chr7:680600:C>A	345	98	2	0.22121896162528218
chr7:27143532:C>T	247	144	2	0.36828644501278773
chr8:119106047:C>G	206	137	2	0.39941690962099125
chr9:33319079:C>T	264	166	2	0.386046511627907
