mutation_id	ref_counts	var_counts	total_cn	VAF
chr1:179813899:G>A	576	170	4	0.22788203753351208
chr10:70753930:G>A	765	172	6	0.18356456776947705
chr12:44714721:G>A	112	32	4	0.2222222222222222
chr13:95633260:C>T	241	74	4	0.23492063492063492
chr14:106627248:->TTGCTCCCGGGGTA	261	43	6	0.14144736842105263
chr15:23647209:C>T	809	269	4	0.24953617810760667
chr17:77209453:G>A	384	72	6	0.15789473684210525
chr17:82036018:C>T	378	146	6	0.2786259541984733
chr19:51880368:C>T	252	61	4	0.19488817891373802
chr2:48708973:G>A	334	99	4	0.22863741339491916
chr2:218827026:C>T	369	102	4	0.21656050955414013
chr20:53582395:->T	296	87	4	0.22715404699738903
chr20:63311429:G>A	494	139	4	0.21958925750394945
chr3:10301270:G>A	279	77	4	0.21629213483146068
chr3:31623822:C>G	256	83	4	0.2448377581120944
chr4:70644522:C>A	418	88	6	0.17391304347826086
chr4:169991725:G>A	406	86	6	0.17479674796747968
chr5:140834852:G>A	288	117	4	0.28888888888888886
chr7:6652588:C>T	607	212	4	0.2588522588522589
chr7:31103238:C>T	192	71	4	0.26996197718631176
chr9:69452262:C>T	384	100	4	0.2066115702479339
chrX:27747087:C>T	259	151	4	0.36829268292682926
