mutation_id	ref_counts	var_counts	total_cn	VAF
chr10:87094450:C>A	612	84	2	0.1206896551724138
chr16:68022567:G>C	459	88	2	0.16087751371115175
chr17:1879379:C>T	270	20	2	0.06896551724137931
chr19:38388804:G>A	253	97	2	0.27714285714285714
chr2:28412321:C>T	373	186	2	0.33273703041144903
chr20:45890624:G>A	666	23	2	0.033381712626995644
chr20:46216959:G>A	314	157	2	0.3333333333333333
chr8:24468776:G>A	155	70	2	0.3111111111111111
