mutation_id	ref_counts	var_counts	total_cn	VAF
chr1:202741574:C>T	754	25	3	0.03209242618741977
chr11:65713368:C>T	366	32	2	0.08040201005025126
chr11:112082644:C>T	496	17	2	0.03313840155945419
chr14:57571927:C>T	128	85	2	0.39906103286384975
chr2:60461431:->C	529	112	2	0.1747269890795632
chr2:99291391:A>G	204	139	2	0.40524781341107874
chr2:100995530:G>A	275	202	2	0.42348008385744235
chr3:121718446:C>T	180	118	2	0.3959731543624161
chr3:177038123:G>C	244	12	2	0.046875
chr5:170034545:T>G	254	26	2	0.09285714285714286
chr6:151352820:C>T	337	20	2	0.056022408963585436
chr9:35560744:G>A	309	93	2	0.23134328358208955
chr9:101408357:A>T	379	24	2	0.05955334987593052
