mutation_id	ref_counts	var_counts	total_cn	VAF
chr11:17610035:C>G	666	33	2	0.04721030042918455
chr12:111744879:G>A	542	32	2	0.05574912891986063
chr17:36990786:C>G	344	13	2	0.036414565826330535
chr7:150959678:G>A	588	24	2	0.0392156862745098
chr7:151019160:C>A	584	20	2	0.033112582781456956
