mutation_id	ref_counts	var_counts	total_cn	VAF
chr1:20314422:C>G	463	95	2	0.17025089605734767
chr1:53069868:C>T	466	335	2	0.418227215980025
chr1:196826925:G>T	414	81	2	0.16363636363636364
chr1:219987214:G>C	283	182	2	0.3913978494623656
chr10:63206946:C>T	191	27	2	0.12385321100917432
chr12:25245347:C>T	320	72	2	0.1836734693877551
chr14:24373818:C>T	378	233	2	0.381342062193126
chr14:106592666:CCTCACTGTGTCTCTCGCACAGTAATACACGGCCGT>-	99	60	1	0.37735849056603776
chr14:106714682:TCTCTCGCACAGTAATA>AAGG	134	66	1	0.33
chr16:273529:G>T	356	213	2	0.37434094903339193
chr16:661359:G>T	297	188	2	0.38762886597938145
chr17:11241841:G>A	594	43	2	0.06750392464678179
chr22:22031470:TCA>CGGG	163	60	2	0.26905829596412556
chr3:9914507:A>G	255	183	2	0.4178082191780822
chr4:186709627:C>T	392	192	2	0.3287671232876712
chr7:75986468:A>T	201	137	2	0.40532544378698226
chr8:8702639:C>T	420	275	2	0.39568345323741005
chr8:76706096:C>G	349	59	2	0.14460784313725492
