mutation_id	ref_counts	var_counts	total_cn	VAF
chr1:114716127:C>T	268	91	4	0.25348189415041783
chr1:151831747:C>T	595	115	5	0.1619718309859155
chr1:153934241:C>T	620	118	5	0.15989159891598917
chr1:201115264:C>T	403	213	5	0.3457792207792208
chr10:129867861:C>A	390	102	4	0.2073170731707317
chr11:131370821:G>A	225	193	4	0.46172248803827753
chr12:25245350:C>T	248	74	4	0.22981366459627328
chr12:112450407:A>G	317	46	4	0.12672176308539945
chr13:49274333:G>A	168	36	4	0.17647058823529413
chr13:98831775:C>T	310	26	4	0.07738095238095238
chr14:21749705:->GGGGACC	161	44	4	0.2146341463414634
chr14:94564001:C>T	340	85	4	0.2
chr15:23647025:C>T	605	174	4	0.2233632862644416
chr15:77158657:C>T	295	71	4	0.19398907103825136
chr15:89217208:C>T	631	112	4	0.15074024226110364
chr16:30375853:G>A	356	87	4	0.1963882618510158
chr17:19334004:C>T	528	68	4	0.11409395973154363
chr17:82444474:G>A	449	111	4	0.1982142857142857
chr18:76913860:C>T	299	53	4	0.15056818181818182
chr19:8073152:->C	540	141	4	0.20704845814977973
chr19:11123272:C>T	461	111	4	0.19405594405594406
chr2:88860604:->CGGG	147	30	2	0.1694915254237288
chr2:90221383:CCCAC>AGG	17	33	3	0.66
chr2:99162213:C>T	239	65	4	0.2138157894736842
chr2:102338303:G>C	129	32	4	0.19875776397515527
chr2:108876233:G>A	154	33	4	0.17647058823529413
chr2:137642499:C>T	192	49	4	0.2033195020746888
chr2:202883690:G>A	314	52	4	0.14207650273224043
chr20:32165374:C>T	405	101	4	0.19960474308300397
chr3:122261995:C>T	402	60	4	0.12987012987012986
chr4:1655587:C>T	458	165	4	0.26484751203852325
chr4:182755093:C>T	462	17	4	0.03549060542797495
chr5:113564015:C>T	346	104	4	0.2311111111111111
chr5:136357132:C>T	580	85	4	0.12781954887218044
chr6:1390831:G>A	667	254	4	0.2757871878393051
chr6:152232248:C>A	150	42	4	0.21875
chr7:73318828:G>A	385	53	4	0.12100456621004566
chr7:100688080:C>T	438	87	4	0.1657142857142857
chr9:37020771:A>C	337	89	4	0.20892018779342722
chrX:119088025:T>C	455	155	4	0.2540983606557377
chrX:135098598:C>T	472	100	4	0.17482517482517482
chrX:153455749:C>T	559	48	4	0.07907742998352553
