mutation_id	ref_counts	var_counts	total_cn	VAF
chr1:248521682:T>C	138	78	2	0.3611111111111111
chr12:12164396:T>C	206	16	1	0.07207207207207207
chr12:55698398:G>A	163	105	2	0.3917910447761194
chr14:64260647:C>T	305	195	2	0.39
chr15:63677916:C>T	219	50	2	0.18587360594795538
chr2:15218910:C>A	240	50	2	0.1724137931034483
chr3:156120875:C>T	233	14	2	0.05668016194331984
chr4:37447119:T>C	191	123	2	0.39171974522292996
chr6:41936007:->G	460	63	2	0.12045889101338432
chr8:144058678:C>T	416	16	2	0.037037037037037035
