mutation_id	ref_counts	var_counts	total_cn	VAF
chr1:33724640:C>T	172	129	2	0.42857142857142855
chr12:112489048:C>A	147	88	2	0.37446808510638296
chr15:47764747:G>A	224	96	2	0.3
chr15:82663887:C>T	195	110	2	0.36065573770491804
chr15:84622642:C>T	150	124	2	0.45255474452554745
chr17:28495789:G>A	255	69	3	0.21296296296296297
chr17:42111309:G>A	255	87	3	0.2543859649122807
chr2:26577573:C>T	129	78	2	0.37681159420289856
chr2:159748019:T>C	108	99	2	0.4782608695652174
chr2:206707340:C>T	145	56	2	0.27860696517412936
chr3:126989167:G>A	278	108	2	0.27979274611398963
chr6:40432724:G>A	297	95	3	0.2423469387755102
chr6:56608731:T>A	162	82	3	0.3360655737704918
chr7:103574204:C>T	163	97	2	0.3730769230769231
