mutation_id	ref_counts	var_counts	total_cn	VAF
chr1:114716126:C>G	171	101	2	0.3713235294117647
chr1:181798746:G>A	293	146	2	0.3325740318906606
chr12:122263571:C>A	77	37	2	0.32456140350877194
chr13:95043693:C>T	188	92	2	0.32857142857142857
chr15:44759852:T>G	223	104	2	0.3180428134556575
chr16:3736738:->GTC	224	117	2	0.34310850439882695
chr19:52951119:A>G	233	15	2	0.06048387096774194
chr3:42757153:C>T	234	112	2	0.3236994219653179
chr7:100488622:C>T	471	238	2	0.33568406205923834
chr7:100746680:C>G	202	100	2	0.33112582781456956
chr8:141136548:->T	237	127	2	0.3489010989010989
