mutation_id	ref_counts	var_counts	total_cn	VAF
chr10:72063049:G>A	236	173	2	0.4229828850855746
chr12:55636918:G>A	154	105	2	0.40540540540540543
chr12:112450385:G>A	340	144	2	0.2975206611570248
chr14:21847133:G>T	408	32	2	0.07272727272727272
chr15:90228122:C>A	564	18	2	0.030927835051546393
chr17:68924793:G>A	476	16	2	0.032520325203252036
chr17:80241821:G>A	173	162	2	0.4835820895522388
chr2:33252695:C>T	166	87	2	0.3438735177865613
chr2:89244765:GCTGTACCACTGTGGGAGGCCAGTGT>-	15	66	2	0.8148148148148148
chr4:52078739:C>T	121	98	2	0.4474885844748858
chr5:151543741:T>C	259	114	2	0.30563002680965146
