mutation_id	ref_counts	var_counts	total_cn	VAF
chr10:123780171:C>T	94	71	2	0.4303030303030303
chr17:20579941:G>A	235	169	2	0.4183168316831683
chr19:8957990:C>T	254	105	2	0.2924791086350975
chr19:50378549:AGAAGAAGATTCGGAAA>GAAGAAGATTCGGAAACAG	32	3	2	0.08571428571428572
chr2:43225172:C>G	313	160	2	0.3382663847780127
chr3:38560405:G>A	222	105	2	0.3211009174311927
chr3:193334941:C>T	121	92	2	0.431924882629108
chr4:105655718:A>G	138	6	2	0.041666666666666664
chr9:69516805:C>T	370	225	2	0.37815126050420167
chr9:76710380:C>T	170	96	2	0.3609022556390977
