mutation_id	ref_counts	var_counts	total_cn	VAF
chr1:11128107:G>T	169	66	2	0.28085106382978725
chr10:70741003:C>T	149	52	2	0.25870646766169153
chr12:25245347:C>T	195	68	2	0.2585551330798479
chr14:88185638:G>A	132	66	2	0.3333333333333333
chr16:3850631:G>C	332	124	2	0.2719298245614035
chr17:3580501:C>T	179	86	2	0.32452830188679244
chr2:90005627:CCTCACACAGTG>ACGTTGAAAATATA	112	31	2	0.21678321678321677
chr2:217859600:A>T	164	49	2	0.2300469483568075
chr2:222202188:T>C	140	46	2	0.24731182795698925
chr3:64159979:C>T	193	62	2	0.24313725490196078
chr4:157341363:G>C	237	63	2	0.21
chr6:32042548:A>G	321	121	2	0.2737556561085973
