mutation_id	ref_counts	var_counts	total_cn	VAF
chr1:114716127:C>G	259	39	2	0.13087248322147652
chr10:122085806:C>T	314	85	2	0.21303258145363407
chr14:50920571:G>A	217	31	2	0.125
chr15:28175646:C>T	204	142	2	0.41040462427745666
chr18:12125513:G>A	195	145	2	0.4264705882352941
chr19:50876878:G>A	149	83	2	0.3577586206896552
chr19:54829933:G>T	12	83	2	0.8736842105263158
chr2:11785061:C>G	171	159	2	0.4818181818181818
chr2:26310014:C>A	202	139	2	0.40762463343108507
chr2:90005628:C>G	32	18	2	0.36
chr5:138424292:G>A	169	152	2	0.4735202492211838
chr6:152367263:C>T	205	169	2	0.45187165775401067
chr7:107748993:C>T	176	125	2	0.4152823920265781
chr9:36080604:G>A	128	74	2	0.36633663366336633
chrX:10567390:G>A	142	147	1	0.5086505190311419
