mutation_id	ref_counts	var_counts	total_cn	VAF
chr1:33726654:G>A	160	70	2	0.30434782608695654
chr1:248739680:G>A	189	143	2	0.4307228915662651
chr10:24433044:G>A	365	34	3	0.08521303258145363
chr10:66069488:G>T	142	44	3	0.23655913978494625
chr10:132203787:G>A	324	63	3	0.16279069767441862
chr12:25225628:C>T	122	37	2	0.23270440251572327
chr12:112489104:C>G	234	27	2	0.10344827586206896
chr12:128695912:C>T	284	61	2	0.17681159420289855
chr14:33055965:C>T	223	70	3	0.23890784982935154
chr17:42405169:C>T	374	30	3	0.07425742574257425
chr18:9102754:C>T	394	77	3	0.16348195329087048
chr2:119437153:G>A	295	136	2	0.31554524361948955
chr2:178725804:C>T	150	57	2	0.2753623188405797
chr21:38383755:T>C	606	58	4	0.08734939759036145
chr3:119146307:G>A	128	74	2	0.36633663366336633
chr7:33970357:G>T	182	33	2	0.15348837209302327
chr7:38249529:A>T	190	56	2	0.22764227642276422
chr7:117718043:T>A	92	61	2	0.39869281045751637
chr7:138905073:A>G	131	17	2	0.11486486486486487
