mutation_id	ref_counts	var_counts	total_cn	VAF
chr1:89934366:G>A	271	88	2	0.24512534818941503
chr11:100061268:G>A	273	118	2	0.30179028132992325
chr12:25245347:C>T	275	74	2	0.21203438395415472
chr16:3738617:G>A	270	60	2	0.18181818181818182
chr17:2057763:C>T	391	154	2	0.28256880733944956
chr17:3610610:C>T	406	88	2	0.17813765182186234
chr22:38059340:G>A	206	142	2	0.40804597701149425
chr3:152432816:A>T	452	14	2	0.030042918454935622
chr5:5306613:C>T	528	62	2	0.10508474576271186
chr5:45696082:G>A	139	115	2	0.452755905511811
chr6:34062006:C>T	555	127	3	0.18621700879765396
chr8:56441715:C>T	232	192	2	0.4528301886792453
chr9:39103832:G>A	407	63	3	0.13404255319148936
chr9:133473179:C>T	536	269	3	0.3341614906832298
chrX:17376044:C>T	816	266	4	0.24584103512014788
chrX:20209346:T>A	407	115	4	0.22030651340996169
chrX:111253143:C>T	927	135	4	0.1271186440677966
chrX:154478895:G>A	1677	46	4	0.026697620429483458
