mutation_id	ref_counts	var_counts	total_cn	VAF
chr1:114713909:G>T	280	39	2	0.12225705329153605
chr1:114855550:G>A	151	56	2	0.27053140096618356
chr1:201077922:C>T	260	66	2	0.20245398773006135
chr14:22439013:->AGG	73	49	2	0.4016393442622951
chr15:79294256:A>G	375	74	2	0.16481069042316257
chr16:67620727:C>G	204	50	2	0.1968503937007874
chr19:35359616:C>T	332	73	2	0.18024691358024691
chr2:113406872:->TCTCCGG	105	12	2	0.10256410256410256
chr6:169423179:G>A	169	39	2	0.1875
chr7:108564922:C>T	191	41	2	0.17672413793103448
chr7:134258389:C>T	187	43	2	0.18695652173913044
chr9:116302930:G>A	217	58	2	0.2109090909090909
chr9:131290262:G>A	344	98	2	0.22171945701357465
