mutation_id	ref_counts	var_counts	total_cn	VAF
chr1:22913472:C>T	203	116	2	0.36363636363636365
chr10:44293372:G>A	370	154	2	0.29389312977099236
chr12:8042698:G>A	230	110	2	0.3235294117647059
chr15:41886044:T>C	382	165	2	0.3016453382084095
chr16:89919695:T>C	447	238	2	0.34744525547445254
chr17:8039451:GGCGCCCCCAGTGCTGCCCCTGCTG>-	491	194	2	0.2832116788321168
chr17:42217257:T>A	211	95	2	0.3104575163398693
chr19:52582623:T>C	227	131	2	0.3659217877094972
chr19:55359073:C>T	188	98	2	0.34265734265734266
chr2:90221385:CACA>-	27	17	2	0.38636363636363635
chr20:61844676:C>T	206	104	2	0.33548387096774196
chr5:151521789:C>T	332	194	2	0.3688212927756654
chr9:117712671:C>A	255	98	2	0.2776203966005666
chrX:73844327:A>G	147	56	2	0.27586206896551724
