mutation_id	ref_counts	var_counts	total_cn	VAF
chr1:1930193:G>C	480	52	2	0.09774436090225563
chr1:18481137:C>T	375	179	2	0.3231046931407942
chr1:35191424:C>T	290	28	2	0.0880503144654088
chr1:64177803:G>C	413	18	2	0.04176334106728538
chr11:114439639:G>C	578	38	2	0.06168831168831169
chr12:5044642:C>T	915	44	3	0.045881126173096975
chr12:11839289:C>T	466	27	3	0.05476673427991886
chr12:30637055:C>T	170	92	2	0.3511450381679389
chr12:52517137:C>G	322	18	2	0.052941176470588235
chr13:32443675:C>A	241	20	2	0.07662835249042145
chr14:23429308:G>T	360	19	2	0.05013192612137203
chr14:75980735:G>A	578	19	2	0.031825795644891124
chr17:42201381:G>A	327	62	2	0.15938303341902313
chr19:32833258:G>A	484	30	2	0.058365758754863814
chr2:102508239:C>G	162	14	2	0.07954545454545454
chr2:137056773:C>T	308	13	2	0.040498442367601244
chr2:178591088:C>G	330	17	2	0.04899135446685879
chr2:178723161:C>T	317	16	2	0.04804804804804805
chr2:199959874:G>A	86	12	2	0.12244897959183673
chr2:218696581:C>T	259	13	2	0.04779411764705882
chr20:63297920:C>T	374	22	2	0.05555555555555555
chr21:33505672:C>T	339	17	3	0.047752808988764044
chr3:190645707:G>C	137	8	2	0.05517241379310345
chr4:657438:C>A	346	157	2	0.3121272365805169
chr4:168461971:G>C	210	16	2	0.07079646017699115
chr5:132881067:T>A	303	69	2	0.18548387096774194
chr6:54138138:C>T	457	30	2	0.061601642710472276
chr7:7877486:C>T	455	18	2	0.03805496828752643
chr7:88153235:G>A	166	12	2	0.06741573033707865
chr8:68192391:C>T	482	36	2	0.0694980694980695
chrX:41230574:C>T	353	20	2	0.05361930294906166
chrX:53193784:G>C	484	17	2	0.033932135728542916
chrX:85957962:C>G	163	12	2	0.06857142857142857
chrX:107794595:C>T	227	48	2	0.17454545454545456
