mutation_id	ref_counts	var_counts	total_cn	VAF
chr11:78805476:G>A	152	105	2	0.4085603112840467
chr12:25225627:G>A	65	64	2	0.49612403100775193
chr12:55681962:G>A	179	172	2	0.49002849002849
chr17:37625989:G>A	421	186	3	0.30642504118616143
chr19:3825233:C>T	292	33	2	0.10153846153846154
chr19:13138319:C>T	192	186	2	0.49206349206349204
chr3:160411991:T>A	184	30	2	0.14018691588785046
chrX:72462077:G>A	457	135	4	0.22804054054054054
chrX:136347967:T>C	503	163	4	0.24474474474474475
