mutation_id	ref_counts	var_counts	total_cn	VAF
chr1:74470948:G>A	186	154	2	0.45294117647058824
chr11:66693003:C>A	450	14	2	0.03017241379310345
chr11:123753766:C>T	147	135	1	0.4787234042553192
chr11:124543499:A>C	250	50	1	0.16666666666666666
chr12:120136626:G>A	414	75	2	0.15337423312883436
chr15:30144828:T>A	390	68	2	0.14847161572052403
chr17:69114904:T>G	114	108	2	0.4864864864864865
chr19:36245525:G>A	419	63	2	0.13070539419087138
chr19:53258968:G>T	205	191	2	0.4823232323232323
chr2:88886152:CT>-	36	37	0	0.5068493150684932
chr2:124434530:G>T	187	163	2	0.4657142857142857
chr2:163610781:T>C	601	79	2	0.1161764705882353
chr20:10299322:C>T	243	168	2	0.40875912408759124
chr5:130185651:C>T	432	18	2	0.04
chr6:55280439:T>A	173	34	2	0.1642512077294686
