mutation_id	ref_counts	var_counts	total_cn	VAF
chr1:237550569:G>A	183	100	2	0.35335689045936397
chr11:17461663:G>A	209	127	2	0.37797619047619047
chr11:55795977:G>T	221	103	2	0.31790123456790126
chr11:62535133:G>A	216	161	2	0.4270557029177719
chr12:25245347:C>T	216	92	2	0.2987012987012987
chr14:100883444:C>T	414	120	4	0.2247191011235955
chr15:70895888:G>A	124	53	2	0.2994350282485876
chr16:724680:C>G	115	79	2	0.4072164948453608
chr16:29901842:G>A	215	150	2	0.410958904109589
chr16:30899491:G>A	145	115	2	0.4423076923076923
chr17:18148782:C>T	518	38	3	0.0683453237410072
chr19:38385882:C>T	655	22	2	0.03249630723781388
chr2:178537539:C>T	164	128	2	0.4383561643835616
chr4:1961074:G>A	385	93	3	0.19456066945606695
chr5:81113618:G>A	227	93	2	0.290625
chr5:123545835:C>T	120	60	2	0.3333333333333333
chr6:43263319:G>C	678	17	3	0.02446043165467626
chr6:146654204:G>A	203	34	3	0.14345991561181434
chr7:21619216:T>A	218	18	2	0.07627118644067797
chr7:23710318:C>T	194	82	2	0.2971014492753623
chr7:122736976:G>A	130	77	2	0.3719806763285024
chrX:48792006:G>T	595	195	3	0.2468354430379747
chrX:49219780:->TCT	285	61	3	0.17630057803468208
