mutation_id	ref_counts	var_counts	total_cn	VAF
chr1:3752492:C>A	163	80	4	0.3292181069958848
chr1:161984879:C>A	356	94	6	0.2088888888888889
chr10:15213689:G>A	722	168	8	0.18876404494382024
chr10:106577492:C>A	302	82	8	0.21354166666666666
chr11:26561136:G>T	341	112	6	0.24724061810154527
chr11:55368237:G>C	189	240	6	0.5594405594405595
chr12:51821428:G>C	354	250	4	0.4139072847682119
chr13:40666210:C>A	369	216	4	0.36923076923076925
chr14:106268605:->TTCCTTA	168	18	6	0.0967741935483871
chr16:3729764:->GG	613	203	6	0.24877450980392157
chr19:2191136:C>T	250	165	4	0.39759036144578314
chr19:2877444:G>C	216	126	4	0.3684210526315789
chr19:15113829:G>A	306	183	4	0.37423312883435583
chr2:219026049:G>T	198	105	4	0.3465346534653465
chr2:222694497:G>A	182	94	4	0.34057971014492755
chr20:59939552:A>T	299	180	4	0.3757828810020877
chr4:20618985:C>T	273	89	6	0.24585635359116023
chr4:185623883:C>T	409	153	6	0.2722419928825623
chr5:141365441:G>A	354	141	6	0.28484848484848485
chr6:33177000:C>T	488	178	6	0.2672672672672673
chr6:56466155:C>T	317	64	6	0.1679790026246719
chr6:73466397:C>A	207	82	6	0.2837370242214533
chr6:146434502:C>T	846	24	6	0.027586206896551724
chr9:69516494:G>A	460	90	4	0.16363636363636364
chrX:108692925:G>A	118	106	4	0.4732142857142857
