mutation_id	ref_counts	var_counts	total_cn	VAF
chr11:35280972:G>A	446	52	2	0.10441767068273092
chr12:16363914:G>A	244	57	2	0.1893687707641196
chr12:104327558:C>T	213	76	2	0.2629757785467128
chr12:112450395:C>T	340	27	2	0.07356948228882834
chr14:23390195:G>A	504	67	2	0.11733800350262696
chr14:90184273:G>A	506	108	2	0.1758957654723127
chr15:91916183:C>T	722	62	2	0.07908163265306123
chr19:2202729:G>A	285	61	2	0.17630057803468208
chr19:2248458:A>G	290	88	2	0.2328042328042328
chr19:12666699:C>T	342	94	2	0.21559633027522937
chr19:15540637:C>T	460	42	2	0.08366533864541832
chr19:31276799:G>A	287	78	2	0.2136986301369863
chr2:178624716:A>T	251	19	2	0.07037037037037037
chr2:186761980:C>A	219	70	2	0.2422145328719723
chr2:236214777:C>T	374	110	2	0.22727272727272727
chr20:3674540:C>T	272	103	2	0.27466666666666667
chr21:39423477:T>G	260	37	3	0.12457912457912458
chr3:126642096:C>G	245	63	2	0.20454545454545456
chr4:143876771:G>T	223	16	2	0.06694560669456066
chr5:33937289:G>A	762	36	2	0.045112781954887216
chr6:105161798:C>G	381	98	2	0.2045929018789144
chr9:135524930:C>T	196	54	2	0.216
chrX:19464221:C>A	96	52	1	0.35135135135135137
