mutation_id	ref_counts	var_counts	total_cn	VAF
chr1:26197781:C>T	186	21	2	0.10144927536231885
chr1:65364655:G>A	195	30	2	0.13333333333333333
chr1:154602294:C>T	392	15	2	0.036855036855036855
chr10:100496426:C>T	177	34	2	0.16113744075829384
chr11:84059374:C>T	287	61	2	0.1752873563218391
chr11:103222046:G>T	134	24	2	0.1518987341772152
chr12:2887982:A>G	151	110	2	0.421455938697318
chr12:100256181:T>C	167	34	2	0.1691542288557214
chr12:108292422:C>A	219	82	2	0.2724252491694352
chr14:32822059:G>A	429	14	2	0.03160270880361174
chr14:70167662:C>T	239	99	2	0.29289940828402367
chr14:106359785:ACTGTGTCTCTCGCACAGTAAT>CCCAGGG	18	52	1	0.7428571428571429
chr14:106470265:T>-	41	13	2	0.24074074074074073
chr15:60466692:C>T	204	25	2	0.1091703056768559
chr15:77615543:G>A	164	149	2	0.476038338658147
chr17:44910617:C>T	326	34	2	0.09444444444444444
chr17:75491701:G>A	248	41	2	0.14186851211072665
chr19:34433366:->T	137	47	2	0.2554347826086957
chr19:40036252:G>C	300	10	2	0.03225806451612903
chr2:32290605:G>C	180	40	2	0.18181818181818182
chr2:178674377:C>TT	336	49	2	0.12727272727272726
chr3:51420833:G>A	254	39	2	0.13310580204778158
chr3:138270058:G>A	354	16	2	0.043243243243243246
chr3:139044517:G>A	432	22	2	0.048458149779735685
chr4:575655:G>A	370	50	2	0.11904761904761904
chr4:56314660:G>T	310	96	2	0.23645320197044334
chr4:125448690:C>T	356	12	2	0.03260869565217391
chr4:153295765:C>T	213	46	2	0.1776061776061776
chr4:186588639:C>G	248	44	2	0.1506849315068493
chr5:41065412:C>T	270	43	2	0.13738019169329074
chr6:36426035:G>C	281	10	2	0.03436426116838488
chr8:38401048:G>C	119	19	2	0.13768115942028986
chr8:96160442:->C	384	50	2	0.1152073732718894
chr9:90887816:C>T	384	16	2	0.04
chr9:93110599:G>T	197	164	2	0.45429362880886426
chrX:34130846:G>C	554	40	2	0.06734006734006734
