mutation_id	ref_counts	var_counts	total_cn	VAF
chr1:11529902:C>T	326	160	2	0.3292181069958848
chr1:204114379:A>G	161	70	2	0.30303030303030304
chr11:111549684:G>A	278	127	2	0.3135802469135803
chr18:7015737:C>T	202	90	2	0.3082191780821918
chr2:132781955:G>A	166	80	2	0.3252032520325203
chr3:187235879:G>A	514	81	2	0.1361344537815126
chr4:55089733:C>A	222	128	2	0.3657142857142857
chr4:73069572:C>T	456	191	2	0.29520865533230295
chr5:151531656:C>T	405	162	2	0.2857142857142857
chr8:72936374:T>G	299	155	2	0.34140969162995594
chrX:115192598:C>T	58	127	1	0.6864864864864865
chrX:130025175:C>T	128	208	1	0.6190476190476191
