mutation_id	ref_counts	var_counts	total_cn	VAF
chr1:216418567:C>T	115	122	2	0.5147679324894515
chr10:110887798:T>G	138	96	2	0.41025641025641024
chr11:120905344:C>T	211	153	2	0.42032967032967034
chr12:25245351:C>G	188	95	2	0.33568904593639576
chr13:98395391:C>T	325	217	2	0.4003690036900369
chr16:81270221:C>T	230	162	2	0.413265306122449
chr17:35353438:A>G	276	96	2	0.25806451612903225
chr2:89937679:->CCCCCTC	166	68	2	0.2905982905982906
chr2:90221382:T>-	19	10	1	0.3448275862068966
chr4:182799939:G>A	222	206	2	0.48130841121495327
chr5:14690073:C>G	209	13	2	0.05855855855855856
chr6:10995096:G>A	125	93	2	0.42660550458715596
chr6:128397635:A>C	265	171	2	0.3922018348623853
chr7:98971845:C>T	339	19	2	0.05307262569832402
chr9:101594449:C>T	157	131	2	0.4548611111111111
