mutation_id	ref_counts	var_counts	total_cn	VAF
chr1:32324494:A>G	462	30	2	0.06097560975609756
chr1:150497737:C>T	135	130	2	0.49056603773584906
chr1:225555080:C>T	112	121	2	0.51931330472103
chr10:44934990:G>A	673	32	2	0.04539007092198582
chr10:53822963:A>T	228	217	2	0.48764044943820223
chr11:105933948:C>T	150	109	2	0.42084942084942084
chr13:40666151:C>G	638	162	2	0.2025
chr15:67465250:C>A	182	159	2	0.4662756598240469
chr19:6467607:G>T	313	250	2	0.44404973357015987
chr19:41124719:C>T	248	204	2	0.45132743362831856
chr22:22031462:ACTGGCATTCACACAGTGAC>G	134	76	2	0.3619047619047619
chr4:86762891:C>T	448	24	2	0.05084745762711865
chr6:138378123:G>T	488	36	2	0.06870229007633588
chr7:105569441:G>A	205	135	2	0.39705882352941174
chr9:5078360:A>G	143	156	2	0.5217391304347826
chr9:18639327:C>A	291	56	2	0.16138328530259366
chr9:25677989:->GGCCTT	394	324	2	0.45125348189415043
chr9:104569772:C>T	168	137	2	0.4491803278688525
chrX:55260542:G>C	161	47	2	0.22596153846153846
chrX:74524635:G>T	946	24	2	0.024742268041237112
