mutation_id	ref_counts	var_counts	total_cn	VAF
chr1:155176037:C>T	331	83	2	0.20048309178743962
chr10:49616578:A>-	174	84	2	0.32558139534883723
chr12:54528312:C>T	193	105	2	0.3523489932885906
chr14:67122308:G>A	241	14	2	0.054901960784313725
chr17:74920255:G>A	272	177	2	0.39420935412026725
chr19:38466263:C>T	380	179	2	0.32021466905187834
chr2:113406870:ATTCA>TT	82	50	2	0.3787878787878788
chr2:178711322:C>T	170	86	2	0.3359375
chr2:227008059:G>A	359	55	2	0.13285024154589373
chr2:231528747:G>A	298	146	2	0.32882882882882886
chr21:17547071:G>A	221	52	2	0.19047619047619047
chr4:46734955:G>A	85	54	2	0.38848920863309355
chr4:72548728:G>A	348	75	2	0.1773049645390071
chr4:143624198:C>T	168	114	2	0.40425531914893614
chr4:176320207:C>T	216	62	2	0.22302158273381295
chr9:136863403:G>T	373	14	2	0.03617571059431524
