mutation_id	ref_counts	var_counts	total_cn	VAF
chr1:37800023:C>T	350	152	2	0.30278884462151395
chr10:95064938:G>A	270	22	2	0.07534246575342465
chr12:53715877:G>T	398	186	2	0.3184931506849315
chr12:80620301:C>G	271	112	2	0.2924281984334204
chr12:85989496:C>G	142	77	2	0.3515981735159817
chr19:7166340:C>T	404	18	2	0.04265402843601896
chr19:38537925:G>A	440	22	2	0.047619047619047616
chr19:44429420:A>T	514	50	2	0.08865248226950355
chr21:25698713:C>G	275	99	2	0.2647058823529412
chr3:78631210:G>T	373	53	2	0.12441314553990611
chr3:100355256:G>-	400	40	2	0.09090909090909091
chr4:167000438:G>C	366	18	2	0.046875
chr8:68468817:C>T	153	105	2	0.4069767441860465
chrX:71616723:C>T	490	285	2	0.36774193548387096
chrX:73821694:C>T	393	14	2	0.0343980343980344
chrX:124095426:C>A	242	215	3	0.47045951859956237
chrX:154486322:G>T	545	158	3	0.22475106685633
