mutation_id	ref_counts	var_counts	total_cn	VAF
chr10:43105008:G>A	475	292	2	0.38070404172099087
chr11:126010350:G>A	170	41	2	0.1943127962085308
chr14:90689679:G>A	288	153	2	0.3469387755102041
chr14:106511116:->TCT	86	11	1	0.1134020618556701
chr16:29879949:G>A	546	32	2	0.05536332179930796
chr19:13283318:G>T	527	34	2	0.06060606060606061
chr3:177064977:T>C	199	26	2	0.11555555555555555
