mutation_id	ref_counts	var_counts	total_cn	VAF
chr1:114713909:G>T	217	53	2	0.1962962962962963
chr10:133230700:G>T	651	267	3	0.2908496732026144
chr12:25245347:C>T	222	46	2	0.17164179104477612
chr14:37622640:T>A	532	198	3	0.27123287671232876
chr17:50624399:G>A	290	122	3	0.2961165048543689
chr18:48040957:C>T	342	152	3	0.3076923076923077
chr19:7530462:C>T	180	130	2	0.41935483870967744
chr19:35506174:C>T	156	113	2	0.4200743494423792
chr20:2558600:G>A	408	79	2	0.162217659137577
chr20:33732031:G>TT	461	178	2	0.27856025039123633
chr22:30555925:C>A	232	152	2	0.3958333333333333
chr3:14821355:C>T	184	160	2	0.46511627906976744
chr5:139822768:C>T	334	74	3	0.18137254901960784
chr7:137678610:C>T	237	54	2	0.18556701030927836
chr8:85661487:C>T	759	61	3	0.07439024390243902
chr8:141496354:C>T	334	53	3	0.13695090439276486
chrX:79171236:T>G	708	79	4	0.10038119440914867
