mutation_id	ref_counts	var_counts	total_cn	VAF
chr1:3837389:A>C	277	170	2	0.38031319910514544
chr10:49655141:C>T	290	152	2	0.3438914027149321
chr11:1450771:G>T	365	240	2	0.39669421487603307
chr11:4915381:G>A	383	243	2	0.38817891373801916
chr11:36490588:C>T	292	175	2	0.3747323340471092
chr11:119278529:G>C	288	170	2	0.37117903930131
chr12:25245350:C>T	317	194	2	0.3796477495107632
chr15:27527518:C>A	404	239	2	0.37169517884914466
chr15:54014564:C>T	266	143	2	0.34963325183374083
chr15:82571463:C>T	415	251	2	0.3768768768768769
chr16:3731323:AGG>-	491	278	2	0.36150845253576075
chr20:45208220:A>G	477	262	2	0.35453315290933696
chr22:37096044:C>T	351	245	2	0.4110738255033557
chr5:141174464:C>T	816	436	2	0.34824281150159747
chr7:44539594:C>T	430	216	2	0.33436532507739936
chr8:120345460:G>T	287	214	2	0.42714570858283435
chr9:77019695:C>T	241	148	2	0.38046272493573263
