mutation_id	ref_counts	var_counts	total_cn	VAF
chr1:44000825:A>T	217	37	2	0.14566929133858267
chr1:163217560:A>T	191	27	2	0.12385321100917432
chr1:224955041:T>C	89	10	2	0.10101010101010101
chr1:248294757:G>A	196	29	2	0.1288888888888889
chr10:80362581:A>-	240	36	4	0.13043478260869565
chr10:116125422:C>T	680	37	4	0.05160390516039052
chr10:132867440:C>A	446	72	4	0.138996138996139
chr11:1031954:G>A	321	107	2	0.25
chr11:5985979:G>A	244	20	2	0.07575757575757576
chr12:112450359:G>T	241	35	2	0.12681159420289856
chr14:105624617:G>A	766	96	3	0.11136890951276102
chr15:73587588:G>A	135	82	2	0.3778801843317972
chr16:57960064:C>T	257	97	3	0.2740112994350282
chr16:70818395:G>A	545	35	3	0.0603448275862069
chr16:75114128:C>T	610	58	3	0.08682634730538923
chr17:44211084:C>A	344	86	3	0.2
chr2:149582169:C>G	198	44	2	0.18181818181818182
chr2:165374846:C>T	299	35	2	0.10479041916167664
chr2:178731722:C>A	317	28	2	0.08115942028985507
chr22:44914064:G>C	168	24	2	0.125
chr22:50610710:C>T	163	88	2	0.350597609561753
chr3:156143379:G>A	205	21	2	0.09292035398230089
chr4:54699743:A>G	277	49	3	0.15030674846625766
chr4:89936295:C>T	310	69	3	0.1820580474934037
chr5:11732153:C>T	348	26	3	0.06951871657754011
chr5:141209736:C>A	210	28	2	0.11764705882352941
chr6:41736978:G>A	215	62	3	0.22382671480144403
chr6:160739200:G>T	218	24	3	0.09917355371900827
chr9:34690331:T>C	240	63	3	0.2079207920792079
chrX:18827315:T>A	137	53	2	0.2789473684210526
chrX:36228760:A>C	197	67	2	0.2537878787878788
chrX:140784040:C>T	277	111	2	0.2860824742268041
