mutation_id	ref_counts	var_counts	total_cn	VAF
chr10:24524603:G>A	491	308	2	0.3854818523153942
chr14:72562717:G>T	203	174	2	0.46153846153846156
chr17:53824485:T>G	341	257	2	0.4297658862876254
chr2:189007922:G>A	282	220	2	0.43824701195219123
chr3:10141850:G>T	622	494	2	0.44265232974910396
chr9:130636022:C>T	361	259	2	0.41774193548387095
chrX:12614862:C>T	14	184	1	0.9292929292929293
