mutation_id	ref_counts	var_counts	total_cn	VAF
chr1:176702729:T>C	143	41	2	0.22282608695652173
chr10:19387652:T>A	243	117	2	0.325
chr10:70255214:C>T	698	24	2	0.0332409972299169
chr11:14789200:G>A	366	39	2	0.0962962962962963
chr12:25227337:C>T	414	37	2	0.082039911308204
chr15:69444827:G>A	261	74	2	0.2208955223880597
chr19:56645696:G>A	452	30	2	0.06224066390041494
chr2:90221382:T>CTC	36	12	2	0.25
chr2:90221384:CCACAGTGTTACACACCCGAAC>TCCACCGACACAGGGGAACCGCGACTTA	29	4	2	0.12121212121212122
chr8:119067429:G>C	196	31	2	0.13656387665198239
