mutation_id	ref_counts	var_counts	total_cn	VAF
chr1:24354455:C>T	211	44	2	0.17254901960784313
chr1:150964290:G>A	255	93	2	0.2672413793103448
chr1:156053646:G>A	334	138	2	0.2923728813559322
chr10:112668941:G>A	135	50	2	0.2702702702702703
chr11:47359885:->GG	487	107	2	0.18013468013468015
chr11:95049553:C>T	468	18	2	0.037037037037037035
chr12:111446977:->G	167	84	2	0.3346613545816733
chr14:88263466:C>T	1130	74	4	0.061461794019933555
chr15:43776512:->C	286	99	2	0.2571428571428571
chr19:47747016:G>T	323	32	2	0.09014084507042254
chr20:57563631:G>A	322	143	2	0.30752688172043013
chr5:38958466:G>A	240	90	2	0.2727272727272727
chr5:136226110:A>G	276	92	2	0.25
chrX:153536406:C>T	774	24	3	0.03007518796992481
