mutation_id	ref_counts	var_counts	total_cn	VAF
chr1:200911856:G>A	576	58	2	0.0914826498422713
chr11:103220753:T>A	135	54	2	0.2857142857142857
chr12:112450362:A>T	224	86	2	0.27741935483870966
chr16:1213814:G>A	518	43	2	0.0766488413547237
chr16:3738617:G>A	275	60	2	0.1791044776119403
chr19:32353245:G>A	212	68	2	0.24285714285714285
chr4:1961074:G>A	346	82	2	0.19158878504672897
chr7:120275112:C>T	370	151	2	0.28982725527831094
chrX:15581229:G>A	199	119	1	0.3742138364779874
chrY:14829853:C>T	335	220	1	0.3963963963963964
