mutation_id	ref_counts	var_counts	total_cn	VAF
chr13:61412098:G>A	224	79	2	0.2607260726072607
chr19:10921382:G>A	256	85	2	0.24926686217008798
chr22:22031472:A>-	108	33	2	0.23404255319148937
chr3:38713969:C>T	199	78	2	0.2815884476534296
chr5:151550805:C>T	298	105	2	0.26054590570719605
chr6:43206454:G>A	480	23	2	0.04572564612326044
chr7:94425783:G>A	303	116	2	0.27684964200477324
chr9:127896264:C>A	295	82	2	0.21750663129973474
chr9:137229078:G>A	208	71	2	0.25448028673835127
