mutation_id	ref_counts	var_counts	total_cn	VAF
chr1:1374140:C>T	298	87	5	0.22597402597402597
chr10:42593108:A>G	271	50	8	0.1557632398753894
chr10:84372246:C>T	202	26	8	0.11403508771929824
chr11:2847907:C>T	552	108	6	0.16363636363636364
chr11:72828749:G>C	340	43	6	0.1122715404699739
chr12:76347786:T>C	145	39	6	0.21195652173913043
chr14:19780565:G>T	764	72	8	0.0861244019138756
chr14:22490491:TATCTA>-	76	16	3	0.17391304347826086
chr14:23079737:G>A	344	60	8	0.1485148514851485
chr15:23360742:G>A	157	20	4	0.11299435028248588
chr16:57960065:G>A	278	57	6	0.1701492537313433
chr16:70863159:C>T	248	36	6	0.1267605633802817
chr16:84191260:C>T	430	89	6	0.17148362235067438
chr16:88429719:G>A	634	149	6	0.19029374201787994
chr19:52511048:G>A	147	50	4	0.25380710659898476
chr2:37929517:C>T	141	36	4	0.2033898305084746
chr2:208442400:G>A	145	32	4	0.1807909604519774
chr20:34859491:C>T	368	92	4	0.2
chr3:97876600:A>G	237	43	6	0.15357142857142858
chr4:122381000:C>T	80	33	4	0.2920353982300885
chr5:97013682:C>T	161	30	6	0.15706806282722513
chr5:141361647:C>T	478	77	6	0.13873873873873874
chr6:48008919:C>T	368	65	6	0.15011547344110854
chr6:73242527:C>T	119	25	6	0.1736111111111111
chr6:129514398:C>T	173	37	6	0.1761904761904762
chr6:138253948:C>T	305	53	6	0.14804469273743018
chr6:138253949:C>T	302	52	6	0.14689265536723164
chr7:4237742:G>A	218	47	4	0.17735849056603772
chr7:55155906:C>T	283	75	4	0.20949720670391062
chr7:118224944:G>A	154	42	4	0.21428571428571427
chr8:22310007:C>T	162	38	6	0.19
chr9:135765089:G>A	335	82	4	0.19664268585131894
chrX:46574153:C>T	923	143	8	0.13414634146341464
chrX:46662134:G>A	361	51	8	0.12378640776699029
chrX:109404391:C>T	407	50	8	0.10940919037199125
chrX:110452837:C>T	522	101	8	0.16211878009630817
