mutation_id	ref_counts	var_counts	total_cn	VAF
chr10:79613844:G>A	279	167	2	0.3744394618834081
chr10:133456397:C>T	372	340	2	0.47752808988764045
chr11:85727636:C>A	175	138	2	0.44089456869009586
chr15:38351302:C>T	286	68	2	0.192090395480226
chr16:58537976:->A	403	217	2	0.35
chr17:78126806:G>A	549	239	3	0.3032994923857868
chr2:218393006:->GCAACCC	285	201	2	0.41358024691358025
chr3:196733778:T>A	118	114	2	0.49137931034482757
chr4:88390845:C>T	195	139	2	0.4161676646706587
chr7:135243410:G>A	94	84	2	0.47191011235955055
chr8:23007456:C>T	263	192	2	0.421978021978022
chr8:27907238:C>T	169	129	2	0.43288590604026844
chr9:69014083:C>T	188	24	2	0.11320754716981132
chr9:95125136:G>A	181	135	2	0.4272151898734177
chrX:48832334:C>T	424	173	3	0.2897822445561139
