mutation_id	ref_counts	var_counts	total_cn	VAF
chr5:13788716:C>A	260	12	2	0.04411764705882353
chr5:176365729:G>A	474	15	2	0.03067484662576687
