mutation_id	ref_counts	var_counts	total_cn	VAF
chr12:82357058:C>T	62	55	2	0.4700854700854701
chr13:19173915:T>C	127	113	2	0.4708333333333333
chr13:28034144:A>G	71	57	2	0.4453125
chr15:71215218:G>A	204	240	2	0.5405405405405406
chr18:26865665:G>A	172	119	4	0.40893470790378006
chr2:31366037:A>G	118	101	2	0.4611872146118721
chr20:57407589:G>A	284	247	2	0.4651600753295669
chr4:1655642:G>A	728	230	8	0.24008350730688935
chr5:45262585:G>A	144	140	1	0.49295774647887325
chr5:154053370:G>A	59	69	2	0.5390625
chr6:97149984:G>A	134	62	4	0.3163265306122449
