mutation_id	ref_counts	var_counts	total_cn	VAF
chr1:26023203:C>T	333	81	2	0.1956521739130435
chr11:1085319:C>T	270	10	2	0.03571428571428571
chr12:6018618:C>T	309	95	2	0.23514851485148514
chr2:95087555:C>T	213	47	2	0.18076923076923077
chr2:113406841:TATTACTGTCTACAGGATTATACTACCCCATTCACAGTGTTACAA>CTGGGCTTTG	133	82	2	0.3813953488372093
chr2:178607841:G>C	153	130	2	0.45936395759717313
chr2:186747142:C>G	288	10	2	0.03355704697986577
chr5:31305387:G>A	166	112	2	0.4028776978417266
chr5:141357380:C>G	255	237	2	0.4817073170731707
chr5:176881390:C>T	202	193	2	0.48860759493670886
chr6:138905110:G>T	245	11	2	0.04296875
chr6:162262656:C>A	173	140	2	0.4472843450479233
chrX:76430239:G>T	320	69	2	0.17737789203084833
chrX:102750072:G>A	464	27	2	0.054989816700611
chrX:154467610:C>G	304	233	2	0.4338919925512104
