mutation_id	ref_counts	var_counts	total_cn	VAF
chr10:15558167:G>A	302	32	2	0.09580838323353294
chr10:105105463:G>A	308	38	2	0.10982658959537572
chr11:2620753:G>C	312	43	2	0.12112676056338029
chr11:70661738:C>T	335	15	2	0.04285714285714286
chr12:130437148:G>A	572	64	2	0.10062893081761007
chr15:44573679:C>T	541	28	2	0.0492091388400703
chr5:176868189:G>A	426	25	2	0.05543237250554324
chr6:27248006:G>T	316	50	2	0.1366120218579235
chr6:44275470:G>A	520	98	2	0.15857605177993528
chr7:30662713:G>C	321	10	2	0.030211480362537766
chr7:139109163:C>T	706	42	2	0.05614973262032086
chr8:109504485:G>A	86	7	2	0.07526881720430108
