mutation_id	ref_counts	var_counts	total_cn	VAF
chr1:41583528:G>A	374	25	2	0.06265664160401002
chr1:170986684:G>T	188	282	5	0.6
chr12:34026631:G>T	162	18	2	0.1
chr16:89637665:C>T	247	117	2	0.32142857142857145
chr2:215424227:G>A	453	14	2	0.029978586723768737
chr21:46563870:G>A	212	85	2	0.28619528619528617
chr4:161386217:C>T	424	16	2	0.03636363636363636
chr5:9629483:A>G	281	11	2	0.03767123287671233
chr5:141361424:C>T	420	14	2	0.03225806451612903
chr5:171870792:G>A	213	37	2	0.148
chr6:79017583:C>T	55	42	1	0.4329896907216495
