mutation_id	ref_counts	var_counts	total_cn	VAF
chr12:112450395:C>T	302	167	2	0.35607675906183367
chr14:94467177:C>A	276	157	2	0.3625866050808314
chr14:99726718:C>A	630	31	2	0.046898638426626324
chr16:57722735:C>T	191	112	2	0.3696369636963696
chr18:78995240:C>T	566	420	2	0.4259634888438134
chr2:18584874:C>T	439	317	2	0.4193121693121693
chr6:41935956:->GCA	655	112	2	0.14602346805736635
chr9:74762927:T>-	281	132	2	0.3196125907990315
