mutation_id	ref_counts	var_counts	total_cn	VAF
chr1:26365127:CTTTCTGGCTGTTTTC>-	487	46	2	0.08630393996247655
chr1:150510954:G>A	546	40	2	0.06825938566552901
chr12:92777644:C>T	197	14	2	0.06635071090047394
chr14:74809631:G>A	505	39	2	0.07169117647058823
chr15:73994846:C>T	524	38	2	0.06761565836298933
chr16:2111565:G>A	582	51	2	0.08056872037914692
chr19:47376062:G>A	693	32	2	0.044137931034482755
chr19:49599487:C>G	694	58	2	0.07712765957446809
chr21:14582253:G>C	446	26	2	0.05508474576271186
chr4:1961074:G>A	306	34	2	0.1
chr4:5748215:G>T	384	15	2	0.03759398496240601
chr6:26468277:G>C	544	43	2	0.07325383304940375
chr6:32052702:C>T	530	36	2	0.0636042402826855
chr7:32558620:T>C	282	12	2	0.04081632653061224
chr8:3214604:G>C	408	28	2	0.06422018348623854
chrX:38301338:C>T	330	11	2	0.03225806451612903
chrX:128052121:A>C	519	32	2	0.05807622504537205
