mutation_id	ref_counts	var_counts	total_cn	VAF
chr1:111982072:C>T	267	234	2	0.46706586826347307
chr1:155904494:->GGC	106	67	2	0.3872832369942196
chr12:51920888:C>A	148	14	2	0.08641975308641975
chr14:24311364:G>T	465	316	2	0.4046094750320102
chr14:74863422:A>C	212	180	2	0.45918367346938777
chr21:38383631:->G	401	206	2	0.3393739703459638
chr3:13317714:T>C	182	183	2	0.5013698630136987
chr5:9629841:G>A	120	97	2	0.4470046082949309
chr5:21760643:A>G	115	95	2	0.4523809523809524
