mutation_id	ref_counts	var_counts	total_cn	VAF
chr1:114716123:C>T	396	30	2	0.07042253521126761
chr12:25245347:C>T	238	91	2	0.2765957446808511
chr12:99806556:G>A	332	138	2	0.2936170212765957
chr15:19987781:C>T	220	141	2	0.39058171745152354
chr16:67628525:->CC	316	147	2	0.3174946004319654
chr16:88018532:C>T	321	104	2	0.2447058823529412
chr17:7498142:A>T	476	191	3	0.2863568215892054
chr17:41825615:C>T	472	166	3	0.2601880877742947
chr19:17626674:C>T	257	166	2	0.39243498817966904
chr2:209696322:C>T	165	97	2	0.3702290076335878
chr21:21284338:G>A	434	79	3	0.1539961013645224
chr21:32316839:G>A	530	205	3	0.2789115646258503
chr3:44242085:C>T	234	163	2	0.4105793450881612
chr4:157363006:G>T	213	79	3	0.2705479452054795
chr8:144581128:G>A	762	63	2	0.07636363636363637
chr9:137498223:C>T	246	164	2	0.4
