mutation_id	ref_counts	var_counts	total_cn	VAF
chr10:120589326:G>A	169	65	2	0.2777777777777778
chr10:121971042:T>C	207	55	2	0.2099236641221374
chr11:67998444:G>T	213	48	2	0.1839080459770115
chr12:23604460:T>C	191	67	2	0.2596899224806202
chr14:36663075:C>T	301	94	2	0.2379746835443038
chr19:4284835:G>A	227	89	2	0.28164556962025317
chr2:21009611:G>T	62	14	2	0.18421052631578946
chr2:77519699:T>C	178	58	2	0.2457627118644068
chr2:161839916:A>C	222	24	2	0.0975609756097561
chr4:6589082:C>T	290	15	2	0.04918032786885246
chr5:141351260:G>C	261	13	2	0.04744525547445255
chr7:93132377:C>T	144	54	2	0.2727272727272727
chr9:135119762:G>A	237	83	2	0.259375
chrX:136690735:G>T	194	40	3	0.17094017094017094
