mutation_id	ref_counts	var_counts	total_cn	VAF
chr1:35743462:C>T	232	16	2	0.06451612903225806
chr11:14294551:G>T	75	52	2	0.4094488188976378
chr11:92797908:C>T	388	32	2	0.0761904761904762
chr11:129854764:C>T	159	60	2	0.273972602739726
chr12:52367177:C>T	728	68	2	0.08542713567839195
chr2:90190609:C>A	278	96	2	0.25668449197860965
chr2:144389983:T>C	318	52	2	0.14054054054054055
chr20:32433408:C>T	364	87	2	0.19290465631929046
chr20:32433473:->A	428	117	2	0.21467889908256882
chr4:140456603:C>T	123	21	2	0.14583333333333334
chrX:21967259:C>T	188	79	2	0.2958801498127341
