mutation_id	ref_counts	var_counts	total_cn	VAF
chr1:114716123:C>T	133	117	2	0.468
chr1:237610933:G>T	134	113	2	0.4574898785425101
chr1:240930753:G>A	74	63	2	0.45985401459854014
chr11:62606144:G>A	200	226	2	0.5305164319248826
chr15:25714076:C>T	174	164	2	0.48520710059171596
chr15:73343605:G>A	133	126	2	0.4864864864864865
chr16:2761884:G>T	141	160	2	0.53156146179402
chr17:75817357:C>T	264	115	3	0.3034300791556728
chr3:48674602:C>T	144	116	2	0.4461538461538462
chr3:194604369:G>A	152	199	2	0.5669515669515669
chr4:139370353:T>G	66	35	2	0.3465346534653465
chr6:27139554:C>T	334	152	3	0.31275720164609055
chr7:38276314:GGTATCACACCGGTCTA>CCGAGG	2	30	2	0.9375
chr8:1956892:G>A	453	217	3	0.3238805970149254
