mutation_id	ref_counts	var_counts	total_cn	VAF
chr10:122299046:G>A	367	68	2	0.15632183908045977
chr11:116858313:C>T	373	40	1	0.09685230024213075
chr12:6327354:G>C	578	64	2	0.09968847352024922
chr13:45713239:G>A	289	180	2	0.3837953091684435
chr14:106592676:->CTTTCC	42	30	2	0.4166666666666667
chr17:80273328:GCTTGTTCCCGG>-	224	77	2	0.2558139534883721
chrX:26160757:C>T	192	18	1	0.08571428571428572
