mutation_id	ref_counts	var_counts	total_cn	VAF
chr1:201207302:G>A	397	25	2	0.05924170616113744
chr1:229295856:C>T	240	10	1	0.04
chr12:25225714:T>C	219	114	2	0.34234234234234234
chr17:28592568:C>T	225	109	2	0.3263473053892216
chr17:75231904:C>T	298	36	2	0.10778443113772455
chr5:131959603:AGATCCTGAATCA>CG	241	76	2	0.23974763406940064
chr9:93259410:C>T	203	85	2	0.2951388888888889
chr9:110406943:C>T	352	73	2	0.17176470588235293
chrX:50813961:G>A	307	144	2	0.31929046563192903
chrX:71291928:G>A	254	43	2	0.1447811447811448
chrX:107981717:C>T	347	165	2	0.322265625
