mutation_id	ref_counts	var_counts	total_cn	VAF
chr1:31800041:G>C	234	101	2	0.30149253731343284
chr1:154056928:C>T	235	151	3	0.3911917098445596
chr10:70600756:G>A	615	209	3	0.2536407766990291
chr10:86942970:C>T	1146	34	3	0.0288135593220339
chr12:47992879:G>A	388	18	2	0.04433497536945813
chr12:95533851:C>A	434	19	2	0.04194260485651214
chr12:120346274:C>T	730	30	2	0.039473684210526314
chr18:6912099:T>A	439	49	4	0.10040983606557377
chr19:48847962:G>T	600	27	2	0.0430622009569378
chr19:51416111:A>G	486	14	2	0.028
chr2:27577340:G>A	119	124	2	0.5102880658436214
chr2:127193210:G>A	288	162	2	0.36
chr20:46725692:T>C	586	20	2	0.033003300330033
chr3:52332253:G>A	543	30	2	0.05235602094240838
chr3:192799248:C>T	258	94	2	0.26704545454545453
chr4:170087131:T>C	295	99	3	0.2512690355329949
chr5:141194610:C>A	760	48	2	0.0594059405940594
chr6:3850204:C>T	765	53	3	0.0647921760391198
chr6:168081406:G>A	463	174	3	0.2731554160125589
