mutation_id	ref_counts	var_counts	total_cn	VAF
chr10:50836304:C>T	298	104	3	0.25870646766169153
chr10:133467274:C>T	370	115	3	0.23711340206185566
chr12:7374461:G>A	199	113	2	0.36217948717948717
chr12:49040675:G>C	610	30	2	0.046875
chr12:58886840:G>A	350	14	2	0.038461538461538464
chr12:109388805:C>T	313	102	2	0.2457831325301205
chr12:112489080:T>G	299	94	2	0.23918575063613232
chr17:56510826:C>T	473	176	3	0.2711864406779661
chr5:40955408:G>A	162	94	2	0.3671875
chr7:71335734:G>-	177	95	2	0.3492647058823529
chr8:143872421:C>T	713	287	3	0.287
