mutation_id	ref_counts	var_counts	total_cn	VAF
chr1:43420256:C>T	495	52	2	0.09506398537477148
chr1:114716126:C>T	331	83	2	0.20048309178743962
chr1:160419580:C>T	221	153	2	0.4090909090909091
chr10:69248449:G>T	244	191	2	0.43908045977011495
chr10:89439072:G>T	221	194	2	0.4674698795180723
chr10:100296134:G>A	235	27	2	0.10305343511450382
chr12:10506621:T>A	145	141	2	0.493006993006993
chr12:25245350:C>G	287	26	2	0.08306709265175719
chr15:37093724:C>T	139	108	2	0.43724696356275305
chr15:41696073:->G	7	77	1	0.9166666666666666
chr16:84222376:C>T	612	18	2	0.02857142857142857
chr17:43529895:T>C	217	144	2	0.3988919667590028
chr2:32250507:G>A	221	145	2	0.39617486338797814
chr2:178733116:C>T	161	108	2	0.40148698884758366
chr2:219477781:G>A	362	39	2	0.09725685785536159
chr2:219542078:C>-	627	389	2	0.3828740157480315
chr3:47056874:T>C	139	145	2	0.5105633802816901
chr5:173989348:G>A	477	341	2	0.41687041564792177
chr6:70271660:G>T	209	143	2	0.40625
chr7:31095682:G>A	197	147	2	0.4273255813953488
