mutation_id	ref_counts	var_counts	total_cn	VAF
chr1:114716123:C>T	223	50	2	0.18315018315018314
chr10:133084844:C>T	580	38	2	0.061488673139158574
chr11:72434313:C>-	517	157	2	0.23293768545994065
chr12:70571195:A>T	263	104	2	0.28337874659400547
chr13:77559817:G>T	166	67	2	0.2875536480686695
chr16:3356340:G>A	293	131	2	0.3089622641509434
chr16:67611349:->GA	283	108	2	0.27621483375959077
chr17:41524444:G>A	407	124	3	0.2335216572504708
chr17:76307777:G>A	526	173	3	0.2474964234620887
chr18:6978302:G>A	463	127	2	0.21525423728813559
chr2:219606779:A>C	285	119	2	0.29455445544554454
chr20:62216479:C>A	361	163	2	0.3110687022900763
chr4:1315583:C>T	323	99	2	0.23459715639810427
chr4:61948144:C>T	250	64	2	0.20382165605095542
chr5:72198566:C>T	238	83	2	0.2585669781931464
chr5:141095437:C>T	244	125	2	0.33875338753387535
chr9:32635511:C>T	154	69	2	0.3094170403587444
chrX:71556991:A>C	279	96	2	0.256
