mutation_id	ref_counts	var_counts	total_cn	VAF
chr1:114716126:C>T	532	77	4	0.12643678160919541
chr10:94235983:G>A	313	100	4	0.24213075060532688
chr11:66424726:T>C	525	173	4	0.24785100286532952
chr14:74899930:C>T	242	102	4	0.29651162790697677
chr16:27461452:G>A	930	30	4	0.03125
chr16:87689707:C>T	695	222	4	0.2420937840785169
chr17:31334892:T>C	260	20	4	0.07142857142857142
chr19:46123945:C>G	253	160	2	0.387409200968523
chr3:187731824:->TAA	274	84	2	0.2346368715083799
