mutation_id	ref_counts	var_counts	total_cn	VAF
chr1:74439594:C>A	236	46	2	0.16312056737588654
chr1:181798377:T>C	262	128	2	0.3282051282051282
chr1:201853024:G>T	155	60	2	0.27906976744186046
chr1:202123289:C>A	430	124	2	0.22382671480144403
chr1:243563739:G>A	187	116	2	0.38283828382838286
chr10:29289149:C>T	199	73	2	0.26838235294117646
chr10:117267689:A>G	159	104	2	0.39543726235741444
chr11:7672792:G>T	268	38	2	0.12418300653594772
chr12:52548779:G>A	436	15	2	0.03325942350332594
chr14:55350490:A>C	153	105	2	0.4069767441860465
chr16:2110692:C>T	371	78	2	0.17371937639198218
chr16:47593526:T>C	96	69	2	0.41818181818181815
chr17:17477224:G>T	322	74	2	0.18686868686868688
chr17:81529111:C>A	580	26	2	0.0429042904290429
chr19:43198186:G>A	164	160	2	0.49382716049382713
chr2:197398496:C>A	245	32	2	0.11552346570397112
chr2:209994164:G>A	403	66	2	0.14072494669509594
chr4:9782426:G>A	227	184	2	0.44768856447688565
chr5:35874500:T>G	396	108	2	0.21428571428571427
chr6:152416825:G>T	283	224	2	0.4418145956607495
chr7:74777326:C>T	104	64	2	0.38095238095238093
chr8:14237607:C>T	142	85	2	0.3744493392070485
chr8:22127060:G>A	132	92	2	0.4107142857142857
chr9:18776909:G>C	329	18	1	0.05187319884726225
chr9:87887861:C>A	383	100	2	0.2070393374741201
chr9:113423365:G>A	181	146	2	0.44648318042813456
chr9:136940973:->A	378	80	2	0.17467248908296942
chrX:305169:C>A	281	95	2	0.2526595744680851
chrX:45083506:->GTGTCGGCCCCCTGAGA	24	106	1	0.8153846153846154
