mutation_id	ref_counts	var_counts	total_cn	VAF
chr1:201205244:C>A	241	167	2	0.40931372549019607
chr10:23037310:G>A	180	114	2	0.3877551020408163
chr10:37142222:T>C	112	100	2	0.4716981132075472
chr12:15623243:G>A	158	101	2	0.38996138996138996
chr13:95936923:C>G	45	35	2	0.4375
chr13:98021776:->GCCCCCGCCCCC	148	67	2	0.3116279069767442
chr14:22202611:T>C	150	148	2	0.4966442953020134
chr14:106627251:->CCTCGGGACCG	38	9	0	0.19148936170212766
chr19:8954632:G>T	179	139	2	0.4371069182389937
chr19:33772964:C>T	277	199	2	0.4180672268907563
chr2:113406868:CCATTCACA>GGG	16	56	2	0.7777777777777778
chr3:52403724:G>A	206	164	2	0.44324324324324327
chr3:195789308:C>G	658	22	2	0.03235294117647059
chr4:51995992:C>G	210	235	2	0.5280898876404494
chr6:54941776:T>A	190	139	2	0.42249240121580545
chr6:70217041:G>A	230	187	2	0.44844124700239807
chr9:17330771:G>T	121	58	2	0.3240223463687151
