mutation_id	ref_counts	var_counts	total_cn	VAF
chr1:15932046:C>T	327	199	2	0.37832699619771865
chr1:28280745:G>A	259	155	2	0.3743961352657005
chr11:6240502:G>A	456	36	2	0.07317073170731707
chr14:106301392:GTGGT>TC	62	12	0	0.16216216216216217
chr19:10092116:G>A	555	24	2	0.04145077720207254
chr2:144389983:T>C	241	143	2	0.3723958333333333
chr2:166042334:G>A	330	20	2	0.05714285714285714
chr4:151176908:G>A	285	149	2	0.3433179723502304
chr4:176729700:C>A	183	83	2	0.31203007518796994
chr9:110408018:A>T	500	26	2	0.049429657794676805
chrX:71136508:G>A	442	260	2	0.37037037037037035
