mutation_id	ref_counts	var_counts	total_cn	VAF
chr17:41610012:A>G	258	66	2	0.2037037037037037
chr6:138313896:G>A	384	29	2	0.07021791767554479
