mutation_id	ref_counts	var_counts	total_cn	VAF
chr1:6625278:G>T	457	68	2	0.1295238095238095
chr1:205935758:G>A	452	32	2	0.06611570247933884
chr12:47235677:G>A	484	55	2	0.10204081632653061
chr12:81284242:G>A	182	108	2	0.3724137931034483
chr14:32822869:G>A	480	33	2	0.06432748538011696
chr2:113406871:TTCAC>G	124	65	2	0.3439153439153439
chr8:143918411:G>T	456	176	2	0.27848101265822783
