mutation_id	ref_counts	var_counts	total_cn	VAF
chr1:18883313:G>A	276	188	2	0.4051724137931034
chr1:219915634:C>T	358	21	2	0.055408970976253295
chr10:26147446:G>A	194	20	2	0.09345794392523364
chr10:30451638:CTA>AG	106	55	2	0.3416149068322981
chr17:81547512:T>G	272	212	2	0.4380165289256198
chr18:3879337:G>A	442	30	2	0.0635593220338983
chr19:35505975:C>T	121	86	2	0.41545893719806765
chr2:21139193:T>C	61	35	2	0.3645833333333333
chr2:21139978:C>T	132	69	2	0.34328358208955223
chr2:113406871:TTCAC>G	29	60	2	0.6741573033707865
chr22:31716039:G>A	270	9	2	0.03225806451612903
chr3:45030924:G>A	161	106	2	0.3970037453183521
chr3:55004821:G>A	190	106	2	0.3581081081081081
chr4:3493039:C>A	394	252	2	0.39009287925696595
chr5:140697621:C>T	178	81	2	0.3127413127413127
chr6:118275524:G>A	175	112	2	0.3902439024390244
chr6:152321245:C>T	68	50	2	0.423728813559322
