mutation_id	ref_counts	var_counts	total_cn	VAF
chr14:22423023:ACTACTGTGCCTGTGACACC>TCCCTGT	84	16	2	0.16
chr16:1079751:G>A	323	63	2	0.16321243523316062
chr3:38370081:->CAGGGAGG	201	42	2	0.1728395061728395
chr8:70058701:T>C	162	81	2	0.3333333333333333
chr9:86040754:G>A	131	69	2	0.345
chrX:73845343:A>G	271	12	2	0.04240282685512368
