mutation_id	ref_counts	var_counts	total_cn	VAF
chr1:196258420:G>A	242	90	3	0.2710843373493976
chr10:17229431:C>T	396	97	4	0.19675456389452334
chr10:49326524:G>A	279	289	4	0.5088028169014085
chr16:4876944:->GACCGACC	320	72	4	0.1836734693877551
chr19:847900:G>A	599	149	3	0.19919786096256684
chr19:50358657:G>A	388	149	3	0.2774674115456238
chr2:113406868:CCATTCACAGTGTTACAAGCCATA>TCTAGGG	84	52	3	0.38235294117647056
chr20:9644230:G>A	517	99	4	0.16071428571428573
chr4:16508612:C>T	348	110	4	0.24017467248908297
chr4:71765550:G>A	334	92	4	0.215962441314554
chr5:171790898:A>G	334	118	4	0.2610619469026549
chr8:94939908:C>A	171	71	3	0.29338842975206614
