mutation_id	ref_counts	var_counts	total_cn	VAF
chr1:114716126:C>T	349	118	2	0.25267665952890794
chr1:173970580:C>T	166	148	3	0.4713375796178344
chr10:37158575:C>T	165	17	3	0.09340659340659341
chr11:17779496:G>A	286	101	2	0.26098191214470284
chr17:42176075:C>T	296	94	3	0.24102564102564103
chr19:43071872:G>T	127	51	2	0.28651685393258425
chr2:91655421:A>T	154	24	2	0.1348314606741573
chr2:102381638:C>T	131	35	2	0.21084337349397592
chr2:119339885:C>T	263	111	2	0.2967914438502674
chr2:150470216:A>G	218	103	2	0.32087227414330216
chr21:32685748:C>A	78	22	3	0.22
chr4:166754687:C>A	333	66	3	0.16541353383458646
chr7:93239925:C>T	132	52	2	0.2826086956521739
chr9:138121530:G>A	624	160	2	0.20408163265306123
