mutation_id	ref_counts	var_counts	total_cn	VAF
chr2:88886153:->CG	67	74	1	0.524822695035461
chr7:5390359:AAAAAAAAA>-	254	59	2	0.18849840255591055
