mutation_id	ref_counts	var_counts	total_cn	VAF
chr12:8851915:C>T	285	83	2	0.22554347826086957
chr19:34445040:->GGTCC	166	30	2	0.15306122448979592
chr19:56053767:C>T	321	45	2	0.12295081967213115
chr2:206305657:C>A	419	27	2	0.06053811659192825
chr22:22881391:C>-	74	13	2	0.14942528735632185
chr6:72097125:C>T	176	79	2	0.30980392156862746
chrX:140504588:G>A	194	181	1	0.4826666666666667
