mutation_id	ref_counts	var_counts	total_cn	VAF
chr1:47994319:G>A	738	30	2	0.0390625
chr15:82662895:G>A	460	28	2	0.05737704918032787
chr19:7467568:C>T	1253	32	2	0.024902723735408562
chr19:11021837:C>T	736	40	2	0.05154639175257732
chr3:24152425:A>T	466	13	2	0.027139874739039668
chr5:179135978:G>A	854	26	2	0.029545454545454545
chr6:107772290:C>T	644	36	2	0.052941176470588235
chr6:130440480:G>T	679	21	2	0.03
