mutation_id	ref_counts	var_counts	total_cn	VAF
chr12:25209894:G>C	47	9	2	0.16071428571428573
chr14:105601189:C>T	261	32	2	0.10921501706484642
chr17:8269037:G>C	275	78	2	0.22096317280453256
chr4:73500153:C>T	258	56	2	0.17834394904458598
chr6:32761680:C>T	476	34	2	0.06666666666666667
chr8:67045860:G>A	144	124	2	0.4626865671641791
chr9:37002674:TCGGCGCTGGGGGACGT>GCCTTTTCCTTC	294	56	2	0.16
