mutation_id	ref_counts	var_counts	total_cn	VAF
chr1:156947799:G>A	252	38	2	0.1310344827586207
chr1:231163239:C>T	338	268	2	0.44224422442244227
chr12:52363401:C>T	216	21	2	0.08860759493670886
chr12:130451293:G>A	267	67	2	0.20059880239520958
chr16:3736747:G>T	240	180	2	0.42857142857142855
chr19:14470615:->CT	253	34	2	0.11846689895470383
chr19:44948841:G>A	135	82	2	0.3778801843317972
chr20:1983012:G>A	115	91	2	0.441747572815534
chr22:39646601:C>T	269	104	3	0.27882037533512066
chr6:49846553:C>T	481	40	3	0.07677543186180422
chr8:22120820:G>A	466	221	3	0.32168850072780203
chr8:41647291:->GCTC	439	173	3	0.2826797385620915
chr8:121629200:T>C	298	125	3	0.29550827423167847
chr8:141168457:G>A	500	32	3	0.06015037593984962
chr9:39099962:C>-	167	116	2	0.4098939929328622
