mutation_id	ref_counts	var_counts	total_cn	VAF
chr1:50193797:C>A	414	13	2	0.03044496487119438
chr1:100274903:G>A	260	52	2	0.16666666666666666
chr1:197122441:G>A	286	17	2	0.056105610561056105
chr11:14644228:C>T	633	143	2	0.18427835051546393
chr11:116832829:C>G	366	30	2	0.07575757575757576
chr12:11853445:->C	240	145	2	0.37662337662337664
chr12:78118208:C>T	458	24	2	0.04979253112033195
chr13:24685344:G>A	339	11	2	0.03142857142857143
chr15:31484119:C>G	583	17	2	0.028333333333333332
chr15:82628398:G>C	308	25	2	0.07507507507507508
chr18:77105229:A>T	134	94	2	0.41228070175438597
chr19:40572365:C>G	413	19	2	0.04398148148148148
chr2:181901826:C>G	302	26	2	0.07926829268292683
chr20:45891465:G>A	1006	29	2	0.028019323671497585
chr21:46284477:G>C	270	110	2	0.2894736842105263
chr3:44976299:G>A	428	76	2	0.15079365079365079
chr3:165830838:G>C	373	37	2	0.09024390243902439
chr6:20126685:A>C	182	10	2	0.052083333333333336
chr6:75313046:C>G	410	34	2	0.07657657657657657
chr7:50387392:C>T	173	164	2	0.486646884272997
chr7:107474457:G>A	177	146	2	0.4520123839009288
chr8:27762445:G>C	219	60	2	0.21505376344086022
chr8:79664829:G>A	114	77	2	0.4031413612565445
chr9:94101625:C>T	477	45	2	0.08620689655172414
chr9:115064659:C>G	113	80	2	0.41450777202072536
chr9:127404894:G>A	262	226	2	0.46311475409836067
