mutation_id	ref_counts	var_counts	total_cn	VAF
chr1:46613165:C>T	272	251	2	0.47992351816443596
chr1:186086289:C>T	275	95	3	0.25675675675675674
chr10:7797127:C>T	701	54	4	0.07152317880794702
chr10:116591826:C>T	950	38	3	0.038461538461538464
chr11:58214909:C>T	172	133	2	0.4360655737704918
chr12:10010781:G>A	179	62	3	0.2572614107883817
chr13:102768310:T>C	61	37	2	0.37755102040816324
chr15:23647502:G>T	260	224	2	0.4628099173553719
chr17:66880652:C>T	676	38	3	0.05322128851540616
chr17:82015135:G>A	525	129	3	0.19724770642201836
chr19:58053675:G>A	324	274	2	0.45819397993311034
chr2:54866768:T>G	172	76	3	0.3064516129032258
chr2:210436346:T>C	412	75	3	0.1540041067761807
chr4:133151073:G>C	575	247	3	0.3004866180048662
chr4:157361587:G>C	197	53	3	0.212
chr5:11903824:C>G	766	33	3	0.04130162703379224
chr5:44809286:C>A	546	251	3	0.31493099121706397
chr5:128361791:G>A	226	105	2	0.31722054380664655
chr5:168431311:G>A	444	77	2	0.14779270633397312
chr6:84744268:G>A	494	55	3	0.10018214936247723
chr7:122386299:T>G	58	31	2	0.34831460674157305
chr8:66948090:T>C	136	80	2	0.37037037037037035
chr8:124562794:C>T	254	49	2	0.1617161716171617
chrX:73213735:G>T	288	103	3	0.26342710997442453
