mutation_id	ref_counts	var_counts	total_cn	VAF
chr12:49026326:G>A	482	29	2	0.05675146771037182
chr13:113671619:C>T	202	173	2	0.4613333333333333
chr14:56804354:G>A	465	83	3	0.15145985401459855
chr16:3542247:G>A	284	36	2	0.1125
chr16:55567298:C>G	194	155	2	0.44412607449856734
chr19:5567880:G>A	565	22	2	0.03747870528109029
chr2:74673776:C>A	232	192	2	0.4528301886792453
chr2:95285048:G>A	388	88	2	0.18487394957983194
chr2:165154643:C>T	91	73	2	0.4451219512195122
chr2:227666892:G>A	381	314	2	0.45179856115107914
chr20:32099117:G>A	270	32	2	0.10596026490066225
chr20:34750362:G>A	355	54	2	0.13202933985330073
chr4:186621694:G>A	394	24	2	0.05741626794258373
chr5:43174796:A>C	326	32	2	0.0893854748603352
chr5:90627324:C>T	144	104	2	0.41935483870967744
chr6:69355830:G>A	270	18	3	0.0625
chr7:143478784:C>A	193	150	2	0.43731778425655976
chrX:31071588:G>A	654	288	3	0.3057324840764331
chrX:129747664:T>C	621	279	3	0.31
