mutation_id	ref_counts	var_counts	total_cn	VAF
chr1:16030520:G>C	456	150	2	0.24752475247524752
chr1:237593496:C>A	175	69	2	0.2827868852459016
chr10:84232586:G>T	425	60	2	0.12371134020618557
chr10:96304620:->GTGTGGGGGGGCT	321	96	2	0.2302158273381295
chr11:5441016:G>A	376	104	2	0.21666666666666667
chr12:112488444:G>A	273	38	2	0.12218649517684887
chr15:75338133:G>A	274	75	2	0.2148997134670487
chr18:46505976:C>T	263	81	2	0.23546511627906977
chr3:46459714:C>T	426	15	2	0.034013605442176874
chr6:138334253:G>A	419	140	2	0.2504472271914132
chrX:114906668:C>T	118	271	2	0.6966580976863753
