mutation_id	ref_counts	var_counts	total_cn	VAF
chr1:20604995:C>T	302	53	2	0.14929577464788732
chr1:114716126:C>G	322	63	2	0.16363636363636364
chr1:151816756:C>T	267	59	2	0.18098159509202455
chr11:284600:G>C	289	109	2	0.27386934673366836
chr12:49026425:C>T	264	146	2	0.35609756097560974
chr12:56713605:C>G	366	12	2	0.031746031746031744
chr13:28018498:ATG>-	206	58	2	0.2196969696969697
chr15:63725377:->GTCC	234	66	2	0.22
chr15:73288532:A>G	210	35	2	0.14285714285714285
chr16:3738616:C>T	239	50	2	0.17301038062283736
chr16:3738617:G>A	204	84	2	0.2916666666666667
chr16:20862447:C>G	192	148	2	0.43529411764705883
chr19:15879613:C>T	158	118	2	0.427536231884058
chr2:237364399:G>A	202	61	2	0.23193916349809887
chr3:126352575:C>T	214	195	2	0.4767726161369193
chr5:81180263:G>A	136	33	2	0.1952662721893491
chr6:38786848:C>T	294	65	3	0.181058495821727
chr7:54544737:C>A	294	109	2	0.2704714640198511
chr7:122059887:T>C	194	7	2	0.03482587064676617
chrX:108188552:C>T	337	54	2	0.13810741687979539
