mutation_id	ref_counts	var_counts	total_cn	VAF
chr1:240811977:T>G	410	127	3	0.23649906890130354
chr11:407905:G>A	570	143	3	0.2005610098176718
chr11:61322325:C>T	228	224	3	0.49557522123893805
chr11:101961926:T>A	508	147	3	0.22442748091603054
chr11:111995077:G>T	300	60	3	0.16666666666666666
chr12:4626860:C>T	297	72	3	0.1951219512195122
chr13:46835602:G>A	261	67	3	0.20426829268292682
chr15:27532754:C>A	185	68	2	0.26877470355731226
chr18:14787070:G>A	118	56	2	0.3218390804597701
chr19:45632938:C>A	257	66	3	0.2043343653250774
chr2:89244780:GA>-	112	34	3	0.2328767123287671
chr2:202099674:C>A	386	133	3	0.25626204238921
chr22:28796153:C>GA	484	104	3	0.17687074829931973
chr4:128287715:C>T	622	221	3	0.26215895610913403
chr5:141246319:C>T	154	90	2	0.36885245901639346
chr6:30562439:C>T	380	65	3	0.14606741573033707
chr7:100776446:G>A	130	43	2	0.24855491329479767
chr8:138630733:C>A	345	79	3	0.18632075471698112
chr9:84744987:G>C	318	14	2	0.04216867469879518
chrX:112454829:C>T	225	191	2	0.45913461538461536
