mutation_id	ref_counts	var_counts	total_cn	VAF
chr1:13116233:->TGGA	384	212	2	0.35570469798657717
chr1:15463389:C>T	292	171	2	0.3693304535637149
chr1:58506165:C>A	420	33	2	0.0728476821192053
chr1:160416108:G>A	392	24	2	0.057692307692307696
chr10:93361527:A>G	229	94	2	0.29102167182662536
chr11:63299009:G>A	231	33	2	0.125
chr11:65585150:C>T	678	22	2	0.03142857142857143
chr11:66315402:C>T	391	134	2	0.25523809523809526
chr11:72016053:C>G	258	86	2	0.25
chr11:78903438:G>A	919	44	2	0.04569055036344756
chr12:11869792:ATCCTGAACCCCCGGCACTCCGTGGATTTC>-	100	158	1	0.6124031007751938
chr12:50107659:G>A	297	76	2	0.2037533512064343
chr12:52367148:G>A	565	180	2	0.24161073825503357
chr13:33063895:G>A	137	77	2	0.3598130841121495
chr14:36666478:C>T	483	18	2	0.03592814371257485
chr14:106714683:->TCTCTCCT	128	70	2	0.35353535353535354
chr16:15763798:G>C	224	56	2	0.2
chr16:21054503:G>A	202	161	2	0.44352617079889806
chr17:30997272:C>T	180	74	2	0.29133858267716534
chr19:7125328:G>C	273	83	2	0.23314606741573032
chr19:7126616:G>A	204	57	2	0.21839080459770116
chr19:15628834:C>T	196	153	2	0.4383954154727794
chr19:17645702:G>A	195	121	2	0.3829113924050633
chr19:44814280:C>T	230	154	2	0.4010416666666667
chr2:96670127:C>T	167	59	2	0.2610619469026549
chr2:201266505:C>G	194	71	2	0.2679245283018868
chr22:44802138:C>T	468	55	2	0.10516252390057361
chr3:142403682:C>G	221	57	2	0.20503597122302158
chr3:179708950:C>T	279	22	2	0.07308970099667775
chr4:69112713:G>A	172	15	2	0.08021390374331551
chr7:149847790:G>T	432	13	2	0.029213483146067417
chr9:122662499:C>T	296	97	2	0.24681933842239187
