mutation_id	ref_counts	var_counts	total_cn	VAF
chr1:1340430:G>A	394	74	2	0.1581196581196581
chr1:2027653:G>A	275	45	2	0.140625
chr1:196689527:G>A	344	28	2	0.07526881720430108
chr10:107164087:G>A	504	83	2	0.141396933560477
chr11:65530784:C>T	278	44	2	0.13664596273291926
chr13:52846526:C>T	580	119	2	0.17024320457796852
chr13:102729579:T>G	333	52	2	0.13506493506493505
chr14:106506995:->AGGGGGGTTCTA	45	18	0	0.2857142857142857
chr14:106592675:->TCTCTCCCA	49	13	0	0.20967741935483872
chr14:106627248:->T	59	42	0	0.4158415841584158
chr15:28192061:C>T	353	294	2	0.45440494590417313
chr15:71737944:C>T	288	96	2	0.25
chr15:89665720:C>A	406	170	2	0.2951388888888889
chr16:1079406:G>A	469	101	2	0.17719298245614035
chr17:7830688:G>A	251	133	2	0.3463541666666667
chr18:10800404:G>A	327	157	2	0.3243801652892562
chr19:1506628:C>T	378	137	2	0.26601941747572816
chr19:3600570:C>G	550	24	2	0.041811846689895474
chr19:9977231:C>T	281	102	2	0.26631853785900783
chr2:178634478:G>A	244	55	2	0.18394648829431437
chr22:22162670:CAGTAACACTCACACA>GCGAGT	25	58	0	0.6987951807228916
chr3:184319694:G>A	251	94	2	0.27246376811594203
chr4:1961074:G>A	269	118	2	0.3049095607235142
chr4:76896872:G>C	634	32	2	0.04804804804804805
chr4:166003524:G>T	224	103	2	0.3149847094801223
chr5:151322050:C>G	178	66	2	0.27049180327868855
chr6:39867706:C>T	352	108	2	0.23478260869565218
chr6:149916939:C>T	260	75	2	0.22388059701492538
chr7:8435721:C>G	297	151	2	0.33705357142857145
chr7:44116204:G>A	458	67	2	0.12761904761904763
chr7:144074840:G>A	280	59	2	0.17404129793510326
chr7:149862395:G>A	611	114	2	0.15724137931034482
chr8:131978854:C>T	164	60	2	0.26785714285714285
chrX:24619000:G>A	120	56	1	0.3181818181818182
chrX:46500694:G>C	173	44	1	0.20276497695852536
