mutation_id	ref_counts	var_counts	total_cn	VAF
chr1:16027405:C>T	285	172	2	0.37636761487964987
chr1:227846021:G>C	376	229	2	0.3785123966942149
chr10:59352420:G>A	242	188	2	0.4372093023255814
chr11:101963815:A>G	58	40	2	0.40816326530612246
chr14:23346872:G>A	429	395	2	0.47936893203883496
chr16:89962027:A>G	207	149	2	0.41853932584269665
chr19:4234687:G>C	239	178	2	0.42685851318944845
chr2:113406869:CAT>-	74	25	2	0.25252525252525254
chr2:162188333:C>-	81	43	2	0.3467741935483871
chr20:42248751:C>T	265	142	2	0.3488943488943489
chr20:63556180:T>A	331	276	2	0.4546952224052718
chr22:38538379:C>T	152	102	2	0.4015748031496063
chr3:169381384:C>-	137	82	2	0.3744292237442922
chr4:9173277:C>T	396	20	2	0.04807692307692308
chr4:73258650:G>A	328	256	2	0.4383561643835616
chr4:118352596:T>G	892	39	2	0.04189044038668099
chr5:177095383:A>G	150	176	2	0.5398773006134969
chr6:63685170:C>G	42	29	2	0.4084507042253521
chr7:25226625:C>A	28	22	2	0.44
chr7:38269531:ATAATAATT>GCC	34	24	2	0.41379310344827586
chr7:83162519:C>A	63	314	1	0.8328912466843501
chr8:143575269:A>G	506	483	2	0.4883720930232558
chr9:128612194:A>G	265	69	2	0.20658682634730538
