mutation_id	ref_counts	var_counts	total_cn	VAF
chr1:10648027:G>A	496	82	2	0.14186851211072665
chr1:21577543:C>T	602	50	2	0.07668711656441718
chr1:42762453:A>G	115	89	2	0.4362745098039216
chr1:217610361:G>A	244	70	3	0.2229299363057325
chr10:60072222:C>T	235	27	2	0.10305343511450382
chr10:60074822:G>T	131	111	2	0.45867768595041325
chr10:95968899:G>C	114	20	2	0.14925373134328357
chr10:116592515:G>A	256	20	2	0.07246376811594203
chr11:56093981:T>C	367	64	2	0.14849187935034802
chr12:25225628:C>T	236	15	2	0.05976095617529881
chr12:25245351:C>T	261	35	2	0.11824324324324324
chr12:45852279:G>T	255	13	2	0.048507462686567165
chr12:57631985:C>T	528	30	2	0.053763440860215055
chr14:24376867:C>T	346	60	2	0.1477832512315271
chr14:65561738:G>A	230	30	2	0.11538461538461539
chr15:74655820:G>A	296	53	2	0.1518624641833811
chr16:83809384:G>A	252	16	2	0.05970149253731343
chr17:41968523:G>A	290	36	2	0.11042944785276074
chr19:20793864:T>C	123	74	2	0.3756345177664975
chr19:36891692:G>A	315	56	2	0.1509433962264151
chr19:39825991:G>A	397	71	2	0.1517094017094017
chr2:20667362:->GGCGTC	77	79	2	0.5064102564102564
chr2:89142573:->TGGA	18	19	1	0.5135135135135135
chr2:223598097:C>T	358	23	2	0.06036745406824147
chr20:62065372:CGA>-	54	6	2	0.1
chr20:62172801:G>A	146	122	2	0.4552238805970149
chr3:49662438:C>G	201	121	2	0.37577639751552794
chr3:49663319:A>C	250	151	2	0.3765586034912718
chr3:64541865:G>A	161	117	2	0.420863309352518
chr3:89395843:C>T	132	83	2	0.386046511627907
chr4:87114481:G>A	512	34	2	0.06227106227106227
chr5:122077781:G>A	552	44	2	0.0738255033557047
chr5:145938174:C>T	458	41	2	0.08216432865731463
chr5:151347421:C>T	329	23	2	0.06534090909090909
chr7:122737018:G>A	336	16	2	0.045454545454545456
chr9:72901222:G>C	187	32	2	0.1461187214611872
chr9:77428946:C>G	126	100	2	0.4424778761061947
chrX:27821810:G>A	193	42	1	0.17872340425531916
chrX:53201958:G>T	68	38	1	0.3584905660377358
