mutation_id	ref_counts	var_counts	total_cn	VAF
chr1:181732392:G>A	391	137	2	0.25946969696969696
chr10:49386713:C>T	355	160	2	0.3106796116504854
chr12:25227345:C>T	215	43	2	0.16666666666666666
chr14:106714697:T>A	138	48	1	0.25806451612903225
chr16:72793658:C>T	236	119	2	0.3352112676056338
chr19:14406752:A>G	457	108	2	0.1911504424778761
chr19:34760556:T>C	70	50	2	0.4166666666666667
chr19:41294628:G>A	376	134	2	0.2627450980392157
chr2:97908657:C>T	81	15	2	0.15625
chr5:159073432:C>T	114	42	1	0.2692307692307692
chrX:48835442:C>G	782	72	2	0.08430913348946135
