mutation_id	ref_counts	var_counts	total_cn	VAF
chr10:126504466:G>A	510	14	2	0.026717557251908396
chr19:3005573:C>T	344	13	2	0.036414565826330535
chr19:15438635:C>T	438	18	2	0.039473684210526314
chr4:125451580:C>T	356	72	2	0.16822429906542055
chr6:31355320:->T	214	19	2	0.0815450643776824
chr6:31356766:G>A	156	136	2	0.4657534246575342
chr9:129923905:C>T	392	15	2	0.036855036855036855
chrX:116457775:A>C	163	8	2	0.04678362573099415
