mutation_id	ref_counts	var_counts	total_cn	VAF
chr1:26346575:G>A	226	195	2	0.46318289786223277
chr1:37840074:G>A	410	16	2	0.03755868544600939
chr10:93600490:G>A	357	30	2	0.07751937984496124
chr10:100274945:G>T	25	3	2	0.10714285714285714
chr11:4587824:C>G	238	12	2	0.048
chr11:60933649:G>A	812	26	2	0.031026252983293555
chr11:65131561:G>A	390	15	2	0.037037037037037035
chr11:77203078:G>A	486	22	2	0.04330708661417323
chr17:10635462:C>A	309	214	2	0.4091778202676864
chr17:55320723:C>T	185	155	2	0.45588235294117646
chr17:82178492:G>A	410	15	2	0.03529411764705882
chr2:140442608:G>A	176	69	2	0.2816326530612245
chr2:237376910:C>T	219	165	2	0.4296875
chr20:31368681:C>T	167	72	2	0.301255230125523
chr21:36072826:G>C	406	15	2	0.035629453681710214
chr22:41356795:C>T	355	11	2	0.030054644808743168
chr3:134360252:C>T	652	23	2	0.034074074074074076
chr5:180792933:G>A	329	137	2	0.2939914163090129
chr6:26271093:C>T	402	15	2	0.03597122302158273
chr8:138635030:G>C	412	20	2	0.046296296296296294
chrX:106773117:C>T	96	7	1	0.06796116504854369
chrX:152652694:C>G	511	19	1	0.035849056603773584
