mutation_id	ref_counts	var_counts	total_cn	VAF
chr10:85647231:C>T	250	86	3	0.25595238095238093
chr12:25245321:G>T	133	63	2	0.32142857142857145
chr14:23575933:G>A	439	162	3	0.26955074875207985
chr16:7676821:C>T	162	91	2	0.35968379446640314
chr16:67611283:G>T	337	14	2	0.039886039886039885
chr18:14748454:T>C	247	53	2	0.17666666666666667
chr19:48442208:C>T	324	15	2	0.04424778761061947
chr2:33398377:C>T	132	48	2	0.26666666666666666
chr2:209834971:G>A	98	43	2	0.3049645390070922
chr4:1974938:A>G	318	106	3	0.25
chr4:2252428:G>A	262	99	3	0.2742382271468144
chr4:176729611:C>G	163	68	3	0.2943722943722944
chr7:12383536:G>A	52	34	2	0.3953488372093023
chr7:48310110:G>A	140	91	2	0.3939393939393939
chr8:10611444:C>A	239	165	2	0.4084158415841584
chr8:109088279:G>A	44	20	2	0.3125
chr9:90874711:A>G	245	20	2	0.07547169811320754
chrX:100406503:C>T	421	32	3	0.0706401766004415
chrX:104254396:C>T	500	167	3	0.25037481259370314
chrX:115192145:G>T	531	173	3	0.24573863636363635
