mutation_id	ref_counts	var_counts	total_cn	VAF
chr1:114716127:C>T	171	78	2	0.3132530120481928
chr1:216086800:C>T	134	16	3	0.10666666666666667
chr1:245688721:C>T	426	187	3	0.30505709624796085
chr10:114218570:G>A	209	58	3	0.21722846441947566
chr10:121503868:G>A	500	29	3	0.054820415879017016
chr12:10420405:G>A	79	47	2	0.373015873015873
chr12:25225628:C>T	166	19	2	0.10270270270270271
chr14:23118590:C>T	210	114	3	0.35185185185185186
chr14:36676444:G>A	126	61	3	0.32620320855614976
chr14:104943385:G>A	383	151	3	0.28277153558052437
chr17:66741669:G>A	170	80	3	0.32
chr18:36760717:C>T	354	76	3	0.17674418604651163
chr19:2227026:C>T	208	180	2	0.4639175257731959
chr2:225582263:C>T	195	99	2	0.336734693877551
chr22:26030912:->TCAGCCCCGGTCCCCCTTTT	99	34	2	0.2556390977443609
chr3:134547337:C>T	111	50	2	0.3105590062111801
chr3:165059058:G>A	154	14	2	0.08333333333333333
chr6:25850858:G>A	202	67	3	0.24907063197026022
chr7:31651947:C>T	177	20	2	0.10152284263959391
chr7:43312056:C>T	121	95	2	0.4398148148148148
chr7:95486042:C>T	132	136	2	0.5074626865671642
chr8:58603327:G>C	131	102	2	0.43776824034334766
chr8:144547421:C>T	261	202	2	0.43628509719222464
chr9:137882746:C>T	97	66	2	0.4049079754601227
