mutation_id	ref_counts	var_counts	total_cn	VAF
chr1:40463543:G>C	355	12	2	0.0326975476839237
chr1:236179914:C>T	354	19	2	0.05093833780160858
chr10:14842321:T>C	208	20	2	0.08771929824561403
chr10:47325002:->TGGTCAT	238	72	2	0.23225806451612904
chr12:19500174:C>G	292	24	2	0.0759493670886076
chr14:69328496:C>T	249	99	2	0.28448275862068967
chr15:79046822:G>A	213	102	2	0.3238095238095238
chr17:62759889:T>A	306	28	2	0.08383233532934131
chr18:80137492:G>T	426	26	2	0.05752212389380531
chr19:56192961:G>A	345	32	2	0.08488063660477453
chr2:185746689:G>C	292	18	2	0.05806451612903226
chr22:45414325:G>C	246	18	2	0.06818181818181818
chr3:49001584:C>T	225	110	2	0.3283582089552239
chr3:51310238:C>T	304	10	2	0.03184713375796178
chr3:172506717:G>C	255	23	2	0.08273381294964029
chr4:667898:C>T	145	69	2	0.32242990654205606
chr5:157343132:G>C	472	24	2	0.04838709677419355
chr6:26250314:C>T	462	26	2	0.05327868852459016
chr6:30744284:G>A	722	34	2	0.04497354497354497
chr6:47682311:T>A	186	75	2	0.28735632183908044
chr8:52683623:C>G	318	27	2	0.0782608695652174
chr9:34343317:C>T	443	24	2	0.05139186295503212
chrX:108172516:C>G	186	10	1	0.05102040816326531
