mutation_id	ref_counts	var_counts	total_cn	VAF
chr1:12004527:G>A	167	45	2	0.21226415094339623
chr1:22638907:G>A	436	15	2	0.03325942350332594
chr1:41002246:->T	199	26	2	0.11555555555555555
chr1:74470147:C>G	257	10	2	0.03745318352059925
chr10:93797704:C>T	199	30	2	0.13100436681222707
chr11:18599946:G>A	349	18	2	0.04904632152588556
chr11:18701764:C>T	303	193	2	0.38911290322580644
chr11:66267284:C>G	285	184	2	0.39232409381663114
chr11:117994010:G>A	156	54	2	0.2571428571428571
chr12:123937547:G>C	836	68	2	0.0752212389380531
chr13:20142056:G>C	548	176	2	0.2430939226519337
chr15:82345171:C>T	812	98	2	0.1076923076923077
chr16:31916425:AA>-	188	94	2	0.3333333333333333
chr16:67179436:C>T	227	69	2	0.23310810810810811
chr16:67256667:C>A	242	58	2	0.19333333333333333
chr16:67626673:G>A	260	76	2	0.2261904761904762
chr16:67657817:G>A	219	58	2	0.20938628158844766
chr17:11640289:G>C	276	68	2	0.19767441860465115
chr17:43493518:G>A	375	53	2	0.12383177570093458
chr2:20624731:C>T	92	99	2	0.518324607329843
chr20:44418451:C>T	360	33	2	0.08396946564885496
chr22:31137919:C>T	290	220	2	0.43137254901960786
chr3:88156579:G>A	272	13	2	0.0456140350877193
chr3:149846089:C>G	261	35	2	0.11824324324324324
chr5:141370544:C>G	440	12	2	0.02654867256637168
chr5:181205081:G>A	255	189	2	0.42567567567567566
chr6:83560143:C>T	292	60	2	0.17045454545454544
chr7:21702774:G>A	105	86	2	0.450261780104712
chr8:39767032:T>-	208	119	2	0.363914373088685
chr9:74788653:G>A	152	66	2	0.30275229357798167
chrX:77853925:C>G	83	22	1	0.20952380952380953
chrX:135905334:A>G	42	113	1	0.7290322580645161
