mutation_id	ref_counts	var_counts	total_cn	VAF
chr1:56912417:C>T	349	27	2	0.07180851063829788
chr1:114716126:C>A	230	51	2	0.18149466192170818
chr11:101504588:G>C	347	28	2	0.07466666666666667
chr16:60358619:G>A	167	65	2	0.2801724137931034
chr16:75451789:G>T	128	116	2	0.47540983606557374
chr17:42495648:C>G	192	121	2	0.3865814696485623
chr2:43224462:->G	540	114	2	0.1743119266055046
chr2:47813360:CTTCTATACAGC>GCCAGGG	132	43	2	0.24571428571428572
chr2:88861553:AAAACTGCACACACAAT>CGGG	51	16	1	0.23880597014925373
chr4:2452296:C>G	161	156	2	0.4921135646687697
chr8:144392483:G>A	406	29	2	0.06666666666666667
chrX:130215799:C>A	172	41	2	0.19248826291079812
