mutation_id	ref_counts	var_counts	total_cn	VAF
chr1:219173918:C>T	370	124	2	0.25101214574898784
chr10:122086220:C>A	264	106	2	0.2864864864864865
chr11:66700565:C>A	261	128	2	0.32904884318766064
chr11:101489008:G>A	305	154	2	0.3355119825708061
chr12:7328314:A>G	135	66	2	0.3283582089552239
chr12:25245347:C>T	272	123	2	0.31139240506329113
chr15:27480833:C>A	159	85	2	0.3483606557377049
chr17:6471219:G>A	764	42	3	0.052109181141439205
chr17:56510639:C>T	511	146	3	0.2222222222222222
chr17:74920492:C>T	398	113	3	0.22113502935420742
chr19:50210375:G>A	306	134	2	0.30454545454545456
chr2:106101079:G>A	216	107	2	0.33126934984520123
chr4:41014343:G>A	367	92	3	0.20043572984749455
chr5:111446762:C>A	234	81	2	0.2571428571428571
chr9:36840607:G>A	335	147	2	0.3049792531120332
