mutation_id	ref_counts	var_counts	total_cn	VAF
chr12:84885436:A>T	110	28	3	0.2028985507246377
chr14:21665722:G>A	174	61	3	0.25957446808510637
chr16:3767841:->GG	216	61	2	0.22021660649819494
chr16:57752538:G>A	191	83	2	0.3029197080291971
chr22:20149997:->CGCCGCAA	276	92	3	0.25
chr5:141096626:G>A	727	121	3	0.14268867924528303
chr8:144058637:C>T	466	154	3	0.24838709677419354
