mutation_id	ref_counts	var_counts	total_cn	VAF
chr9:69456372:C>T	282	200	4	0.4149377593360996
chr9:101594774:G>A	384	24	4	0.058823529411764705
