mutation_id	ref_counts	var_counts	total_cn	VAF
chr11:56470242:C>A	220	34	2	0.13385826771653545
chr11:61743622:G>A	537	71	2	0.11677631578947369
chr13:28061949:C>T	456	31	2	0.06365503080082136
chr19:38519286:G>A	544	26	2	0.0456140350877193
chr2:3387762:G>A	462	153	2	0.24878048780487805
chr22:16592130:C>A	421	54	2	0.11368421052631579
chr3:197700705:G>A	323	174	1	0.3501006036217304
chr4:165495606:C>T	510	14	2	0.026717557251908396
chr7:114642609:T>C	267	22	3	0.07612456747404844
