mutation_id	ref_counts	var_counts	total_cn	VAF
chr1:154454555:G>A	246	245	2	0.4989816700610998
chr12:123311081:C>T	158	107	2	0.4037735849056604
chr15:48489907:G>A	239	202	2	0.4580498866213152
chr16:29813918:C>T	518	30	2	0.05474452554744526
chr9:127091809:G>A	279	280	2	0.5008944543828264
