mutation_id	ref_counts	var_counts	total_cn	VAF
chr10:72203438:T>C	91	63	2	0.4090909090909091
chr14:96086663:G>T	265	170	2	0.39080459770114945
chr15:27026773:C>T	127	35	2	0.21604938271604937
chr16:3290087:C>A	187	92	2	0.32974910394265233
chr5:122423718:A>C	161	31	2	0.16145833333333334
chr7:99606804:A>C	287	159	2	0.35650224215246634
