mutation_id	ref_counts	var_counts	total_cn	VAF
chr1:33864329:G>A	163	118	2	0.4199288256227758
chr1:75807025:G>A	108	95	2	0.46798029556650245
chr1:204126111:G>A	319	89	4	0.2181372549019608
chr12:25245347:C>T	196	66	3	0.25190839694656486
chr13:112067998:GA>-	177	80	2	0.311284046692607
chr15:89483196:G>A	115	60	2	0.34285714285714286
chr16:3738645:A>T	118	112	3	0.48695652173913045
chr16:3740395:TGACCG>-	262	24	3	0.08391608391608392
chr17:8828836:C>G	463	121	3	0.2071917808219178
chr17:11598798:G>A	558	171	3	0.2345679012345679
chr17:20895996:G>A	384	30	3	0.07246376811594203
chr17:38466476:C>T	912	71	3	0.07222787385554426
chr19:22988416:G>T	95	46	2	0.3262411347517731
chr19:44707876:C>T	257	22	2	0.07885304659498207
chr2:74461444:->G	346	152	3	0.30522088353413657
chr2:86858259:G>A	398	111	3	0.2180746561886051
chr2:140335795:A>C	244	88	3	0.26506024096385544
chr2:170386266:G>T	209	41	3	0.164
chr2:232136631:GACTT>AGAAGC	278	103	3	0.27034120734908135
chr20:3824188:G>A	366	29	2	0.07341772151898734
chr21:44330708:C>T	1176	51	5	0.04156479217603912
chr3:160677632:C>T	166	65	2	0.2813852813852814
chr4:110476469:G>T	327	100	3	0.234192037470726
chr7:80462507:C>T	113	44	2	0.2802547770700637
chr8:104013524:C>T	428	24	3	0.05309734513274336
