mutation_id	ref_counts	var_counts	total_cn	VAF
chr1:246850214:C>G	104	121	3	0.5377777777777778
chr10:28590768:A>C	176	74	3	0.296
chr10:104641562:G>A	770	334	3	0.302536231884058
chr12:25245347:C>T	306	85	3	0.21739130434782608
chr12:76369296:C>T	76	21	3	0.21649484536082475
chr12:81405850:G>A	258	72	3	0.21818181818181817
chr13:42166567:C>T	126	71	2	0.3604060913705584
chr15:60558230:C>T	201	30	2	0.12987012987012986
chr18:63565473:C>T	171	90	2	0.3448275862068966
chr19:38469037:G>T	303	163	2	0.3497854077253219
chr2:215375370:G>A	205	105	2	0.3387096774193548
chr22:38826556:C>T	594	234	3	0.2826086956521739
chr6:30583626:T>C	271	189	2	0.4108695652173913
chr6:55248754:C>T	222	159	2	0.41732283464566927
chr7:140176918:G>A	648	20	2	0.029940119760479042
chr8:10622989:G>A	510	214	3	0.2955801104972376
chr8:28353398:C>T	403	144	3	0.263254113345521
