mutation_id	ref_counts	var_counts	total_cn	VAF
chr12:120359048:G>A	357	57	2	0.13768115942028986
chr16:62563:C>T	485	26	2	0.050880626223091974
chr19:45873036:G>A	251	35	2	0.12237762237762238
chr2:23562341:G>A	657	95	2	0.12632978723404256
chr20:62414398:C>T	456	38	1	0.07692307692307693
chr4:95841163:C>A	372	30	2	0.07462686567164178
chr8:112346195:A>G	206	27	2	0.11587982832618025
chr8:123652304:A>T	421	49	2	0.10425531914893617
