mutation_id	ref_counts	var_counts	total_cn	VAF
chr1:979925:A>G	435	58	2	0.11764705882352941
chr1:39661136:G>A	454	189	2	0.2939346811819596
chr10:132697868:->A	379	48	1	0.11241217798594848
chr13:108961603:C>A	308	91	2	0.22807017543859648
chr14:22439012:->CCA	20	143	0	0.8773006134969326
chr14:24193253:T>C	181	109	2	0.3758620689655172
chr16:71978295:C>T	58	24	2	0.2926829268292683
chr19:45396868:T>G	1160	70	2	0.056910569105691054
chr2:201079021:C>T	144	19	2	0.1165644171779141
chr2:240725344:G>A	620	70	2	0.10144927536231885
chr3:66384093:A>G	284	258	2	0.47601476014760147
chr5:35874469:->CATGCT	260	24	2	0.08450704225352113
chr8:38421858:C>T	254	172	2	0.40375586854460094
