mutation_id	ref_counts	var_counts	total_cn	VAF
chr1:94892281:G>T	144	39	2	0.21311475409836064
chr1:162792781:C>T	201	50	2	0.199203187250996
chr10:43120189:G>A	316	86	3	0.21393034825870647
chr11:88653264:G>A	313	113	3	0.2652582159624413
chr12:52080048:A>T	368	26	2	0.06598984771573604
chr12:112450395:C>T	246	96	2	0.2807017543859649
chr18:47033121:C>T	606	143	3	0.1909212283044059
chr19:15161690:C>T	350	49	2	0.12280701754385964
chr2:14634779:G>A	489	68	2	0.12208258527827648
chr2:33275890:G>A	272	17	2	0.058823529411764705
chr20:33083842:T>C	410	23	2	0.053117782909930716
chr4:99276643:C>T	166	62	3	0.2719298245614035
chr4:157336460:C>T	275	80	3	0.22535211267605634
chr5:176882084:C>A	260	104	2	0.2857142857142857
chr6:46688417:T>G	702	286	3	0.2894736842105263
chr6:72097024:C>T	426	96	3	0.1839080459770115
chr7:120274931:G>A	172	162	2	0.48502994011976047
chr9:117714184:->ACT	156	120	2	0.43478260869565216
chrX:126164900:C>T	772	51	3	0.061968408262454436
