mutation_id	ref_counts	var_counts	total_cn	VAF
chr10:70674682:->TCGG	325	160	2	0.32989690721649484
chr11:54683006:G>C	212	134	2	0.3872832369942196
chr12:106239421:G>A	255	192	2	0.42953020134228187
chr13:43412897:T>G	168	97	2	0.3660377358490566
chr14:22492851:TGGAA>GG	26	4	0	0.13333333333333333
chr15:23645561:G>A	242	191	2	0.44110854503464203
chr17:44215758:T>C	203	142	2	0.4115942028985507
chr19:35338352:C>T	266	186	2	0.41150442477876104
chr19:53070009:C>A	202	134	2	0.39880952380952384
chr2:51028021:G>A	358	231	2	0.3921901528013582
chr20:18596212:G>A	150	90	2	0.375
chr8:22589680:G>A	267	145	2	0.35194174757281554
chr9:36840562:A>G	401	260	2	0.39334341906202724
chr9:37015168:G>C	190	142	2	0.42771084337349397
chr9:92112485:T>A	92	29	2	0.2396694214876033
chr9:137878067:A>T	704	158	2	0.18329466357308585
chrX:2861709:G>A	216	12	1	0.05263157894736842
chrX:80025698:C>T	67	242	1	0.7831715210355987
