mutation_id	ref_counts	var_counts	total_cn	VAF
chr1:31668816:C>T	282	118	2	0.295
chr12:122206325:C>A	272	147	2	0.35083532219570407
chr17:44349239:C>T	376	230	2	0.3795379537953795
chr17:50599630:C>T	356	231	2	0.393526405451448
chr2:90221383:->T	28	54	1	0.6585365853658537
chr2:134441827:C>T	519	16	2	0.029906542056074768
chr2:178888587:G>T	258	120	2	0.31746031746031744
chr2:185804715:A>T	272	17	2	0.058823529411764705
chr2:239115109:G>A	390	236	2	0.3769968051118211
chr20:5923225:C>T	136	95	2	0.41125541125541126
chr20:53256192:G>A	382	73	2	0.16043956043956045
chr3:195868552:C>T	513	297	2	0.36666666666666664
chr4:176173328:C>A	316	14	2	0.04242424242424243
chr5:140829216:C>T	72	8	1	0.1
chr6:97113907:T>A	203	142	2	0.4115942028985507
chr8:142544389:->CAT	232	117	2	0.335243553008596
