mutation_id	ref_counts	var_counts	total_cn	VAF
chr1:1439582:G>A	473	307	2	0.3935897435897436
chr1:71046797:G>A	490	34	2	0.0648854961832061
chr12:50350996:T>C	341	42	2	0.10966057441253264
chr12:52367114:C>T	531	253	2	0.3227040816326531
chr12:57727493:C>T	375	251	2	0.4009584664536741
chr12:78122222:C>T	268	132	2	0.33
chr16:74472385:C>T	188	100	2	0.3472222222222222
chr18:45997761:G>C	286	16	2	0.052980132450331126
chr4:1961074:G>A	269	102	2	0.2749326145552561
chr4:73404406:C>T	119	75	2	0.3865979381443299
chr5:23521171:T>A	164	74	2	0.31092436974789917
chr5:132486365:->CGAC	177	16	2	0.08290155440414508
chr6:56618440:C>T	242	132	2	0.35294117647058826
chr8:47778641:TCAT>-	191	111	2	0.3675496688741722
chr8:91986227:C>A	305	174	2	0.36325678496868474
chr9:69377741:G>A	147	149	2	0.5033783783783784
chrX:18893540:G>T	414	259	2	0.3848439821693908
chrX:101626029:A>G	368	38	2	0.09359605911330049
chrX:126551399:G>T	341	222	2	0.39431616341030196
