mutation_id	ref_counts	var_counts	total_cn	VAF
chr1:7732477:C>T	187	74	2	0.2835249042145594
chr1:59860243:G>A	248	65	2	0.20766773162939298
chr1:114716123:C>T	227	73	2	0.24333333333333335
chr1:156384785:C>A	195	96	2	0.32989690721649484
chr10:79292288:G>A	447	98	3	0.1798165137614679
chr14:71036072:G>A	210	50	3	0.19230769230769232
chr15:65198235:G>A	152	62	2	0.2897196261682243
chr16:983857:C>T	308	116	2	0.27358490566037735
chr17:18315842:AAGAGCC>-	316	51	3	0.13896457765667575
chr18:59272952:C>T	448	122	3	0.21403508771929824
chr19:38510721:C>T	201	71	2	0.2610294117647059
chr2:90005629:TCACACAGTG>GGTGGA	126	31	2	0.19745222929936307
chr2:113406857:ATTATACTACCCCATTCACA>TCCC	146	67	2	0.3145539906103286
chr2:166039512:T>C	286	12	2	0.040268456375838924
chr2:216370094:C>T	294	110	2	0.2722772277227723
chr5:149832995:A>T	267	122	2	0.31362467866323906
chr6:42964395:->GTGCCTTGG	474	107	3	0.18416523235800344
chr6:56466137:C>T	286	89	3	0.23733333333333334
chr6:152352193:C>T	306	88	3	0.2233502538071066
chr7:117791878:C>T	163	73	2	0.3093220338983051
chrX:115189829:G>A	376	339	3	0.47412587412587415
