mutation_id	ref_counts	var_counts	total_cn	VAF
chr1:151038965:C>T	286	137	2	0.32387706855791965
chr13:28034139:A>T	273	29	2	0.09602649006622517
chr14:57571927:C>T	255	82	3	0.2433234421364985
chr18:7013959:G>T	446	143	3	0.2427843803056027
chr19:56027533:G>A	436	34	2	0.07234042553191489
chr21:10541133:G>A	348	40	3	0.10309278350515463
chr9:69718401:C>T	584	48	3	0.0759493670886076
chrX:10138777:G>A	602	209	3	0.25770653514180025
