mutation_id	ref_counts	var_counts	total_cn	VAF
chr1:26057251:C>A	243	55	4	0.18456375838926176
chr1:53459842:G>A	496	110	4	0.18151815181518152
chr1:190454709:G>T	249	57	4	0.18627450980392157
chr1:237884768:C>T	185	61	4	0.24796747967479674
chr12:70635777:G>A	272	93	4	0.2547945205479452
chr13:24316105:C>T	484	18	4	0.035856573705179286
chr14:100881548:G>A	471	139	6	0.2278688524590164
chr14:105376917:G>A	474	18	6	0.036585365853658534
chr17:62679821:C>T	241	68	6	0.22006472491909385
chr17:78814468:C>A	393	102	6	0.20606060606060606
chr19:35555779:C>T	261	88	4	0.2521489971346705
chr19:35740396:GGGGTTCTGCCCCCGCCCGCGGCGGGAGTAGGGGTCACG>CC	375	77	4	0.17035398230088494
chr2:74519965:G>A	183	46	4	0.20087336244541484
chr20:62346505:C>T	225	61	4	0.21328671328671328
chr22:20091479:G>A	233	72	4	0.2360655737704918
chr4:125321423:G>A	349	88	6	0.20137299771167047
chr5:41313737:C>T	211	87	4	0.29194630872483224
chr5:135446690:G>C	266	94	4	0.2611111111111111
chr6:137017078:A>C	384	14	6	0.035175879396984924
chr7:48272343:C>T	174	50	4	0.22321428571428573
chr9:34976565:G>A	258	89	4	0.2564841498559078
chrX:153421547:C>T	736	147	6	0.1664779161947905
