mutation_id	ref_counts	var_counts	total_cn	VAF
chr1:164807543:C>T	159	56	3	0.26046511627906976
chr21:45277095:G>A	176	82	2	0.3178294573643411
chr3:121698758:T>C	320	12	2	0.03614457831325301
