mutation_id	ref_counts	var_counts	total_cn	VAF
chr1:114713907:T>A	319	49	2	0.1331521739130435
chr1:119922297:G>A	286	33	2	0.10344827586206896
chr12:85286895:C>T	266	22	2	0.0763888888888889
chr14:105907211:GG>ACCAA	133	23	0	0.14743589743589744
chr15:40931665:G>A	437	73	2	0.14313725490196078
chr17:80087762:G>A	251	42	3	0.14334470989761092
chr19:50668762:G>C	514	73	2	0.12436115843270869
chr19:55644966:G>A	516	47	2	0.08348134991119005
chr2:61492337:C>T	166	22	2	0.11702127659574468
chr21:33465402:C>T	360	43	3	0.10669975186104218
chr9:138047033:C>T	237	31	2	0.11567164179104478
