mutation_id	ref_counts	var_counts	total_cn	VAF
chr1:31632606:C>T	438	39	2	0.08176100628930817
chr1:65392548:G>C	314	67	2	0.17585301837270342
chr1:111982690:G>A	423	76	2	0.1523046092184369
chr1:220652056:C>T	329	75	2	0.18564356435643564
chr1:237783922:G>A	345	63	2	0.15441176470588236
chr13:28035621:C>G	509	82	3	0.13874788494077833
chr15:25721820:G>A	373	93	2	0.19957081545064378
chr16:84845797:C>T	168	105	2	0.38461538461538464
chr19:6467979:G>A	532	42	2	0.07317073170731707
chr19:47726046:C>T	300	278	2	0.4809688581314879
chr2:178733344:G>C	468	52	2	0.1
chr2:219514791:G>C	361	65	2	0.15258215962441316
chr2:232819881:->A	314	61	2	0.16266666666666665
chr22:30019549:->C	302	58	2	0.16111111111111112
chr22:30019551:G>CC	436	82	2	0.1583011583011583
chr6:52796238:G>C	316	160	2	0.33613445378151263
chr6:116253521:A>G	724	48	2	0.06217616580310881
chr7:36331029:G>A	463	42	2	0.08316831683168317
chrX:45090821:C>T	384	41	2	0.09647058823529411
chrX:48190259:->G	138	70	2	0.33653846153846156
chrX:100407618:G>A	380	301	2	0.4419970631424376
