mutation_id	ref_counts	var_counts	total_cn	VAF
chr1:118086969:G>A	151	100	2	0.398406374501992
chr10:121500842:G>A	288	64	3	0.18181818181818182
chr11:8139975:G>T	177	52	3	0.22707423580786026
chr2:241030295:C>T	120	80	2	0.4
chr21:30425704:C>A	448	117	4	0.20707964601769913
chr4:174977685:A>T	216	95	3	0.3054662379421222
chr6:150922253:C>T	300	57	3	0.15966386554621848
chr7:27246277:G>T	520	17	2	0.03165735567970205
chr7:100358335:C>T	194	148	2	0.4327485380116959
