mutation_id	ref_counts	var_counts	total_cn	VAF
chr11:56470183:A>T	41	84	2	0.672
chr11:66043160:G>A	278	259	2	0.4823091247672253
chr11:78702032:G>A	228	178	2	0.43842364532019706
chr11:78702209:C>A	210	149	2	0.415041782729805
chr12:25245347:C>T	171	113	2	0.397887323943662
chr14:24055722:G>A	402	42	3	0.0945945945945946
chr16:3089623:C>T	237	204	2	0.46258503401360546
chr17:15503015:C>T	380	189	3	0.3321616871704745
chr19:13115654:C>T	176	145	2	0.4517133956386293
chr2:113406872:TCACAGT>GA	72	81	2	0.5294117647058824
chr2:178782886:G>A	203	189	2	0.48214285714285715
chr21:36292105:->TC	331	99	4	0.2302325581395349
chr3:56018953:T>A	136	157	2	0.5358361774744027
chr5:180602690:C>A	177	133	2	0.4290322580645161
chr6:30744206:G>A	621	281	3	0.311529933481153
chr6:68956183:G>A	270	32	3	0.10596026490066225
chr6:168308917:G>A	513	84	3	0.1407035175879397
chr7:64219889:C>T	136	102	2	0.42857142857142855
chr9:136845166:C>T	695	84	3	0.10783055198973042
chrX:41216642:->CCTAA	128	40	3	0.23809523809523808
