mutation_id	ref_counts	var_counts	total_cn	VAF
chr1:17627473:G>C	550	18	2	0.03169014084507042
chr1:114405639:C>T	367	179	2	0.32783882783882784
chr1:170167497:G>A	163	65	2	0.2850877192982456
chr10:43556798:C>G	290	164	2	0.36123348017621143
chr11:58617581:G>C	465	53	2	0.10231660231660232
chr11:66422141:C>T	240	119	2	0.33147632311977715
chr12:39332913:C>T	253	81	2	0.24251497005988024
chr15:82750724:C>G	412	68	2	0.14166666666666666
chr15:101024806:G>A	218	73	2	0.2508591065292096
chr16:18815252:G>C	203	25	2	0.10964912280701754
chr16:64972059:G>A	332	55	2	0.1421188630490956
chr17:3528853:C>T	171	114	2	0.4
chr17:10803793:G>A	518	59	2	0.1022530329289428
chr17:35553318:G>C	266	120	2	0.31088082901554404
chr2:108252489:A>G	169	89	2	0.3449612403100775
chr2:132417174:C>T	432	67	2	0.1342685370741483
chr5:72200037:G>A	550	82	2	0.12974683544303797
chr9:136833941:C>T	293	32	2	0.09846153846153846
chr9:136839467:C>A	303	44	2	0.12680115273775217
chr9:136840779:C>T	517	96	2	0.1566068515497553
chr9:136846631:C>T	650	75	2	0.10344827586206896
chr9:136847150:C>T	607	80	2	0.11644832605531295
chr9:136853835:G>A	421	50	2	0.10615711252653928
chr9:136855271:G>A	527	74	2	0.12312811980033278
chrX:119073815:C>T	831	22	2	0.02579132473622509
