mutation_id	ref_counts	var_counts	total_cn	VAF
chr10:24999481:G>A	115	46	2	0.2857142857142857
chr11:64340941:->GAGATTCCTTACCCC	336	144	2	0.3
chr19:5687569:G>C	1027	46	2	0.04287045666356011
chr2:95277488:G>A	441	312	2	0.41434262948207173
chr22:43862248:G>T	850	42	2	0.04708520179372197
chr5:94692227:A>T	193	128	2	0.3987538940809969
chr6:34035898:G>A	345	223	2	0.3926056338028169
chr6:152233784:G>T	196	128	2	0.3950617283950617
