mutation_id	ref_counts	var_counts	total_cn	VAF
chr11:65647007:C>T	324	267	2	0.4517766497461929
chr15:101398458:C>T	197	167	2	0.45879120879120877
chr16:55846576:G>A	516	18	2	0.033707865168539325
chr17:18380945:C>T	166	103	2	0.3828996282527881
chr17:66496270:G>A	265	144	3	0.35207823960880197
chr2:196292649:G>A	268	98	2	0.2677595628415301
chr5:131677838:T>A	149	104	2	0.41106719367588934
chr9:5078362:A>T	148	51	2	0.2562814070351759
chr9:5089726:C>A	310	10	2	0.03125
