mutation_id	ref_counts	var_counts	total_cn	VAF
chr1:114716126:C>T	238	60	2	0.20134228187919462
chr11:133845181:C>T	247	116	2	0.31955922865013775
chr12:8222192:G>A	476	20	2	0.04032258064516129
chr5:159158810:G>A	272	62	2	0.18562874251497005
chr8:67238744:T>A	112	7	2	0.058823529411764705
chrX:69505826:G>A	546	136	2	0.19941348973607037
