mutation_id	ref_counts	var_counts	total_cn	VAF
chr1:114716123:C>T	140	91	2	0.3939393939393939
chr11:74285906:C>T	229	47	2	0.17028985507246377
chr12:11839281:->GGAGGGG	146	57	2	0.28078817733990147
chr12:26715349:G>A	168	82	2	0.328
chr15:43210358:C>T	114	92	2	0.44660194174757284
chr16:72119870:G>A	489	167	3	0.2545731707317073
chr19:12874853:G>A	166	106	2	0.3897058823529412
chr2:46151137:G>A	194	107	2	0.3554817275747508
chr3:50270958:G>A	164	111	2	0.4036363636363636
chr7:143757011:->T	383	67	2	0.14888888888888888
