mutation_id	ref_counts	var_counts	total_cn	VAF
chr1:117021735:T>A	241	93	2	0.27844311377245506
chr1:228378734:G>A	520	90	2	0.14754098360655737
chr11:134332076:C>A	317	137	2	0.30176211453744495
chr12:33426177:C>T	285	109	2	0.2766497461928934
chr12:70892690:C>T	145	53	2	0.2676767676767677
chr12:121817872:C>T	218	84	2	0.2781456953642384
chr14:106129540:TCT>GGGGGTGATAG	36	26	1	0.41935483870967744
chr14:106714657:TCAGGATGTGGGTTTTCACACTGTGTCTCTCGCACAGTAATA>-	46	16	2	0.25806451612903225
chr15:29108345:C>T	317	133	2	0.29555555555555557
chr15:70669307:G>A	247	100	2	0.2881844380403458
chr15:92444754:C>T	559	41	2	0.06833333333333333
chr16:1946984:C>T	315	148	2	0.31965442764578833
chr18:36594848:C>T	294	168	2	0.36363636363636365
chr19:37890099:T>C	336	30	2	0.08196721311475409
chr2:185794726:T>A	52	24	2	0.3157894736842105
chr20:46010060:G>C	220	79	2	0.26421404682274247
chr20:62006563:G>A	331	183	2	0.3560311284046693
chr22:50745144:C>T	155	30	2	0.16216216216216217
chr3:51227410:G>T	288	43	2	0.1299093655589124
chr4:24576259:G>T	290	17	2	0.05537459283387622
chr4:90308782:A>G	296	21	2	0.06624605678233439
chr4:134200831:A>G	256	138	2	0.350253807106599
chr6:75313701:G>A	187	90	2	0.3249097472924188
chr6:142772924:G>A	465	88	2	0.15913200723327306
chr7:92469148:C>T	193	103	2	0.34797297297297297
chrX:44542815:G>A	95	194	1	0.671280276816609
