mutation_id	ref_counts	var_counts	total_cn	VAF
chr1:210016331:G>T	81	72	2	0.47058823529411764
chr12:20369431:C>A	283	126	2	0.3080684596577017
chr14:106622361:->CTTCT	22	5	2	0.18518518518518517
chr16:1256324:C>T	252	145	2	0.36523929471032746
chr16:74412179:G>A	370	29	2	0.07268170426065163
chr19:20118188:A>G	138	75	2	0.352112676056338
chr19:41625935:C>T	181	66	2	0.26720647773279355
chr19:49599686:C>T	223	96	2	0.30094043887147337
chr2:189034213:G>A	141	62	2	0.3054187192118227
chr20:34470114:G>A	160	68	2	0.2982456140350877
chr20:51004392:C>T	241	89	2	0.2696969696969697
chrX:71398624:C>T	283	84	2	0.22888283378746593
