mutation_id	ref_counts	var_counts	total_cn	VAF
chr1:216097196:G>A	160	134	2	0.4557823129251701
chr10:65988769:C>T	189	122	2	0.39228295819935693
chr10:102833045:G>A	379	25	2	0.06188118811881188
chr11:118505184:CCAAAT>GGCCGGGG	368	172	2	0.31851851851851853
chr12:95210886:A>G	218	139	2	0.38935574229691877
chr15:26883197:C>T	273	156	2	0.36363636363636365
chr15:75362426:G>A	234	121	2	0.3408450704225352
chr15:101347022:A>-	277	145	2	0.34360189573459715
chr17:15629044:C>G	427	71	2	0.142570281124498
chr18:37273037:C>T	190	146	2	0.43452380952380953
chr19:52952733:G>T	278	146	2	0.3443396226415094
chr2:94874924:G>A	315	239	2	0.4314079422382672
chr2:218814624:G>A	255	187	2	0.4230769230769231
chr20:39006312:G>A	173	107	2	0.3821428571428571
chr3:51955777:C>T	387	215	2	0.35714285714285715
chr3:113304085:G>A	212	144	2	0.4044943820224719
chr6:70180514:A>G	381	14	2	0.035443037974683546
chrX:130184505:A>C	334	226	2	0.4035714285714286
