mutation_id	ref_counts	var_counts	total_cn	VAF
chr12:69370911:G>A	159	17	2	0.09659090909090909
chr14:67397783:C>T	464	29	2	0.058823529411764705
chr17:41505287:G>T	567	66	2	0.10426540284360189
chr4:109729784:A>G	546	62	2	0.10197368421052631
chr7:1746722:G>A	944	41	2	0.0416243654822335
