mutation_id	ref_counts	var_counts	total_cn	VAF
chr1:114716123:C>T	218	55	2	0.20146520146520147
chr10:38117532:C>G	198	71	3	0.26394052044609667
chr10:99329935:T>A	592	33	2	0.0528
chr11:58203777:G>T	169	102	2	0.3763837638376384
chr12:25245347:C>T	183	44	2	0.19383259911894274
chr12:121806090:G>A	72	51	2	0.4146341463414634
chr13:83879979:G>C	150	115	2	0.4339622641509434
chr14:104884006:C>T	382	168	3	0.3054545454545455
chr19:51142718:G>T	288	18	2	0.058823529411764705
chr4:89113919:G>A	336	61	3	0.15365239294710328
chr5:95414119:G>A	185	21	2	0.10194174757281553
chr6:99401369:G>A	219	62	3	0.2206405693950178
chr7:151033746:A>C	356	96	2	0.21238938053097345
chrY:14733527:A>T	11	38	1	0.7755102040816326
