mutation_id	ref_counts	var_counts	total_cn	VAF
chr11:34451059:G>A	170	87	1	0.33852140077821014
chr13:28028256:T>C	168	102	2	0.37777777777777777
chr15:44767236:T>C	142	111	2	0.43873517786561267
chr16:75479210:C>T	255	197	2	0.4358407079646018
chr17:16709316:A>C	158	113	2	0.41697416974169743
chr2:73080444:G>A	246	133	2	0.35092348284960423
chr2:186743514:G>A	245	12	2	0.04669260700389105
chr2:200479563:G>A	123	92	2	0.42790697674418604
chr2:240598388:C>T	417	12	2	0.027972027972027972
chr20:20288673:G>T	166	91	2	0.3540856031128405
chr22:29060805:G>A	174	129	2	0.42574257425742573
chr3:9653704:C>T	193	142	2	0.42388059701492536
chr3:48660519:C>T	151	123	2	0.4489051094890511
chr5:31983429:G>A	203	136	2	0.40117994100294985
chr5:75068653:C>T	130	71	2	0.35323383084577115
chr5:147620710:C>T	117	94	2	0.44549763033175355
chr5:176862820:C>T	270	23	2	0.07849829351535836
chr6:564659:C>T	324	132	3	0.2894736842105263
chr6:17783691:G>A	250	97	3	0.27953890489913547
chr8:66576304:G>A	431	163	3	0.27441077441077444
