mutation_id	ref_counts	var_counts	total_cn	VAF
chr1:951207:G>A	496	98	2	0.16498316498316498
chr1:201369817:G>A	277	68	2	0.19710144927536233
chr1:215650642:C>T	448	33	2	0.06860706860706861
chr14:19780708:C>T	517	54	2	0.09457092819614711
chr15:78973363:G>A	364	72	2	0.1651376146788991
chr16:48200362:C>T	318	151	2	0.32196162046908317
chr2:101412989:A>G	533	68	2	0.11314475873544093
chr22:22031466:GCATTCACAC>A	195	31	2	0.13716814159292035
chr5:140857214:C>T	314	65	2	0.17150395778364116
chr6:113956679:C>G	290	66	2	0.1853932584269663
chr7:126533475:G>A	575	18	2	0.03035413153456998
