mutation_id	ref_counts	var_counts	total_cn	VAF
chr12:6672466:G>T	402	167	3	0.29349736379613356
chr5:152392441:C>T	428	26	2	0.05726872246696035
chrX:107560385:G>T	161	78	2	0.3263598326359833
