mutation_id	ref_counts	var_counts	total_cn	VAF
chr1:162576917:G>C	200	153	2	0.43342776203966005
chr1:181736374:G>A	282	134	2	0.32211538461538464
chr1:185977947:C>G	173	76	2	0.30522088353413657
chr1:216568048:T>C	109	84	2	0.43523316062176165
chr12:11884537:T>C	185	134	2	0.4200626959247649
chr12:78007190:C>G	238	192	2	0.44651162790697674
chr12:112450406:G>A	206	148	2	0.4180790960451977
chr13:20027222:T>-	112	68	2	0.37777777777777777
chr13:75833087:A>G	133	98	2	0.42424242424242425
chr15:71111305:A>T	237	146	2	0.381201044386423
chr16:72958205:C>T	210	220	2	0.5116279069767442
chr19:34428469:G>T	240	110	2	0.3142857142857143
chr2:19973698:C>T	140	74	2	0.34579439252336447
chr2:28917959:C>G	174	84	2	0.32558139534883723
chr2:89244784:CC>-	74	31	2	0.29523809523809524
chr6:116726532:A>G	283	14	2	0.04713804713804714
chr7:27155166:C>T	318	156	2	0.3291139240506329
chr7:50368332:C>A	208	20	1	0.08771929824561403
chr7:97988520:G>C	201	82	2	0.28975265017667845
chr8:24952851:C>A	197	131	2	0.39939024390243905
chr9:93020356:G>A	216	92	2	0.2987012987012987
chr9:96645944:C>G	204	109	2	0.34824281150159747
