mutation_id	ref_counts	var_counts	total_cn	VAF
chr10:16940063:G>A	217	28	2	0.11428571428571428
chr11:117437341:GCAGGTTAAGCCGA>-	336	55	2	0.14066496163682865
chr12:25245350:C>T	310	28	2	0.08284023668639054
chr3:49642357:G>T	278	255	2	0.47842401500938087
