mutation_id	ref_counts	var_counts	total_cn	VAF
chr1:1765325:C>T	224	217	2	0.49206349206349204
chr1:23796759:C>T	112	152	2	0.5757575757575758
chr1:33724620:G>A	227	216	2	0.48758465011286684
chr1:35442989:G>A	281	65	2	0.18786127167630057
chr1:45607767:C>G	219	197	2	0.4735576923076923
chr1:54812122:G>A	282	209	2	0.4256619144602851
chr10:7637297:C>T	423	68	2	0.1384928716904277
chr10:62091189:G>C	473	82	2	0.14774774774774774
chr10:62091455:G>A	438	96	2	0.1797752808988764
chr10:68231248:G>C	269	159	1	0.37149532710280375
chr10:132404705:G>A	530	35	1	0.061946902654867256
chr11:1226713:AACT>C	416	215	2	0.34072900158478603
chr11:65116535:C>T	482	86	2	0.15140845070422534
chr11:77271170:G>T	112	162	2	0.5912408759124088
chr11:119339839:C>A	540	60	2	0.1
chr11:132657258:C>T	196	232	2	0.5420560747663551
chr12:49039229:->GC	177	161	1	0.47633136094674555
chr12:121830194:C>A	195	69	1	0.26136363636363635
chr14:93637284:C>A	192	176	2	0.4782608695652174
chr15:23441318:C>T	252	263	2	0.5106796116504855
chr16:4991901:C>T	223	252	2	0.5305263157894737
chr16:77194506:->AGAGTCC	367	87	2	0.19162995594713655
chr16:89646612:G>A	532	60	2	0.10135135135135136
chr17:7675208:C>A	0	278	0	1.0
chr19:460845:G>A	98	99	2	0.5025380710659898
chr19:16975096:C>T	183	183	2	0.5
chr19:53398016:A>T	125	88	2	0.4131455399061033
chr2:30743414:G>A	170	160	2	0.48484848484848486
chr2:80302565:C>G	231	239	2	0.5085106382978724
chr20:38323992:C>T	606	36	4	0.056074766355140186
chr22:50243818:G>A	349	116	2	0.24946236559139784
chr3:44447027:G>A	80	163	1	0.6707818930041153
chr4:69112521:C>T	328	47	2	0.12533333333333332
chr5:132763845:A>G	175	162	2	0.4807121661721068
chr5:141189262:C>T	1201	332	2	0.21656881930854532
chr5:141194496:C>T	100	39	2	0.2805755395683453
chr5:143399884:->TGGCC	164	52	2	0.24074074074074073
chr5:152404656:C>T	220	218	2	0.4977168949771689
chr5:168464760:G>A	451	30	2	0.062370062370062374
chr6:32853246:->T	604	213	2	0.2607099143206854
chr6:32853248:A>TG	929	209	2	0.18365553602811951
chr6:44176289:G>A	316	36	2	0.10227272727272728
chr6:63211621:C>A	453	39	2	0.07926829268292683
chr7:38253429:->ACCCCA	39	19	2	0.3275862068965517
chr7:44112998:T>C	116	62	0	0.34831460674157305
chr7:84999554:C>A	110	248	2	0.6927374301675978
chr8:76706609:G>A	457	25	2	0.05186721991701245
chr8:109972471:G>A	322	99	2	0.23515439429928742
chrX:101023594:T>G	320	39	2	0.10863509749303621
chrX:101495364:C>T	210	145	2	0.4084507042253521
chrX:154535343:G>A	739	36	3	0.04645161290322581
