mutation_id	ref_counts	var_counts	total_cn	VAF
chr1:68194135:C>A	427	15	2	0.033936651583710405
chr10:99388270:G>A	307	29	2	0.08630952380952381
chr12:6018805:G>A	209	39	2	0.15725806451612903
chr13:101083722:G>A	157	77	2	0.32905982905982906
chr19:852973:C>T	422	77	2	0.15430861723446893
chr19:5843964:G>A	399	93	2	0.18902439024390244
chr2:209941373:C>T	321	77	2	0.1934673366834171
chr21:41859203:G>C	292	56	2	0.16091954022988506
chr22:25950387:G>T	221	104	2	0.32
chr22:50275936:C>T	184	84	2	0.31343283582089554
chr3:50503382:G>C	318	81	2	0.20300751879699247
chr6:32741480:G>A	406	15	2	0.035629453681710214
chr6:56617363:T>C	255	51	2	0.16666666666666666
chr6:88614370:T>C	164	84	2	0.3387096774193548
chr7:93468732:C>T	212	42	2	0.16535433070866143
chr7:100960824:G>C	787	90	2	0.10262257696693272
chr7:159103798:C>T	287	33	2	0.103125
chrX:77633331:->T	90	100	1	0.5263157894736842
