mutation_id	ref_counts	var_counts	total_cn	VAF
chr1:61908457:T>C	118	95	2	0.4460093896713615
chr10:86912298:G>A	188	86	2	0.31386861313868614
chr10:94246111:G>T	292	170	2	0.36796536796536794
chr10:102450526:C>T	466	20	2	0.0411522633744856
chr10:114465786:C>T	232	121	2	0.34277620396600567
chr10:118594265:G>A	260	95	2	0.2676056338028169
chr12:25225627:G>A	133	36	2	0.21301775147928995
chr12:94971514:C>T	370	21	2	0.05370843989769821
chr13:77121487:G>C	133	95	2	0.4166666666666667
chr15:56098332:C>T	138	87	2	0.38666666666666666
chr16:16390807:G>T	79	73	2	0.48026315789473684
chr16:19045394:C>T	213	109	2	0.3385093167701863
chr16:67620778:G>A	202	106	2	0.34415584415584416
chr17:7289971:C>T	180	137	2	0.43217665615141954
chr17:81461541:C>T	283	207	2	0.42244897959183675
chr19:55593631:C>T	256	70	2	0.2147239263803681
chr2:33188798:G>A	208	102	2	0.32903225806451614
chr2:178633654:C>A	175	54	2	0.23580786026200873
chr2:199272521:C>A	232	130	2	0.35911602209944754
chr21:41408207:C>G	234	53	2	0.18466898954703834
chr4:56315490:C>T	328	28	2	0.07865168539325842
chr5:38510479:C>G	94	46	2	0.32857142857142857
chr6:39879273:G>T	242	134	2	0.35638297872340424
chr8:68533148:G>T	181	8	2	0.042328042328042326
chr8:98429164:C>G	179	87	2	0.32706766917293234
chr9:94301345:A>T	203	28	2	0.12121212121212122
chr9:110404501:C>G	153	86	2	0.3598326359832636
chrX:69505581:C>T	58	42	1	0.42
