mutation_id	ref_counts	var_counts	total_cn	VAF
chr1:114716126:C>T	293	145	2	0.3310502283105023
chr1:228216660:G>A	315	184	2	0.3687374749498998
chr11:9384684:C>T	458	146	2	0.24172185430463577
chr12:53945044:C>T	314	177	2	0.3604887983706721
chr12:122996846:C>A	352	122	2	0.25738396624472576
chr14:22490491:T>-	32	46	1	0.5897435897435898
chr14:24508205:AG>-	272	98	2	0.2648648648648649
chr14:71026127:G>A	92	34	2	0.2698412698412698
chr14:105863248:TAGTAGTAGTAATCACAA>CCCCCCCGCTG	54	73	2	0.5748031496062992
chr16:67883090:CC>-	447	159	2	0.2623762376237624
chr17:35766658:C>T	339	191	2	0.360377358490566
chr2:221430124:G>T	254	30	2	0.1056338028169014
chr20:38213149:G>T	365	131	2	0.26411290322580644
chr3:196508296:T>C	191	67	2	0.2596899224806202
chr6:56497463:C>A	215	85	2	0.2833333333333333
chr7:112337776:T>C	156	56	2	0.2641509433962264
chr9:22447114:C>T	169	212	1	0.5564304461942258
chr9:22447705:C>T	95	125	1	0.5681818181818182
chr9:22451148:C>T	79	66	1	0.45517241379310347
chr9:22451449:C>T	70	72	1	0.5070422535211268
chr9:22451633:C>T	42	65	1	0.6074766355140186
chr9:137111729:G>A	300	202	2	0.40239043824701193
