mutation_id	ref_counts	var_counts	total_cn	VAF
chr1:200873103:C>T	457	22	2	0.04592901878914405
chr1:219611187:G>A	234	86	2	0.26875
chr11:65206551:G>A	458	41	2	0.08216432865731463
chr13:101916640:G>A	262	119	2	0.3123359580052493
chr16:3738617:G>A	120	133	2	0.525691699604743
chr17:76043913:G>A	133	52	2	0.2810810810810811
chr3:165188393:T>C	314	29	2	0.08454810495626822
chr7:122615249:A>C	289	19	2	0.06168831168831169
