mutation_id	ref_counts	var_counts	total_cn	VAF
chr1:19270929:A>C	98	55	2	0.35947712418300654
chr1:109674836:G>A	194	153	2	0.4409221902017291
chr10:89418197:G>A	343	55	2	0.13819095477386933
chr11:102114343:C>T	127	83	2	0.3952380952380952
chr2:131532880:C>G	264	121	2	0.3142857142857143
chr20:64260132:G>A	201	196	2	0.49370277078085645
chr5:115163517:C>A	95	65	2	0.40625
chr5:177310475:->C	320	165	2	0.3402061855670103
chr6:52272323:C>T	142	108	2	0.432
chr7:95269506:A>G	67	65	2	0.49242424242424243
