mutation_id	ref_counts	var_counts	total_cn	VAF
chr1:56867619:C>T	120	87	2	0.42028985507246375
chr1:169106838:C>T	140	93	2	0.39914163090128757
chr11:62648652:C>T	194	108	2	0.3576158940397351
chr12:6592417:C>T	270	10	2	0.03571428571428571
chr12:52848774:C>T	416	39	2	0.08571428571428572
chr16:7579806:C>T	186	115	2	0.38205980066445183
chr17:81289788:C>T	156	110	2	0.41353383458646614
chr19:22314390:T>A	103	81	2	0.44021739130434784
chr2:37188462:A>T	119	102	2	0.46153846153846156
chr22:30346479:T>A	135	85	2	0.38636363636363635
chr3:46901793:G>A	158	130	2	0.4513888888888889
chr3:58534421:G>A	162	150	2	0.4807692307692308
chr3:62203657:C>T	325	58	2	0.1514360313315927
chr5:81201336:G>A	65	55	2	0.4583333333333333
chr5:141200392:G>A	342	20	2	0.055248618784530384
chr8:17646089:G>A	139	116	2	0.4549019607843137
chr8:143727275:G>A	280	232	2	0.453125
