mutation_id	ref_counts	var_counts	total_cn	VAF
chr1:112517194:G>T	251	163	2	0.39371980676328505
chr1:149476039:G>T	587	101	2	0.14680232558139536
chr1:186053854:C>T	154	98	2	0.3888888888888889
chr11:132146481:C>A	179	169	2	0.48563218390804597
chr12:4612634:C>G	254	118	2	0.3172043010752688
chr12:11869730:->C	320	233	2	0.4213381555153707
chr12:14460722:C>T	414	16	2	0.037209302325581395
chr16:9841024:G>C	643	32	3	0.047407407407407405
chr17:76287218:C>G	393	21	2	0.050724637681159424
chr18:53450502:C>G	132	105	2	0.4430379746835443
chr19:48363392:G>C	287	224	2	0.4383561643835616
chr19:56390394:G>A	182	148	2	0.4484848484848485
chr2:167258756:C>T	261	22	2	0.07773851590106007
chr21:42376563:G>A	212	95	2	0.30944625407166126
chr21:46411479:G>C	332	129	2	0.279826464208243
chr3:69879246:C>T	244	175	2	0.41766109785202865
chr3:154338010:C>A	191	162	2	0.45892351274787535
chr4:81602856:C>G	414	20	2	0.04608294930875576
chr4:120785049:C>T	157	113	2	0.4185185185185185
chr5:90652450:G>A	274	97	2	0.261455525606469
chr5:161873141:C>T	138	103	2	0.42738589211618255
chr7:97024374:C>T	217	161	2	0.42592592592592593
chr7:141212599:G>C	166	58	2	0.25892857142857145
chr8:38030649:G>A	692	40	2	0.0546448087431694
chr9:37948744:C>T	156	113	2	0.4200743494423792
chrX:11760922:G>A	189	122	2	0.39228295819935693
chrX:24587280:C>A	267	88	2	0.24788732394366197
chrX:47574494:C>G	463	22	2	0.04536082474226804
chrX:54455760:C>T	235	84	2	0.26332288401253917
chrX:55751106:T>G	149	87	2	0.3686440677966102
chrX:72131402:G>A	588	42	2	0.06666666666666667
chrX:121047992:G>A	409	250	2	0.37936267071320184
chrX:143712337:C>T	728	40	2	0.052083333333333336
