mutation_id	ref_counts	var_counts	total_cn	VAF
chr1:240208550:C>T	551	47	2	0.07859531772575251
chr12:82896030:C>G	251	106	2	0.2969187675070028
chr12:112450334:A>G	225	96	2	0.29906542056074764
chr14:76763121:C>A	442	128	4	0.22456140350877193
chr16:70920773:G>A	352	288	2	0.45
chr17:44093629:->G	504	112	3	0.18181818181818182
chr19:50518375:G>A	419	180	2	0.3005008347245409
chr2:88452368:G>T	194	15	2	0.07177033492822966
chr3:36483075:C>T	240	88	2	0.2682926829268293
chr3:140678229:C>A	174	61	2	0.25957446808510637
chr4:99652307:G>A	988	90	3	0.08348794063079777
chr5:128966498:G>A	464	142	3	0.23432343234323433
chr5:140796647:C>T	894	79	3	0.08119218910585817
chr5:145938251:G>A	571	52	3	0.08346709470304976
chr7:99011404:G>T	380	147	2	0.27893738140417457
chr7:103540368:G>A	413	56	2	0.11940298507462686
