mutation_id	ref_counts	var_counts	total_cn	VAF
chr10:71293823:C>T	362	93	2	0.2043956043956044
chr11:47351366:G>A	490	109	2	0.18196994991652754
chr14:106373660:GCCTCTCGC>TCCGCAA	226	41	1	0.15355805243445692
chr14:106506996:TA>GTCC	109	37	1	0.2534246575342466
chr2:71568284:G>A	460	24	2	0.049586776859504134
chr2:229231934:A>T	247	72	2	0.22570532915360503
chr3:15096106:G>A	191	70	2	0.2681992337164751
chr4:182346721:G>A	351	75	2	0.176056338028169
chr6:31720137:C>T	378	86	2	0.1853448275862069
