mutation_id	ref_counts	var_counts	total_cn	VAF
chr1:22958757:C>T	375	179	2	0.3231046931407942
chr1:243308080:C>T	400	162	2	0.28825622775800713
chr10:24543951:G>A	336	142	2	0.29707112970711297
chr11:133919767:G>A	360	72	2	0.16666666666666666
chr13:20026746:AT>-	142	29	2	0.1695906432748538
chr14:22520419:TTT>-	126	35	1	0.21739130434782608
chr14:106592675:->AATTGA	50	34	1	0.40476190476190477
chr16:30510880:G>C	166	78	2	0.319672131147541
chr17:18142829:C>T	198	71	2	0.26394052044609667
chr17:74342672:G>C	309	143	2	0.3163716814159292
chr19:11364640:C>T	678	20	2	0.02865329512893983
chr2:100294307:C>T	269	109	2	0.28835978835978837
chr2:113406870:ATTCACAGTG>C	70	32	2	0.3137254901960784
chr20:9562959:G>A	298	109	2	0.2678132678132678
chr20:13625224:G>A	192	54	2	0.21951219512195122
chr3:170291863:C>T	134	54	2	0.2872340425531915
chr4:186162917:C>T	185	85	2	0.3148148148148148
chr7:100806492:C>T	297	121	2	0.2894736842105263
chr8:35748593:C>T	249	108	2	0.3025210084033613
chr9:13126692:C>A	272	123	2	0.31139240506329113
