mutation_id	ref_counts	var_counts	total_cn	VAF
chr1:6574706:->TC	334	175	4	0.343811394891945
chr1:177229896:C>A	278	114	4	0.29081632653061223
chr1:183286768:G>T	268	30	4	0.10067114093959731
chr10:86943101:C>T	784	58	4	0.0688836104513064
chr11:65592286:G>A	542	17	4	0.03041144901610018
chr11:126521355:C>T	502	92	4	0.15488215488215487
chr12:25225627:G>A	67	36	4	0.34951456310679613
chr14:45183799:GT>-	91	47	4	0.34057971014492755
chr17:10501460:G>A	263	126	4	0.32390745501285345
chr18:45838771:C>T	801	31	4	0.037259615384615384
chr19:1371254:->CGACGAGGA	253	105	4	0.29329608938547486
chr19:17500807:G>A	627	32	4	0.048558421851289835
chr20:64208342:G>T	462	275	4	0.373134328358209
chr22:22668755:C>T	151	112	4	0.42585551330798477
chr7:116731830:C>A	164	23	2	0.12299465240641712
chr8:54649069:A>C	134	103	4	0.4345991561181435
chrX:151180911:C>A	50	330	2	0.868421052631579
