mutation_id	ref_counts	var_counts	total_cn	VAF
chr11:89710617:G>A	241	157	2	0.3944723618090452
chr12:121825318:C>A	277	213	2	0.4346938775510204
chr14:28768670:C>T	240	157	2	0.3954659949622166
chr14:106627248:->AGGGTA	38	67	1	0.638095238095238
chr14:106714673:CACACTGTGTCTCTCGCACAGTA>TTT	20	38	2	0.6551724137931034
chr16:1094910:C>T	264	198	2	0.42857142857142855
chr17:41567428:C>T	300	182	2	0.3775933609958506
chr19:35842242:C>T	286	158	2	0.35585585585585583
chr19:47130992:G>A	323	232	2	0.418018018018018
chr3:148845516:C>T	309	166	2	0.3494736842105263
chr4:137531522:C>A	171	132	2	0.43564356435643564
chr4:163166631:C>G	267	190	2	0.41575492341356673
chr6:32043799:G>A	383	227	2	0.3721311475409836
chr6:56618061:G>T	236	118	2	0.3333333333333333
