mutation_id	ref_counts	var_counts	total_cn	VAF
chr1:64681269:C>T	158	79	2	0.3333333333333333
chr1:208045918:C>T	273	199	3	0.4216101694915254
chr11:95862306:G>A	249	64	3	0.20447284345047922
chr11:124885224:G>A	298	115	3	0.2784503631961259
chr12:112450358:G>C	187	115	2	0.38079470198675497
chr15:58887362:C>T	268	178	2	0.3991031390134529
chr17:36105294:T>C	332	40	2	0.10752688172043011
chr19:2207646:T>G	196	140	2	0.4166666666666667
chr2:88886153:->C	73	46	1	0.3865546218487395
chr2:236214786:G>A	307	189	2	0.3810483870967742
chr20:2613266:G>T	165	104	2	0.38661710037174724
chr3:37325831:T>G	130	90	2	0.4090909090909091
chr4:183248754:A>T	362	122	3	0.25206611570247933
chr7:38534973:G>A	211	65	2	0.23550724637681159
chr9:23731050:C>G	304	103	3	0.25307125307125306
chr9:34514507:C>T	345	148	3	0.3002028397565923
chrX:72695744:C>A	343	99	3	0.2239819004524887
