mutation_id	ref_counts	var_counts	total_cn	VAF
chr1:29280059:G>A	369	30	2	0.07518796992481203
chr1:114716127:C>T	350	34	2	0.08854166666666667
chr10:16836338:C>T	324	31	2	0.08732394366197183
chr11:19229817:C>T	496	69	2	0.12212389380530973
chr12:21475519:G>A	251	35	2	0.12237762237762238
chr15:72398740:C>T	464	67	2	0.12617702448210924
chr19:8953427:G>A	470	63	2	0.11819887429643527
chr22:29441763:G>C	535	70	2	0.11570247933884298
chr3:158662649:C>T	173	8	2	0.04419889502762431
chr5:63961274:G>A	443	51	2	0.10323886639676114
chr5:114362857:G>A	612	70	2	0.10263929618768329
chr6:27146459:C>T	489	62	2	0.11252268602540835
chr7:122031482:G>A	229	35	2	0.13257575757575757
chr7:151128600:C>T	299	38	2	0.11275964391691394
