mutation_id	ref_counts	var_counts	total_cn	VAF
chr1:99305972:G>A	174	101	2	0.36727272727272725
chr1:236596895:C>T	222	86	2	0.2792207792207792
chr11:7089579:G>A	640	24	2	0.03614457831325301
chr12:25225713:T>G	236	110	2	0.3179190751445087
chr12:52771096:G>A	153	101	2	0.39763779527559057
chr17:57745156:G>A	247	113	3	0.3138888888888889
chr19:55162160:C>T	259	168	2	0.39344262295081966
chr2:71611508:C>A	160	120	2	0.42857142857142855
chr2:72575520:T>G	220	12	2	0.05172413793103448
chr4:1974938:A>G	478	198	3	0.29289940828402367
chr4:8601319:C>A	583	185	3	0.24088541666666666
chr4:65377020:C>A	655	19	3	0.028189910979228485
chr4:95278357:G>A	174	74	3	0.29838709677419356
chr4:165059188:C>A	290	88	3	0.2328042328042328
chr5:140787780:G>A	377	196	2	0.34205933682373474
chr6:142772444:C>A	724	20	3	0.026881720430107527
