mutation_id	ref_counts	var_counts	total_cn	VAF
chr1:1455881:G>A	203	29	2	0.125
chr12:108518187:G>A	248	48	2	0.16216216216216217
chr13:66304791:T>C	295	65	2	0.18055555555555555
chr15:47765952:C>G	283	55	2	0.16272189349112426
chr15:89642221:C>T	248	62	2	0.2
chr17:47709137:C>T	390	73	2	0.15766738660907129
chr2:191146640:A>G	117	30	2	0.20408163265306123
chr3:113953892:C>G	214	40	2	0.15748031496062992
chr6:44140332:C>T	140	27	2	0.16167664670658682
