mutation_id	ref_counts	var_counts	total_cn	VAF
chr1:176043213:A>T	214	120	2	0.3592814371257485
chr12:100205004:A>G	144	75	2	0.3424657534246575
chr13:95641638:T>C	395	269	2	0.40512048192771083
chr14:22603698:A>-	463	120	3	0.2058319039451115
chr17:44320040:G>T	178	128	2	0.41830065359477125
chr19:47555808:G>A	232	171	2	0.42431761786600497
chr2:90100738:->CCCC	58	59	3	0.5042735042735043
chr2:106123056:C>A	175	96	2	0.35424354243542433
chr2:176117521:A>G	265	161	2	0.3779342723004695
chr2:196793100:C>T	266	186	2	0.41150442477876104
chr22:15528794:G>C	574	30	2	0.04966887417218543
chr22:29485786:C>T	242	152	2	0.38578680203045684
chr3:64541156:C>T	254	168	2	0.3981042654028436
chr5:66068944:G>A	216	130	2	0.37572254335260113
chr8:25319613:T>C	229	88	3	0.277602523659306
chr8:112685692:A>T	231	59	3	0.20344827586206896
