mutation_id	ref_counts	var_counts	total_cn	VAF
chr1:110223342:C>T	173	122	2	0.4135593220338983
chr1:240207286:C>G	390	12	2	0.029850746268656716
chr12:57568989:C>T	113	90	2	0.4433497536945813
chr13:28028243:T>C	146	106	2	0.42063492063492064
chr13:51946366:G>A	201	144	2	0.41739130434782606
chr14:73613006:C>T	184	289	3	0.6109936575052854
chr17:42207711:T>G	214	65	3	0.23297491039426524
chr20:17629856:C>T	230	115	2	0.3333333333333333
chr21:32413003:C>T	309	107	4	0.25721153846153844
chr3:6861754:C>T	363	16	2	0.04221635883905013
chr3:142962637:C>A	195	181	2	0.48138297872340424
chr5:128259682:G>T	188	92	2	0.32857142857142857
chr6:137011365:G>A	250	67	3	0.2113564668769716
