mutation_id	ref_counts	var_counts	total_cn	VAF
chr13:20003062:TT>-	174	28	2	0.13861386138613863
chr19:38740180:C>G	450	36	2	0.07407407407407407
chr3:40487256:G>A	143	41	2	0.22282608695652173
chrX:22245368:A>G	323	98	2	0.2327790973871734
