mutation_id	ref_counts	var_counts	total_cn	VAF
chr1:55120753:G>A	250	20	2	0.07407407407407407
chr1:114716127:C>T	243	30	2	0.10989010989010989
chr11:66042767:C>T	424	23	2	0.05145413870246085
chr17:1732709:C>T	394	37	1	0.08584686774941995
chr17:39765813:CTC>-	120	84	2	0.4117647058823529
chr19:15680488:C>G	110	76	2	0.40860215053763443
chr3:100840122:C>T	116	73	2	0.3862433862433862
chr4:186613116:G>A	179	24	2	0.11822660098522167
chr5:141431509:C>T	428	22	2	0.04888888888888889
chr5:141659894:C>A	179	163	2	0.4766081871345029
chr9:123373192:G>A	284	165	2	0.3674832962138085
chrX:41216261:T>G	170	15	1	0.08108108108108109
chrX:134413923:->T	121	12	1	0.09022556390977443
