mutation_id	ref_counts	var_counts	total_cn	VAF
chr1:114716123:C>T	284	43	2	0.13149847094801223
chr1:114716126:C>T	286	37	2	0.11455108359133127
chr11:7089842:G>A	429	163	3	0.27533783783783783
chr11:46320482:G>A	427	124	3	0.2250453720508167
chr11:71147151:ATCACCAGCGTGTTGCCCTG>CTGTCCGAA	403	98	3	0.19560878243512975
chr11:72228420:C>T	388	172	3	0.30714285714285716
chr12:25245350:C>T	394	35	3	0.08158508158508158
chr12:78037257:A>G	310	116	3	0.27230046948356806
chr14:32822773:G>A	296	131	3	0.30679156908665106
chr14:64742275:G>A	460	156	3	0.2532467532467532
chr14:81396116:C>T	281	122	3	0.3027295285359802
chr19:11021846:C>T	468	189	3	0.2876712328767123
chr19:35250358:C>T	385	42	2	0.09836065573770492
chr2:3613340:G>A	206	131	2	0.3887240356083086
chr2:33293218:A>G	164	124	2	0.4305555555555556
chr22:39428065:G>A	359	148	3	0.29191321499013806
chr4:177310098:G>A	303	115	3	0.2751196172248804
chr4:186534271:C>T	488	42	3	0.07924528301886792
chr6:34062006:C>T	279	35	3	0.11146496815286625
chr6:168319478:C>T	372	133	3	0.2633663366336634
chr7:128844836:C>T	336	56	2	0.14285714285714285
