mutation_id	ref_counts	var_counts	total_cn	VAF
chr1:92476107:->C	361	205	2	0.3621908127208481
chr10:20869786:C>T	177	119	2	0.40202702702702703
chr11:4489470:G>A	350	24	2	0.06417112299465241
chr11:124619367:C>T	444	14	2	0.03056768558951965
chr12:11853461:->AC	310	39	2	0.11174785100286533
chr17:1640601:G>A	486	108	2	0.18181818181818182
chr19:7440393:G>A	515	37	2	0.06702898550724638
chr19:54804877:G>A	284	203	2	0.41683778234086244
chr2:169510452:G>A	134	81	2	0.3767441860465116
chr22:27798209:C>T	594	80	2	0.11869436201780416
chr6:158449137:G>A	135	47	1	0.25824175824175827
chr7:6004055:A>G	68	64	2	0.48484848484848486
chr9:127825809:C>T	429	106	2	0.19813084112149532
