mutation_id	ref_counts	var_counts	total_cn	VAF
chr1:114716123:C>T	274	89	2	0.24517906336088155
chr11:123613459:C>T	148	62	2	0.29523809523809524
chr12:104068013:C>T	232	67	2	0.22408026755852842
chr13:113633938:G>A	252	89	2	0.26099706744868034
chr14:99176052:G>A	639	165	2	0.20522388059701493
chr14:105704540:C>T	491	73	2	0.12943262411347517
chr19:55541049:T>G	422	148	2	0.2596491228070175
chr4:77728998:C>T	307	95	2	0.236318407960199
chr6:32049467:G>A	661	194	2	0.22690058479532163
chr8:144040768:C>T	311	130	2	0.2947845804988662
