mutation_id	ref_counts	var_counts	total_cn	VAF
chr1:1623393:C>T	245	110	4	0.30985915492957744
chr1:113585497:C>T	302	32	4	0.09580838323353294
chr1:114716123:C>T	200	44	4	0.18032786885245902
chr12:25245347:C>T	258	20	4	0.07194244604316546
chr12:57563661:C>A	181	46	4	0.2026431718061674
chr12:80678709:T>-	165	21	4	0.11290322580645161
chr14:88480193:G>A	338	62	6	0.155
chr16:3749626:C>T	113	39	4	0.2565789473684211
chr17:62387391:G>T	144	22	6	0.13253012048192772
chr17:69185617:A>T	176	10	6	0.053763440860215055
chr18:22171304:C>T	625	74	6	0.10586552217453506
chr18:63655875:C>T	314	72	6	0.18652849740932642
chr19:35341934:C>T	300	35	4	0.1044776119402985
chr2:127564249:G>A	198	42	4	0.175
chr22:50603201:G>T	90	23	4	0.20353982300884957
chr3:75738959:C>T	244	10	4	0.03937007874015748
chr5:138391934:G>A	288	26	4	0.08280254777070063
chr5:140877326:G>A	376	32	4	0.0784313725490196
chr6:10995112:C>G	310	25	6	0.07462686567164178
chr6:29086610:C>T	550	38	6	0.06462585034013606
chr6:116278578:->GTGGG	224	44	6	0.16417910447761194
chr6:118314143:C>A	383	74	6	0.16192560175054704
chr6:127813435:C>T	409	88	6	0.17706237424547283
chr7:95527908:G>A	384	39	5	0.09219858156028368
chrX:19488943:TC>-	151	36	4	0.1925133689839572
chrX:50309237:C>A	294	93	4	0.24031007751937986
chrX:115191197:G>A	520	24	4	0.04411764705882353
