mutation_id	ref_counts	var_counts	total_cn	VAF
chr1:201217306:C>T	379	48	3	0.11241217798594848
chr10:51467825:C>T	229	92	3	0.2866043613707165
chr17:3153961:G>A	343	55	3	0.13819095477386933
chr18:21495765:T>A	185	32	3	0.14746543778801843
chr3:48413096:G>A	243	52	2	0.17627118644067796
chr4:184009637:G>A	291	114	3	0.2814814814814815
chr9:104617850:C>T	197	120	2	0.3785488958990536
