mutation_id	ref_counts	var_counts	total_cn	VAF
chr1:107057550:T>A	420	245	2	0.3684210526315789
chr1:158669712:G>A	215	78	2	0.26621160409556316
chr10:133467940:C>T	245	56	2	0.18604651162790697
chr11:60224989:C>T	178	55	2	0.23605150214592274
chr12:157121:G>T	515	169	3	0.24707602339181287
chr12:43731755:G>A	221	16	2	0.06751054852320675
chr14:106506996:T>GG	83	65	1	0.4391891891891892
chr17:10400561:A>G	390	18	2	0.04411764705882353
chr19:8073148:G>T	422	218	2	0.340625
chr19:50790601:G>A	362	78	2	0.17727272727272728
chr2:178775497:G>A	341	181	2	0.34674329501915707
chr2:186762679:G>A	422	32	2	0.07048458149779736
chr20:1476320:G>A	295	43	2	0.12721893491124261
chr3:105704165:->CCC	179	86	2	0.32452830188679244
chr5:14745876:G>TCT	299	67	2	0.1830601092896175
chr9:94571463:G>A	87	102	1	0.5396825396825397
chr9:130431411:C>T	304	146	2	0.3244444444444444
chrX:54930792:C>A	309	36	1	0.10434782608695652
chrY:9359420:C>T	205	148	1	0.4192634560906516
