mutation_id	ref_counts	var_counts	total_cn	VAF
chr14:106627249:->CTCTCAAGCC	53	23	2	0.3026315789473684
chr14:106639119:->CTCTCAAGCC	17	33	1	0.66
chr17:79952797:G>A	217	146	2	0.4022038567493113
chr18:26501136:T>C	604	26	2	0.04126984126984127
chr19:33401803:G>A	207	169	2	0.449468085106383
chr20:49511079:G>A	350	209	2	0.3738819320214669
chr6:38598037:G>A	502	56	2	0.1003584229390681
