mutation_id	ref_counts	var_counts	total_cn	VAF
chr1:222522767:G>A	244	180	2	0.42452830188679247
chr11:4923524:G>A	165	141	2	0.46078431372549017
chr12:25225628:C>T	96	87	2	0.47540983606557374
chr12:64420077:G>A	103	67	2	0.3941176470588235
chr16:82000019:G>A	239	158	2	0.3979848866498741
chr2:179483288:G>T	143	94	2	0.39662447257383965
chr4:121329697:A>T	151	53	3	0.25980392156862747
chr8:81444962:C>A	136	86	2	0.38738738738738737
chrY:14830300:C>T	361	222	2	0.38078902229845624
