mutation_id	ref_counts	var_counts	total_cn	VAF
chr11:62801616:G>A	334	51	4	0.13246753246753246
chr12:49044284:G>A	380	72	4	0.1592920353982301
chr12:52185525:C>T	340	57	4	0.14357682619647355
chr12:52807212:C>T	422	86	4	0.16929133858267717
chr12:112450362:A>T	289	46	4	0.1373134328358209
chr14:33800566:G>A	384	56	6	0.12727272727272726
chr14:39096079:G>T	280	27	6	0.08794788273615635
chr16:55810987:G>A	300	52	4	0.14772727272727273
chr17:9981869:C>T	323	43	6	0.11748633879781421
chr17:10401134:G>A	366	55	6	0.13064133016627077
chr18:31355233:G>A	474	77	6	0.1397459165154265
chr19:35800111:C>T	428	86	4	0.16731517509727625
chr19:52219709:A>C	269	62	4	0.18731117824773413
chr21:41740883:G>A	590	111	6	0.15834522111269614
chr5:141180086:C>A	567	112	4	0.16494845360824742
chr7:7572605:C>G	250	51	4	0.16943521594684385
chr8:142912852:C>A	386	57	4	0.12866817155756208
chr9:20448150:A>G	235	65	4	0.21666666666666667
