mutation_id	ref_counts	var_counts	total_cn	VAF
chr1:7766490:G>A	359	47	2	0.11576354679802955
chr1:17392198:C>T	299	96	2	0.2430379746835443
chr1:89714210:TCTCT>CCGCCCC	274	89	2	0.24517906336088155
chr1:180787758:G>A	215	53	2	0.19776119402985073
chr1:237643420:G>A	225	65	2	0.22413793103448276
chr11:62910589:C>T	412	141	2	0.2549728752260398
chr13:85796368:A>G	298	102	2	0.255
chr14:59340083:G>C	224	53	2	0.19133574007220217
chr14:106592676:->CCGGGAC	164	28	1	0.14583333333333334
chr14:106675009:ACTGTGTCTCTCGCACAGTAA>GCTT	130	59	1	0.31216931216931215
chr16:67946958:G>A	255	82	2	0.2433234421364985
chr19:14942040:C>T	222	90	2	0.28846153846153844
chr19:58053674:C>T	502	179	2	0.26284875183553597
chr2:27056780:G>A	244	85	2	0.25835866261398177
chr22:22031470:->C	146	47	2	0.24352331606217617
chr22:22031472:A>CC	210	61	2	0.22509225092250923
chr3:184245312:A>G	221	113	1	0.3383233532934132
chr4:1900970:A>G	661	74	3	0.10068027210884353
chr4:2696545:A>G	397	104	3	0.20758483033932135
chr4:156850337:A>T	346	126	2	0.2669491525423729
chr9:84305282:C>A	242	45	2	0.156794425087108
