mutation_id	ref_counts	var_counts	total_cn	VAF
chr1:160370991:G>A	174	136	2	0.43870967741935485
chr10:5499224:G>A	193	151	2	0.438953488372093
chr10:132924808:C>T	181	165	2	0.476878612716763
chr14:24262075:C>T	180	130	2	0.41935483870967744
chr14:106675019:->CGATCTCTCCTCCCCA	8	12	1	0.6
chr15:83018827:G>A	98	98	2	0.5
chr7:100807375:G>A	71	14	2	0.16470588235294117
chr9:116620323:G>A	120	100	2	0.45454545454545453
