mutation_id	ref_counts	var_counts	total_cn	VAF
chr10:61940349:->GAC	428	40	3	0.08547008547008547
chr10:86138935:C>T	312	103	3	0.24819277108433735
chr12:25245350:C>A	246	50	2	0.16891891891891891
chr14:22513939:GG>TTGTTTTT	183	46	2	0.20087336244541484
chr16:20373061:C>T	230	29	2	0.11196911196911197
chr17:40771837:G>A	241	36	2	0.1299638989169675
chr2:89244770:ACCACTGTGGGAGGCCAGTGTG>CGCTT	141	15	2	0.09615384615384616
chr5:149944277:C>T	306	18	2	0.05555555555555555
chr7:43552288:G>A	266	41	2	0.13355048859934854
chr9:38596186:G>A	236	49	2	0.17192982456140352
chr9:95469003:C>T	334	164	2	0.3293172690763052
chrX:129587106:C>T	327	60	4	0.15503875968992248
