mutation_id	ref_counts	var_counts	total_cn	VAF
chr1:110341353:G>T	552	25	4	0.043327556325823226
chr1:220881344:T>C	213	137	4	0.3914285714285714
chr1:231338165:->T	387	46	4	0.10623556581986143
chr11:11379193:C>T	310	73	3	0.1906005221932115
chr11:130879690:C>T	125	127	3	0.503968253968254
chr12:7124147:C>T	298	66	3	0.1813186813186813
chr12:25225628:C>T	70	102	3	0.5930232558139535
chr13:53050618:C>T	300	12	2	0.038461538461538464
chr14:59727271:G>A	460	116	4	0.2013888888888889
chr14:106714689:CACAGTAAT>GGGCTCTCAC	68	30	2	0.30612244897959184
chr15:75289439:C>A	280	75	3	0.2112676056338028
chr17:7673775:C>G	84	241	2	0.7415384615384616
chr17:7673776:G>A	354	22	2	0.05851063829787234
chr17:75498229:T>G	485	115	4	0.19166666666666668
chr2:54968188:C>G	302	89	3	0.22762148337595908
chr20:45298494:C>T	325	144	3	0.3070362473347548
chr20:45775502:G>A	526	15	3	0.027726432532347505
chr5:23524499:G>-	194	148	3	0.4327485380116959
chr5:35873594:A>G	209	85	3	0.2891156462585034
chr6:35511746:G>A	500	15	2	0.02912621359223301
