mutation_id	ref_counts	var_counts	total_cn	VAF
chr11:134152993:G>A	288	111	2	0.2781954887218045
chr15:47761691:A>T	304	24	2	0.07317073170731707
chr19:45494313:G>A	331	146	2	0.3060796645702306
chr2:90221383:->A	29	27	2	0.48214285714285715
chr2:106843935:C>T	289	114	2	0.28287841191067
chr2:108907973:C>T	339	108	2	0.24161073825503357
chr2:218893230:->CCGACCC	493	140	2	0.2211690363349131
chr4:121037139:G>A	291	132	2	0.3120567375886525
chr6:97114159:G>T	396	34	2	0.07906976744186046
chr8:27879739:C>T	423	185	2	0.3042763157894737
