mutation_id	ref_counts	var_counts	total_cn	VAF
chr1:225043749:G>A	14	3	2	0.17647058823529413
chr12:11752543:ATGGAGGAAGACTCGATC>TCTAAA	119	14	1	0.10526315789473684
chr12:11890979:->A	79	27	1	0.25471698113207547
chr12:49026695:->A	236	171	2	0.4201474201474201
chr13:35164437:C>T	352	22	2	0.058823529411764705
chr15:82677728:C>T	314	28	2	0.08187134502923976
chr2:140364734:G>T	312	16	2	0.04878048780487805
chr20:3022140:C>T	179	133	2	0.42628205128205127
chr3:14880599:A>G	167	49	2	0.22685185185185186
chr4:102801450:TTAC>CCTTAGGG	92	82	2	0.47126436781609193
chr4:185323750:A>C	175	33	2	0.15865384615384615
chr6:159819000:G>A	243	41	2	0.1443661971830986
chr7:100823762:A>G	218	191	2	0.4669926650366748
chr7:126446249:G>A	268	26	2	0.08843537414965986
chrX:75450833:C>A	138	18	1	0.11538461538461539
