mutation_id	ref_counts	var_counts	total_cn	VAF
chr1:26344311:G>A	512	77	2	0.1307300509337861
chr1:113391120:->GGCCTT	664	119	2	0.15197956577266922
chr10:113608434:T>A	218	73	2	0.2508591065292096
chr11:72781122:C>G	532	83	2	0.13495934959349593
chr12:56097167:G>A	390	74	2	0.15948275862068967
chr12:100623691:C>T	350	16	2	0.04371584699453552
chr12:106601334:C>T	281	42	2	0.13003095975232198
chr12:112450394:G>A	440	32	2	0.06779661016949153
chr12:123602180:C>T	487	89	2	0.1545138888888889
chr13:78617067:C>G	362	20	2	0.05235602094240838
chr16:2821495:G>C	572	19	2	0.032148900169204735
chr17:38578682:G>A	754	107	2	0.12427409988385599
chr18:13438282:C>G	389	55	2	0.12387387387387387
chr19:49152363:C>G	417	65	2	0.13485477178423236
chr19:51146070:C>G	494	32	2	0.060836501901140684
chr2:24816681:G>C	428	14	2	0.03167420814479638
chr2:178587918:G>C	339	15	2	0.0423728813559322
chr2:178611399:C>T	322	25	2	0.07204610951008646
chr2:202090773:G>A	274	50	2	0.15432098765432098
chr20:25675195:G>A	406	63	2	0.13432835820895522
chr20:45222021:A>T	151	21	2	0.12209302325581395
chr22:18126598:A>-	410	59	2	0.1257995735607676
chr3:33498663:C>T	319	34	2	0.09631728045325778
chr4:1961074:G>A	322	46	2	0.125
chr4:163129207:G>A	375	81	2	0.17763157894736842
chr6:29440377:G>A	856	37	2	0.04143337066069429
chr6:43144558:G>A	598	28	2	0.04472843450479233
chr7:94423009:G>A	466	66	2	0.12406015037593984
chr7:101237372:G>T	353	14	2	0.03814713896457766
chr7:123876862:G>A	321	140	2	0.3036876355748373
chr8:11200666:G>A	665	108	2	0.13971539456662355
chr9:87886613:G>T	361	65	2	0.15258215962441316
