mutation_id	ref_counts	var_counts	total_cn	VAF
chr10:133309091:T>C	259	77	2	0.22916666666666666
chr14:93928508:C>T	486	22	2	0.04330708661417323
chr15:45363987:G>T	139	32	2	0.1871345029239766
chr16:70837734:A>G	157	39	2	0.1989795918367347
chr2:131218898:G>C	471	71	2	0.13099630996309963
chr2:240932400:G>A	243	42	2	0.14736842105263157
chr4:42401025:C>T	194	60	2	0.23622047244094488
chr5:127445534:G>A	263	87	2	0.24857142857142858
chr9:122553583:C>G	386	19	2	0.04691358024691358
