mutation_id	ref_counts	var_counts	total_cn	VAF
chr12:11393584:T>C	434	319	2	0.42363877822045154
chr12:106066897:G>A	218	184	2	0.4577114427860697
chr6:36301983:C>T	356	146	3	0.2908366533864542
