mutation_id	ref_counts	var_counts	total_cn	VAF
chr1:114713908:T>C	351	22	2	0.058981233243967826
chr16:88436887:C>T	624	32	2	0.04878048780487805
chr5:1882629:C>T	614	35	2	0.053929121725731895
chr5:141404337:C>G	304	20	2	0.06172839506172839
chr9:115064720:C>T	370	20	2	0.05128205128205128
