mutation_id	ref_counts	var_counts	total_cn	VAF
chr1:99729676:G>A	228	30	2	0.11627906976744186
chr11:6108677:T>C	356	66	2	0.15639810426540285
chr17:16299930:C>T	344	57	2	0.14214463840399003
chr19:48875860:T>A	458	103	2	0.1836007130124777
chr2:55680855:C>T	174	19	2	0.09844559585492228
chr21:29689985:G>A	121	22	2	0.15384615384615385
chr3:120181164:A>C	298	61	2	0.16991643454038996
chr4:109851664:G>A	347	46	2	0.11704834605597965
