mutation_id	ref_counts	var_counts	total_cn	VAF
chr1:214384248:G>A	664	104	6	0.13541666666666666
chr10:125772682:C>T	715	66	6	0.08450704225352113
chr10:133207322:G>A	786	64	6	0.07529411764705882
chr11:3228608:G>A	674	35	5	0.04936530324400564
chr11:62909825:G>A	709	46	6	0.060927152317880796
chr11:124383212:G>-	418	48	6	0.10300429184549356
chr12:22524525:C>T	331	36	4	0.09809264305177112
chr12:25245347:C>T	256	71	4	0.21712538226299694
chr12:31697373:C>T	157	96	4	0.3794466403162055
chr12:85055621:A>T	30	4	4	0.11764705882352941
chr13:57634283:C>T	441	74	4	0.1436893203883495
chr14:19936420:G>A	741	48	7	0.060836501901140684
chr14:21001090:C>T	730	181	8	0.1986827661909989
chr14:23104734:G>A	705	65	8	0.08441558441558442
chr17:39186537:T>A	657	36	6	0.05194805194805195
chr19:17172927:G>A	644	47	4	0.06801736613603473
chr2:144389881:T>C	457	71	4	0.13446969696969696
chr2:162046984:T>C	38	19	4	0.3333333333333333
chr4:47425791:G>A	734	79	6	0.0971709717097171
chr4:108859680:G>A	651	89	6	0.12027027027027028
chr5:17275624:C>T	365	300	4	0.45112781954887216
chr8:112503828:C>T	292	33	6	0.10153846153846154
chr8:138152328:G>A	405	179	6	0.3065068493150685
chr8:143730401:A>T	746	336	6	0.31053604436229204
chrX:49218502:G>A	804	62	6	0.07159353348729793
chrX:131278496:G>A	732	96	6	0.11594202898550725
chrX:150512280:A>G	668	273	6	0.29011689691817216
