mutation_id	ref_counts	var_counts	total_cn	VAF
chr12:123917587:C>T	201	24	2	0.10666666666666667
chr19:5456351:G>A	451	35	2	0.0720164609053498
