mutation_id	ref_counts	var_counts	total_cn	VAF
chr1:6225256:G>C	106	76	2	0.4175824175824176
chr10:122429635:C>T	308	18	3	0.05521472392638037
chr11:2698229:G>C	146	102	2	0.4112903225806452
chr14:24163433:->GGTCTAA	148	106	2	0.41732283464566927
chr15:29718704:G>A	233	190	2	0.4491725768321513
chr2:185808013:A>T	131	125	2	0.48828125
chr2:219568214:G>A	201	151	2	0.4289772727272727
chr4:41689595:T>G	208	81	3	0.28027681660899656
chr5:144473858:G>A	210	166	2	0.44148936170212766
chr7:31106571:C>T	190	130	2	0.40625
chr7:42912042:C>T	398	14	2	0.03398058252427184
chr8:51475036:G>A	144	132	2	0.4782608695652174
chr8:76854053:G>T	394	13	2	0.03194103194103194
