mutation_id	ref_counts	var_counts	total_cn	VAF
chr1:81943164:C>A	182	39	2	0.17647058823529413
chr1:248294907:C>T	404	418	3	0.5085158150851582
chr17:46171794:G>T	588	34	2	0.05466237942122187
chr17:46171795:A>T	582	32	2	0.05211726384364821
chr2:21137720:A>G	290	10	2	0.03333333333333333
chr5:111482926:C>T	213	60	2	0.21978021978021978
chr6:26124477:G>T	398	24	2	0.05687203791469194
chr6:75194833:G>A	127	78	2	0.3804878048780488
