mutation_id	ref_counts	var_counts	total_cn	VAF
chr1:205840264:C>T	192	147	2	0.4336283185840708
chr11:65779776:T>C	650	46	2	0.06609195402298851
chr12:117234620:C>T	409	75	2	0.15495867768595042
chr14:57481572:C>T	101	86	2	0.45989304812834225
chr14:74809579:G>A	221	196	2	0.47002398081534774
chr14:106639121:->CTCATC	154	58	2	0.27358490566037735
chr19:46160647:C>T	386	35	2	0.0831353919239905
chr2:43225221:C>A	640	50	2	0.07246376811594203
chr2:137232987:G>A	184	142	2	0.43558282208588955
chr21:30813142:C>T	202	225	2	0.5269320843091335
chr22:26672605:G>T	310	27	2	0.08011869436201781
chr7:76285721:G>A	660	67	2	0.0921595598349381
chr7:138871304:G>A	465	40	2	0.07920792079207921
chr8:29350058:C>A	382	310	2	0.4479768786127168
chr9:96562752:A>C	130	134	2	0.5075757575757576
