mutation_id	ref_counts	var_counts	total_cn	VAF
chr1:24336602:G>A	251	113	2	0.31043956043956045
chr1:54731560:C>T	303	126	2	0.2937062937062937
chr1:66682027:C>T	470	42	2	0.08203125
chr1:158183144:G>A	226	96	2	0.2981366459627329
chr10:45826426:C>T	574	142	2	0.19832402234636873
chr10:110964362:A>G	127	69	2	0.3520408163265306
chr11:77245367:G>A	281	117	2	0.29396984924623115
chr12:55247763:T>C	528	28	2	0.050359712230215826
chr14:106301383:TGTGTCTCTGTGGTAT>GC	144	84	2	0.3684210526315789
chr15:71897597:G>T	286	103	2	0.2647814910025707
chr17:58599485:G>A	340	66	2	0.1625615763546798
chr18:61528036:C>T	327	118	2	0.2651685393258427
chr20:6041498:G>A	381	173	2	0.31227436823104693
chr3:157011450:C>A	260	100	2	0.2777777777777778
chr5:140857398:C>T	465	276	2	0.3724696356275304
chr7:140781602:C>G	296	43	2	0.12684365781710916
chr8:39769572:A>T	218	102	2	0.31875
chr9:101370945:G>T	253	110	2	0.30303030303030304
