mutation_id	ref_counts	var_counts	total_cn	VAF
chr1:13416364:C>T	149	100	2	0.40160642570281124
chr10:5746277:T>C	266	99	3	0.27123287671232876
chr11:46705352:A>G	589	30	2	0.048465266558966075
chr11:64928332:G>A	202	75	2	0.27075812274368233
chr11:121137836:G>T	535	18	2	0.0325497287522604
chr12:25245350:C>T	202	72	2	0.26277372262773724
chr12:112489084:G>T	374	33	2	0.08108108108108109
chr13:95832971:A>T	216	15	2	0.06493506493506493
chr14:23360617:C>G	709	219	4	0.23599137931034483
chr14:37622382:G>A	882	34	3	0.03711790393013101
chr15:86154526:A>C	142	98	2	0.4083333333333333
chr17:82084057:G>A	520	223	3	0.3001345895020188
chr21:30598738:G>A	434	114	4	0.20802919708029197
chr22:19139963:G>A	248	143	2	0.3657289002557545
chr22:29094343:C>T	259	93	2	0.26420454545454547
chr4:41014226:G>T	465	177	3	0.2757009345794392
chr8:24343137:G>T	351	30	2	0.07874015748031496
chr9:122280457:C>T	210	11	2	0.049773755656108594
chrX:89922114:A>G	422	13	2	0.029885057471264367
