mutation_id	ref_counts	var_counts	total_cn	VAF
chr1:114716126:C>T	287	52	2	0.15339233038348082
chr1:176557070:G>T	470	18	2	0.036885245901639344
chr12:20646893:C>T	193	139	2	0.4186746987951807
chr13:51974904:C>A	285	56	2	0.16422287390029325
chr14:37369614:G>A	200	21	2	0.09502262443438914
chr17:4178879:C>T	247	39	2	0.13636363636363635
chr17:41250051:G>C	495	245	2	0.3310810810810811
chr17:59213380:G>C	280	18	2	0.06040268456375839
chr19:38871666:->CCGGGG	184	100	2	0.352112676056338
chr2:90210529:T>C	81	54	2	0.4
chr2:184938162:T>G	388	20	2	0.049019607843137254
chr20:18187363:C>T	425	29	2	0.06387665198237885
chr4:13603383:C>T	241	157	2	0.3944723618090452
chr4:184010962:C>G	199	161	2	0.44722222222222224
chr6:13617786:G>A	187	127	2	0.40445859872611467
chr7:31338294:G>A	249	129	2	0.3412698412698413
chr7:64220208:G>A	168	81	2	0.3253012048192771
chr9:27157918:C>G	208	156	2	0.42857142857142855
chr9:36353255:G>C	263	171	2	0.39400921658986177
chrX:115007956:A>G	362	24	2	0.06217616580310881
