mutation_id	ref_counts	var_counts	total_cn	VAF
chr1:1786023:->C	195	41	4	0.17372881355932204
chr1:32181542:G>A	165	74	4	0.30962343096234307
chr1:55007164:G>C	562	23	4	0.039316239316239315
chr1:56704098:G>C	231	85	4	0.2689873417721519
chr1:150950661:G>T	303	154	4	0.33698030634573306
chr1:226736134:C>G	358	135	4	0.2738336713995943
chr11:133844635:T>C	152	68	4	0.3090909090909091
chr12:101180084:C>G	253	88	4	0.25806451612903225
chr12:112265946:C>T	415	12	4	0.02810304449648712
chr13:35196045:C>T	269	81	4	0.23142857142857143
chr13:37017262:G>A	294	12	4	0.0392156862745098
chr14:106639118:->TCCCCTCAACGGCCCCA	44	17	1	0.2786885245901639
chr17:1660458:C>G	274	123	4	0.30982367758186397
chr18:37259247:G>A	181	74	4	0.2901960784313726
chr19:43018776:G>C	142	35	4	0.1977401129943503
chr19:46376458:G>C	151	55	4	0.2669902912621359
chr2:206959665:G>A	145	37	4	0.2032967032967033
chr20:64105980:C>G	858	38	4	0.04241071428571429
chr21:41749193:C>T	333	21	4	0.059322033898305086
chr4:61892838:G>A	314	115	4	0.2680652680652681
chr5:75104859:C>T	177	68	4	0.27755102040816326
chr5:141868639:G>A	294	105	4	0.2631578947368421
chr8:56441924:T>C	122	52	4	0.2988505747126437
chr9:120962740:T>-	226	77	4	0.25412541254125415
