mutation_id	ref_counts	var_counts	total_cn	VAF
chr10:122082810:C>T	460	36	3	0.07258064516129033
chr10:122592435:G>A	639	45	3	0.06578947368421052
chr11:65132314:G>T	86	84	2	0.49411764705882355
chr11:118627875:G>T	449	32	2	0.06652806652806653
chr11:118627877:C>T	444	32	2	0.06722689075630252
chr14:67590150:C>T	200	78	3	0.2805755395683453
chr15:49134500:T>-	47	22	2	0.3188405797101449
chr16:3058234:G>A	266	197	2	0.42548596112311016
chr2:48688443:G>T	139	110	2	0.44176706827309237
chr3:9928337:G>A	346	36	2	0.09424083769633508
chr6:33080936:GTGA>-	268	93	3	0.25761772853185594
chr7:124746681:C>T	186	149	2	0.44477611940298506
chr9:136517819:C>T	385	46	2	0.10672853828306264
chrX:41474425:C>T	575	222	3	0.27854454203262236
chrX:153804568:G>T	791	61	3	0.0715962441314554
