mutation_id	ref_counts	var_counts	total_cn	VAF
chr1:39661141:C>T	540	26	2	0.045936395759717315
chr1:114716126:C>G	183	105	2	0.3645833333333333
chr10:117197591:C>G	724	36	3	0.04736842105263158
chr13:40799227:G>A	419	42	2	0.0911062906724512
chr13:101378595:C>A	71	19	2	0.2111111111111111
chr15:23442016:T>C	135	22	2	0.14012738853503184
chr19:17245079:C>A	928	26	2	0.027253668763102725
chr2:90221376:->TTCCC	75	37	2	0.33035714285714285
chr20:31484270:G>A	461	314	2	0.40516129032258064
chr20:63565606:G>A	355	199	2	0.3592057761732852
chrX:54333419:C>G	362	13	3	0.034666666666666665
chrX:54811053:G>A	1094	94	3	0.07912457912457913
chrX:143509028:T>A	311	61	3	0.1639784946236559
