mutation_id	ref_counts	var_counts	total_cn	VAF
chr1:27394005:T>C	898	38	2	0.0405982905982906
chr1:217449291:G>A	322	67	2	0.17223650385604114
chr10:119826734:A>C	354	12	2	0.03278688524590164
chr11:17414598:G>A	462	75	2	0.13966480446927373
chr11:108134230:AAG>-	155	32	2	0.1711229946524064
chr15:34753007:T>C	721	30	2	0.03994673768308921
chr15:41881226:A>G	290	54	2	0.1569767441860465
chr15:75414274:A>G	422	28	2	0.06222222222222222
chr17:40479782:A>G	644	52	2	0.07471264367816093
chr19:19564933:C>T	315	83	2	0.20854271356783918
chr19:35131456:C>T	1008	31	2	0.029836381135707413
chr2:84787286:A>C	259	25	2	0.0880281690140845
chr2:106813208:A>G	378	14	2	0.03571428571428571
chr3:185498922:A>G	468	44	2	0.0859375
chr4:148435181:C>T	337	26	1	0.07162534435261708
chr7:50382593:A>T	378	289	2	0.4332833583208396
chr8:103420394:T>C	393	86	2	0.17954070981210857
chr9:133768486:T>C	664	34	2	0.04871060171919771
