mutation_id	ref_counts	var_counts	total_cn	VAF
chr1:19978381:G>A	181	65	2	0.26422764227642276
chr1:241098754:G>A	166	38	2	0.18627450980392157
chr10:97334254:G>A	181	81	2	0.30916030534351147
chr11:108365457:A>T	383	34	2	0.0815347721822542
chr13:101065433:G>A	355	25	2	0.06578947368421052
chr16:20337384:G>A	267	91	2	0.2541899441340782
chr16:57996793:G>A	250	126	2	0.3351063829787234
chr16:72104126:C>T	232	21	2	0.08300395256916997
chr19:13371771:G>A	347	16	2	0.0440771349862259
chr19:34438711:C>T	220	100	2	0.3125
chr2:38591598:A>G	315	17	2	0.05120481927710843
chr20:17453865:G>A	259	173	2	0.40046296296296297
chr22:31619745:C>G	398	30	2	0.07009345794392523
chr4:99581967:G>T	282	131	2	0.3171912832929782
chr4:99651792:C>T	428	28	2	0.06140350877192982
chr5:121852370:G>A	260	138	2	0.34673366834170855
chr5:136992580:G>A	227	70	2	0.2356902356902357
chr5:146000248:C>T	223	123	2	0.3554913294797688
chr6:63788233:T>A	344	22	2	0.060109289617486336
chr7:15685970:C>T	354	190	2	0.3492647058823529
chr7:117792585:T>A	336	29	2	0.07945205479452055
chr8:13567511:A>G	240	105	2	0.30434782608695654
chr8:51409336:G>A	461	192	2	0.29402756508422667
chr9:35752074:T>C	334	186	2	0.3576923076923077
