mutation_id	ref_counts	var_counts	total_cn	VAF
chr1:18482791:C>T	381	186	2	0.328042328042328
chr1:146963118:C>T	597	18	5	0.02926829268292683
chr11:62735447:G>T	231	103	2	0.3083832335329341
chr12:15497339:C>T	128	86	2	0.40186915887850466
chr12:94305272:G>C	244	18	2	0.06870229007633588
chr12:119153550:G>A	214	129	2	0.3760932944606414
chr16:67255859:G>A	484	32	2	0.06201550387596899
chr19:12696179:C>A	157	101	2	0.39147286821705424
chr3:38190794:G>A	302	14	2	0.04430379746835443
chr4:9782478:G>A	186	364	5	0.6618181818181819
chrX:153397829:C>T	384	15	4	0.03759398496240601
