mutation_id	ref_counts	var_counts	total_cn	VAF
chr11:18137255:G>A	430	34	2	0.07327586206896551
chr13:43322494:C>T	251	15	2	0.05639097744360902
chr14:95203320:C>T	522	50	2	0.08741258741258741
chr16:69119853:G>A	476	47	2	0.08986615678776291
chr17:6120598:G>A	687	73	2	0.09605263157894736
chr18:6956647:G>A	420	30	2	0.06666666666666667
chr2:84669507:C>A	153	14	2	0.08383233532934131
chr2:85349562:A>C	463	30	2	0.060851926977687626
chr2:186677218:C>T	141	15	2	0.09615384615384616
chr3:169116615:G>T	469	42	2	0.0821917808219178
chrX:119073423:C>T	757	80	2	0.0955794504181601
