mutation_id	ref_counts	var_counts	total_cn	VAF
chr1:11124516:G>A	305	66	2	0.1778975741239892
chr11:72035918:->C	318	118	2	0.2706422018348624
chr13:70131015:A>T	115	39	2	0.2532467532467532
chr15:80931924:G>A	313	120	2	0.27713625866050806
chr17:10409536:G>A	193	62	2	0.24313725490196078
chr17:63538522:->T	592	206	2	0.2581453634085213
chr19:1108886:G>A	568	235	2	0.29265255292652553
chr19:4513448:G>A	422	136	2	0.24372759856630824
chr2:206704916:C>T	299	75	2	0.20053475935828877
chr3:77565026:G>A	305	90	2	0.22784810126582278
chr5:80177338:G>A	230	64	3	0.21768707482993196
chr5:141341110:G>A	768	213	3	0.21712538226299694
chr6:138496371:G>A	128	46	2	0.26436781609195403
chr7:143859063:C>T	191	61	2	0.24206349206349206
chr9:37015154:C>T	278	75	2	0.21246458923512748
chrX:142203748:G>A	128	100	1	0.43859649122807015
