mutation_id	ref_counts	var_counts	total_cn	VAF
chr1:201210521:A>G	303	96	2	0.24060150375939848
chr10:109907730:C>T	253	185	2	0.4223744292237443
chr11:10854777:C>T	159	20	2	0.11173184357541899
chr11:121153020:C>T	272	240	2	0.46875
chr13:95641784:G>A	566	104	2	0.15522388059701492
chr15:29700305:->A	97	20	2	0.17094017094017094
chr19:8956762:C>T	315	95	2	0.23170731707317074
chr19:40218109:C>T	652	235	2	0.2649379932356257
chr6:25600534:G>A	247	195	2	0.4411764705882353
chr6:146159439:C>T	225	169	2	0.4289340101522843
chr8:109456303:G>A	129	81	2	0.38571428571428573
chrX:106640713:C>T	127	183	3	0.5903225806451613
