mutation_id	ref_counts	var_counts	total_cn	VAF
chr1:15719900:C>T	99	50	2	0.33557046979865773
chr1:182939176:C>T	61	49	2	0.44545454545454544
chr11:986883:C>T	422	46	2	0.09829059829059829
chr12:25245347:C>T	170	35	2	0.17073170731707318
chr13:28018484:A>G	210	28	2	0.11764705882352941
chr13:45714079:G>A	206	137	2	0.39941690962099125
chr15:48495552:C>G	150	87	2	0.3670886075949367
chr18:8784011:G>A	309	99	3	0.2426470588235294
chr19:23933414:C>T	174	22	2	0.11224489795918367
chr2:190525299:G>A	119	87	2	0.4223300970873786
chr22:23160914:G>A	124	95	2	0.4337899543378995
chr3:11034562:C>T	94	60	2	0.38961038961038963
chr3:126135553:C>T	82	68	2	0.4533333333333333
chr4:76740325:C>T	507	34	3	0.06284658040665435
chr6:98835078:GGCGGCGGCGGGGGCGGT>-	402	86	3	0.1762295081967213
chr6:117393286:G>A	192	76	3	0.2835820895522388
chr7:30062740:->A	135	17	2	0.1118421052631579
