mutation_id	ref_counts	var_counts	total_cn	VAF
chr1:32215508:G>C	298	24	2	0.07453416149068323
chr1:43282992:C>T	377	50	2	0.117096018735363
chr1:116579812:G>A	254	59	2	0.18849840255591055
chr1:156971724:C>G	206	88	2	0.29931972789115646
chr1:173627143:C>G	125	54	2	0.3016759776536313
chr10:103054361:C>T	192	75	2	0.2808988764044944
chr11:8925771:G>A	381	12	2	0.030534351145038167
chr12:18738977:C>G	323	10	1	0.03003003003003003
chr12:43492557:C>T	222	83	2	0.2721311475409836
chr14:55351764:C>T	370	38	2	0.09313725490196079
chr16:23562717:G>C	144	16	2	0.1
chr16:89919820:G>A	502	104	2	0.1716171617161716
chr17:30090658:G>C	160	8	2	0.047619047619047616
chr19:18669230:C>T	758	46	2	0.05721393034825871
chr19:34438666:T>G	260	22	2	0.07801418439716312
chr19:48464244:G>C	274	105	2	0.2770448548812665
chr2:237374420:G>A	96	85	2	0.4696132596685083
chr3:149162291:G>C	300	33	2	0.0990990990990991
chr4:146937673:G>C	99	37	2	0.27205882352941174
chr5:15927947:C>T	283	42	2	0.12923076923076923
chr5:140843355:G>A	389	33	2	0.07819905213270142
chr6:73395010:G>A	476	18	2	0.03643724696356275
chr6:118469186:G>A	396	14	2	0.03414634146341464
chr6:123548484:C>T	157	53	2	0.2523809523809524
chr7:100220553:C>T	269	12	2	0.042704626334519574
chr7:101087830:C>T	575	54	2	0.08585055643879173
chr8:32764102:C>T	273	115	2	0.2963917525773196
chrX:54922865:C>G	369	97	2	0.20815450643776823
chrX:91435818:T>G	392	45	2	0.10297482837528604
