mutation_id	ref_counts	var_counts	total_cn	VAF
chr2:88897661:C>A	354	31	2	0.08051948051948052
chr3:130566967:C>T	543	36	2	0.06217616580310881
chr6:116462318:G>A	731	34	2	0.044444444444444446
chr7:143408805:T>C	391	24	2	0.05783132530120482
