mutation_id	ref_counts	var_counts	total_cn	VAF
chr1:7664606:G>A	546	24	2	0.042105263157894736
chr1:159713894:G>C	292	97	2	0.2493573264781491
chr10:27936871:C>T	211	62	3	0.2271062271062271
chr11:2666419:G>A	271	34	2	0.11147540983606558
chr11:121055211:C>T	280	57	2	0.16913946587537093
chr12:21300430:C>T	123	46	2	0.27218934911242604
chr12:68721890:G>C	248	31	2	0.1111111111111111
chr12:96658075:C>G	100	29	2	0.2248062015503876
chr13:72775361:T>C	255	21	2	0.07608695652173914
chr13:102730175:G>A	147	66	2	0.30985915492957744
chr17:9826176:C>A	684	28	3	0.03932584269662921
chr17:41968226:C>T	507	141	3	0.2175925925925926
chr19:37363063:G>T	432	32	2	0.06896551724137931
chr19:44909033:G>A	648	66	2	0.09243697478991597
chr2:166233386:C>T	180	19	2	0.09547738693467336
chr2:178544225:C>G	328	18	2	0.05202312138728324
chr3:171002653:G>C	153	74	2	0.32599118942731276
chr4:2240664:C>T	371	19	3	0.04871794871794872
chr4:57023362:G>A	322	16	3	0.047337278106508875
chr4:118054053:C>T	248	61	2	0.19741100323624594
chr5:170106256:C>T	616	57	2	0.08469539375928678
chr6:16328292:G>A	176	97	2	0.3553113553113553
chr6:17102297:C>T	642	36	2	0.05309734513274336
chr6:82366094:G>A	218	96	2	0.3057324840764331
chr6:113859820:G>A	502	18	2	0.03461538461538462
chr6:150887953:A>C	189	71	2	0.27307692307692305
chr7:20401977:C>T	205	66	2	0.24354243542435425
chr9:68378267:G>T	169	57	2	0.252212389380531
chrX:71382858:A>G	46	100	2	0.684931506849315
