mutation_id	ref_counts	var_counts	total_cn	VAF
chr1:111981969:C>T	608	33	2	0.0514820592823713
chr10:17088169:G>C	230	11	2	0.04564315352697095
chr10:24620171:C>G	195	58	2	0.22924901185770752
chr14:106506996:T>GG	92	24	1	0.20689655172413793
chr14:106592676:T>GTCCCC	59	16	0	0.21333333333333335
chr16:4991908:C>T	662	49	2	0.06891701828410689
chr19:6424582:->GAGGGT	133	50	2	0.273224043715847
chr19:15161058:C>T	699	126	2	0.15272727272727274
chr3:73384409:C>G	453	32	2	0.06597938144329897
chr5:140822072:G>A	618	44	2	0.06646525679758308
chr7:43554643:G>A	596	45	2	0.07020280811232449
chr7:138837921:C>T	588	24	1	0.0392156862745098
chr9:114091979:A>T	572	40	2	0.06535947712418301
chrX:27747872:T>C	192	19	1	0.09004739336492891
