mutation_id	ref_counts	var_counts	total_cn	VAF
chr1:99875424:C>T	201	106	2	0.34527687296416937
chr11:211285:T>G	218	142	2	0.39444444444444443
chr13:25097915:G>C	398	40	2	0.091324200913242
chr14:106622361:->CCCCGTCT	17	12	0	0.41379310344827586
chr16:1320216:C>T	122	72	2	0.3711340206185567
chr4:26614448:G>A	111	62	2	0.3583815028901734
chr4:144707109:T>C	185	122	2	0.3973941368078176
chr5:114362797:G>A	219	166	2	0.43116883116883115
chr5:176575981:G>A	172	120	2	0.410958904109589
chr6:56640026:T>A	128	78	2	0.3786407766990291
chr7:76511700:G>A	540	44	2	0.07534246575342465
chr8:27879615:G>A	295	195	2	0.3979591836734694
chrX:1352303:ACCTTACCGCTTACCGCAGCAGGCG>CC	246	141	2	0.3643410852713178
