mutation_id	ref_counts	var_counts	total_cn	VAF
chr1:149929655:G>A	362	42	2	0.10396039603960396
chr11:722102:G>C	402	55	2	0.12035010940919037
chr14:22449112:->GGGT	178	31	2	0.14832535885167464
chr15:77018468:->GG	434	42	2	0.08823529411764706
chr17:11763594:G>A	340	30	2	0.08108108108108109
chr3:53732073:G>A	319	46	2	0.12602739726027398
chr4:1961074:G>A	451	54	2	0.10693069306930693
chr5:63960780:T>C	494	63	2	0.11310592459605028
chr6:28301837:G>A	320	40	2	0.1111111111111111
chr8:85480717:A>G	358	29	2	0.07493540051679587
