mutation_id	ref_counts	var_counts	total_cn	VAF
chr1:15727459:G>A	456	25	2	0.05197505197505198
chr1:114713907:T>G	293	130	2	0.3073286052009456
chr11:123726207:C>T	343	177	2	0.3403846153846154
chr12:81353180:C>T	265	130	2	0.3291139240506329
chr14:20002876:C>T	606	22	3	0.03503184713375796
chr15:39593191:G>A	235	123	2	0.3435754189944134
chr16:22141585:C>T	358	27	2	0.07012987012987013
chr18:23136112:GCGGCTGCAT>-	927	139	3	0.1303939962476548
chr19:1457074:C>T	712	35	2	0.04685408299866131
chr21:46003923:C>T	1482	62	5	0.04015544041450777
chr3:127014741:C>T	288	167	2	0.367032967032967
chr5:132861654:G>C	256	117	2	0.3136729222520107
chr8:24384508:C>A	450	20	2	0.0425531914893617
chrX:9896007:G>A	389	257	2	0.3978328173374613
chrX:27821784:C>A	468	75	2	0.13812154696132597
chrX:120874924:C>T	208	154	2	0.425414364640884
