mutation_id	ref_counts	var_counts	total_cn	VAF
chr12:40335086:T>G	478	24	2	0.04780876494023904
chr14:94446580:C>T	258	29	2	0.10104529616724739
chr15:84839822:G>T	457	60	2	0.11605415860735009
chr16:66969748:T>A	256	107	2	0.29476584022038566
chr17:4738854:G>T	452	26	2	0.05439330543933055
chr17:62679893:C>T	292	16	2	0.05194805194805195
chr18:78993357:C>T	693	87	2	0.11153846153846154
chr2:113406851:TACAGGATTATACTACCCCATT>CTATCCCC	160	41	2	0.20398009950248755
chr20:10645355:C>T	125	116	2	0.48132780082987553
chr6:28326429:C>A	226	174	2	0.435
chr6:166167489:C>T	863	30	2	0.0335946248600224
chr8:1945576:G>A	618	72	2	0.10434782608695652
chr8:141218283:G>A	308	272	2	0.4689655172413793
