mutation_id	ref_counts	var_counts	total_cn	VAF
chr1:181720222:C>T	178	155	2	0.46546546546546547
chr10:116683869:G>A	268	197	2	0.4236559139784946
chr11:2664065:G>T	166	151	2	0.47634069400630913
chr13:37783009:C>T	200	113	2	0.3610223642172524
chr13:72710342:C>T	138	113	2	0.450199203187251
chr14:19868395:G>A	638	158	2	0.1984924623115578
chr14:100881174:G>A	287	256	2	0.4714548802946593
chr14:106675049:C>A	96	14	0	0.12727272727272726
chr19:875451:G>A	155	146	2	0.4850498338870432
chr19:12077039:->CCC	184	126	2	0.4064516129032258
chr19:48499474:G>A	193	164	2	0.45938375350140054
chr2:132731983:G>A	230	182	2	0.441747572815534
chr20:49374348:C>T	183	162	2	0.46956521739130436
chr22:30555174:C>T	402	333	2	0.4530612244897959
chr5:35874469:->GGTGCT	178	131	2	0.42394822006472493
chr6:32170025:G>A	258	205	2	0.4427645788336933
chr6:46858846:C>T	248	205	2	0.45253863134657835
chr7:107952103:C>T	287	251	2	0.46654275092936803
chr7:137609061:C>T	150	124	2	0.45255474452554745
chrX:126165388:C>T	25	415	1	0.9431818181818182
