mutation_id	ref_counts	var_counts	total_cn	VAF
chr1:64220895:G>A	172	34	4	0.1650485436893204
chr11:103187356:G>A	152	37	4	0.19576719576719576
chr12:25245350:C>G	217	74	4	0.2542955326460481
chr12:85980286:G>C	283	109	4	0.2780612244897959
chr15:23646957:C>T	368	144	4	0.28125
chr17:7496530:A>T	295	103	6	0.25879396984924624
chr19:37612359:G>T	257	111	4	0.3016304347826087
chr19:45885718:C>A	417	164	4	0.2822719449225473
chr3:193407379:G>A	155	46	4	0.22885572139303484
chr4:157341365:G>A	365	110	6	0.23157894736842105
chr5:2751202:T>G	513	135	6	0.20833333333333334
chr5:45695817:A>G	631	172	6	0.21419676214196762
chr5:113085231:C>T	413	94	6	0.1854043392504931
chr7:122886191:G>A	416	169	4	0.28888888888888886
chr9:101427621:C>T	181	71	4	0.28174603174603174
