mutation_id	ref_counts	var_counts	total_cn	VAF
chr1:103623974:C>T	590	50	4	0.078125
chr1:146963181:C>T	473	94	4	0.1657848324514991
chr1:201900068:G>A	565	17	4	0.029209621993127148
chr10:125831432:G>A	236	8	4	0.03278688524590164
chr11:2652725:C>T	216	77	4	0.2627986348122867
chr11:119186650:C>T	206	102	4	0.33116883116883117
chr11:124542871:->A	262	91	4	0.2577903682719547
chr11:134069132:G>C	410	136	4	0.2490842490842491
chr12:75343916:G>C	173	8	4	0.04419889502762431
chr12:80270149:C>G	176	51	4	0.22466960352422907
chr12:81754007:G>A	239	10	4	0.040160642570281124
chr16:83965602:G>A	445	173	4	0.27993527508090615
chr19:2216710:C>A	351	130	4	0.2702702702702703
chr2:84584230:G>A	124	41	4	0.24848484848484848
chr2:178534524:C>T	157	40	4	0.20304568527918782
chr2:208129533:G>C	217	82	4	0.27424749163879597
chr2:218253900:G>A	434	95	4	0.17958412098298676
chr2:231593086:C>G	294	129	4	0.3049645390070922
chr22:24893488:G>A	512	60	4	0.1048951048951049
chr22:32980675:C>T	181	50	4	0.21645021645021645
chr22:36266570:G>C	488	14	4	0.027888446215139442
chr3:30671901:G>A	342	115	4	0.25164113785557984
chr3:147410351:A>G	634	224	4	0.26107226107226106
chr4:56307568:C>T	197	76	4	0.2783882783882784
chr5:6751195:C>G	245	81	4	0.24846625766871167
chr5:72352679:G>A	130	41	4	0.23976608187134502
chr5:122077482:G>A	594	44	4	0.06896551724137931
chr5:129905323:C>G	584	217	4	0.27091136079900124
chr5:151567606:G>A	487	30	4	0.058027079303675046
chr6:31784602:T>G	488	16	4	0.031746031746031744
chr6:57210362:C>A	258	55	4	0.1757188498402556
chr6:122801360:C>T	302	35	4	0.10385756676557864
chr7:111124134:C>G	217	89	4	0.2908496732026144
chr7:134178551:C>T	404	14	4	0.03349282296650718
chr8:75016635:C>T	225	66	4	0.2268041237113402
chr8:99481800:G>A	101	50	4	0.33112582781456956
chr9:104617330:T>A	192	28	4	0.12727272727272726
chr9:106924997:G>C	324	14	4	0.04142011834319527
chrX:119637187:C>G	419	75	6	0.15182186234817813
chrX:124332953:C>T	375	26	6	0.06483790523690773
chrX:148885935:G>C	338	205	6	0.3775322283609576
