mutation_id	ref_counts	var_counts	total_cn	VAF
chr1:7664786:G>A	569	140	2	0.19746121297602257
chr1:114716126:C>T	311	36	2	0.1037463976945245
chr1:114716127:C>T	287	59	2	0.17052023121387283
chr11:376456:G>A	404	224	2	0.35668789808917195
chr12:43795739:C>T	215	45	2	0.17307692307692307
chr12:109427552:G>T	162	110	2	0.40441176470588236
chr14:50915350:G>A	222	131	2	0.37110481586402266
chr20:25676282:C>T	672	33	2	0.04680851063829787
chr3:141571448:C>T	205	170	2	0.4533333333333333
chr4:55113449:T>C	389	15	2	0.03712871287128713
chr5:80519698:C>A	144	111	2	0.43529411764705883
chr5:171878029:G>A	209	124	2	0.37237237237237236
chr6:32082148:G>T	538	24	2	0.042704626334519574
chr8:118924569:G>A	576	17	2	0.02866779089376054
chr9:123371550:C>T	259	180	2	0.41002277904328016
