mutation_id	ref_counts	var_counts	total_cn	VAF
chr14:23427657:C>T	486	28	2	0.054474708171206226
chr4:109462907:C>T	358	18	2	0.047872340425531915
