mutation_id	ref_counts	var_counts	total_cn	VAF
chr14:105864259:TA>-	163	24	2	0.12834224598930483
chr18:46477747:C>T	570	17	3	0.028960817717206135
chr22:39488652:C>T	433	30	2	0.06479481641468683
chr6:159239822:C>T	565	95	3	0.14393939393939395
chr8:118621804:C>T	384	14	2	0.035175879396984924
chrX:126552414:G>C	508	25	2	0.04690431519699812
