mutation_id	ref_counts	var_counts	total_cn	VAF
chr1:152156875:A>T	210	109	2	0.34169278996865204
chr1:172468448:G>C	108	41	2	0.2751677852348993
chr1:228374717:G>A	235	30	2	0.11320754716981132
chr10:72924422:G>A	247	122	2	0.33062330623306235
chr12:78118089:->A	174	54	2	0.23684210526315788
chr13:29100803:C>T	161	75	2	0.3177966101694915
chr14:19876771:C>G	140	77	2	0.3548387096774194
chr15:38351504:C>T	199	97	2	0.3277027027027027
chr15:75400849:C>T	211	107	2	0.33647798742138363
chr16:21250701:G>A	181	110	2	0.37800687285223367
chr16:31330352:G>A	348	30	2	0.07936507936507936
chr17:39765987:C>A	218	143	2	0.3961218836565097
chr17:42117573:C>T	195	116	2	0.3729903536977492
chr17:42128790:G>C	150	67	2	0.3087557603686636
chr19:23744862:C>T	138	73	2	0.3459715639810427
chr2:48580819:C>G	396	12	2	0.029411764705882353
chr21:41445541:G>A	167	60	2	0.2643171806167401
chr4:56531052:G>A	418	234	2	0.3588957055214724
chr7:73605949:G>A	374	14	2	0.03608247422680412
chr9:116697769:G>C	139	60	2	0.3015075376884422
chrX:65502554:C>T	305	110	2	0.26506024096385544
chrX:70427169:G>A	212	91	2	0.30033003300330036
chrX:141897607:G>A	310	182	2	0.3699186991869919
