mutation_id	ref_counts	var_counts	total_cn	VAF
chr1:33096786:G>A	400	118	2	0.2277992277992278
chr1:156912847:G>A	342	177	2	0.34104046242774566
chr11:70163320:C>T	432	27	2	0.058823529411764705
chr12:54252185:A>G	114	49	2	0.3006134969325153
chr12:132672316:->AGGTCCTCCGCGG	435	48	2	0.09937888198757763
chr15:41697003:TT>-	109	45	2	0.2922077922077922
chr15:41727198:CTG>GACCCCCCACACTGGGT	94	45	2	0.3237410071942446
chr15:67336985:C>T	161	10	2	0.05847953216374269
chr16:19872286:C>T	465	361	2	0.437046004842615
chr19:1004887:G>A	835	51	2	0.05756207674943566
chr19:15110667:C>T	847	72	2	0.07834602829162132
chr19:19337213:A>T	409	115	2	0.21946564885496184
chr19:44176737:C>T	159	56	2	0.26046511627906976
chr2:144389882:G>T	670	44	2	0.06162464985994398
chr20:64074525:->CC	485	236	2	0.3273231622746186
chr21:38383743:C>T	314	232	2	0.4249084249084249
chr5:84106781:T>G	222	22	2	0.09016393442622951
chr5:141193933:C>T	634	26	2	0.03939393939393939
chr5:141383969:C>A	178	13	2	0.06806282722513089
chr6:77923218:A>T	142	49	2	0.25654450261780104
chr7:45703739:T>C	318	33	2	0.09401709401709402
chrX:31968357:A>T	122	8	1	0.06153846153846154
