mutation_id	ref_counts	var_counts	total_cn	VAF
chr12:25225713:T>A	215	198	2	0.4794188861985472
chr12:78059044:A>T	257	43	2	0.14333333333333334
chr14:105142908:C>T	341	277	2	0.4482200647249191
chr19:11222178:C>T	342	231	2	0.4031413612565445
chr2:61405930:CTCT>-	199	123	2	0.38198757763975155
chr2:178739447:C>A	344	83	2	0.19437939110070257
chr20:33083642:C>T	276	203	2	0.42379958246346555
chr21:31127121:G>A	157	112	2	0.4163568773234201
chr3:52223110:->CCCC	196	138	2	0.41317365269461076
chr4:1961074:G>A	211	139	2	0.39714285714285713
chr5:122450841:C>T	219	160	2	0.42216358839050133
chr7:50399985:->CTATTTCT	226	154	2	0.4052631578947368
chr8:71844092:C>A	279	224	2	0.44532803180914515
chr9:37015168:G>C	21	162	1	0.8852459016393442
chrX:154506832:C>T	16	215	1	0.9307359307359307
