mutation_id	ref_counts	var_counts	total_cn	VAF
chr6:40432200:G>A	454	31	2	0.06391752577319587
chrX:9743636:C>T	224	19	1	0.07818930041152264
