mutation_id	ref_counts	var_counts	total_cn	VAF
chr1:15659960:G>A	412	15	2	0.0351288056206089
chr11:18934140:G>A	227	113	2	0.3323529411764706
chr12:128705528:C>T	294	207	2	0.41317365269461076
chr17:7832887:G>A	753	37	3	0.04683544303797468
chr17:29612689:C>T	597	175	3	0.2266839378238342
chr19:2767649:C>T	262	132	2	0.3350253807106599
chr2:90039479:->C	135	58	1	0.3005181347150259
chr2:118843050:G>A	272	179	2	0.3968957871396896
chr2:195872329:C>T	272	18	2	0.06206896551724138
chr2:237336517:G>A	178	153	2	0.4622356495468278
chr20:1980394:G>A	285	191	2	0.4012605042016807
chr3:57322357:G>A	163	81	2	0.3319672131147541
chr4:5168370:C>T	294	170	2	0.36637931034482757
chr5:13751081:C>T	148	93	2	0.38589211618257263
chr5:41069717:G>T	199	27	2	0.11946902654867257
chr6:44253546:->C	325	145	2	0.30851063829787234
chr6:72313644:C>A	210	91	2	0.3023255813953488
chr7:122886067:C>T	291	156	2	0.348993288590604
chr7:154975874:A>T	283	140	2	0.3309692671394799
chr8:144039909:G>A	236	102	2	0.30177514792899407
chr8:144722871:T>C	382	241	2	0.3868378812199037
chrX:45078469:->CAAC	159	123	3	0.43617021276595747
