mutation_id	ref_counts	var_counts	total_cn	VAF
chr1:232441338:G>A	320	18	2	0.05325443786982249
chr19:3547486:A>G	156	82	2	0.3445378151260504
chr19:17262845:->G	405	215	2	0.3467741935483871
chr20:35557427:G>A	299	34	2	0.1021021021021021
chr20:35655227:G>A	492	28	2	0.05384615384615385
chr3:177051507:->TA	171	75	2	0.3048780487804878
chrX:101358371:->GGTC	82	111	1	0.5751295336787565
