mutation_id	ref_counts	var_counts	total_cn	VAF
chr1:37838647:G>A	212	20	2	0.08620689655172414
chr1:156958830:C>A	440	25	2	0.053763440860215055
chr1:167993358:C>G	150	18	2	0.10714285714285714
chr10:89339289:C>T	404	18	2	0.04265402843601896
chr11:66043267:G>A	543	73	2	0.1185064935064935
chr14:106129539:->GCCTGA	66	10	2	0.13157894736842105
chr17:36940755:G>T	805	35	2	0.041666666666666664
chr19:52451228:G>T	241	32	2	0.11721611721611722
chr22:23838762:G>A	538	59	2	0.09882747068676717
chr3:183965392:->TA	217	33	2	0.132
chr5:17634790:G>T	327	35	2	0.09668508287292818
chr5:141052343:G>A	436	19	2	0.041758241758241756
chr6:168307732:C>T	418	76	2	0.15384615384615385
chr7:43463703:G>T	434	32	2	0.06866952789699571
chr7:124746948:C>G	281	50	2	0.1510574018126888
chr8:39668014:C>T	224	25	2	0.10040160642570281
chrX:92201452:A>T	105	30	1	0.2222222222222222
