mutation_id	ref_counts	var_counts	total_cn	VAF
chr1:3405592:C>T	511	17	2	0.032196969696969696
chr11:66859751:C>T	702	37	2	0.05006765899864682
chr19:48497750:G>T	767	44	2	0.05425400739827373
chr19:50280305:C>T	556	36	2	0.060810810810810814
chr19:52415688:G>A	454	28	2	0.058091286307053944
chr2:119157792:C>T	672	36	2	0.05084745762711865
chr9:13224488:A>T	312	12	2	0.037037037037037035
chrX:115191344:G>A	812	24	2	0.028708133971291867
