mutation_id	ref_counts	var_counts	total_cn	VAF
chr1:9598512:C>T	464	42	2	0.08300395256916997
chr1:87104568:G>A	209	35	2	0.14344262295081966
chr11:59211573:G>A	248	37	2	0.12982456140350876
chr11:89178168:C>T	250	117	2	0.3188010899182561
chr12:103778002:G>A	401	20	2	0.047505938242280284
chr14:23524448:G>A	421	26	2	0.058165548098434
chr16:166585:A>T	338	20	2	0.055865921787709494
chr16:3536198:CTC>TT	490	53	2	0.09760589318600368
chr17:10512756:G>A	191	25	2	0.11574074074074074
chr19:917732:C>A	430	32	2	0.06926406926406926
chr19:34433403:G>A	180	14	2	0.07216494845360824
chr19:40014255:T>C	254	29	2	0.10247349823321555
chr2:209881083:G>A	212	22	2	0.09401709401709402
chr4:99652779:G>A	394	14	2	0.03431372549019608
chr4:118054797:G>C	312	39	2	0.1111111111111111
chr5:126878355:G>A	375	50	2	0.11764705882352941
chr7:121338943:G>A	249	33	2	0.11702127659574468
chr7:127106567:G>A	379	29	2	0.07107843137254902
