mutation_id	ref_counts	var_counts	total_cn	VAF
chr1:114716123:C>T	328	32	2	0.08888888888888889
chr11:88567772:C>A	285	50	2	0.14925373134328357
chr12:174937:G>A	228	82	2	0.2645161290322581
chr12:130442636:CC>-	352	30	2	0.07853403141361257
chr12:132853556:C>T	322	102	2	0.24056603773584906
chr13:41130550:->GGGTCTCCCC	195	76	2	0.28044280442804426
chr18:56923922:G>T	274	57	3	0.17220543806646527
chr2:25133403:C>A	165	122	2	0.4250871080139373
chr2:130657271:C>T	346	46	2	0.11734693877551021
chr2:166284552:G>A	314	112	2	0.26291079812206575
chr22:35082613:G>A	339	59	2	0.14824120603015076
chr6:33728143:G>A	509	211	3	0.29305555555555557
chr6:49697859:C>T	153	40	3	0.20725388601036268
chr7:4834744:G>T	381	112	2	0.22718052738336714
chr7:66083164:C>T	245	38	2	0.13427561837455831
chr7:100591746:C>T	360	94	2	0.20704845814977973
chr8:39788146:A>G	222	20	2	0.08264462809917356
chrX:118608298:C>T	253	48	2	0.15946843853820597
