mutation_id	ref_counts	var_counts	total_cn	VAF
chr1:43591325:G>C	624	36	2	0.05454545454545454
chr1:239907629:C>T	325	45	2	0.12162162162162163
chr10:87861984:G>A	343	44	2	0.11369509043927649
chr11:133920181:G>A	612	101	2	0.14165497896213183
chr12:25225709:C>G	342	30	2	0.08064516129032258
chr12:43376075:G>A	184	31	2	0.14418604651162792
chr13:28345489:G>C	390	36	2	0.08450704225352113
chr15:41855648:C>T	620	28	2	0.043209876543209874
chr15:41893438:C>T	656	22	2	0.032448377581120944
chr15:78208027:C>T	358	24	2	0.06282722513089005
chr18:25092008:C>G	330	39	2	0.10569105691056911
chr18:47220002:G>A	211	24	2	0.10212765957446808
chr18:49912131:G>C	343	14	2	0.0392156862745098
chr18:79069422:G>C	490	53	2	0.09760589318600368
chr19:22088186:C>G	254	33	2	0.11498257839721254
chr19:42095367:C>T	408	67	2	0.14105263157894737
chr19:57491529:T>A	476	26	2	0.05179282868525897
chr2:55249518:G>A	241	52	2	0.17747440273037543
chr2:178597751:G>A	212	106	2	0.3333333333333333
chr2:240868985:C>T	475	26	2	0.05189620758483034
chr20:17615519:G>A	251	37	2	0.1284722222222222
chr22:22031470:->C	83	56	2	0.4028776978417266
chr22:22031472:A>CC	149	51	2	0.255
chr3:25630051:T>C	117	57	2	0.3275862068965517
chr4:4197936:G>C	405	18	2	0.0425531914893617
chr5:13758861:G>A	201	34	2	0.14468085106382977
chr5:146515766:C>T	274	14	2	0.04861111111111111
chr7:30912083:G>A	470	87	2	0.1561938958707361
chr8:21912256:C>T	342	42	2	0.109375
chrX:100407935:G>A	364	18	1	0.04712041884816754
