mutation_id	ref_counts	var_counts	total_cn	VAF
chr12:80619461:A>G	339	218	2	0.39138240574506283
chr12:112489081:C>T	337	223	2	0.3982142857142857
chr15:93088924:C>T	735	23	2	0.030343007915567283
chr15:96334103:C>A	486	286	2	0.3704663212435233
chr15:98891416:C>T	492	310	2	0.3865336658354115
chr18:694282:G>A	292	246	2	0.45724907063197023
chr2:26940149:A>G	253	163	2	0.3918269230769231
chr5:141365066:G>A	409	213	2	0.342443729903537
chr7:5072933:G>C	293	176	2	0.3752665245202559
chr7:100313220:G>A	8	10	2	0.5555555555555556
chr9:35738341:C>T	377	224	2	0.37271214642262895
chr9:36966662:G>A	478	319	2	0.4002509410288582
chr9:36966663:C>T	475	316	2	0.3994943109987358
chrX:48988124:A>G	304	193	2	0.38832997987927564
chrX:103079791:T>C	277	212	2	0.4335378323108384
