mutation_id	ref_counts	var_counts	total_cn	VAF
chr1:18703248:G>A	640	27	2	0.04047976011994003
chr1:42767597:C>T	487	107	2	0.18013468013468015
chr1:108830611:C>T	488	14	2	0.027888446215139442
chr1:197421359:G>T	230	107	2	0.31750741839762614
chr10:54020260:G>A	315	12	2	0.03669724770642202
chr11:87071598:C>G	220	16	2	0.06779661016949153
chr11:94498491:G>A	197	44	2	0.1825726141078838
chr12:25225709:C>G	141	41	2	0.22527472527472528
chr12:96018896:G>C	159	40	2	0.20100502512562815
chr13:38688859:G>A	472	36	2	0.07086614173228346
chr15:88855263:G>C	508	24	2	0.045112781954887216
chr16:5058608:G>A	229	127	2	0.35674157303370785
chr2:119611740:G>C	133	36	2	0.21301775147928995
chr3:62516618:C>G	214	8	2	0.036036036036036036
chr3:114128785:G>A	277	73	2	0.20857142857142857
chr3:158822056:C>T	281	73	2	0.2062146892655367
chr5:40764776:G>C	120	13	2	0.09774436090225563
chr5:108924719:C>G	179	50	2	0.2183406113537118
chr5:115866673:G>A	96	19	2	0.16521739130434782
chr5:124649126:C>G	252	68	2	0.2125
chr5:140870402:T>G	264	135	2	0.3383458646616541
chr6:32293200:C>G	376	13	2	0.033419023136246784
chr6:117268193:T>A	220	64	2	0.22535211267605634
chr7:14718554:C>A	144	46	2	0.24210526315789474
chr7:152152951:T>C	115	74	2	0.3915343915343915
chr8:68446490:C>G	225	9	2	0.038461538461538464
chr9:119313177:C>G	232	63	2	0.2135593220338983
chrX:9895549:G>A	204	139	1	0.40524781341107874
chrX:116462823:G>A	188	19	1	0.09178743961352658
