mutation_id	ref_counts	var_counts	total_cn	VAF
chr1:1825432:G>A	247	39	2	0.13636363636363635
chr10:60073380:G>A	333	40	2	0.10723860589812333
chr13:108727525:C>T	430	38	2	0.0811965811965812
chr16:11384264:C>T	288	37	2	0.11384615384615385
chr17:58661301:C>T	354	46	2	0.115
chr2:70690871:T>C	357	50	2	0.12285012285012285
chr2:203439893:T>C	387	11	2	0.02763819095477387
chr6:54940497:C>T	282	49	2	0.14803625377643503
chr9:4117830:C>T	240	34	1	0.12408759124087591
chrX:77682213:C>T	234	38	2	0.13970588235294118
chrX:148966929:C>A	506	57	2	0.10124333925399645
