mutation_id	ref_counts	var_counts	total_cn	VAF
chr1:1804503:C>T	378	20	2	0.05025125628140704
chr1:1939765:G>T	285	24	2	0.07766990291262135
chr1:23193560:G>T	424	40	2	0.08620689655172414
chr1:114709583:C>T	330	23	2	0.06515580736543909
chr11:74225238:C>T	298	22	2	0.06875
chr11:125077232:C>A	162	99	2	0.3793103448275862
chr12:25227342:T>G	314	31	2	0.08985507246376812
chr12:25245351:C>T	356	32	2	0.08247422680412371
chr14:106657728:CG>-	101	35	1	0.25735294117647056
chr18:63484506:C>A	247	148	2	0.37468354430379747
chr19:50323201:C>T	308	66	2	0.17647058823529413
chr3:48568803:C>T	536	52	2	0.08843537414965986
chr4:186706688:G>A	236	188	2	0.44339622641509435
chr8:7361150:T>A	642	23	2	0.03458646616541353
chr8:143867016:A>T	584	50	2	0.07886435331230283
chrX:76430260:G>A	203	36	1	0.1506276150627615
chrX:120875112:G>C	142	104	1	0.42276422764227645
