mutation_id	ref_counts	var_counts	total_cn	VAF
chr1:237550568:C>T	204	129	2	0.38738738738738737
chr14:106714686:->CGAGG	46	45	2	0.4945054945054945
chr16:15602063:A>G	269	241	2	0.4725490196078431
chr2:98537918:G>A	172	117	2	0.40484429065743943
chr20:36633603:G>A	247	138	2	0.35844155844155845
chr5:180620888:C>T	177	156	2	0.46846846846846846
chr6:50772764:C>T	168	113	2	0.40213523131672596
