mutation_id	ref_counts	var_counts	total_cn	VAF
chr11:6457816:G>A	598	76	2	0.11275964391691394
chr12:7499111:G>A	736	72	2	0.0891089108910891
chr18:50729503:C>A	931	116	2	0.11079274116523401
chr19:55541347:C>T	744	101	2	0.11952662721893491
chr21:46112274:G>A	694	102	2	0.12814070351758794
chr22:41237939:G>C	889	134	2	0.13098729227761485
chr22:45550520:C>A	518	60	2	0.10380622837370242
chr5:13809163:G>A	331	42	2	0.1126005361930295
chr5:75104603:G>A	379	49	2	0.11448598130841121
chr8:29130620:C>T	419	54	2	0.11416490486257928
chr9:5078360:A>G	384	56	1	0.12727272727272726
