mutation_id	ref_counts	var_counts	total_cn	VAF
chr1:34904398:C>T	252	157	2	0.38386308068459657
chr10:61410557:G>A	413	139	3	0.25181159420289856
chr12:25245350:C>T	216	58	2	0.2116788321167883
chr18:25225440:T>C	403	51	3	0.11233480176211454
chr2:50620109:A>T	291	140	2	0.3248259860788863
chr2:135761880:C>A	156	87	2	0.35802469135802467
chr2:218428023:G>A	189	85	2	0.3102189781021898
chr3:51315057:C>T	368	26	2	0.06598984771573604
chr7:29884370:G>A	278	15	2	0.051194539249146756
