mutation_id	ref_counts	var_counts	total_cn	VAF
chr12:55365485:C>A	166	129	2	0.43728813559322033
chr12:101042335:C>T	124	126	2	0.504
chr14:105865249:->CCCCCCGG	33	127	1	0.79375
chr19:8364384:G>A	356	321	2	0.4741506646971935
chr19:8972910:C>T	121	120	2	0.4979253112033195
chr2:79858026:G>A	323	14	2	0.04154302670623145
chr2:206588108:C>T	132	148	2	0.5285714285714286
chr21:26966115:C>G	633	282	3	0.3081967213114754
chr22:22381064:A>T	322	88	2	0.2146341463414634
chr22:38298888:G>A	342	25	2	0.0681198910081744
chr4:138236442:G>C	90	71	2	0.4409937888198758
chr5:72199408:C>T	158	161	2	0.5047021943573667
chrX:3024051:G>A	223	138	2	0.38227146814404434
chrX:70290566:C>G	417	37	2	0.08149779735682819
chrX:154468506:C>T	329	262	2	0.4433164128595601
