mutation_id	ref_counts	var_counts	total_cn	VAF
chr11:637405:G>A	549	399	2	0.4208860759493671
chr17:69123396:G>A	87	60	2	0.40816326530612246
chr19:21971441:T>C	158	124	2	0.4397163120567376
chr19:42360956:G>T	300	222	2	0.42528735632183906
chr2:43925951:A>C	187	99	2	0.34615384615384615
chr22:45548660:C>T	253	187	2	0.425
chr3:141278383:A>T	217	153	2	0.4135135135135135
chr4:17585030:C>T	167	84	2	0.3346613545816733
chr6:38894838:C>G	172	127	2	0.42474916387959866
chr7:101157431:C>T	283	20	2	0.066006600660066
chr8:76706423:G>A	256	77	2	0.23123123123123124
chr9:14806755:C>G	212	140	2	0.3977272727272727
chr9:98306288:C>T	210	142	2	0.4034090909090909
chrX:29955508:C>T	43	200	1	0.823045267489712
chrX:84361541:G>T	34	130	1	0.7926829268292683
