mutation_id	ref_counts	var_counts	total_cn	VAF
chr1:214376327:G>A	227	75	2	0.24834437086092714
chr10:110226215:A>G	231	88	2	0.27586206896551724
chr11:130473803:C>T	201	84	2	0.29473684210526313
chr12:95738119:G>A	105	46	2	0.304635761589404
chr14:106714684:->CCCTCCC	56	22	2	0.28205128205128205
chr15:81225470:T>C	290	22	2	0.07051282051282051
chr16:58043250:C>T	440	28	2	0.05982905982905983
chr2:90100739:CCCA>-	80	54	2	0.40298507462686567
chr3:189215334:G>A	172	85	2	0.33073929961089493
chr4:30724160:A>C	396	19	2	0.04578313253012048
chr4:151128251:G>A	344	32	2	0.0851063829787234
chr7:141701909:->CGGCCC	278	88	2	0.24043715846994534
chr7:142059934:T>C	214	73	2	0.25435540069686413
chrX:23379782:G>C	301	130	2	0.30162412993039445
chrX:51408059:G>A	350	148	2	0.2971887550200803
