mutation_id	ref_counts	var_counts	total_cn	VAF
chr11:65581268:C>T	238	151	2	0.38817480719794345
chr12:25245350:C>T	242	63	2	0.20655737704918034
chr12:112450393:T>A	346	14	2	0.03888888888888889
chr17:10514086:C>G	326	33	3	0.09192200557103064
chr3:16317035:G>A	403	150	3	0.27124773960216997
chr4:22388273:T>A	340	128	3	0.27350427350427353
chr8:102560576:T>G	537	16	3	0.028933092224231464
chr8:144360060:C>T	551	101	3	0.1549079754601227
