mutation_id	ref_counts	var_counts	total_cn	VAF
chr1:9850765:C>A	274	88	2	0.2430939226519337
chr1:102912202:C>A	225	60	2	0.21052631578947367
chr1:102912203:C>T	224	60	2	0.2112676056338028
chr1:186062580:C>T	186	47	2	0.2017167381974249
chr10:97568017:G>A	350	137	2	0.2813141683778234
chr13:32732140:->C	132	38	2	0.2235294117647059
chr14:106639121:->CTCCCGTCTCCAA	22	12	1	0.35294117647058826
chr15:23129835:G>A	984	100	2	0.09225092250922509
chr17:48551113:C>T	505	232	2	0.3147896879240163
chr19:34438712:G>A	285	58	2	0.16909620991253643
chr20:45298566:C>T	226	99	2	0.3046153846153846
chr5:45262618:C>T	395	154	2	0.28051001821493626
chr6:151349139:G>A	325	79	2	0.19554455445544555
chr8:138152809:C>T	272	96	2	0.2608695652173913
chrY:19706252:C>T	154	195	1	0.5587392550143266
