mutation_id	ref_counts	var_counts	total_cn	VAF
chr1:117941824:G>A	61	29	2	0.32222222222222224
chr10:60072076:C>G	161	93	2	0.3661417322834646
chr10:96982567:C>T	261	45	2	0.14705882352941177
chr17:3672479:G>C	246	58	2	0.19078947368421054
chr17:12995025:T>C	520	26	2	0.047619047619047616
chr17:21305062:C>G	544	49	2	0.08263069139966273
chr19:16797770:A>C	209	108	2	0.34069400630914826
chr19:34428523:G>A	249	147	2	0.3712121212121212
chr2:219490620:C>T	243	143	2	0.3704663212435233
chr3:42659157:C>T	320	239	2	0.4275491949910555
chr3:184344938:G>A	257	60	2	0.1892744479495268
chr4:186619593:A>T	265	75	2	0.22058823529411764
chr6:18122516:C>G	586	114	2	0.16285714285714287
chr6:75313399:G>A	258	153	2	0.3722627737226277
chr6:116436104:A>G	366	75	2	0.17006802721088435
chr7:133253163:C>T	313	60	2	0.16085790884718498
chr8:66444709:C>T	216	45	2	0.1724137931034483
chr8:112247029:C>T	292	59	2	0.16809116809116809
chr9:5078360:A>G	174	20	2	0.10309278350515463
chr9:37015127:->G	360	163	2	0.31166347992351817
chr9:116733486:C>T	336	38	2	0.10160427807486631
