mutation_id	ref_counts	var_counts	total_cn	VAF
chr1:11124516:G>A	406	36	2	0.08144796380090498
chr1:156407137:A>G	122	70	2	0.3645833333333333
chr10:70738926:G>-	556	260	2	0.31862745098039214
chr12:52450020:G>C	347	36	2	0.09399477806788512
chr2:209725779:G>A	232	20	2	0.07936507936507936
chr3:51357023:G>A	383	45	2	0.10514018691588785
chr8:87873533:C>T	512	56	2	0.09859154929577464
