mutation_id	ref_counts	var_counts	total_cn	VAF
chr1:15289602:C>T	594	23	2	0.03727714748784441
chr1:53459787:G>A	884	29	2	0.03176341730558598
chr2:108910918:G>T	839	31	2	0.035632183908045977
chr2:178620618:G>T	180	9	2	0.047619047619047616
chr22:17542377:C>A	537	20	2	0.03590664272890485
chr5:73753062:C>A	688	36	2	0.049723756906077346
