mutation_id	ref_counts	var_counts	total_cn	VAF
chr1:37719501:C>T	387	209	2	0.35067114093959734
chr13:41689370:C>T	163	82	2	0.3346938775510204
chr17:82905982:G>A	138	94	2	0.4051724137931034
chr3:64561727:C>T	183	133	2	0.4208860759493671
chr4:155842321:T>A	254	169	2	0.39952718676122934
chr7:55205389:C>A	146	225	1	0.6064690026954178
chr8:19319589:T>C	214	139	2	0.3937677053824363
chr9:129719373:C>T	302	192	2	0.38866396761133604
chrX:74524655:C>G	466	238	2	0.3380681818181818
