mutation_id	ref_counts	var_counts	total_cn	VAF
chr1:33571534:C>T	280	24	2	0.07894736842105263
chr1:114716126:C>T	402	74	2	0.15546218487394958
chr1:114716127:C>T	497	50	2	0.09140767824497258
chr1:228022841:C>T	561	50	2	0.08183306055646482
chr11:62243296:C>T	204	70	2	0.25547445255474455
chr11:115214631:G>A	171	60	2	0.2597402597402597
chr12:128705195:G>C	516	14	2	0.026415094339622643
chr14:67473563:C>G	910	50	3	0.052083333333333336
chr14:99175582:C>T	786	215	3	0.21478521478521478
chr15:40368613:C>T	502	225	2	0.30949105914718017
chr16:3738616:C>T	261	117	2	0.30952380952380953
chr19:19544710:G>A	492	238	2	0.32602739726027397
chr2:32249710:C>A	348	34	2	0.08900523560209424
chr21:42853722:G>A	647	73	4	0.10138888888888889
chr22:22031470:->C	59	49	2	0.4537037037037037
chr22:22031472:A>CC	120	56	2	0.3181818181818182
chr22:22771866:G>A	486	33	2	0.06358381502890173
chr3:36738743:G>A	414	26	2	0.05909090909090909
chr4:81448226:G>A	499	26	2	0.049523809523809526
chr6:166329563:G>A	432	20	3	0.04424778761061947
chrX:34132111:G>A	587	141	3	0.1936813186813187
chrX:71616527:C>T	1278	60	3	0.04484304932735426
chrX:154506903:C>T	726	21	3	0.028112449799196786
