mutation_id	ref_counts	var_counts	total_cn	VAF
chr1:150151005:AAAAA>CCCCC	343	38	2	0.09973753280839895
chr5:131974824:A>-	172	37	2	0.17703349282296652
chr6:73041989:T>A	306	41	2	0.11815561959654179
chr9:76636530:G>A	145	36	2	0.19889502762430938
