mutation_id	ref_counts	var_counts	total_cn	VAF
chr1:32386799:C>T	422	29	2	0.06430155210643015
chr1:43958569:C>A	259	43	2	0.1423841059602649
chr1:156842259:G>T	202	59	2	0.2260536398467433
chr10:20826464:G>C	272	11	2	0.038869257950530034
chr10:95397251:A>G	299	73	2	0.19623655913978494
chr10:113581891:A>G	308	98	2	0.2413793103448276
chr10:116911557:T>A	417	19	2	0.04357798165137615
chr11:22362758:G>A	318	21	2	0.061946902654867256
chr11:124397332:G>C	267	14	2	0.0498220640569395
chr12:111320525:C>T	652	194	2	0.2293144208037825
chr14:73276796:C>A	381	47	2	0.10981308411214953
chr14:106578742:TGTCTCGCAC>CCTCGG	54	43	0	0.44329896907216493
chr14:106675015:TCTCTC>GGGAGG	107	57	1	0.3475609756097561
chr14:106714683:->GGG	21	22	1	0.5116279069767442
chr16:2115535:C>A	722	128	2	0.15058823529411763
chr17:18120558:C>T	525	158	2	0.23133235724743778
chr17:41364898:C>T	605	167	2	0.21632124352331605
chr19:1108310:C>T	602	50	2	0.07668711656441718
chr19:14097435:C>T	332	18	2	0.05142857142857143
chr19:35551481:G>A	367	74	2	0.16780045351473924
chr19:38945040:C>T	621	33	2	0.05045871559633028
chr2:20645504:G>A	257	56	2	0.17891373801916932
chr2:162306772:C>G	333	88	2	0.20902612826603326
chr2:163610751:G>A	644	19	2	0.02865761689291101
chr2:184936567:G>A	440	36	2	0.07563025210084033
chr20:3696645:C>T	356	106	2	0.22943722943722944
chr22:22031472:->TCCT	137	38	2	0.21714285714285714
chr4:25018149:C>A	255	30	2	0.10526315789473684
chr4:55102443:C>T	400	85	2	0.17525773195876287
chr4:73741633:G>C	422	38	2	0.08260869565217391
chr4:107631743:C>T	458	28	2	0.05761316872427984
chr5:148509992:G>T	272	65	2	0.19287833827893175
chr5:178224487:C>T	344	39	2	0.10182767624020887
chr6:135428736:C>T	306	30	2	0.08928571428571429
chr7:1745954:C>T	618	156	2	0.20155038759689922
chr7:94392157:C>T	318	22	2	0.06470588235294118
chr7:95813279:G>C	402	25	2	0.0585480093676815
chr7:108078209:C>T	271	51	2	0.15838509316770186
chr7:128844740:C>G	554	64	2	0.10355987055016182
chr8:24465716:A>T	230	36	2	0.13533834586466165
chr8:26507702:G>A	271	56	2	0.1712538226299694
chr8:38820120:A>G	302	80	2	0.2094240837696335
chr8:109491889:G>A	354	18	2	0.04838709677419355
chr8:116863227:G>C	292	40	2	0.12048192771084337
chr8:143567374:C>T	850	146	2	0.1465863453815261
chr9:27949260:C>T	414	86	2	0.172
chrX:72568010:C>T	250	12	1	0.04580152671755725
chrX:103500351:C>T	192	162	1	0.4576271186440678
