mutation_id	ref_counts	var_counts	total_cn	VAF
chr1:154154900:C>T	208	163	2	0.4393530997304582
chr11:62666584:A>T	266	227	2	0.460446247464503
chr12:49033039:->GGGGC	319	108	2	0.2529274004683841
chr12:85980293:T>A	257	110	2	0.2997275204359673
chr17:7675144:GCGGGTGCCGGGCGG>-	318	79	2	0.19899244332493704
chr17:35745117:G>A	456	47	2	0.09343936381709742
chr18:78992109:G>A	398	257	2	0.39236641221374047
chr4:25004239:G>T	229	127	2	0.35674157303370785
