mutation_id	ref_counts	var_counts	total_cn	VAF
chr1:63323850:G>A	337	164	2	0.3273453093812375
chr12:25245350:C>T	180	70	2	0.28
chr18:12125830:G>A	220	82	2	0.271523178807947
chr2:100948237:G>A	130	43	2	0.24855491329479767
chr20:2795640:C>T	227	97	2	0.2993827160493827
chr21:44074408:C>T	183	97	2	0.3464285714285714
chr3:49799002:G>T	339	133	2	0.2817796610169492
chr3:51356422:C>T	168	65	2	0.27896995708154504
chr4:182789196:C>T	248	116	2	0.31868131868131866
chr7:44763276:G>A	201	85	2	0.2972027972027972
chr8:27879609:G>A	371	145	2	0.2810077519379845
chr9:136979998:C>T	236	96	2	0.2891566265060241
