mutation_id	ref_counts	var_counts	total_cn	VAF
chr10:102067781:G>T	288	48	3	0.14285714285714285
chr11:62977352:C>T	107	59	2	0.35542168674698793
chr11:62981068:G>A	229	22	2	0.08764940239043825
chr12:121809965:C>T	195	95	2	0.3275862068965517
chr16:71027638:A>T	138	75	2	0.352112676056338
chr17:3514613:G>A	236	57	3	0.1945392491467577
chr18:26459809:G>A	325	99	4	0.23349056603773585
chr2:226796519:G>A	194	92	2	0.32167832167832167
chr3:146595071:T>C	124	10	2	0.07462686567164178
chr4:23802279:G>A	371	88	3	0.19172113289760348
chr6:72183080:G>T	266	56	3	0.17391304347826086
chr9:87885310:G>A	564	34	3	0.056856187290969896
chr9:127336161:G>A	231	49	3	0.175
