mutation_id	ref_counts	var_counts	total_cn	VAF
chr1:91719363:G>A	138	90	2	0.39473684210526316
chr10:38017322:C>T	61	37	2	0.37755102040816324
chr10:49103751:C>G	82	86	2	0.5119047619047619
chr10:89443812:T>C	250	16	2	0.06015037593984962
chr11:61955813:G>A	396	24	2	0.05714285714285714
chr14:106373665:->CGCGA	3	30	0	0.9090909090909091
chr14:106373693:G>A	6	30	0	0.8333333333333334
chr15:28260966:C>G	223	27	2	0.108
chr16:19115672:C>T	420	14	2	0.03225806451612903
chr17:78466740:G>A	132	137	2	0.5092936802973977
chr17:82023647:G>C	328	26	2	0.07344632768361582
chr19:52705965:G>A	224	14	2	0.058823529411764705
chr2:209913824:C>G	68	61	2	0.4728682170542636
chr2:227289188:G>A	105	80	2	0.43243243243243246
chr3:50110416:A>G	102	60	2	0.37037037037037035
chr4:121818858:G>A	140	66	2	0.32038834951456313
chr6:63684171:C>G	216	9	2	0.04
chr7:151070472:C>G	233	26	2	0.10038610038610038
chr9:132935076:C>G	84	91	2	0.52
chrX:116172557:C>T	25	100	1	0.8
