mutation_id	ref_counts	var_counts	total_cn	VAF
chr11:65856054:G>A	188	114	2	0.37748344370860926
chr14:21405768:C>T	239	103	3	0.30116959064327486
chr14:106714674:ACACTGTGTCTCTCGCACAGTAAT>CTTCC	38	19	1	0.3333333333333333
chr19:51153164:C>T	202	87	2	0.30103806228373703
chr3:9015699:G>A	175	103	2	0.37050359712230213
chr3:52492182:C>T	510	40	2	0.07272727272727272
chr3:193331207:C>G	192	136	2	0.4146341463414634
chr4:65490482:C>T	214	136	2	0.38857142857142857
chr4:99048836:C>T	165	107	2	0.39338235294117646
chr4:125398878:C>T	171	65	2	0.2754237288135593
chr6:26197171:C>G	139	187	3	0.5736196319018405
chr7:105117878:G>A	286	23	2	0.0744336569579288
chr9:104605499:A>G	177	83	2	0.3192307692307692
chrX:50194360:A>G	22	150	1	0.872093023255814
