mutation_id	ref_counts	var_counts	total_cn	VAF
chr1:99717412:G>A	193	58	2	0.23107569721115537
chr1:157125106:C>T	426	143	2	0.2513181019332162
chr1:243165217:C>G	277	84	2	0.23268698060941828
chr11:93729880:G>A	297	69	2	0.1885245901639344
chr11:118573734:G>A	307	70	2	0.1856763925729443
chr12:47975345:C>G	236	74	2	0.23870967741935484
chr12:109281762:G>A	418	88	2	0.17391304347826086
chr12:120510097:C>T	265	79	2	0.22965116279069767
chr13:69707636:C>T	201	67	2	0.25
chr14:24427922:C>T	448	93	2	0.17190388170055454
chr15:80153096:C>G	427	108	2	0.20186915887850468
chr15:80878750:G>C	361	94	2	0.20659340659340658
chr15:81332730:C>G	469	129	2	0.2157190635451505
chr16:30398169:G>A	577	157	3	0.21389645776566757
chr19:1453076:G>C	414	107	2	0.2053742802303263
chr19:14053653:C>T	506	23	2	0.043478260869565216
chr19:49836278:C>T	626	189	2	0.23190184049079754
chr19:51587030:C>T	254	59	2	0.18849840255591055
chr19:51587297:C>G	246	85	2	0.256797583081571
chr19:51588214:C>T	335	76	2	0.18491484184914841
chr19:55196650:G>C	751	24	2	0.03096774193548387
chr2:54866834:C>G	275	63	2	0.1863905325443787
chr2:65074369:C>G	249	59	2	0.19155844155844157
chr2:85399233:G>A	418	140	2	0.25089605734767023
chr2:117974880:C>T	364	115	2	0.24008350730688935
chr2:197402635:C>G	327	91	2	0.21770334928229665
chr2:219632366:G>A	378	128	2	0.25296442687747034
chr20:36641280:G>C	243	42	2	0.14736842105263157
chr20:46386171:C>T	290	76	2	0.20765027322404372
chr3:52348893:G>A	322	86	2	0.2107843137254902
chr3:134361750:C>T	649	23	2	0.03422619047619048
chr4:6863776:G>A	211	62	2	0.2271062271062271
chr5:31317393:G>T	192	57	2	0.2289156626506024
chr5:141930240:C>G	317	104	2	0.24703087885985747
chr5:178965127:G>A	340	104	2	0.23423423423423423
chr5:181050101:C>A	309	46	2	0.1295774647887324
chr6:41742441:C>G	394	128	2	0.24521072796934865
chr7:101003793:G>A	2023	156	2	0.0715924736117485
chr7:127593944:G>C	354	81	2	0.18620689655172415
chr7:152136897:C>G	388	20	2	0.049019607843137254
chr8:24468791:G>A	284	69	2	0.1954674220963173
chr8:144051968:C>T	846	34	2	0.038636363636363635
chr9:74821704:G>C	353	79	2	0.18287037037037038
chr9:76175014:C>G	279	83	2	0.2292817679558011
chrX:107601719:G>A	323	29	1	0.08238636363636363
