mutation_id	ref_counts	var_counts	total_cn	VAF
chr1:43578842:G>A	236	135	2	0.3638814016172507
chr1:219609797:G>A	558	134	2	0.1936416184971098
chr15:49860232:C>G	210	137	2	0.39481268011527376
chr17:1936542:G>A	287	205	2	0.4166666666666667
chr17:20580175:G>A	114	103	2	0.47465437788018433
chr19:42249177:C>T	350	244	2	0.4107744107744108
chr19:54174166:T>C	447	322	2	0.4187256176853056
chr2:113406872:->AAGGCC	118	22	2	0.15714285714285714
chr22:22162681:->TGTCC	54	27	2	0.3333333333333333
chr4:87047427:A>G	390	29	2	0.06921241050119331
