mutation_id	ref_counts	var_counts	total_cn	VAF
chr1:6051719:C>T	463	187	4	0.2876923076923077
chr1:53506699:G>A	434	306	4	0.4135135135135135
chr1:151369064:G>C	370	154	4	0.29389312977099236
chr1:151424191:C>G	348	107	4	0.23516483516483516
chr1:151709028:G>A	906	28	4	0.029978586723768737
chr1:203348177:G>A	544	31	4	0.05391304347826087
chr10:118595121:C>T	375	313	4	0.45494186046511625
chr10:133357984:G>T	347	282	4	0.4483306836248013
chr12:25225709:C>T	27	111	2	0.8043478260869565
chr12:43550991:G>C	302	208	4	0.40784313725490196
chr12:109803078:T>C	459	84	4	0.15469613259668508
chr12:130436892:C>T	647	203	4	0.2388235294117647
chr13:20036892:C>T	113	92	4	0.44878048780487806
chr16:11688434:G>C	153	124	4	0.44765342960288806
chr16:56467920:G>C	231	58	4	0.20069204152249134
chr17:10501903:T>G	198	27	4	0.12
chr17:39670227:G>C	772	30	4	0.03740648379052369
chr17:40884930:C>G	620	169	4	0.21419518377693283
chr18:62187998:G>C	478	133	4	0.2176759410801964
chr19:4297992:C>T	334	69	4	0.17121588089330025
chr19:8961600:G>C	264	65	4	0.19756838905775076
chr19:34426100:G>C	169	38	4	0.18357487922705315
chr19:41810845:C>G	574	25	4	0.041736227045075125
chr19:56088683:C>G	1033	30	4	0.028222013170272814
chr2:67404140:T>C	59	40	4	0.40404040404040403
chr2:106424953:G>C	365	223	4	0.3792517006802721
chr2:215420764:G>A	295	67	4	0.1850828729281768
chr20:59869931:C>G	143	20	4	0.12269938650306748
chr3:47236543:C>T	684	21	4	0.029787234042553193
chr3:138946359:C>G	958	28	4	0.028397565922920892
chr3:138946465:C>G	866	30	4	0.033482142857142856
chr3:183300066:C>G	513	18	4	0.03389830508474576
chr3:189808495:A>C	327	254	4	0.43717728055077454
chr4:155789726:C>G	131	111	4	0.45867768595041325
chr5:146258501:C>A	332	78	4	0.1902439024390244
chr5:161875594:G>C	199	127	4	0.3895705521472393
chr6:31145804:G>A	342	101	4	0.22799097065462753
chr6:63294964:G>T	215	134	4	0.3839541547277937
chr7:6691490:C>G	614	19	4	0.030015797788309637
chr7:73840110:G>A	272	199	4	0.42250530785562634
chr7:96193071:A>T	233	166	4	0.41604010025062654
chr8:58939509:G>A	313	84	4	0.21158690176322417
chr9:95459648:C>G	424	83	4	0.16370808678500987
chrX:65532609:C>T	26	180	2	0.8737864077669902
