mutation_id	ref_counts	var_counts	total_cn	VAF
chr1:114713907:T>A	343	37	4	0.09736842105263158
chr1:152410525:G>T	235	135	4	0.36486486486486486
chr1:201211633:A>C	544	32	4	0.05555555555555555
chr10:97002933:C>T	268	85	4	0.24079320113314448
chr11:3227934:G>A	505	80	4	0.13675213675213677
chr12:63822113:C>T	282	108	4	0.27692307692307694
chr12:81263369:G>A	174	92	4	0.3458646616541353
chr12:101110543:G>T	112	27	4	0.19424460431654678
chr15:58013878:G>A	298	24	4	0.07453416149068323
chr16:3013874:C>T	332	146	4	0.3054393305439331
chr16:4463757:A>C	325	247	4	0.4318181818181818
chr16:57997776:C>T	264	194	4	0.42358078602620086
chr17:18148532:C>T	184	141	4	0.4338461538461538
chr17:44904578:G>A	261	37	4	0.12416107382550336
chr19:736037:C>T	503	58	4	0.10338680926916222
chr19:19354389:T>C	360	15	4	0.04
chr19:56027079:G>T	269	130	4	0.3258145363408521
chr2:90100738:->AC	28	78	2	0.7358490566037735
chr2:99104105:C>T	43	11	4	0.2037037037037037
chr2:102525094:G>A	232	66	4	0.2214765100671141
chr21:38383755:T>C	814	32	6	0.037825059101654845
chr3:47577386:C>T	349	48	4	0.12090680100755667
chr5:33648837:->AAGGTAGCCC	174	54	4	0.23684210526315788
chr5:90628820:C>T	208	19	4	0.08370044052863436
chr5:160606996:G>A	230	82	4	0.26282051282051283
chr5:181205086:C>T	316	173	4	0.3537832310838446
chr8:25503534:->CTGGCCCGGG	178	54	5	0.23275862068965517
chr8:85107353:G>T	342	112	5	0.24669603524229075
chrX:11139153:G>A	623	148	5	0.191958495460441
chrX:16124160:G>A	326	203	5	0.3837429111531191
chrX:45151772:G>C	784	26	5	0.03209876543209877
chrX:74743963:C>A	274	205	5	0.4279749478079332
chrX:108180581:G>T	334	194	5	0.36742424242424243
chrX:115191678:G>T	827	42	5	0.04833141542002301
chrX:150503389:C>T	778	67	5	0.07928994082840236
chrX:153797479:G>A	462	68	5	0.12830188679245283
