mutation_id	ref_counts	var_counts	total_cn	VAF
chr1:54139782:C>T	602	136	2	0.1842818428184282
chr1:114716126:C>T	179	52	2	0.22510822510822512
chr1:186088271:G>A	66	66	2	0.5
chr16:633754:C>T	989	48	2	0.04628736740597879
chr18:57360109:A>G	180	164	2	0.47674418604651164
chr3:13819288:C>T	346	342	2	0.49709302325581395
chr3:138572913:G>A	102	67	2	0.39644970414201186
chr3:165190221:G>A	152	107	2	0.41312741312741313
