mutation_id	ref_counts	var_counts	total_cn	VAF
chr12:72273494:C>-	184	164	2	0.47126436781609193
chr16:20471183:C>T	155	86	2	0.35684647302904565
chr16:20546394:C>T	184	64	2	0.25806451612903225
chr17:42787899:G>A	284	111	3	0.2810126582278481
chr2:90005629:T>-	197	54	2	0.2151394422310757
chr2:228019336:C>A	194	168	2	0.46408839779005523
chr2:235041199:G>A	225	64	2	0.22145328719723184
chr20:32634011:C>A	179	55	2	0.23504273504273504
chr6:126012817:G>A	217	66	3	0.2332155477031802
chr8:142777983:C>T	347	122	2	0.2601279317697228
