mutation_id	ref_counts	var_counts	total_cn	VAF
chr18:44950094:C>T	386	67	2	0.1479028697571744
chr2:109449304:C>T	483	262	2	0.3516778523489933
chr2:206307585:C>T	113	20	2	0.15037593984962405
chr20:57171095:T>C	334	11	2	0.03188405797101449
chr4:144708301:G>A	223	86	2	0.2783171521035599
chrX:49254028:C>T	706	23	2	0.03155006858710562
