mutation_id	ref_counts	var_counts	total_cn	VAF
chr1:11130553:C>G	356	143	2	0.2865731462925852
chr1:145788910:G>A	116	19	2	0.14074074074074075
chr10:26217956:A>G	645	17	2	0.0256797583081571
chr10:60075133:G>A	416	22	2	0.0502283105022831
chr10:117290303:G>A	325	114	2	0.25968109339407747
chr11:977177:G>A	436	122	2	0.21863799283154123
chr11:92797848:A>C	220	82	2	0.271523178807947
chr12:81362741:T>C	163	49	2	0.23113207547169812
chr12:123813400:G>A	202	91	2	0.310580204778157
chr14:106592680:TCGCACAGTA>CCCCCGCACAGTATG	122	14	1	0.10294117647058823
chr14:106714676:ACTGTGTCT>CC	117	20	1	0.145985401459854
chr16:2964521:A>C	293	88	2	0.23097112860892388
chr16:15635923:G>T	465	168	2	0.26540284360189575
chr16:30083718:G>A	338	95	2	0.21939953810623555
chr16:53255745:T>C	164	45	2	0.215311004784689
chr17:16064892:G>T	214	68	2	0.24113475177304963
chr17:79047750:G>A	364	141	2	0.27920792079207923
chr18:37565640:A>T	254	108	2	0.2983425414364641
chr19:4343891:G>A	536	25	2	0.044563279857397504
chr2:43428211:C>T	171	80	2	0.3187250996015936
chr2:128134933:A>C	239	83	2	0.2577639751552795
chr2:178620221:T>G	133	79	2	0.37264150943396224
chr2:211430974:C>T	205	90	2	0.3050847457627119
chr20:63537161:C>T	845	26	2	0.029850746268656716
chr21:10567672:G>T	89	15	3	0.14423076923076922
chr21:46112271:C>T	548	185	3	0.252387448840382
chr22:45386946:A>C	338	103	2	0.23356009070294784
chr3:11358583:C>T	259	73	2	0.21987951807228914
chr5:141179595:G>C	1870	233	2	0.11079410366143605
chr5:160394741:T>G	255	82	2	0.2433234421364985
chr6:43061465:C>T	342	164	2	0.3241106719367589
chr6:70240712:C>T	188	24	2	0.11320754716981132
chr7:120274677:G>A	438	144	2	0.24742268041237114
chr7:122304123:C>T	559	145	2	0.2059659090909091
chr9:79718893:G>A	344	92	2	0.21100917431192662
chr9:93079475:G>C	273	10	2	0.0353356890459364
