mutation_id	ref_counts	var_counts	total_cn	VAF
chr1:81981909:T>C	127	54	2	0.2983425414364641
chr11:113975349:G>A	159	128	2	0.445993031358885
chr12:3583095:C>T	252	17	2	0.06319702602230483
chr12:49031690:->G	346	172	2	0.33204633204633205
chr12:52447376:G>A	223	136	2	0.3788300835654596
chr12:57209826:G>A	132	76	2	0.36538461538461536
chr13:28018505:C>G	129	77	2	0.3737864077669903
chr13:113082435:C>T	109	69	2	0.38764044943820225
chr14:71588309:C>T	433	32	3	0.06881720430107527
chr19:56817391:C>A	178	126	2	0.4144736842105263
chr4:2337467:G>A	442	18	3	0.0391304347826087
chr4:99652252:G>A	304	134	3	0.3059360730593607
chr5:10748254:G>A	115	65	2	0.3611111111111111
chr5:181130194:G>A	158	114	2	0.41911764705882354
chr7:5302875:G>A	188	143	2	0.43202416918429004
chrX:136344734:C>T	326	146	3	0.3093220338983051
