mutation_id	ref_counts	var_counts	total_cn	VAF
chr1:44138928:C>T	160	120	2	0.42857142857142855
chr1:46010872:G>A	496	45	2	0.08317929759704251
chr10:49612199:G>T	714	63	2	0.08108108108108109
chr10:62655434:C>A	253	196	2	0.4365256124721604
chr10:106776634:C>A	518	18	2	0.033582089552238806
chr11:55839211:G>A	457	18	2	0.037894736842105266
chr12:81754143:A>T	181	152	2	0.45645645645645644
chr16:1346486:G>A	215	150	2	0.410958904109589
chr17:59353465:G>A	422	17	2	0.0387243735763098
chr17:63895483:G>A	570	46	2	0.07467532467532467
chr19:2207671:C>A	42	153	0	0.7846153846153846
chr19:52451425:G>A	638	58	2	0.08333333333333333
chr20:51674193:T>C	206	150	2	0.42134831460674155
chr21:39511772:C>G	409	19	1	0.04439252336448598
chr22:28796097:->A	307	47	2	0.1327683615819209
chr22:28796137:C>G	308	58	2	0.15846994535519127
chr3:64681272:G>T	436	41	2	0.0859538784067086
chr5:141189222:C>T	692	276	2	0.28512396694214875
chr5:141194456:C>T	873	90	2	0.09345794392523364
chr6:81752596:C>A	451	57	2	0.11220472440944881
chr9:12702423:C>T	197	49	2	0.1991869918699187
