mutation_id	ref_counts	var_counts	total_cn	VAF
chr1:103026236:C>G	226	13	2	0.05439330543933055
chr1:236754025:C>T	366	59	2	0.1388235294117647
chr1:248203138:A>G	404	70	2	0.14767932489451477
chr11:17559631:C>T	279	61	1	0.17941176470588235
chr11:60292367:G>T	153	22	1	0.12571428571428572
chr12:25245348:C>A	223	47	1	0.17407407407407408
chr13:96833074:G>A	341	64	1	0.1580246913580247
chr14:96285767:G>A	192	30	2	0.13513513513513514
chr15:40213334:T>A	80	36	2	0.3103448275862069
chr16:66610851:C>T	276	139	2	0.3349397590361446
chr2:90221292:->GG	226	34	1	0.13076923076923078
chr2:219468894:C>T	295	61	2	0.17134831460674158
chr3:133928467:G>A	438	77	1	0.14951456310679612
chr3:172448200:G>A	449	112	1	0.19964349376114082
chr5:119133566:A>C	312	58	2	0.15675675675675677
chr6:5085903:C>T	746	22	2	0.028645833333333332
chr6:29440898:G>A	546	89	2	0.14015748031496064
chr7:49937592:C>T	169	106	2	0.38545454545454544
chr8:75558803:G>T	126	28	2	0.18181818181818182
chrX:7259549:C>A	603	24	2	0.03827751196172249
