mutation_id	ref_counts	var_counts	total_cn	VAF
chr10:106667786:G>A	556	45	3	0.07487520798668885
chr12:25225627:G>A	137	79	2	0.36574074074074076
chr12:104123242:A>C	142	60	2	0.297029702970297
chr2:215406311:G>C	263	180	2	0.40632054176072235
chr6:51744531:C>A	204	83	3	0.289198606271777
chr6:51744532:C>A	202	81	3	0.2862190812720848
