mutation_id	ref_counts	var_counts	total_cn	VAF
chr1:53459952:G>A	298	267	2	0.4725663716814159
chr12:48526519:G>T	468	18	2	0.037037037037037035
chr12:49002999:C>T	307	27	2	0.08083832335329341
chr12:57807683:T>A	394	33	2	0.07728337236533958
chr15:41750324:T>C	258	63	2	0.19626168224299065
chr15:82854755:C>T	486	44	2	0.0830188679245283
chr17:44079162:C>T	195	126	2	0.3925233644859813
chr17:65535665:C>T	277	83	2	0.23055555555555557
chr19:10005858:C>T	552	42	2	0.0707070707070707
chr2:186504064:C>T	271	73	2	0.21220930232558138
chr20:62346581:C>T	149	35	1	0.19021739130434784
chr3:49910403:C>T	413	44	2	0.0962800875273523
chr4:1023960:C>T	364	196	2	0.35
chr4:87318425:C>T	329	39	2	0.10597826086956522
chr5:11397171:G>A	233	66	2	0.22073578595317725
chr6:26234702:T>A	214	203	2	0.486810551558753
chr6:117321389:G>T	226	71	2	0.23905723905723905
chr8:74315389:G>A	595	49	2	0.07608695652173914
chr9:69391787:C>T	352	41	2	0.10432569974554708
chrX:31729721:G>A	270	67	2	0.19881305637982197
