mutation_id	ref_counts	var_counts	total_cn	VAF
chr1:2800564:C>T	383	298	2	0.43759177679882527
chr1:114713907:T>G	301	37	2	0.10946745562130178
chr11:58180216:T>A	224	176	2	0.44
chr11:84316845:C>T	270	40	2	0.12903225806451613
chr12:25245350:C>T	225	74	2	0.24749163879598662
chr15:23566761:C>T	254	83	2	0.24629080118694363
chr16:2054303:G>A	160	84	2	0.3442622950819672
chr19:42249346:G>A	349	263	2	0.4297385620915033
chr2:190659527:T>C	200	140	2	0.4117647058823529
chr4:44175169:C>T	210	113	2	0.3498452012383901
chr5:33954395:G>C	260	155	2	0.37349397590361444
chr6:10907654:C>A	118	74	2	0.3854166666666667
chr7:2712549:G>A	485	61	2	0.11172161172161173
chrX:93709640:A>-	21	35	1	0.625
