mutation_id	ref_counts	var_counts	total_cn	VAF
chr1:15289578:G>A	230	175	2	0.43209876543209874
chr1:32964256:C>G	278	281	2	0.5026833631484794
chr1:164807543:C>T	142	69	3	0.32701421800947866
chr10:24607541:G>A	138	93	2	0.4025974025974026
chr11:73655856:C>A	187	133	2	0.415625
chr12:49604387:->T	151	89	2	0.37083333333333335
chr13:51941171:G>A	147	144	2	0.4948453608247423
chr14:53952090:G>A	181	167	2	0.47988505747126436
chr16:69939044:C>T	112	83	2	0.4256410256410256
chr17:41732358:T>C	128	122	2	0.488
chr19:41443270:G>A	224	76	2	0.25333333333333335
chr3:133748578:C>T	115	96	2	0.4549763033175355
chr8:109442092:G>A	158	109	2	0.40823970037453183
chrX:152736888:A>G	190	8	1	0.04040404040404041
