mutation_id	ref_counts	var_counts	total_cn	VAF
chr10:97047694:C>A	30	130	1	0.8125
chr12:112450362:A>T	160	132	2	0.4520547945205479
chr13:78602086:C>T	190	174	2	0.47802197802197804
chr14:104945124:C>T	320	161	2	0.33471933471933474
chr14:106627248:->GCCTA	87	89	1	0.5056818181818182
chr15:24678559:C>A	275	219	2	0.4433198380566802
chr17:83085070:C>T	828	28	2	0.03271028037383177
chr2:144389983:T>C	312	125	2	0.28604118993135014
chr2:184938978:A>C	235	187	2	0.4431279620853081
chr20:49482329:C>T	364	276	2	0.43125
chr3:84959626:G>A	349	212	2	0.3778966131907308
chr6:99281210:G>A	139	101	2	0.42083333333333334
chr9:37015168:G>C	190	170	2	0.4722222222222222
