mutation_id	ref_counts	var_counts	total_cn	VAF
chr1:3496705:G>A	317	84	2	0.20947630922693267
chr1:6125832:G>T	288	76	2	0.2087912087912088
chr1:114876127:T>C	262	10	2	0.03676470588235294
chr1:182527641:A>G	261	105	2	0.28688524590163933
chr10:12761037:A>G	340	72	3	0.17475728155339806
chr10:115171286:C>T	271	33	3	0.10855263157894737
chr10:133279867:C>T	584	119	3	0.16927453769559034
chr13:23660374:G>A	98	97	2	0.49743589743589745
chr14:19780682:T>C	539	100	3	0.1564945226917058
chr15:29719989:A>T	309	74	2	0.19321148825065274
chr16:314669:C>T	202	33	2	0.14042553191489363
chr19:41762005:C>T	239	44	2	0.15547703180212014
chr2:186667193:G>T	254	22	2	0.07971014492753623
chr3:46833080:G>C	336	74	2	0.18048780487804877
chr5:146260782:C>T	202	89	2	0.30584192439862545
chr7:84999592:C>T	264	68	2	0.20481927710843373
chrX:37009079:C>A	207	122	1	0.3708206686930091
