mutation_id	ref_counts	var_counts	total_cn	VAF
chr1:17005025:G>A	369	120	2	0.24539877300613497
chr11:58267522:G>A	286	82	2	0.22282608695652173
chr13:102738477:C>T	310	14	2	0.043209876543209874
chr14:23476136:G>A	190	60	2	0.24
chr15:39589888:C>T	323	103	2	0.24178403755868544
chr19:1802526:G>A	255	81	2	0.24107142857142858
chr19:6694599:C>T	236	90	2	0.27607361963190186
chr2:21002218:C>G	364	25	2	0.06426735218508997
chr22:25039700:G>T	522	84	2	0.13861386138613863
chr22:36490062:G>C	500	28	2	0.05303030303030303
chr7:35244998:G>C	284	15	2	0.05016722408026756
