mutation_id	ref_counts	var_counts	total_cn	VAF
chr1:26030525:G>A	318	106	4	0.25
chr1:114716126:C>T	448	130	4	0.22491349480968859
chr11:22362750:G>A	245	66	4	0.21221864951768488
chr12:53276701:G>A	404	121	4	0.23047619047619047
chr14:106770577:->CCTCGGGTTC	109	26	3	0.1925925925925926
chr15:45136613:G>C	304	107	4	0.26034063260340634
chr19:40714544:C>T	395	164	4	0.29338103756708406
chr19:51746361:C>T	340	124	4	0.2672413793103448
chr2:178592872:G>A	368	108	4	0.226890756302521
chr22:22381346:->CCT	253	87	4	0.25588235294117645
chr22:22899618:TGTGGTAT>ACC	413	92	4	0.18217821782178217
chr3:49652428:C>T	433	136	4	0.2390158172231986
chr4:154320907:T>C	263	87	4	0.24857142857142858
chr4:174977468:G>T	320	98	4	0.23444976076555024
chr5:140809328:C>A	329	134	4	0.2894168466522678
chr6:30160735:G>A	765	248	4	0.24481737413622903
chrX:34132241:G>A	228	137	2	0.37534246575342467
