mutation_id	ref_counts	var_counts	total_cn	VAF
chr1:112456781:C>T	420	16	2	0.03669724770642202
chr1:196949637:C>A	165	37	2	0.18316831683168316
chr12:108292553:C>T	368	60	2	0.14018691588785046
chr15:57963944:G>A	381	116	2	0.23340040241448692
chr17:76173727:G>A	219	50	2	0.18587360594795538
chr18:26546801:A>G	446	42	2	0.0860655737704918
chr19:5843810:G>C	589	84	2	0.12481426448736999
chr2:88897784:->CTTTCTGC	96	14	2	0.12727272727272726
chr3:46733815:C>T	261	48	2	0.1553398058252427
chr6:113956679:C>A	260	32	2	0.1095890410958904
chr6:123393666:C>-	284	36	2	0.1125
chr8:109464477:A>T	252	35	2	0.12195121951219512
chrX:117899120:C>T	138	59	1	0.29949238578680204
