mutation_id	ref_counts	var_counts	total_cn	VAF
chr1:4772292:C>T	159	137	2	0.46283783783783783
chr1:114716126:C>G	222	55	2	0.19855595667870035
chr11:15986301:G>A	335	28	2	0.07713498622589532
chr11:64289356:G>A	231	150	2	0.3937007874015748
chr11:65539424:G>A	375	90	2	0.1935483870967742
chr11:84316889:G>C	296	61	2	0.17086834733893558
chr12:25225713:T>A	248	55	2	0.18151815181518152
chr12:82895919:C>-	220	143	2	0.3939393939393939
chr13:110458802:C>T	244	46	2	0.15862068965517243
chr14:19976427:G>A	328	312	4	0.4875
chr14:23402596:A>C	625	54	4	0.07952871870397643
chr14:33800147:C>T	891	255	4	0.22251308900523561
chr14:41891717:C>T	490	170	4	0.25757575757575757
chr14:62707609:G>T	480	146	4	0.23322683706070288
chr14:103581640:G>A	464	106	4	0.18596491228070175
chr15:48470665:G>A	194	129	2	0.3993808049535604
chr15:55546712:T>G	169	103	2	0.3786764705882353
chr16:3731323:AGG>-	444	86	2	0.16226415094339622
chr16:3749626:C>T	119	75	2	0.3865979381443299
chr16:81139558:A>G	227	182	2	0.4449877750611247
chr17:8500825:C>A	245	104	3	0.2979942693409742
chr17:45816567:C>T	256	107	3	0.29476584022038566
chr19:50406416:C>T	185	138	2	0.42724458204334365
chr2:165679516:C>T	161	173	2	0.5179640718562875
chr2:188987119:G>A	164	113	2	0.40794223826714804
chr20:16379718:C>T	202	163	2	0.4465753424657534
chr3:62372095:G>A	548	24	2	0.04195804195804196
chr4:73410315:G>A	172	74	3	0.3008130081300813
chr4:99310874:G>-	246	75	3	0.2336448598130841
chr5:3599313:->GT	328	211	2	0.3914656771799629
chr5:87405003:C>T	126	92	2	0.42201834862385323
chr6:54941768:G>A	330	143	3	0.3023255813953488
chr6:75663506:C>T	158	62	3	0.2818181818181818
chr7:141764262:G>A	392	21	2	0.05084745762711865
chr8:66152526:CT>-	304	182	2	0.37448559670781895
chr8:140435237:G>A	239	59	2	0.19798657718120805
chr9:13217189:T>C	87	69	2	0.4423076923076923
chr9:84285357:C>T	157	42	2	0.21105527638190955
chr9:137040534:G>A	335	304	2	0.4757433489827856
chrX:2918120:C>A	706	262	3	0.2706611570247934
chrX:31182877:C>T	391	167	3	0.2992831541218638
chrX:41473838:C>T	585	316	3	0.3507214206437292
chrX:79363126:C>T	246	94	3	0.27647058823529413
chrX:104254420:G>A	518	233	3	0.31025299600532624
chrX:119088587:G>C	706	70	3	0.09020618556701031
chrX:135908167:T>C	369	131	3	0.262
chrX:141905591:T>C	626	264	3	0.2966292134831461
chrX:154485603:C>A	416	148	3	0.2624113475177305
