mutation_id	ref_counts	var_counts	total_cn	VAF
chr1:33546168:C>T	217	152	2	0.41192411924119243
chr1:37794404:G>A	320	156	2	0.3277310924369748
chr1:54781601:G>A	370	293	2	0.4419306184012066
chr1:77858959:C>T	77	57	2	0.4253731343283582
chr11:26994637:C>T	444	163	3	0.2685337726523888
chr13:99970605:G>A	123	84	2	0.4057971014492754
chr15:23031965:C>T	58	35	2	0.3763440860215054
chr17:78455803:G>A	346	117	3	0.2526997840172786
chr20:45775560:A>G	173	148	2	0.46105919003115264
chr4:13627510:C>T	364	12	3	0.031914893617021274
chr4:72339604:C>T	315	97	3	0.2354368932038835
chr5:15928066:C>T	313	127	3	0.28863636363636364
chr5:78416545:A>G	88	40	3	0.3125
chr8:143706818:G>A	672	208	3	0.23636363636363636
chrX:139598411:A>G	30	33	2	0.5238095238095238
