mutation_id	ref_counts	var_counts	total_cn	VAF
chr1:24108624:G>A	350	24	2	0.06417112299465241
chr1:26573316:G>A	271	208	2	0.4342379958246347
chr1:153689194:G>A	255	24	2	0.08602150537634409
chr1:228272093:C>T	604	66	2	0.09850746268656717
chr11:94111604:C>T	380	36	2	0.08653846153846154
chr16:50729836:C>T	94	101	2	0.517948717948718
chr16:67621570:A>G	259	32	2	0.10996563573883161
chr18:8244074:C>T	160	144	2	0.47368421052631576
chr19:38459229:G>A	283	211	2	0.4271255060728745
chr2:90100738:TCCCACAGTGTTACAC>GCCA	151	33	2	0.1793478260869565
chr20:59755283:C>A	416	49	2	0.1053763440860215
chr21:44895008:G>A	280	132	2	0.32038834951456313
chr22:22409837:C>T	154	117	2	0.4317343173431734
chr3:15262278:C>T	268	21	2	0.0726643598615917
chr3:179653241:G>A	230	166	2	0.41919191919191917
chr3:179653242:C>A	234	168	2	0.417910447761194
chr4:69596285:G>C	384	17	2	0.04239401496259352
chr4:99653403:G>C	414	18	2	0.041666666666666664
chr5:90653548:C>T	284	124	2	0.30392156862745096
chr5:102291430:C>A	490	18	2	0.03543307086614173
chr6:10902886:T>C	143	87	2	0.3782608695652174
chr6:10902887:T>G	142	87	2	0.3799126637554585
chr6:32046324:G>A	545	87	2	0.13765822784810128
chr7:152249903:G>A	257	26	2	0.09187279151943463
chr8:72568265:G>A	195	158	2	0.4475920679886686
chrX:73825597:T>A	244	37	2	0.13167259786476868
chrX:80677015:C>T	374	229	2	0.37976782752902155
