mutation_id	ref_counts	var_counts	total_cn	VAF
chr1:12883143:G>A	387	54	2	0.12244897959183673
chr1:148863291:C>T	107	55	2	0.3395061728395062
chr11:83206070:C>A	303	40	3	0.11661807580174927
chr3:98064545:C>T	216	131	2	0.37752161383285304
chr5:140884515:G>A	184	144	2	0.43902439024390244
chr6:122998069:C>A	221	163	2	0.4244791666666667
chr7:87197869:C>T	240	23	2	0.08745247148288973
chr8:67159137:G>A	180	7	3	0.0374331550802139
chr9:14307144:A>G	354	114	3	0.24358974358974358
chrX:37010414:G>A	541	219	3	0.2881578947368421
chrX:130051945:T>G	493	195	3	0.28343023255813954
