mutation_id	ref_counts	var_counts	total_cn	VAF
chr1:181763510:G>A	262	22	2	0.07746478873239436
chr11:1456659:C>T	581	99	2	0.14558823529411766
chr11:61523267:G>A	250	37	2	0.1289198606271777
chr12:6592032:G>A	283	32	2	0.10158730158730159
chr12:96685060:G>C	290	31	2	0.09657320872274143
chr15:22914841:G>T	582	50	2	0.07911392405063292
chr16:1079387:G>A	769	80	2	0.09422850412249706
chr17:8753426:G>A	362	30	2	0.07653061224489796
chr17:82092984:C>T	518	32	2	0.05818181818181818
chr19:1816247:G>A	289	24	2	0.07667731629392971
chr3:37083658:C>G	136	9	2	0.06206896551724138
chr3:47410378:C>A	675	75	2	0.1
chr3:125451388:C>T	220	15	2	0.06382978723404255
chr4:148435137:G>A	280	24	2	0.07894736842105263
chr5:41057297:T>C	328	30	2	0.08379888268156424
chr7:65398923:C>T	201	23	2	0.10267857142857142
chr7:97022283:G>A	626	44	2	0.06567164179104477
chr8:67204813:G>A	275	29	2	0.09539473684210527
chr9:109420571:C>T	366	32	2	0.08040201005025126
chrX:119759466:A>T	752	66	2	0.08068459657701711
