mutation_id	ref_counts	var_counts	total_cn	VAF
chr1:35097343:C>T	105	82	2	0.4385026737967914
chr1:179445074:G>A	176	123	2	0.411371237458194
chr1:197060539:A>C	84	42	2	0.3333333333333333
chr10:73653506:C>T	420	146	3	0.2579505300353357
chr10:121479938:A>T	269	93	3	0.2569060773480663
chr10:125026591:G>A	498	174	3	0.25892857142857145
chr16:2496844:C>T	218	119	2	0.35311572700296734
chr18:46542737:A>C	241	89	3	0.2696969696969697
chr18:54936889:G>A	260	59	3	0.18495297805642633
chr19:50247059:C>T	204	120	2	0.37037037037037035
chr2:189004090:G>A	227	107	2	0.3203592814371258
chr2:219302367:T>A	200	107	2	0.3485342019543974
chr2:240029802:G>T	238	116	2	0.327683615819209
chr20:63565609:G>A	478	32	2	0.06274509803921569
chr22:41169528:A>T	131	80	2	0.3791469194312796
chr3:10238867:C>T	258	126	2	0.328125
chr3:51715677:G>A	229	144	2	0.38605898123324395
chr4:25414359:T>G	161	57	3	0.26146788990825687
chr4:113278525:G>A	181	63	3	0.2581967213114754
chr4:113278526:G>A	180	60	3	0.25
chr5:36680467:C>T	329	122	3	0.270509977827051
chr5:83520255:G>A	203	73	3	0.2644927536231884
chr5:152404995:C>T	332	67	3	0.16791979949874686
chr8:7333588:G>T	193	98	2	0.33676975945017185
chrX:31679479:C>T	190	131	2	0.40809968847352024
chrX:153456530:G>T	238	155	2	0.3944020356234097
