mutation_id	ref_counts	var_counts	total_cn	VAF
chr1:1815801:C>T	346	49	2	0.1240506329113924
chr1:21874650:G>C	444	16	2	0.034782608695652174
chr1:197200190:T>C	271	37	2	0.12012987012987013
chr1:239907474:C>T	179	41	2	0.18636363636363637
chr11:4914833:G>T	439	19	2	0.04148471615720524
chr11:4915010:G>C	468	15	2	0.031055900621118012
chr11:17117665:G>C	195	18	2	0.08450704225352113
chr11:117206200:C>G	382	50	2	0.11574074074074074
chr11:134185344:T>C	203	39	2	0.16115702479338842
chr12:104331639:G>C	200	12	2	0.05660377358490566
chr12:104331640:A>T	198	12	2	0.05714285714285714
chr12:131728358:T>C	278	185	2	0.39956803455723544
chr14:21979120:->AGGCC	186	22	2	0.10576923076923077
chr14:22439014:->G	90	44	1	0.3283582089552239
chr14:31107126:C>G	326	20	2	0.057803468208092484
chr14:54760304:G>A	633	24	2	0.0365296803652968
chr14:106470257:ACTGTGTATCTT>GGAA	60	29	1	0.3258426966292135
chr17:11632593:G>C	170	12	2	0.06593406593406594
chr17:50078048:G>T	322	17	2	0.05014749262536873
chr17:50078049:G>C	321	17	2	0.05029585798816568
chr19:38846015:C>G	289	51	2	0.15
chr2:37228061:C>G	394	34	2	0.0794392523364486
chr2:75664763:A>T	214	21	2	0.08936170212765958
chr21:45222136:C>T	554	21	2	0.036521739130434785
chr3:15258952:C>T	428	38	2	0.0815450643776824
chr3:49804409:T>C	403	85	2	0.17418032786885246
chr3:97788105:A>C	266	26	2	0.08904109589041095
chr3:127660401:G>C	306	12	2	0.03773584905660377
chr6:43338696:C>T	375	12	2	0.031007751937984496
chr6:129148978:G>A	169	27	2	0.1377551020408163
chr7:1746263:C>G	632	51	2	0.0746705710102489
chr7:2525298:C>G	426	18	2	0.04054054054054054
chr7:44074143:G>C	461	17	2	0.03556485355648536
chr7:44843312:T>C	366	15	2	0.03937007874015748
chr9:13125215:C>T	165	25	2	0.13157894736842105
chr9:33469329:C>T	182	126	2	0.4090909090909091
chr9:122990179:G>C	262	14	2	0.050724637681159424
chrX:1352129:C>G	533	34	2	0.059964726631393295
