mutation_id	ref_counts	var_counts	total_cn	VAF
chr1:20780518:T>G	193	120	4	0.38338658146964855
chr1:200986905:G>A	268	136	4	0.33663366336633666
chr1:236011930:C>T	159	85	4	0.3483606557377049
chr10:62805143:C>T	467	159	4	0.2539936102236422
chr11:95789447:T>G	293	182	4	0.3831578947368421
chr12:95683607:G>A	243	161	4	0.39851485148514854
chr12:112489084:G>T	442	26	4	0.05555555555555555
chr18:78997164:G>A	455	264	4	0.3671766342141864
chr19:3290343:G>A	149	99	4	0.39919354838709675
chr19:17816913:G>A	244	223	4	0.47751605995717344
chr2:75647182:A>G	300	116	4	0.27884615384615385
chr2:208128364:G>A	223	155	4	0.41005291005291006
chr2:233822475:G>A	274	145	4	0.3460620525059666
chr20:4221819:G>A	468	34	4	0.06772908366533864
chr21:44082889:G>A	495	164	4	0.2488619119878604
chr22:22031468:ATTCA>CCCTC	90	79	4	0.46745562130177515
chr4:7434502:C>T	374	140	4	0.2723735408560311
chr4:51995750:->CC	239	130	4	0.3523035230352303
chr7:45888851:C>T	408	266	4	0.39465875370919884
chr7:139272336:A>C	254	16	4	0.05925925925925926
chr7:152176827:C>T	235	173	4	0.42401960784313725
chr8:115414895:G>A	253	147	4	0.3675
chrX:141905925:C>A	632	28	4	0.04242424242424243
chrX:141907627:G>C	360	199	4	0.3559928443649374
