mutation_id	ref_counts	var_counts	total_cn	VAF
chr1:12135612:C>T	198	133	2	0.40181268882175225
chr1:114716123:C>T	204	80	2	0.28169014084507044
chr1:114716126:C>T	250	32	2	0.11347517730496454
chr11:4999775:C>T	202	172	2	0.45989304812834225
chr11:32702937:AG>-	176	84	2	0.3230769230769231
chr12:85057182:C>A	104	79	2	0.43169398907103823
chr14:67729230:T>C	303	55	2	0.15363128491620112
chr14:105143149:C>T	352	11	2	0.030303030303030304
chr15:41669172:C>T	142	143	2	0.5017543859649123
chr16:67616851:->G	232	138	2	0.372972972972973
chr16:75243087:C>T	168	46	2	0.21495327102803738
chr16:75478883:G>A	222	191	2	0.46246973365617433
chr16:87711365:G>C	396	40	2	0.09174311926605505
chr19:9980853:G>A	173	146	2	0.45768025078369906
chr19:49701413:C>T	403	45	2	0.10044642857142858
chr2:89176314:TGTACCACTGTGTGAGGAAATTG>CCTCT	122	94	2	0.4351851851851852
chr21:26844600:C>T	677	195	4	0.22362385321100917
chr21:45492543:C>T	460	146	4	0.24092409240924093
chr3:142962297:G>A	358	34	2	0.08673469387755102
chr4:125490955:G>A	348	126	3	0.26582278481012656
chr6:39907044:C>A	483	31	3	0.06031128404669261
chr6:117270988:G>A	610	64	3	0.09495548961424333
chr7:100991552:C>T	222	178	2	0.445
chr7:140102102:C>T	164	127	2	0.436426116838488
chr8:119797747:G>A	377	145	3	0.2777777777777778
chr8:132100077:G>A	394	36	3	0.08372093023255814
chr8:144116110:C>G	350	150	3	0.3
chr9:93035390:C>T	221	193	2	0.46618357487922707
chrX:153794719:C>T	492	57	3	0.10382513661202186
