mutation_id	ref_counts	var_counts	total_cn	VAF
chr1:56876124:G>T	373	43	2	0.10336538461538461
chr1:164807611:C>A	436	15	2	0.03325942350332594
chr1:181772160:G>A	512	147	2	0.22306525037936267
chr11:70165556:C>T	208	134	2	0.391812865497076
chr12:75316369:C>A	414	20	2	0.04608294930875576
chr12:95867164:G>A	288	90	2	0.23809523809523808
chr13:24842111:T>A	182	55	2	0.2320675105485232
chr13:43085809:G>C	209	46	2	0.1803921568627451
chr14:23397562:G>A	459	33	2	0.06707317073170732
chr14:52858525:A>C	280	23	2	0.07590759075907591
chr14:104930900:C>T	469	60	2	0.11342155009451796
chr14:106511113:TGTCTCTCGCAC>-	5	9	0	0.6428571428571429
chr15:34356761:C>T	402	26	2	0.06074766355140187
chr16:55871667:G>T	338	29	2	0.07901907356948229
chr16:70463234:C>G	260	32	2	0.1095890410958904
chr16:72793700:G>A	351	91	2	0.20588235294117646
chr17:30078315:C>T	360	17	2	0.04509283819628647
chr18:31411406:C>T	403	49	2	0.1084070796460177
chr18:65858987:G>A	149	127	2	0.4601449275362319
chr19:13913574:G>A	564	40	2	0.06622516556291391
chr19:13913575:G>A	566	42	2	0.06907894736842106
chr19:47150328:G>T	382	13	2	0.03291139240506329
chr19:54191408:G>A	665	36	2	0.05135520684736091
chr2:233719280:G>A	492	26	2	0.05019305019305019
chr20:64217116:C>T	723	32	2	0.0423841059602649
chr4:182799649:G>A	636	31	2	0.046476761619190406
chr5:157327972:G>A	370	27	2	0.06801007556675064
chr6:31766634:G>C	832	35	2	0.040369088811995385
chr7:13977429:C>A	183	164	2	0.47262247838616717
chr8:143871361:G>A	562	18	2	0.03103448275862069
chr9:101185519:C>T	380	37	2	0.08872901678657075
chr9:117714170:C>G	440	26	2	0.055793991416309016
chrX:26161520:T>C	11	269	1	0.9607142857142857
