mutation_id	ref_counts	var_counts	total_cn	VAF
chr10:26567281:GCCCCCGCC>-	100	37	2	0.27007299270072993
chr10:42784494:G>A	201	159	2	0.44166666666666665
chr12:25245347:C>T	152	94	2	0.3821138211382114
chr16:21051794:G>A	244	293	3	0.5456238361266295
chr17:10313261:C>T	348	182	2	0.3433962264150943
chr17:57627300:C>T	204	107	2	0.3440514469453376
chr18:23520284:C>T	293	22	2	0.06984126984126984
chr2:132782580:G>A	265	193	2	0.42139737991266374
chr2:233524518:C>T	190	15	2	0.07317073170731707
chr20:64198893:G>A	264	182	2	0.4080717488789238
chr3:179819954:T>A	127	89	2	0.41203703703703703
chr6:96976167:A>T	148	95	2	0.39094650205761317
chr6:169776376:G>A	323	173	2	0.3487903225806452
chr7:27130267:C>T	175	122	2	0.4107744107744108
chr7:31078013:C>T	180	119	2	0.3979933110367893
chr7:117427452:C>T	193	110	2	0.36303630363036304
chrX:53534073:C>G	276	177	2	0.39072847682119205
