mutation_id	ref_counts	var_counts	total_cn	VAF
chr1:27549284:G>A	254	266	4	0.5115384615384615
chr1:52907886:C>T	153	161	4	0.5127388535031847
chr1:111230809:C>T	187	169	4	0.4747191011235955
chr1:155904494:A>GGGC	200	104	6	0.34210526315789475
chr1:170730283:G>A	149	189	6	0.5591715976331361
chr10:60071095:C>T	265	113	6	0.29894179894179895
chr10:94942308:C>T	426	28	4	0.06167400881057269
chr10:133186178:G>A	489	210	6	0.30042918454935624
chr11:2588752:G>T	178	154	4	0.463855421686747
chr11:5454390:G>A	250	25	4	0.09090909090909091
chr14:23564134:G>A	191	70	6	0.2681992337164751
chr14:94366335:A>T	404	17	6	0.040380047505938245
chr16:2762814:C>T	187	201	4	0.5180412371134021
chr17:1468482:G>A	271	106	6	0.28116710875331563
chr17:8480414:C>T	425	20	6	0.0449438202247191
chr17:20579898:C>T	326	166	6	0.33739837398373984
chr17:41585048:C>T	286	51	6	0.1513353115727003
chr18:80135723:C>T	420	18	6	0.0410958904109589
chr19:4550154:G>A	170	145	4	0.4603174603174603
chr19:50858165:G>A	139	145	4	0.5105633802816901
chr19:56823651:G>A	319	24	4	0.06997084548104957
chr2:108497078:C>G	317	93	6	0.22682926829268293
chr2:113406872:->GGTGCCTCGG	167	62	6	0.27074235807860264
chr21:45455902:C>T	661	239	8	0.26555555555555554
chr22:41160682:G>T	277	10	5	0.03484320557491289
chr3:31879824:G>A	126	98	4	0.4375
chr3:122708248:C>T	128	70	4	0.35353535353535354
chr4:93085153:C>T	609	30	6	0.046948356807511735
chr4:125451399:G>A	299	156	6	0.34285714285714286
chr4:158671711:G>A	625	150	6	0.1935483870967742
chr5:9051972:G>A	395	107	6	0.21314741035856574
chr5:33661938:C>T	248	92	6	0.27058823529411763
chr5:113532928:G>A	196	97	6	0.3310580204778157
chr5:141671300:G>A	398	103	6	0.2055888223552894
chr6:30660105:G>A	445	206	6	0.31643625192012287
chr6:116553900:C>T	148	123	4	0.45387453874538747
chr7:4835209:G>A	209	196	4	0.4839506172839506
chr7:74121292:C>A	245	95	4	0.27941176470588236
chr7:117760645:C>T	130	100	4	0.43478260869565216
chr7:128844964:C>T	219	197	4	0.4735576923076923
chr7:130322569:G>T	231	93	4	0.28703703703703703
chr7:134575432:->GCG	128	74	4	0.36633663366336633
chr8:68331231:C>T	454	30	4	0.06198347107438017
chr9:24543753:G>A	107	89	4	0.45408163265306123
chr9:35698505:C>A	14	97	2	0.8738738738738738
chr9:100578424:G>A	119	130	4	0.5220883534136547
chrX:87664913:C>T	238	23	4	0.08812260536398467
