mutation_id	ref_counts	var_counts	total_cn	VAF
chr1:26285930:C>T	236	131	4	0.3569482288828338
chr1:115727118:G>T	89	49	4	0.35507246376811596
chr12:25227348:G>T	499	30	6	0.05671077504725898
chr14:64741361:G>A	718	34	8	0.04521276595744681
chr15:50490471:AAGAGGAAGAG>-	160	19	2	0.10614525139664804
chr17:82961094:G>A	369	129	6	0.25903614457831325
chr2:216482964:C>T	108	45	4	0.29411764705882354
chr2:218269415:C>T	290	123	4	0.29782082324455206
chr21:34097086:G>A	520	42	6	0.07473309608540925
chr22:41703338:G>A	195	47	6	0.19421487603305784
chr7:29146930:G>C	176	15	4	0.07853403141361257
chr9:106928362:G>A	212	114	4	0.3496932515337423
