mutation_id	ref_counts	var_counts	total_cn	VAF
chr12:25225713:T>A	222	99	2	0.308411214953271
chr13:40560851:G>T	108	65	2	0.37572254335260113
chr14:29624204:C>T	202	65	2	0.24344569288389514
chr15:100281370:C>T	357	179	2	0.333955223880597
chr17:8823023:T>C	232	118	2	0.33714285714285713
chr19:51481582:G>A	248	168	2	0.40384615384615385
chr2:56192865:C>T	411	214	2	0.3424
chr2:172484901:C>T	323	92	3	0.2216867469879518
chr2:196729224:G>A	405	18	3	0.0425531914893617
chr20:33852202:C>T	153	83	2	0.3516949152542373
chr20:63689586:C>A	330	173	2	0.34393638170974156
chr22:38826655:C>T	310	183	2	0.3711967545638945
chr3:167522321:G>A	101	39	2	0.2785714285714286
chr4:3476417:A>T	728	224	4	0.23529411764705882
chr4:41613544:G>A	434	135	3	0.23725834797891038
chr5:56176151:C>T	139	83	2	0.3738738738738739
chr9:33572326:G>A	201	92	2	0.31399317406143346
chr9:114478665:C>T	348	154	2	0.30677290836653387
chrX:52652917:A>T	17	81	2	0.826530612244898
chrX:67721954:T>G	145	117	2	0.44656488549618323
