mutation_id	ref_counts	var_counts	total_cn	VAF
chr17:49991550:G>A	423	90	2	0.17543859649122806
chr19:9266234:C>T	200	8	2	0.038461538461538464
chr19:14658528:G>A	298	34	2	0.10240963855421686
chr20:31372952:C>T	532	28	2	0.05
chr21:26965812:T>G	694	59	2	0.07835325365205843
chr3:119537249:C>A	336	72	2	0.17647058823529413
chr4:102304437:T>C	190	108	2	0.3624161073825503
chr7:11036449:G>A	248	72	2	0.225
chr8:54679486:C>G	382	15	2	0.037783375314861464
