mutation_id	ref_counts	var_counts	total_cn	VAF
chr1:3414642:C>T	175	82	2	0.31906614785992216
chr12:78190098:C>T	186	106	2	0.363013698630137
chr13:20809086:G>A	241	15	2	0.05859375
chr13:28018498:ATG>-	124	64	2	0.3404255319148936
chr17:16382389:C>T	376	101	3	0.21174004192872117
chr2:207828436:C>T	206	129	2	0.3850746268656716
chr22:21023562:C>A	306	16	2	0.049689440993788817
chr22:28796058:AA>TCGATAGGG	122	64	2	0.34408602150537637
chrX:46472969:A>T	202	74	3	0.26811594202898553
