mutation_id	ref_counts	var_counts	total_cn	VAF
chr1:114716127:C>T	283	99	2	0.2591623036649215
chr1:156530146:C>T	212	138	2	0.3942857142857143
chr1:168104582:C>T	179	120	2	0.4013377926421405
chr1:241853362:C>T	103	84	2	0.44919786096256686
chr12:23563277:T>C	138	120	2	0.46511627906976744
chr12:25245347:C>T	205	113	2	0.3553459119496855
chr12:45926772:A>G	167	110	2	0.3971119133574007
chr16:25227125:G>A	217	127	2	0.3691860465116279
chr17:29287180:G>A	320	106	3	0.24882629107981222
chr18:50805255:T>C	516	24	3	0.044444444444444446
chr2:240948994:C>T	360	13	2	0.03485254691689008
chr21:44654567:G>T	840	47	4	0.05298759864712514
chr3:48659316:C>T	235	162	2	0.4080604534005038
chr3:78938876:G>T	308	11	2	0.034482758620689655
chr3:195782847:C>T	664	172	2	0.20574162679425836
chr4:79325288:G>A	390	154	3	0.28308823529411764
chr4:125415670:G>T	334	122	3	0.2675438596491228
chr5:473145:->GGCCCCGCCCCCGGCGCA	71	7	2	0.08974358974358974
chr6:37654314:C>G	550	23	3	0.04013961605584642
chr6:54940150:G>T	314	109	3	0.2576832151300236
chr8:74825401:C>T	239	148	2	0.38242894056847543
chr9:18777628:G>A	280	153	2	0.3533487297921478
