mutation_id	ref_counts	var_counts	total_cn	VAF
chr1:54758480:C>A	412	15	2	0.0351288056206089
chr1:101240115:C>T	170	140	2	0.45161290322580644
chr12:6374674:G>A	370	318	2	0.4622093023255814
chr12:25245350:C>T	194	82	2	0.2971014492753623
chr12:58877793:C>T	261	200	2	0.43383947939262474
chr15:41886168:G>A	331	274	2	0.45289256198347105
chr17:4896015:G>A	566	42	3	0.06907894736842106
chr19:31277796:C>G	812	34	2	0.04018912529550828
chr2:176189031:C>T	778	79	2	0.09218203033838973
chr2:231925631:C>T	646	82	2	0.11263736263736264
chr20:45304473:G>A	617	66	2	0.09663250366032211
chr4:127730729:C>T	688	68	3	0.08994708994708994
chr5:139813447:C>T	307	295	2	0.4900332225913621
chr9:35679922:G>A	536	37	2	0.06457242582897033
chrX:32362806:G>C	164	132	2	0.44594594594594594
