mutation_id	ref_counts	var_counts	total_cn	VAF
chr1:28491747:G>A	104	72	2	0.4090909090909091
chr1:147620190:C>T	222	55	2	0.19855595667870035
chr11:64829902:C>A	267	81	2	0.23275862068965517
chr12:25225627:G>A	114	28	2	0.19718309859154928
chr14:57274824:T>G	322	69	4	0.17647058823529413
chr16:84222856:G>A	218	48	2	0.18045112781954886
chr18:48949910:G>T	652	22	4	0.032640949554896145
chr2:43676320:C>A	132	9	2	0.06382978723404255
chr2:89085177:A>-	104	27	2	0.20610687022900764
chr22:20990477:G>A	149	81	2	0.3521739130434783
chr22:46377255:C>-	172	56	2	0.24561403508771928
chr4:47425790:C>T	386	66	3	0.14601769911504425
chr4:55090059:G>A	217	37	3	0.14566929133858267
chr4:84609476:C>T	259	37	3	0.125
chr5:55030470:C>T	335	61	3	0.15404040404040403
chr6:81749865:G>A	332	14	2	0.04046242774566474
chr9:74827728:C>T	291	59	3	0.16857142857142857
chrX:50420464:C>T	157	51	2	0.24519230769230768
