mutation_id	ref_counts	var_counts	total_cn	VAF
chr1:114716126:C>T	162	138	5	0.46
chr10:71707078:CAGGCCTCCTGGGGCCCTGCCTCCACCCCTCCCAGATGGACAGC>-	441	55	6	0.11088709677419355
chr12:57208182:G>A	191	93	4	0.3274647887323944
chr14:21712770:C>T	385	77	8	0.16666666666666666
chr15:98957388:C>T	229	144	4	0.38605898123324395
chr16:28497560:G>A	231	160	4	0.4092071611253197
chr17:9162991:G>A	189	86	4	0.31272727272727274
chr17:38711968:C>T	381	123	4	0.24404761904761904
chr18:211146:G>A	340	65	8	0.16049382716049382
chr18:67512878:A>T	464	95	8	0.16994633273703041
chr19:464351:C>T	314	118	5	0.27314814814814814
chr2:120955423:C>T	193	88	4	0.31316725978647686
chr2:161839867:C>A	290	26	4	0.08227848101265822
chr22:19208210:G>A	329	70	4	0.17543859649122806
chr5:141376348:C>T	398	18	4	0.04326923076923077
chr6:109980014:T>C	485	108	6	0.1821247892074199
