mutation_id	ref_counts	var_counts	total_cn	VAF
chr13:109127375:G>A	700	53	2	0.0703851261620186
chr16:11679428:C>T	439	94	2	0.17636022514071295
chr17:48550436:G>A	428	86	2	0.16731517509727625
chr19:4932892:G>A	440	76	2	0.14728682170542637
chr3:47122149:->AAAG	120	28	2	0.1891891891891892
