mutation_id	ref_counts	var_counts	total_cn	VAF
chr11:379596:G>A	538	381	2	0.41458106637649617
chr13:113408046:C>T	748	153	2	0.16981132075471697
chr14:77931523:->GTCTTACGCCC	245	38	2	0.13427561837455831
chr17:41968238:G>T	350	256	2	0.42244224422442245
chr18:3879150:C>T	228	179	2	0.4398034398034398
chr19:5699058:->A	242	160	2	0.39800995024875624
chr2:1663647:C>A	514	34	2	0.06204379562043796
chr20:13785144:C>A	558	26	2	0.04452054794520548
chr22:19361762:C>G	239	146	2	0.37922077922077924
chr4:102802578:G>T	84	53	2	0.38686131386861317
chr6:133483037:G>A	92	60	2	0.39473684210526316
chr7:38276300:TTGAACCAACCAGTGGTATCACACCGGTCTAAGCTTCTACAAAAATCTCAG>CCTGGCGGAGTTTAA	19	15	2	0.4411764705882353
