mutation_id	ref_counts	var_counts	total_cn	VAF
chr1:247757956:C>A	285	65	2	0.18571428571428572
chr12:52675445:G>A	354	325	2	0.4786450662739323
chr12:55955471:G>A	310	13	2	0.04024767801857585
chr14:59982055:A>T	87	66	2	0.43137254901960786
chr15:65076936:C>T	781	36	2	0.044063647490820076
chr18:33245400:C>G	119	7	2	0.05555555555555555
chr19:17580892:G>T	181	157	2	0.46449704142011833
chr2:151678005:G>A	255	124	2	0.32717678100263853
chr21:36411489:C>T	271	119	2	0.30512820512820515
chr4:114665728:A>G	313	13	2	0.03987730061349693
chr5:122077938:G>A	580	55	2	0.08661417322834646
chr5:134676030:C>T	324	12	2	0.03571428571428571
chr6:160069941:C>T	576	54	2	0.08571428571428572
chrX:23938618:G>A	127	68	1	0.3487179487179487
chrX:70063224:G>A	20	339	1	0.9442896935933147
chrX:101400732:C>G	206	11	1	0.05069124423963134
