mutation_id	ref_counts	var_counts	total_cn	VAF
chr1:228166019:C>T	372	282	2	0.43119266055045874
chr10:15644090:G>A	426	52	2	0.1087866108786611
chr11:1697256:G>C	207	191	2	0.4798994974874372
chr14:21811744:G>A	239	193	2	0.44675925925925924
chr14:79467323:T>G	251	207	2	0.4519650655021834
chr15:23566024:G>A	283	232	2	0.45048543689320386
chr15:39967671:C>T	189	196	2	0.509090909090909
chr18:5397188:T>C	404	30	2	0.06912442396313365
chr19:11487683:C>T	291	248	2	0.4601113172541744
chr2:166277229:G>A	258	209	2	0.4475374732334047
chr2:178548362:G>A	252	221	2	0.46723044397463004
chr20:41489783:C>T	5	89	1	0.9468085106382979
chr3:171085164:C>A	164	131	2	0.4440677966101695
chr4:5835977:C>A	246	201	2	0.44966442953020136
chr4:69958923:G>T	75	31	2	0.29245283018867924
chr9:135487048:G>A	222	237	2	0.5163398692810458
chrX:64224957:G>C	11	238	1	0.9558232931726908
