mutation_id	ref_counts	var_counts	total_cn	VAF
chr1:11109319:A>T	449	13	2	0.02813852813852814
chr1:149926740:C>G	474	17	2	0.034623217922606926
chr11:78250374:C>G	222	30	2	0.11904761904761904
chr17:17796193:A>G	615	16	1	0.025356576862123614
chr5:26988122:G>A	204	37	2	0.15352697095435686
chr9:137438267:C>A	468	48	2	0.09302325581395349
chrX:45107420:->GAAGGGATTT	72	31	1	0.30097087378640774
