mutation_id	ref_counts	var_counts	total_cn	VAF
chr10:88814582:C>A	175	101	2	0.36594202898550726
chr11:55839181:G>A	160	174	2	0.5209580838323353
chr11:105034367:C>T	58	119	1	0.672316384180791
chr11:113410918:C>T	16	88	1	0.8461538461538461
chr13:101722904:G>A	206	142	2	0.40804597701149425
chr13:109127393:G>T	326	276	2	0.4584717607973422
chr16:19172774:C>T	200	91	2	0.3127147766323024
chr17:16070167:TCAGAAGTTCTGTTCATCATGGG>-	42	45	1	0.5172413793103449
chr18:49575467:C>T	240	160	2	0.4
chr19:40513160:G>A	377	348	2	0.48
chr19:50232069:C>T	324	12	2	0.03571428571428571
chr19:50656312:C>T	275	57	2	0.1716867469879518
chr2:214945073:G>A	154	84	2	0.35294117647058826
chr2:233458391:C>T	156	110	2	0.41353383458646614
chr2:240719071:G>A	208	188	2	0.47474747474747475
chr2:240946125:G>C	235	191	2	0.44835680751173707
chr21:44638111:C>T	312	42	2	0.11864406779661017
chr22:22031472:A>GGCCCTCC	89	30	2	0.25210084033613445
chr22:41813760:G>A	181	116	2	0.39057239057239057
chr4:65601972:C>T	287	48	2	0.14328358208955225
chr4:186196957:G>A	80	98	3	0.550561797752809
chr5:141122253:G>C	242	144	2	0.37305699481865284
chr7:127589585:G>A	157	132	2	0.45674740484429066
chr8:51409054:G>A	286	205	2	0.4175152749490835
chr8:120216376:G>C	157	88	2	0.35918367346938773
chr9:95449168:G>A	335	265	2	0.44166666666666665
chr9:113043803:T>C	117	85	2	0.4207920792079208
chrX:103309637:C>A	252	220	2	0.4661016949152542
