mutation_id	ref_counts	var_counts	total_cn	VAF
chr11:124619479:C>A	389	17	2	0.04187192118226601
chr19:4318438:C>T	412	46	2	0.10043668122270742
chr5:141365442:T>A	422	16	2	0.0365296803652968
