mutation_id	ref_counts	var_counts	total_cn	VAF
chr1:64838554:G>A	150	85	2	0.3617021276595745
chr1:85093554:C>T	412	24	2	0.05504587155963303
chr1:181484002:C>T	203	105	2	0.3409090909090909
chr10:71704943:C>T	538	46	2	0.07876712328767123
chr10:127433313:C>T	264	213	2	0.44654088050314467
chr11:113260252:A>G	227	201	2	0.4696261682242991
chr12:100338642:A>G	210	203	2	0.4915254237288136
chr14:105625923:G>A	860	177	1	0.17068466730954676
chr2:205047629:C>T	468	37	2	0.07326732673267326
chr2:210656630:A>T	360	24	2	0.0625
chr3:4815135:G>A	362	70	2	0.16203703703703703
chr6:168042664:C>A	558	95	2	0.14548238897396631
chr9:36846884:GAGGAATACT>-	177	87	2	0.32954545454545453
chr9:122662373:A>G	371	87	2	0.18995633187772926
chrX:27747508:G>T	360	20	1	0.05263157894736842
