mutation_id	ref_counts	var_counts	total_cn	VAF
chr10:100536645:C>T	222	8	2	0.034782608695652174
chr11:64186262:A>G	295	63	2	0.17597765363128492
chr12:25245350:C>T	296	25	2	0.0778816199376947
chr12:52014855:G>A	306	62	2	0.16847826086956522
chr14:23562064:C>T	211	66	2	0.23826714801444043
chr14:52720892:TGCATA>GCG	208	40	2	0.16129032258064516
chr16:88438179:C>T	297	113	2	0.275609756097561
chr17:50375644:C>T	315	56	2	0.1509433962264151
chr2:90100736:CCTCC>T	126	53	2	0.29608938547486036
chr2:178604116:AAG>-	277	84	2	0.23268698060941828
chr22:22031468:ATTCACACAGTGACACAGGCA>TCTTCCAG	89	28	2	0.23931623931623933
chr22:24232961:C>T	420	144	2	0.2553191489361702
chr4:86766438:G>A	138	54	2	0.28125
chr8:130903914:G>A	274	86	2	0.2388888888888889
chr9:89339869:C>T	159	34	2	0.17616580310880828
chrX:49067832:C>G	439	88	2	0.16698292220113853
