mutation_id	ref_counts	var_counts	total_cn	VAF
chr1:11128107:G>T	116	23	2	0.16546762589928057
chr11:106687712:C>T	110	80	2	0.42105263157894735
chr12:56343420:GTGTAGAAGT>A	181	88	2	0.3271375464684015
chr13:108957790:C>T	91	71	2	0.4382716049382716
chr15:43776144:C>T	206	9	2	0.04186046511627907
chr17:445926:A>G	240	9	2	0.03614457831325301
chr17:7793143:C>T	123	79	2	0.3910891089108911
chr19:17022122:->G	126	103	2	0.4497816593886463
chr19:22757628:A>T	115	79	2	0.4072164948453608
chr20:32369027:->TGGGCAGAGGTA	80	41	2	0.33884297520661155
chr22:20242283:C>T	179	171	2	0.48857142857142855
chr3:19456789:C>A	67	57	2	0.4596774193548387
chr6:127516031:C>T	219	229	2	0.5111607142857143
chr7:138721932:C>A	132	87	2	0.3972602739726027
chr8:87873832:C>T	304	19	2	0.058823529411764705
chr9:93292830:C>T	282	214	2	0.4314516129032258
chr9:138121793:G>A	199	183	2	0.4790575916230366
