mutation_id	ref_counts	var_counts	total_cn	VAF
chr1:103022814:A>G	377	17	2	0.04314720812182741
chr11:430369:C>T	295	61	2	0.17134831460674158
chr15:51397567:G>T	366	86	2	0.1902654867256637
chr16:1497432:T>A	484	80	2	0.14184397163120568
chr16:86532038:C>T	278	52	2	0.15757575757575756
chr19:16208118:C>A	202	25	2	0.11013215859030837
chr19:17325366:C>G	506	18	2	0.03435114503816794
chr2:55026923:->CCGGGG	327	44	2	0.11859838274932614
chr2:89176326:TGA>ACCCC	121	28	1	0.18791946308724833
chr2:142927682:G>C	405	23	2	0.053738317757009345
chr2:218404363:G>C	474	25	2	0.050100200400801605
chr5:174729215:C>T	374	64	2	0.1461187214611872
