mutation_id	ref_counts	var_counts	total_cn	VAF
chr11:123645675:C>T	298	119	2	0.2853717026378897
chr16:20997412:C>T	260	94	2	0.2655367231638418
chr19:34428434:T>A	195	101	2	0.34121621621621623
chr2:1643396:G>A	288	115	2	0.2853598014888337
chr3:48651576:C>A	252	87	2	0.25663716814159293
chr5:58457291:G>A	265	97	2	0.26795580110497236
chr5:132579896:C>T	157	59	2	0.27314814814814814
chr8:112346098:A>-	129	38	2	0.2275449101796407
chr9:133475520:C>T	402	204	2	0.33663366336633666
