mutation_id	ref_counts	var_counts	total_cn	VAF
chr1:11124516:G>T	328	47	2	0.12533333333333332
chr1:113590574:A>G	244	146	2	0.37435897435897436
chr10:87894085:G>A	117	19	2	0.13970588235294118
chr11:1249180:C>T	585	314	2	0.3492769744160178
chr11:28036610:C>T	278	28	2	0.0915032679738562
chr11:134371108:C>T	218	95	2	0.3035143769968051
chr12:138368:C>T	327	166	2	0.3367139959432049
chr2:46995191:G>A	191	111	2	0.3675496688741722
chr22:32541665:C>T	238	111	2	0.31805157593123207
chr5:179619336:C>T	193	120	2	0.38338658146964855
chr6:26107692:C>A	224	126	2	0.36
chr7:82952381:C>T	175	99	2	0.3613138686131387
chr9:114301717:G>A	242	116	2	0.3240223463687151
chr9:137716874:G>T	285	146	2	0.33874709976798145
