mutation_id	ref_counts	var_counts	total_cn	VAF
chr1:15566127:A>C	306	119	2	0.28
chr1:111982280:G>A	526	22	2	0.040145985401459854
chr1:228319210:C>G	251	185	2	0.4243119266055046
chr10:11463318:A>C	339	264	2	0.43781094527363185
chr10:69382498:G>A	336	22	2	0.061452513966480445
chr11:419654:G>A	557	58	2	0.0943089430894309
chr11:60095621:G>A	280	17	2	0.05723905723905724
chr11:72577496:C>T	301	254	2	0.45765765765765765
chr11:120458084:G>C	224	30	2	0.11811023622047244
chr12:21486553:G>A	97	27	2	0.21774193548387097
chr12:52473695:G>A	334	272	2	0.44884488448844884
chr12:57200770:G>A	530	28	2	0.05017921146953405
chr15:34359300:G>A	322	12	2	0.03592814371257485
chr17:60057297:T>C	243	179	2	0.42417061611374407
chr17:81859349:C>G	482	53	2	0.09906542056074766
chr19:11416130:C>G	226	187	2	0.45278450363196127
chr19:29674349:G>A	451	367	2	0.44865525672371637
chr19:34741634:C>G	230	24	2	0.09448818897637795
chr19:39830447:G>A	693	34	2	0.04676753782668501
chr19:58501334:C>G	450	28	2	0.058577405857740586
chr2:86098671:C>T	530	21	2	0.038112522686025406
chr2:113406867:CCCATTCACAGTGTTACAAGCCATAACAAAAA>-	28	12	2	0.3
chr2:176169253:C>A	376	191	2	0.3368606701940035
chr2:201835738:G>T	168	136	2	0.4473684210526316
chr2:240895886:G>A	748	41	2	0.051964512040557666
chr3:62203279:G>T	743	42	2	0.0535031847133758
chr3:69959313:G>A	686	19	2	0.02695035460992908
chr4:37590415:G>A	694	43	2	0.05834464043419267
chr4:163351576:G>C	128	9	2	0.06569343065693431
chr5:32089553:G>A	646	72	2	0.10027855153203342
chr5:141183373:G>A	523	17	2	0.03148148148148148
chr6:35787074:C>T	765	159	2	0.17207792207792208
chr6:138431338:C>G	736	20	2	0.026455026455026454
chr6:146398983:C>T	492	49	2	0.09057301293900184
chr7:38362864:C>GAGGA	103	66	2	0.3905325443786982
chr7:112206762:G>A	622	25	2	0.03863987635239567
chr7:155458895:C>T	953	37	2	0.03737373737373737
chr8:76705535:G>A	519	30	2	0.0546448087431694
chrX:49223058:G>T	197	93	1	0.32068965517241377
chrX:96758171:C>T	6	113	1	0.9495798319327731
