mutation_id	ref_counts	var_counts	total_cn	VAF
chr1:3775831:C>T	315	46	2	0.12742382271468145
chr1:99689647:T>A	192	104	2	0.35135135135135137
chr1:99710869:C>T	221	62	2	0.21908127208480566
chr11:2445484:T>A	348	16	2	0.04395604395604396
chr12:25225709:C>T	229	34	2	0.12927756653992395
chr12:48978693:C>G	495	63	2	0.11290322580645161
chr12:56160061:G>A	366	20	2	0.05181347150259067
chr12:57198508:C>T	428	16	2	0.036036036036036036
chr12:78190092:C>T	290	31	2	0.09657320872274143
chr13:35566984:G>A	180	8	2	0.0425531914893617
chr14:94590756:G>A	144	51	2	0.26153846153846155
chr14:106639121:->CCTTTGGG	100	14	1	0.12280701754385964
chr14:106675019:->GG	56	8	1	0.125
chr17:68881953:G>A	169	45	2	0.2102803738317757
chr18:21815750:C>T	382	14	2	0.03535353535353535
chr19:21117557:C>T	109	13	2	0.10655737704918032
chr2:229591599:A>T	178	13	2	0.06806282722513089
chr20:2484381:G>A	394	13	2	0.03194103194103194
chr20:41487732:T>G	274	56	2	0.1696969696969697
chr22:22031468:ATTCAC>CAGGG	147	18	2	0.10909090909090909
chr22:26668824:T>C	306	22	2	0.06707317073170732
chr22:41718093:G>A	196	30	2	0.13274336283185842
chr3:58569750:G>T	277	73	2	0.20857142857142857
chr4:1961074:G>A	196	36	2	0.15517241379310345
chr4:56314351:G>A	471	40	2	0.07827788649706457
chr5:31464249:G>A	216	31	2	0.12550607287449392
chr5:32074014:G>T	299	66	2	0.18082191780821918
chr5:180324277:A>C	368	13	2	0.03412073490813648
chr6:150020998:T>C	398	40	1	0.091324200913242
chr7:12523135:T>C	162	33	2	0.16923076923076924
chr8:72567872:C>T	292	60	2	0.17045454545454544
chr8:76850304:G>A	333	15	2	0.04310344827586207
chrX:51407763:C>T	574	31	1	0.0512396694214876
chrX:135349189:C>T	520	52	2	0.09090909090909091
