mutation_id	ref_counts	var_counts	total_cn	VAF
chr1:215786715:C>T	261	131	2	0.33418367346938777
chr14:77248794:C>T	199	111	2	0.3580645161290323
chr14:106675017:->CCCCCTCTAGG	60	25	2	0.29411764705882354
chr15:62697862:G>A	277	138	2	0.3325301204819277
chr16:79599612:G>C	546	294	2	0.35
chr18:76441560:C>T	350	224	2	0.3902439024390244
chr19:7872059:C>T	309	159	2	0.33974358974358976
chr2:187352176:G>T	203	94	2	0.3164983164983165
chr20:35528946:G>C	365	183	2	0.33394160583941607
chr22:22099212:->CCT	57	70	1	0.5511811023622047
chr3:52388883:C>T	288	128	2	0.3076923076923077
chr5:35874468:ACTA>-	149	49	2	0.2474747474747475
chr7:128775565:C>T	234	134	2	0.3641304347826087
chr7:147300169:C>T	189	111	2	0.37
chr8:27236868:A>G	195	108	2	0.3564356435643564
