mutation_id	ref_counts	var_counts	total_cn	VAF
chr10:128103972:G>A	386	60	4	0.13452914798206278
chr11:61411043:C>T	502	21	4	0.040152963671128104
chr12:80708187:G>A	241	133	4	0.35561497326203206
chr12:88192802:C>T	60	15	4	0.2
chr17:49619075:->TTGCCGCG	231	124	4	0.3492957746478873
chr19:16529720:C>T	454	314	4	0.4088541666666667
chr19:18086816:G>C	344	202	4	0.36996336996337
chr2:182967215:C>T	40	33	4	0.4520547945205479
chr2:201658504:C>A	168	97	4	0.3660377358490566
chr2:209692982:C>T	270	209	4	0.4363256784968685
chr3:47412103:C>T	251	141	4	0.3596938775510204
chr3:48550120:C>T	121	99	4	0.45
chr4:183321995:C>T	357	243	4	0.405
chr5:136356711:G>A	417	130	4	0.2376599634369287
chr7:73313360:C>T	528	82	4	0.13442622950819672
chrX:12717028:G>A	142	181	2	0.5603715170278638
