mutation_id	ref_counts	var_counts	total_cn	VAF
chr11:399007:G>C	228	93	2	0.2897196261682243
chr14:45108452:T>C	102	31	2	0.23308270676691728
chr14:106506992:TGTGTATCT>-	93	20	2	0.17699115044247787
chr16:67541725:C>T	230	100	2	0.30303030303030304
chr17:8798941:G>C	351	134	2	0.27628865979381445
chr2:231593843:G>A	564	34	2	0.056856187290969896
chr20:49513173:G>A	586	56	2	0.08722741433021806
chr6:44287809:G>A	224	77	2	0.2558139534883721
chr6:101859341:C>T	321	11	2	0.03313253012048193
chr8:27649715:C>T	251	89	2	0.26176470588235295
chr9:21971088:GGAAGCCCTCCCGG>CCT	746	199	2	0.2105820105820106
