mutation_id	ref_counts	var_counts	total_cn	VAF
chr1:19814929:C>A	186	198	2	0.515625
chr1:64873406:G>A	108	97	2	0.47317073170731705
chr1:147908327:G>A	167	152	2	0.47648902821316613
chr10:17953514:G>A	113	94	2	0.45410628019323673
chr10:27995094:C>T	180	121	2	0.4019933554817276
chr10:97319472:G>A	140	135	2	0.4909090909090909
chr10:132924826:C>T	242	179	2	0.4251781472684085
chr12:1879036:G>A	161	98	2	0.3783783783783784
chr12:39619557:->AGC	205	120	2	0.36923076923076925
chr12:112258541:G>A	189	147	2	0.4375
chr12:112258542:G>A	191	146	2	0.4332344213649852
chr12:112450406:G>A	143	115	2	0.44573643410852715
chr13:77599727:G>A	132	71	2	0.3497536945812808
chr14:21634819:C>T	312	113	4	0.26588235294117646
chr14:99175093:G>A	455	388	4	0.46026097271648875
chr15:88147341:C>T	114	81	2	0.4153846153846154
chr17:18381514:G>A	239	126	3	0.3452054794520548
chr18:12122383:C>T	98	85	2	0.4644808743169399
chr19:37565049:G>A	149	125	2	0.4562043795620438
chr2:36787182:C>T	176	151	2	0.4617737003058104
chr2:137057193:T>C	98	58	2	0.3717948717948718
chr2:231355838:G>A	241	217	2	0.4737991266375546
chr22:43530829:C>T	109	71	2	0.39444444444444443
chr4:76082334:G>T	160	103	2	0.3916349809885932
chr4:87114573:C>T	114	137	2	0.545816733067729
chr4:105589345:C>T	147	87	2	0.3717948717948718
chr4:165873977:C>A	172	136	2	0.44155844155844154
chr5:63960751:C>T	206	184	2	0.4717948717948718
chr6:10672598:G>A	151	131	2	0.4645390070921986
chr6:121447092:T>C	152	149	2	0.4950166112956811
chr7:24679139:C>T	66	54	2	0.45
chr7:111758724:G>A	160	128	2	0.4444444444444444
chr8:60853091:A>T	126	129	2	0.5058823529411764
chr9:23762192:C>T	274	196	2	0.41702127659574467
chr9:76310715:G>T	159	129	2	0.4479166666666667
chr9:135562857:G>A	84	77	2	0.4782608695652174
