mutation_id	ref_counts	var_counts	total_cn	VAF
chr12:80811623:C>T	278	147	2	0.3458823529411765
chr13:40943101:->CG	222	32	2	0.12598425196850394
chr15:75843727:C>T	335	202	2	0.3761638733705773
chr17:3197760:T>C	476	26	2	0.05179282868525897
chr19:1556585:G>A	408	28	1	0.06422018348623854
chr19:5456205:C>T	360	200	2	0.35714285714285715
chr22:19356927:C>T	205	124	2	0.3768996960486322
chr6:27133391:G>A	354	17	2	0.04582210242587601
