mutation_id	ref_counts	var_counts	total_cn	VAF
chr1:6253960:C>T	399	80	4	0.16701461377870563
chr10:127433359:G>A	310	54	4	0.14835164835164835
chr12:112450394:G>A	363	61	4	0.14386792452830188
chr16:3731323:AGG>-	339	156	4	0.3151515151515151
chr17:10681247:G>C	350	31	6	0.08136482939632546
chr19:29530155:G>A	423	74	4	0.1488933601609658
chr19:33490039:T>C	371	20	4	0.05115089514066496
chr19:46777273:G>A	304	34	4	0.10059171597633136
chr19:54889673:C>T	498	24	4	0.04597701149425287
chr2:216259503:C>A	410	13	4	0.030732860520094562
chr20:13072386:C>A	157	70	4	0.30837004405286345
chr20:51789025:C>A	200	164	4	0.45054945054945056
chr21:26924122:C>T	359	79	6	0.18036529680365296
chr3:169860593:C>A	110	85	4	0.4358974358974359
chr6:167946736:C>T	275	44	6	0.13793103448275862
chr8:142477460:C>T	392	108	5	0.216
chr9:19050283:->G	154	143	4	0.48148148148148145
