mutation_id	ref_counts	var_counts	total_cn	VAF
chr13:20988385:C>T	229	181	2	0.44146341463414634
chr17:42028202:G>A	564	209	3	0.2703751617076326
chr2:90221384:->GGGAGGGCTCATACGAGGCT	26	19	2	0.4222222222222222
chr20:61910599:G>A	185	135	2	0.421875
