mutation_id	ref_counts	var_counts	total_cn	VAF
chr14:64767709:G>A	338	129	2	0.2762312633832976
chr19:41094287:G>T	296	103	2	0.2581453634085213
chr6:152391504:G>C	252	120	2	0.3225806451612903
chr7:152019691:G>A	200	90	2	0.3103448275862069
