mutation_id	ref_counts	var_counts	total_cn	VAF
chr1:148978405:G>A	176	90	2	0.3383458646616541
chr1:226596840:C>T	325	114	2	0.25968109339407747
chr11:4682542:G>A	307	130	2	0.2974828375286041
chr11:102952148:C>T	137	87	2	0.38839285714285715
chr12:6818456:G>A	336	70	3	0.1724137931034483
chr12:13564459:G>A	366	134	2	0.268
chr12:57758866:G>A	366	17	2	0.044386422976501305
chr12:112074730:C>T	170	95	2	0.3584905660377358
chr14:55428961:G>A	210	30	2	0.125
chr16:1762378:C>A	260	107	2	0.29155313351498635
chr16:9840942:G>A	269	28	2	0.09427609427609428
chr19:2321752:G>C	578	30	2	0.049342105263157895
chr2:51027821:G>A	318	182	2	0.364
chr2:233772386:G>A	367	204	2	0.3572679509632224
chr21:14186060:C>A	386	22	3	0.05392156862745098
chr3:140562214:G>A	446	32	2	0.06694560669456066
chr4:1974864:A>G	282	29	2	0.0932475884244373
chr4:7704244:G>A	337	38	2	0.10133333333333333
chr7:93291783:G>C	452	28	2	0.058333333333333334
chr9:4118869:C>T	214	74	2	0.2569444444444444
chrX:6151227:T>A	294	171	2	0.36774193548387096
chrX:101883592:T>A	270	176	2	0.39461883408071746
chrX:111912725:C>T	323	237	2	0.4232142857142857
chrX:118409501:A>G	165	99	2	0.375
