mutation_id	ref_counts	var_counts	total_cn	VAF
chr1:56874950:A>C	142	57	2	0.2864321608040201
chr1:94001071:C>T	227	76	2	0.2508250825082508
chr10:21556910:GTC>ACCAGTCG	340	48	3	0.12371134020618557
chr10:113620632:G>A	347	93	3	0.21136363636363636
chr12:25225628:C>T	192	33	2	0.14666666666666667
chr12:25245350:C>T	273	81	2	0.2288135593220339
chr12:55957654:C>T	152	106	2	0.4108527131782946
chr13:20223343:G>A	273	125	2	0.314070351758794
chr13:32732140:->C	167	28	2	0.14358974358974358
chr14:44506420:T>C	505	101	3	0.16666666666666666
chr14:74358300:G>A	826	78	3	0.08628318584070796
chr14:80202940:G>A	405	205	3	0.3360655737704918
chr16:3731381:C>A	716	27	2	0.03633916554508748
chr16:24790624:G>T	244	94	2	0.2781065088757396
chr19:472409:G>A	258	101	2	0.28133704735376047
chr19:2389871:C>T	380	65	2	0.14606741573033707
chr19:48450437:G>A	311	227	2	0.42193308550185876
chr6:7571877:C>T	283	63	3	0.18208092485549132
chr8:41706170:G>A	252	92	2	0.26744186046511625
chr8:68331033:G>A	468	50	2	0.09652509652509653
chr8:142700567:C>T	342	117	2	0.2549019607843137
chr9:34725943:A>G	227	128	2	0.36056338028169016
chrX:49215381:G>A	421	99	3	0.19038461538461537
chrX:106206570:C>T	509	97	4	0.16006600660066006
chrX:130013293:T>C	708	336	4	0.3218390804597701
chrX:135911200:G>A	451	32	4	0.06625258799171843
