mutation_id	ref_counts	var_counts	total_cn	VAF
chr1:85841251:G>A	366	31	4	0.07808564231738035
chr1:114716126:C>T	121	110	4	0.47619047619047616
chr1:163069403:G>T	205	122	4	0.3730886850152905
chr1:200409088:G>A	295	115	4	0.2804878048780488
chr10:75105839:C>T	465	92	6	0.1651705565529623
chr10:122588944:G>A	674	142	6	0.17401960784313725
chr11:61248378:C>T	837	99	4	0.10576923076923077
chr12:91108300:C>T	202	90	4	0.3082191780821918
chr13:20003041:C>T	302	22	4	0.06790123456790123
chr13:35654890:G>T	243	12	4	0.047058823529411764
chr13:36125860:C>T	292	100	4	0.25510204081632654
chr15:45104020:G>C	306	30	4	0.08928571428571429
chr17:49798482:T>C	424	23	4	0.05145413870246085
chr19:4217958:C>T	688	58	4	0.0777479892761394
chr2:70942397:G>A	217	110	4	0.3363914373088685
chr2:134863401:C>A	104	80	4	0.43478260869565216
chr2:241052082:G>A	225	112	4	0.3323442136498516
chr21:43630324:G>A	448	31	9	0.06471816283924843
chr22:35551642:C>T	261	165	4	0.3873239436619718
chr3:124269086:G>A	352	28	4	0.07368421052631578
chr4:186603498:G>A	415	84	6	0.1683366733466934
chr5:22078463:G>A	278	10	4	0.034722222222222224
chr5:128289135:C>T	193	111	4	0.3651315789473684
chr5:141101731:G>A	238	100	4	0.2958579881656805
chr5:146600311:G>A	183	70	4	0.2766798418972332
chr6:39073753:C>T	247	102	6	0.2922636103151863
chr7:102300903:C>T	584	42	4	0.0670926517571885
chr7:113084193:G>A	137	62	4	0.31155778894472363
chr7:113117547:A>C	173	48	4	0.2171945701357466
chr7:138091840:G>A	182	103	4	0.36140350877192984
chr8:3108745:G>A	207	51	6	0.19767441860465115
