mutation_id	ref_counts	var_counts	total_cn	VAF
chr1:165563712:G>A	336	82	2	0.19617224880382775
chr1:206116675:G>A	447	105	2	0.19021739130434784
chr11:94544555:G>C	901	34	2	0.03636363636363636
chr11:121168065:G>A	154	68	2	0.3063063063063063
chr16:2237970:G>A	474	36	2	0.07058823529411765
chr16:28873698:G>C	746	76	2	0.09245742092457421
chr16:75714864:A>C	312	21	2	0.06306306306306306
chr2:62874485:A>G	338	19	2	0.05322128851540616
chr2:140234859:C>T	368	19	2	0.04909560723514212
chr2:185790104:C>A	264	21	2	0.07368421052631578
chr20:4870040:C>A	224	22	1	0.08943089430894309
chr20:47249333:G>A	309	62	2	0.16711590296495957
chr4:2252424:G>T	394	38	2	0.08796296296296297
chr6:89794191:G>A	76	15	1	0.16483516483516483
chr7:95412360:C>A	336	78	2	0.18840579710144928
chr7:115940845:C>T	339	98	2	0.2242562929061785
chr8:105802046:C>A	491	34	2	0.06476190476190476
chr8:138636792:T>A	233	58	2	0.19931271477663232
chr9:114331595:G>A	216	75	2	0.25773195876288657
chrX:153704084:G>A	146	56	1	0.27722772277227725
