mutation_id	ref_counts	var_counts	total_cn	VAF
chr1:10130499:G>T	129	108	2	0.45569620253164556
chr1:93876353:T>C	241	31	2	0.11397058823529412
chr1:114716127:C>A	334	38	2	0.10215053763440861
chr1:157134107:C>G	147	93	2	0.3875
chr1:216199716:G>T	333	31	2	0.08516483516483517
chr10:49322968:C>A	350	44	2	0.1116751269035533
chr11:57182184:G>A	367	250	2	0.4051863857374392
chr5:157287028:G>A	92	74	2	0.4457831325301205
chrX:142203459:A>G	343	195	2	0.362453531598513
