mutation_id	ref_counts	var_counts	total_cn	VAF
chr10:117134207:C>T	407	237	3	0.36801242236024845
chr16:70120554:A>G	267	101	2	0.27445652173913043
chr17:16061428:A>-	84	45	2	0.3488372093023256
chr18:5397409:C>T	85	61	2	0.4178082191780822
chr18:54224274:G>C	280	218	2	0.43775100401606426
chr19:7899564:C>T	183	122	2	0.4
chr2:27508027:A>C	300	14	2	0.044585987261146494
chr2:196789917:->G	181	113	2	0.3843537414965986
chr2:238141262:G>A	216	217	2	0.5011547344110855
chr21:46117404:A>G	129	130	2	0.5019305019305019
chr3:63609255:A>C	155	128	2	0.45229681978798586
chr4:69957435:G>T	240	189	2	0.4405594405594406
chr5:160199156:A>G	300	15	2	0.047619047619047616
chr5:161336744:C>G	92	90	2	0.4945054945054945
chr7:141779181:G>A	170	140	2	0.45161290322580644
chr8:143728355:G>A	302	273	2	0.4747826086956522
chr9:71121211:G>A	158	145	2	0.47854785478547857
