mutation_id	ref_counts	var_counts	total_cn	VAF
chr10:12089175:G>A	391	65	2	0.1425438596491228
chr11:47358852:CCAGGCAGGAGCCCA>GGGAGCCCAGC	594	80	2	0.11869436201780416
chr12:13563340:G>A	260	182	2	0.4117647058823529
chr12:25066473:A>G	326	20	2	0.057803468208092484
chr15:74750038:G>A	400	67	2	0.14346895074946467
chr15:84840601:C>T	504	52	2	0.09352517985611511
chr16:766796:C>T	301	47	2	0.13505747126436782
chr16:67620812:A>G	276	15	2	0.05154639175257732
chr17:16690630:G>A	266	156	2	0.3696682464454976
chr17:63411592:G>A	352	71	2	0.16784869976359337
chr22:38636572:G>T	331	35	2	0.09562841530054644
chr22:50467681:->TCTACCT	142	84	2	0.37168141592920356
chr4:1961074:G>A	330	53	2	0.13838120104438642
chrX:47226022:G>A	467	24	2	0.048879837067209775
