mutation_id	ref_counts	var_counts	total_cn	VAF
chr1:114716123:C>T	235	37	2	0.13602941176470587
chr10:27208377:G>A	618	38	3	0.057926829268292686
chr12:49027256:G>A	218	148	2	0.40437158469945356
chr12:49051975:A>C	321	134	2	0.2945054945054945
chr12:112477719:A>G	141	64	2	0.3121951219512195
chr12:114674211:G>A	451	52	2	0.10337972166998012
chr13:101068007:A>G	166	48	2	0.22429906542056074
chr14:81143884:G>A	396	164	3	0.29285714285714287
chr15:55192775:C>G	254	49	2	0.1617161716171617
chr17:10447036:G>A	262	41	3	0.1353135313531353
chr17:28381347:C>T	550	29	3	0.05008635578583765
chr2:149011586:C>T	256	73	2	0.22188449848024316
chr21:26965393:G>A	602	46	3	0.07098765432098765
chr21:39274441:G>A	322	46	3	0.125
chr4:575565:G>T	454	120	3	0.20905923344947736
chr4:4226841:G>A	602	56	3	0.0851063829787234
chr4:25676556:G>A	534	106	3	0.165625
chr5:141346124:G>A	556	68	2	0.10897435897435898
chr6:7845243:C>A	463	30	3	0.060851926977687626
chr6:16327108:A>T	311	152	3	0.3282937365010799
chr6:35797245:G>A	437	90	3	0.17077798861480076
chr6:56179767:C>T	367	65	3	0.15046296296296297
chr8:142875811:C>T	257	204	2	0.44251626898047725
chr9:133475022:G>A	345	51	2	0.12878787878787878
chrX:115191868:C>T	658	124	3	0.1585677749360614
chrX:153770094:C>A	366	69	3	0.15862068965517243
