mutation_id	ref_counts	var_counts	total_cn	VAF
chr1:114716126:C>T	388	192	2	0.3310344827586207
chr1:197105000:AT>-	254	118	2	0.3172043010752688
chr15:41861920:C>A	200	141	2	0.41348973607038125
chr15:75356328:G>A	748	46	2	0.05793450881612091
chr16:1912052:G>A	611	311	2	0.33731019522776573
chr19:54587014:A>C	436	216	2	0.3312883435582822
chr5:64325378:C>T	294	146	2	0.33181818181818185
chr5:168460732:G>A	225	158	2	0.412532637075718
chr6:7584159:C>G	322	94	2	0.22596153846153846
