mutation_id	ref_counts	var_counts	total_cn	VAF
chr16:89185211:G>A	396	91	2	0.1868583162217659
chr2:17773290:A>T	27	3	2	0.1
chr2:164915958:G>A	176	58	2	0.24786324786324787
chr2:180982135:->C	342	72	2	0.17391304347826086
chr9:37020778:C>A	337	62	2	0.15538847117794485
chr9:136844701:C>T	337	66	2	0.16377171215880892
