mutation_id	ref_counts	var_counts	total_cn	VAF
chr10:20896960:C>T	345	41	2	0.10621761658031088
chr11:1085225:C>T	662	25	2	0.036390101892285295
chr15:63640209:T>C	389	58	2	0.1297539149888143
chr19:13371759:G>A	508	18	2	0.034220532319391636
chr19:55857989:C>T	589	27	2	0.04383116883116883
chr20:48969177:G>T	332	62	2	0.15736040609137056
chr4:1918426:C>T	578	32	2	0.05245901639344262
chr5:141661732:G>A	261	35	1	0.11824324324324324
chr6:31730900:->A	502	104	2	0.1716171617161716
chr8:51475139:C>T	152	140	2	0.4794520547945205
chrX:120455420:C>T	589	103	2	0.14884393063583815
