mutation_id	ref_counts	var_counts	total_cn	VAF
chr11:2665170:C>A	272	118	2	0.30256410256410254
chr12:13090662:C>G	339	141	2	0.29375
chr14:54774966:C>T	400	227	2	0.3620414673046252
chr15:47761208:A>T	259	167	2	0.392018779342723
chr18:68713889:C>T	98	28	2	0.2222222222222222
chr19:17300930:C>T	371	180	2	0.32667876588021777
chr2:85326595:G>A	318	129	2	0.28859060402684567
chr20:57563059:G>A	336	150	2	0.30864197530864196
chrX:107840677:C>T	71	96	1	0.5748502994011976
