mutation_id	ref_counts	var_counts	total_cn	VAF
chr10:127000230:G>A	411	28	2	0.06378132118451026
chr18:9550278:C>T	227	28	2	0.10980392156862745
chr19:1005085:G>A	576	39	2	0.06341463414634146
chr2:140534051:C>T	197	111	2	0.36038961038961037
chr9:95449900:C>T	293	120	2	0.29055690072639223
chr9:124500196:C>T	470	118	2	0.20068027210884354
chrX:11300606:G>T	164	16	2	0.08888888888888889
