mutation_id	ref_counts	var_counts	total_cn	VAF
chr10:31524020:C>T	281	37	2	0.11635220125786164
chr12:6646932:C>T	230	153	2	0.39947780678851175
chr12:25245347:C>T	273	67	2	0.19705882352941176
chr13:35048574:G>T	229	14	2	0.05761316872427984
chr15:54393069:C>T	156	112	2	0.417910447761194
chr2:55588890:G>A	210	51	2	0.19540229885057472
chr20:25280365:->CG	175	176	2	0.5014245014245015
chr21:18315244:G>T	260	34	2	0.11564625850340136
chr4:41662977:C>T	111	75	2	0.4032258064516129
chr5:177095719:G>A	297	28	2	0.08615384615384615
chr6:44148559:C>T	522	40	2	0.0711743772241993
chr7:82916232:T>C	131	133	2	0.5037878787878788
chr9:91409858:G>A	173	205	2	0.5423280423280423
chrX:17801953:A>G	594	17	2	0.027823240589198037
chrX:139585078:A>T	199	20	2	0.091324200913242
