mutation_id	ref_counts	var_counts	total_cn	VAF
chr1:1806515:T>C	402	28	2	0.06511627906976744
chr10:82973797:G>T	273	70	3	0.20408163265306123
chr11:77182490:A>G	553	66	3	0.10662358642972536
chr11:129436897:G>A	887	191	3	0.17717996289424862
chr14:65044362:T>A	625	99	3	0.13674033149171272
chr15:90956804:G>C	692	226	2	0.24618736383442266
chr18:79527932:C>T	395	56	3	0.12416851441241686
chr19:1371062:A>G	379	57	3	0.13073394495412843
chr2:127576685:T>C	217	77	2	0.2619047619047619
chr20:42161503:G>A	466	100	2	0.17667844522968199
chr21:44558299:C>A	1090	38	3	0.03368794326241135
chr8:12743273:T>C	78	46	3	0.3709677419354839
chr8:38528552:A>G	574	91	3	0.1368421052631579
chr8:68097124:G>A	474	84	3	0.15053763440860216
chr8:140544301:G>A	662	24	3	0.03498542274052478
