mutation_id	ref_counts	var_counts	total_cn	VAF
chr1:154571926:G>A	214	396	3	0.6491803278688525
chr10:24494559:C>T	346	82	4	0.19158878504672897
chr10:48451046:G>A	798	203	4	0.20279720279720279
chr10:76058769:G>T	241	67	4	0.21753246753246752
chr10:127012265:G>A	446	102	4	0.18613138686131386
chr11:33568186:C>T	325	143	3	0.3055555555555556
chr13:95247059:G>A	96	55	2	0.36423841059602646
chr14:106410499:->TCTC	21	4	0	0.16
chr17:53824786:C>A	178	62	3	0.25833333333333336
chr18:6974964:G>A	372	130	3	0.2589641434262948
chr2:219572597:G>A	351	185	3	0.3451492537313433
chr21:30337216:G>A	657	128	5	0.16305732484076432
chr4:186709097:G>A	366	154	3	0.29615384615384616
chr7:6509265:G>A	597	219	3	0.26838235294117646
chrX:72139037:C>T	146	141	2	0.4912891986062718
chrY:5737900:G>A	28	151	1	0.8435754189944135
