mutation_id	ref_counts	var_counts	total_cn	VAF
chr1:28714286:C>T	357	297	2	0.4541284403669725
chr1:237633635:C>T	305	121	2	0.284037558685446
chr10:73208643:A>C	315	24	2	0.07079646017699115
chr17:1725051:->C	578	363	2	0.38575982996811903
chr17:67108583:G>C	466	18	2	0.0371900826446281
chr17:81955543:G>A	227	214	2	0.4852607709750567
chr18:5438073:A>G	122	113	2	0.4808510638297872
chr19:43024937:G>T	179	178	2	0.49859943977591037
chr2:17781208:G>T	410	14	2	0.0330188679245283
chr2:43852691:C>T	313	232	2	0.42568807339449544
chr2:89085175:GGA>AGGAGG	152	128	0	0.45714285714285713
chr2:112752325:A>T	294	199	2	0.40365111561866124
chr2:140541832:T>A	246	181	2	0.4238875878220141
chr2:165389510:C>T	115	115	2	0.5
chr2:190519094:G>C	303	27	2	0.08181818181818182
chr22:30555078:C>T	362	270	2	0.4272151898734177
chr22:36316550:C>T	339	130	2	0.2771855010660981
chr3:132450798:C>T	121	87	2	0.4182692307692308
chr9:21971139:C>T	876	61	2	0.06510138740661686
