mutation_id	ref_counts	var_counts	total_cn	VAF
chr1:160951046:G>A	304	25	2	0.07598784194528875
chr11:56232335:A>C	203	149	2	0.42329545454545453
chr11:61542514:G>A	185	227	2	0.5509708737864077
chr11:89009049:C>T	298	13	2	0.04180064308681672
chr12:6593116:T>G	173	76	2	0.30522088353413657
chr13:112382481:G>A	224	144	2	0.391304347826087
chr2:89297259:GTGGGA>CCTGG	197	34	2	0.1471861471861472
chr2:90039480:CC>-	27	43	1	0.6142857142857143
chr2:90173408:GGCATCCCACAGT>CCGGGAG	150	43	2	0.22279792746113988
chr20:63556355:C>T	305	175	2	0.3645833333333333
chr5:55785822:A>T	357	25	2	0.06544502617801047
chr7:50382602:C>T	444	15	2	0.032679738562091505
chr8:86139552:G>A	269	138	2	0.33906633906633904
chr9:5078362:A>T	186	119	2	0.3901639344262295
chrX:70269873:G>A	401	70	2	0.14861995753715498
