mutation_id	ref_counts	var_counts	total_cn	VAF
chr1:115072968:G>A	177	90	4	0.33707865168539325
chr10:13439373:C>T	402	108	8	0.21176470588235294
chr10:93901477:A>G	308	80	8	0.20618556701030927
chr11:17574765:C>T	315	48	4	0.1322314049586777
chr11:26660337:C>T	250	52	4	0.17218543046357615
chr14:104176380:C>T	692	68	6	0.08947368421052632
chr15:75372105:C>T	508	54	4	0.09608540925266904
chr17:8492823:G>A	304	21	6	0.06461538461538462
chr17:32021878:C>T	318	52	6	0.14054054054054055
chr19:2208944:T>A	159	53	4	0.25
chr2:113406872:->A	130	23	4	0.1503267973856209
chr22:22099212:->GGGT	104	64	4	0.38095238095238093
chr4:127730727:C>T	303	114	6	0.2733812949640288
chr4:137531085:G>C	199	73	6	0.26838235294117646
chr4:174976225:T>A	195	80	6	0.2909090909090909
chr5:123170813:C>A	556	20	6	0.034722222222222224
chr5:135874683:C>T	325	117	6	0.2647058823529412
chr6:49968807:C>T	312	127	6	0.28929384965831434
chr6:160132333:G>A	404	118	6	0.2260536398467433
chr8:72053848:C>T	294	86	6	0.22631578947368422
chr8:119789702:C>A	218	79	6	0.265993265993266
chrX:3320306:C>T	321	152	4	0.321353065539112
chrX:26218098:C>T	221	159	4	0.41842105263157897
chrX:30691152:G>A	127	67	4	0.34536082474226804
chrX:37847482:T>A	576	39	4	0.06341463414634146
