mutation_id	ref_counts	var_counts	total_cn	VAF
chr10:817796:C>T	221	273	3	0.5526315789473685
chr11:284532:G>A	314	244	2	0.43727598566308246
chr11:108481211:G>A	119	72	2	0.3769633507853403
chr12:106239743:A>G	283	202	2	0.41649484536082476
chr13:20988360:->GGGGGT	306	20	2	0.06134969325153374
chr14:106579013:C>G	54	162	1	0.75
chr16:57473635:G>A	522	26	2	0.04744525547445255
chr16:67880919:G>A	480	26	2	0.05138339920948617
chr17:81399780:C>A	192	176	2	0.4782608695652174
chr3:158098130:G>C	339	269	2	0.44243421052631576
chr5:90653681:A>T	198	158	2	0.4438202247191011
chr8:17210460:G>A	160	132	2	0.4520547945205479
