mutation_id	ref_counts	var_counts	total_cn	VAF
chr1:34795018:G>A	366	62	2	0.14485981308411214
chr1:156845261:A>T	721	66	3	0.08386277001270648
chr1:178486723:C>A	377	251	3	0.3996815286624204
chr1:223803399:C>T	191	198	3	0.5089974293059126
chr10:60080564:A>C	291	49	3	0.14411764705882352
chr11:101128435:C>T	411	152	2	0.2699822380106572
chr13:28034183:A>G	242	14	2	0.0546875
chr14:88702613:G>A	276	69	4	0.2
chr16:27492443:G>A	254	86	2	0.2529411764705882
chr16:88726957:A>T	284	14	2	0.04697986577181208
chr17:50667706:G>A	728	26	3	0.034482758620689655
chr19:54983318:C>T	298	71	2	0.19241192411924118
chr2:209692972:G>A	224	138	2	0.3812154696132597
chr21:45989768:G>A	464	56	4	0.1076923076923077
chr3:169102073:G>A	108	78	2	0.41935483870967744
chr7:29947299:G>A	360	22	3	0.05759162303664921
chr7:132140674:C>T	308	113	3	0.2684085510688836
chr9:37955998:G>A	224	52	2	0.18840579710144928
chr9:109243645:C>T	232	51	2	0.18021201413427562
