mutation_id	ref_counts	var_counts	total_cn	VAF
chr1:17616152:G>A	460	46	2	0.09090909090909091
chr11:133937951:G>T	315	20	2	0.05970149253731343
chr12:52424524:G>A	274	25	2	0.08361204013377926
chr12:112450407:A>C	448	26	2	0.05485232067510549
chr6:166498583:C>T	584	111	2	0.15971223021582734
chr7:124747053:G>A	499	26	2	0.049523809523809526
chr8:1957235:T>A	653	38	2	0.05499276410998553
chrX:74592329:C>T	718	42	2	0.05526315789473684
chrX:154463993:C>T	891	36	2	0.038834951456310676
