mutation_id	ref_counts	var_counts	total_cn	VAF
chr1:22121516:G>A	272	133	2	0.32839506172839505
chr10:27413200:T>C	325	92	3	0.22062350119904076
chr10:123768531:C>T	217	15	3	0.06465517241379311
chr10:128077708:G>C	318	175	3	0.35496957403651114
chr11:65109298:G>T	143	140	2	0.49469964664310956
chr12:7375937:G>A	454	34	3	0.06967213114754098
chr12:52385396:G>A	368	166	3	0.31086142322097376
chr13:28018498:ATG>-	222	29	2	0.11553784860557768
chr13:28034140:->TCC	159	75	2	0.32051282051282054
chr14:37622726:G>T	640	35	3	0.05185185185185185
chr16:1222845:G>A	176	142	2	0.44654088050314467
chr16:87644403:G>A	222	216	2	0.4931506849315068
chr17:50626492:G>A	464	217	3	0.3186490455212922
chr19:7895618:C>T	168	87	2	0.3411764705882353
chr19:43195025:G>A	113	92	2	0.44878048780487806
chr2:21005859:C>T	434	35	3	0.07462686567164178
chr2:85390438:TT>-	358	74	3	0.1712962962962963
chr2:233464262:C>T	298	86	3	0.22395833333333334
chr21:33772163:G>A	496	118	4	0.19218241042345277
chr21:42418420:A>C	366	76	4	0.17194570135746606
chr22:43944788:G>A	150	71	2	0.3212669683257919
chr4:110549723:G>A	195	52	3	0.21052631578947367
chr4:140622742:G>A	466	116	3	0.19931271477663232
chr4:148194808:C>T	230	116	3	0.3352601156069364
chr6:64590508:C>T	471	34	3	0.06732673267326733
chr7:21739637:G>A	123	85	2	0.40865384615384615
chr8:109427069:A>G	271	61	3	0.18373493975903615
chr9:15578912:C>T	154	117	2	0.4317343173431734
chrX:22273920:G>A	319	51	2	0.13783783783783785
chrX:153767838:C>T	596	19	2	0.030894308943089432
