mutation_id	ref_counts	var_counts	total_cn	VAF
chr1:208033372:G>A	219	134	2	0.37960339943342775
chr1:223110770:G>A	204	106	2	0.3419354838709677
chr10:94132328:G>A	268	156	2	0.36792452830188677
chr12:25245347:C>T	203	116	2	0.36363636363636365
chr12:52610790:C>T	296	135	2	0.31322505800464034
chr14:93622120:C>T	490	132	3	0.21221864951768488
chr16:3738617:G>A	193	74	2	0.27715355805243447
chr17:6118170:C>T	252	87	3	0.25663716814159293
chr19:57455571:T>G	213	114	2	0.3486238532110092
chr21:30491730:T>C	345	74	4	0.1766109785202864
chr7:152169201:C>T	177	59	2	0.25
chr8:127736090:G>T	560	232	3	0.29292929292929293
chr8:142613819:G>A	555	202	3	0.2668428005284016
