mutation_id	ref_counts	var_counts	total_cn	VAF
chr1:6454914:G>C	473	175	2	0.2700617283950617
chr1:193016381:C>T	173	35	2	0.16826923076923078
chr1:246877033:C>T	237	67	2	0.22039473684210525
chr10:93600395:C>T	188	72	2	0.27692307692307694
chr10:95687080:G>C	324	22	2	0.06358381502890173
chr11:108511995:C>G	294	58	2	0.16477272727272727
chr11:129874232:G>A	404	45	2	0.10022271714922049
chr12:25245328:C>G	311	106	2	0.2541966426858513
chr12:40278172:G>A	330	36	2	0.09836065573770492
chr12:57044118:G>A	270	15	2	0.05263157894736842
chr12:99806549:C>G	299	42	2	0.12316715542521994
chr12:123937392:A>G	444	126	2	0.22105263157894736
chr14:29638758:G>T	291	166	2	0.36323851203501095
chr14:70167992:G>C	404	18	2	0.04265402843601896
chr15:28257187:C>G	348	200	2	0.36496350364963503
chr15:30372235:G>C	627	15	2	0.02336448598130841
chr15:72474647:C>G	308	19	2	0.0581039755351682
chr16:1626086:G>T	269	32	2	0.10631229235880399
chr16:57439272:G>C	299	92	2	0.23529411764705882
chr16:57440884:G>A	261	76	2	0.22551928783382788
chr17:50356627:C>G	674	20	2	0.02881844380403458
chr19:5783377:C>T	572	19	2	0.032148900169204735
chr19:18386360:G>C	426	130	2	0.23381294964028776
chr2:27223984:G>C	219	72	2	0.24742268041237114
chr2:77519499:G>A	233	81	2	0.25796178343949044
chr20:2835674:G>A	269	93	2	0.2569060773480663
chr20:62882177:G>C	261	219	2	0.45625
chr22:20993967:G>A	390	49	2	0.11161731207289294
chr3:45225870:G>A	415	149	2	0.2641843971631206
chr3:114004714:C>G	238	9	2	0.03643724696356275
chr4:4197784:G>C	522	15	2	0.027932960893854747
chr5:83580419:G>A	130	74	2	0.3627450980392157
chr6:3156095:C>G	212	41	2	0.16205533596837945
chr6:7577801:C>T	216	62	2	0.22302158273381295
chr6:31034692:G>C	409	22	2	0.05104408352668213
chr6:69898950:G>C	234	10	2	0.040983606557377046
chr7:138803068:G>C	220	8	2	0.03508771929824561
chr8:26508338:C>G	454	46	2	0.092
chr9:32459448:C>G	186	64	2	0.256
chrX:124383996:A>T	410	139	2	0.25318761384335153
