mutation_id	ref_counts	var_counts	total_cn	VAF
chr1:43448146:C>A	339	64	2	0.1588089330024814
chr1:55137672:T>A	172	37	2	0.17703349282296652
chr1:61766310:A>G	219	40	2	0.15444015444015444
chr1:159535344:A>G	358	63	2	0.1496437054631829
chr1:201217379:G>A	348	168	2	0.32558139534883723
chr10:53822320:C>T	298	45	2	0.13119533527696792
chr12:14460914:A>-	242	69	1	0.22186495176848875
chr12:21912936:A>G	190	41	1	0.1774891774891775
chr12:48525701:C>T	311	34	1	0.09855072463768116
chr12:101670404:TTCCAGGTAA>CC	199	45	1	0.18442622950819673
chr12:130346461:T>A	311	84	1	0.21265822784810126
chr18:44952158:A>T	384	99	2	0.20496894409937888
chr19:35842394:G>A	309	57	2	0.1557377049180328
chr2:90210514:GTATTATAGTACCCCTCCCACAGTGTTACACACCCAAACAAAAAC>CCCGGGGA	116	57	1	0.32947976878612717
chr20:45304635:G>C	396	98	2	0.19838056680161945
chr3:58110120:G>A	221	101	2	0.3136645962732919
chr5:35792429:C>T	236	28	2	0.10606060606060606
chr5:148119020:C>T	125	76	1	0.3781094527363184
chr6:33304162:AAGA>-	368	55	2	0.13002364066193853
chr7:51026605:C>T	434	83	2	0.16054158607350097
chr7:98628602:G>A	280	48	2	0.14634146341463414
chr7:101004383:G>C	188	24	2	0.11320754716981132
chr7:117542030:->CC	113	18	2	0.13740458015267176
chr7:117542032:A>CCC	142	26	2	0.15476190476190477
chrX:151743478:C>T	616	29	2	0.04496124031007752
