mutation_id	ref_counts	var_counts	total_cn	VAF
chr11:85650281:A>G	104	103	2	0.4975845410628019
chr12:65056106:G>A	170	117	2	0.4076655052264808
chr12:107610287:C>T	234	158	2	0.4030612244897959
chr13:42155730:C>T	246	185	2	0.42923433874709976
chr13:45596448:C>T	420	224	2	0.34782608695652173
chr15:28274972:G>A	708	56	2	0.07329842931937172
chr19:55659320:G>A	360	257	2	0.4165316045380875
chr22:26027418:C>T	230	174	2	0.4306930693069307
chr4:64409182:G>A	141	114	2	0.4470588235294118
chr7:94664768:C>T	391	30	2	0.07125890736342043
chr7:137609049:G>A	127	92	2	0.4200913242009132
chr9:35617150:->GG	484	272	2	0.35978835978835977
chr9:74775992:C>A	452	33	2	0.06804123711340206
