mutation_id	ref_counts	var_counts	total_cn	VAF
chr1:109674763:C>G	244	14	2	0.05426356589147287
chr10:121496700:C>T	151	105	2	0.41015625
chr11:1247016:C>G	504	48	2	0.08695652173913043
chr12:81339250:C>T	277	22	2	0.07357859531772576
chr12:122867564:G>A	190	21	2	0.0995260663507109
chr13:61415118:C>T	326	14	2	0.041176470588235294
chr13:102852228:T>C	264	49	2	0.15654952076677317
chr15:72163705:G>T	316	24	2	0.07058823529411765
chr16:70678360:G>A	192	147	2	0.4336283185840708
chr19:18437045:C>T	338	28	2	0.07650273224043716
chr19:48900923:G>A	328	12	2	0.03529411764705882
chr2:86785933:G>A	292	14	2	0.0457516339869281
chr22:19216139:G>A	236	14	2	0.056
chr4:1022220:G>A	256	22	2	0.07913669064748201
chr6:11185532:T>C	188	109	2	0.367003367003367
chr6:16306476:C>T	36	99	1	0.7333333333333333
chr6:30340517:G>A	253	20	2	0.07326007326007326
chr7:128835453:G>A	164	34	2	0.1717171717171717
chr8:61646798:C>T	227	9	2	0.038135593220338986
chr9:36169993:C>A	147	92	2	0.38493723849372385
chr9:69375822:C>G	319	14	2	0.042042042042042045
