mutation_id	ref_counts	var_counts	total_cn	VAF
chr1:42835149:C>A	128	16	2	0.1111111111111111
chr1:114716126:C>T	262	18	2	0.06428571428571428
chr10:97936230:C>T	228	74	2	0.24503311258278146
chr13:33185989:C>A	143	78	2	0.35294117647058826
chr15:29766346:C>T	419	28	2	0.06263982102908278
chr17:8256882:C>T	240	81	3	0.2523364485981308
chr19:22975748:T>C	203	15	2	0.06880733944954129
chr5:140884205:G>A	374	32	2	0.07881773399014778
chr7:50382603:G>A	203	125	2	0.38109756097560976
chr9:135694394:C>T	184	104	2	0.3611111111111111
chrX:47181961:C>T	177	120	2	0.40404040404040403
