mutation_id	ref_counts	var_counts	total_cn	VAF
chr1:244856568:G>C	277	104	2	0.27296587926509186
chr11:66216713:G>A	422	17	2	0.0387243735763098
chr11:124570607:T>A	368	20	2	0.05154639175257732
chr12:53276793:G>A	254	168	2	0.3981042654028436
chr14:67584076:C>T	225	112	2	0.3323442136498516
chr14:88627745:T>G	255	104	2	0.28969359331476324
chr17:36537947:G>C	475	24	2	0.04809619238476954
chr2:108486624:A>G	236	116	2	0.32954545454545453
chr22:22031471:->A	57	72	1	0.5581395348837209
chr3:159262556:G>A	313	107	2	0.25476190476190474
chr5:155014626:G>A	390	149	2	0.2764378478664193
chr6:128184598:C>T	608	40	2	0.06172839506172839
chr7:100892703:C>T	616	46	2	0.06948640483383686
chr9:72917066:A>G	201	84	2	0.29473684210526313
chrX:23675000:T>C	132	17	1	0.11409395973154363
chrX:102154041:C>T	91	156	1	0.631578947368421
