mutation_id	ref_counts	var_counts	total_cn	VAF
chr1:169728213:C>T	280	55	2	0.16417910447761194
chr11:92969781:G>A	484	210	2	0.3025936599423631
chr11:117903605:G>C	611	38	2	0.05855161787365177
chr12:106239411:G>A	404	175	2	0.3022452504317789
chr12:117555255:C>T	345	22	2	0.05994550408719346
chr13:31154634:G>A	205	90	2	0.3050847457627119
chr13:94619212:C>G	408	57	2	0.12258064516129032
chr14:100277545:C>T	311	109	2	0.25952380952380955
chr16:88639303:G>A	250	103	2	0.29178470254957506
chr18:24016683:G>A	226	95	2	0.29595015576323985
chr18:79451681:C>T	197	78	2	0.28363636363636363
chr19:50658964:C>T	401	55	2	0.1206140350877193
chr3:175096910:A>G	257	110	2	0.2997275204359673
chr6:26107624:C>T	310	120	2	0.27906976744186046
chr6:26123852:G>A	141	79	2	0.35909090909090907
chr6:54940694:G>C	326	148	2	0.31223628691983124
chr6:56627217:G>C	251	58	2	0.18770226537216828
chr6:99323537:G>A	443	111	2	0.2003610108303249
chr7:143222909:G>A	234	100	2	0.2994011976047904
chr7:143719817:C>A	361	24	2	0.06233766233766234
chr8:63172768:C>T	388	34	2	0.08056872037914692
chr8:76706020:C>G	209	95	2	0.3125
chr8:85662944:C>T	1144	35	2	0.029686174724342665
chr9:100473644:C>T	661	97	2	0.1279683377308707
chr9:130874892:G>A	243	120	2	0.3305785123966942
chrX:51408205:T>C	420	199	2	0.32148626817447495
chrX:119693097:C>T	564	49	2	0.0799347471451876
