mutation_id	ref_counts	var_counts	total_cn	VAF
chr1:114716126:C>T	208	98	2	0.3202614379084967
chr1:155480406:C>T	207	129	2	0.38392857142857145
chr11:6241467:C>T	247	114	2	0.3157894736842105
chr11:78658216:G>A	400	209	2	0.34318555008210183
chr12:101094267:A>C	306	32	2	0.09467455621301775
chr18:44951105:C>T	277	193	2	0.4106382978723404
chr2:64636341:C>T	457	47	2	0.09325396825396826
chr2:209813720:G>A	379	111	2	0.22653061224489796
chr4:65601732:T>C	404	20	2	0.04716981132075472
chr5:14381135:G>A	238	14	2	0.05555555555555555
chr5:140877725:G>A	216	134	2	0.38285714285714284
chr9:79720175:A>T	446	18	2	0.03879310344827586
