mutation_id	ref_counts	var_counts	total_cn	VAF
chr1:19311925:C>T	263	204	2	0.43683083511777304
chr1:52404858:G>A	134	73	2	0.3526570048309179
chr1:185174868:C>T	140	95	2	0.40425531914893614
chr1:197002529:C>G	129	87	2	0.4027777777777778
chr10:58789728:C>T	155	140	2	0.4745762711864407
chr11:66347172:AA>-	601	119	2	0.16527777777777777
chr12:14806116:G>A	374	13	2	0.03359173126614987
chr12:85301291:C>G	332	44	2	0.11702127659574468
chr12:106501374:G>A	229	57	2	0.1993006993006993
chr14:70168237:G>A	382	14	2	0.03535353535353535
chr14:106770576:->GGGGGA	62	29	2	0.31868131868131866
chr14:106770578:T>GGGGAGA	117	80	2	0.40609137055837563
chr17:29968842:C>T	113	85	2	0.4292929292929293
chr19:34452094:->GGG	174	87	2	0.3333333333333333
chr3:58148231:G>T	350	24	2	0.06417112299465241
chr3:161346311:G>A	91	68	2	0.4276729559748428
chr4:15555154:G>C	310	62	2	0.16666666666666666
chr5:181050132:->TGGAA	213	57	2	0.2111111111111111
chr6:49728758:G>A	196	36	2	0.15517241379310345
chr6:116252835:G>A	191	157	2	0.4511494252873563
chr7:130306794:C>T	169	18	2	0.0962566844919786
chr7:140522100:C>A	126	20	2	0.136986301369863
chr8:75558859:C>T	159	131	2	0.4517241379310345
