mutation_id	ref_counts	var_counts	total_cn	VAF
chr1:2609365:G>A	458	67	2	0.12761904761904763
chr12:109814630:C>T	337	159	2	0.32056451612903225
chr14:45175546:A>G	203	67	2	0.24814814814814815
chr14:88469506:T>C	220	22	2	0.09090909090909091
chr14:106592680:TC>CCCAAG	22	9	0	0.2903225806451613
chr19:2199900:T>C	364	35	2	0.08771929824561403
chr19:42907097:C>T	243	76	2	0.23824451410658307
chr19:50666862:G>T	449	78	2	0.14800759013282733
chr2:90221291:GTGGATCTGGGACAG>CCT	39	38	0	0.4935064935064935
chr2:178680020:C>A	273	81	2	0.2288135593220339
chr3:125013919:G>A	267	92	2	0.2562674094707521
chr3:187729179:G>A	278	232	2	0.4549019607843137
chr4:1904324:T>C	305	110	2	0.26506024096385544
chr4:8406032:C>T	406	33	2	0.07517084282460136
chr5:87372179:A>G	247	66	2	0.2108626198083067
chr5:149027892:C>T	462	30	2	0.06097560975609756
chr7:57120211:T>A	253	61	2	0.1942675159235669
chr8:35726508:C>T	192	66	2	0.2558139534883721
chr9:67859427:A>T	306	19	2	0.05846153846153846
chrX:153536381:C>T	588	60	2	0.09259259259259259
