mutation_id	ref_counts	var_counts	total_cn	VAF
chr1:202895552:G>A	157	117	2	0.42700729927007297
chr1:207023448:G>A	227	57	2	0.2007042253521127
chr11:1252479:G>A	184	142	2	0.43558282208588955
chr14:92493615:G>A	158	98	2	0.3828125
chr17:35746204:G>A	216	152	2	0.41304347826086957
chr19:11023555:G>C	251	56	2	0.18241042345276873
chr3:186164942:C>A	333	74	2	0.18181818181818182
chr5:141101295:G>A	210	155	2	0.4246575342465753
chr6:169232674:G>A	124	116	2	0.48333333333333334
