mutation_id	ref_counts	var_counts	total_cn	VAF
chr1:6144065:G>A	370	96	2	0.20600858369098712
chr1:114716124:C>A	260	73	2	0.21921921921921922
chr10:79613864:G>A	381	72	2	0.15894039735099338
chr11:5440729:C>T	316	84	2	0.21
chr11:26525635:G>A	225	57	2	0.20212765957446807
chr11:56123263:G>A	179	42	2	0.19004524886877827
chr11:130416222:G>A	413	89	2	0.17729083665338646
chr12:307808:A>T	325	99	2	0.23349056603773585
chr12:14460837:C>T	286	75	2	0.2077562326869806
chr12:20733046:C>T	261	76	2	0.22551928783382788
chr12:29455372:C>T	271	58	2	0.1762917933130699
chr12:39318097:C>T	128	41	2	0.24260355029585798
chr12:57465164:C>T	368	91	2	0.19825708061002179
chr13:72772753:C>T	279	66	2	0.19130434782608696
chr14:85623276:T>C	359	77	2	0.17660550458715596
chr14:99175729:C>T	457	138	2	0.2319327731092437
chr15:74852138:G>T	387	86	2	0.18181818181818182
chr16:31362192:G>A	206	27	2	0.11587982832618025
chr16:58546672:C>T	225	39	2	0.14772727272727273
chr16:64982053:C>T	194	57	2	0.22709163346613545
chr17:6120348:C>T	357	92	2	0.20489977728285078
chr17:78507458:C>T	350	104	2	0.2290748898678414
chr19:813527:G>A	577	123	2	0.1757142857142857
chr2:198086065:C>T	229	84	2	0.268370607028754
chr2:210590846:G>A	171	43	2	0.20093457943925233
chr2:240786393:G>A	336	82	2	0.19617224880382775
chr21:38819730:C>T	301	66	2	0.17983651226158037
chr22:18126811:C>T	373	104	2	0.2180293501048218
chr22:18126812:C>T	368	105	2	0.2219873150105708
chr22:19134460:G>A	308	77	2	0.2
chr3:10326812:C>T	367	105	2	0.22245762711864406
chr3:138084163:G>A	286	82	2	0.22282608695652173
chr3:142711883:C>T	215	40	2	0.1568627450980392
chr3:195785528:G>A	945	115	2	0.10849056603773585
chr4:143696089:G>A	339	89	2	0.20794392523364486
chr5:50399877:G>A	144	19	2	0.1165644171779141
chr5:149833768:C>T	228	72	2	0.24
chr5:149833769:C>T	226	71	2	0.23905723905723905
chr6:7579386:C>T	287	61	2	0.1752873563218391
chr6:146029960:C>T	345	102	2	0.22818791946308725
chr7:3987268:C>T	330	67	2	0.16876574307304787
chr7:3987269:C>T	329	66	2	0.1670886075949367
chr7:156960048:C>T	249	58	2	0.18892508143322476
chr8:12731806:C>T	248	36	2	0.1267605633802817
chr8:30843823:C>T	289	81	2	0.21891891891891893
chr8:70069618:A>T	525	155	2	0.22794117647058823
chr9:66987222:G>A	576	162	3	0.21951219512195122
chr9:113321551:C>T	269	57	2	0.17484662576687116
