mutation_id	ref_counts	var_counts	total_cn	VAF
chr1:114716126:C>T	164	116	2	0.4142857142857143
chr1:185222006:A>G	144	101	2	0.4122448979591837
chr14:21092918:C>T	688	57	3	0.07651006711409396
chr14:34802966:T>C	187	76	3	0.2889733840304182
chr16:3736790:A>C	226	26	2	0.10317460317460317
chr19:3936664:A>T	259	13	2	0.04779411764705882
chr19:55593334:C>T	445	75	2	0.14423076923076922
chr2:222918087:C>T	126	80	2	0.3883495145631068
chr4:2931843:T>CCGCTA	251	95	3	0.2745664739884393
chr5:13810166:C>T	629	50	2	0.07363770250368189
chr5:140795230:G>A	480	31	2	0.060665362035225046
chr6:43338652:T>A	308	116	3	0.27358490566037735
chr7:139542066:C>T	141	121	2	0.4618320610687023
chrX:115190856:A>T	437	54	2	0.109979633401222
