mutation_id	ref_counts	var_counts	total_cn	VAF
chr2:11627040:C>T	211	73	2	0.25704225352112675
chr3:126508048:A>T	282	16	2	0.053691275167785234
chr9:27212868:C>T	205	32	2	0.1350210970464135
chrX:9937608:C>T	250	69	3	0.21630094043887146
chrX:111147854:G>C	208	13	3	0.058823529411764705
