mutation_id	ref_counts	var_counts	total_cn	VAF
chr11:7089469:G>A	200	183	2	0.47780678851174935
chr12:827228:C>A	129	103	2	0.44396551724137934
chr13:28035621:C>G	251	44	2	0.14915254237288136
chr14:74239789:G>A	432	193	3	0.3088
chr15:48470752:A>T	95	69	2	0.42073170731707316
chr5:140835736:C>T	210	178	2	0.4587628865979381
chr6:24145812:C>A	429	57	3	0.11728395061728394
chr6:121447258:C>T	336	141	3	0.29559748427672955
chr7:87408198:C>T	111	86	2	0.4365482233502538
chr7:98988769:G>A	95	85	2	0.4722222222222222
chr7:101041120:C>G	131	121	2	0.4801587301587302
chr9:67900712:C>T	287	22	2	0.07119741100323625
chrX:34131495:G>A	237	235	2	0.4978813559322034
