mutation_id	ref_counts	var_counts	total_cn	VAF
chr1:31744284:C>G	393	45	4	0.10273972602739725
chr1:51361328:G>A	141	60	4	0.29850746268656714
chr1:226161661:C>T	250	101	4	0.28774928774928776
chr10:122085977:C>T	412	14	4	0.03286384976525822
chr10:122087504:C>G	443	18	4	0.039045553145336226
chr12:33379885:C>T	248	94	4	0.27485380116959063
chr12:104066277:G>C	270	24	4	0.08163265306122448
chr13:35349171:G>A	276	13	4	0.04498269896193772
chr17:34962335:G>A	328	15	4	0.043731778425655975
chr19:34433352:G>A	227	13	4	0.05416666666666667
chr2:27138320:G>C	246	10	4	0.0390625
chr2:178696042:C>G	434	37	4	0.07855626326963906
chr2:178696209:C>G	260	20	4	0.07142857142857142
chr2:182189051:C>G	225	13	4	0.0546218487394958
chr20:35286845:C>T	277	144	4	0.342042755344418
chr3:48433754:C>T	257	78	4	0.23283582089552238
chr3:101855845:G>A	228	30	4	0.11627906976744186
chr4:103719564:C>T	696	27	4	0.03734439834024896
chr4:113902574:G>A	173	81	4	0.3188976377952756
chr4:155863689:T>A	245	131	4	0.3484042553191489
chr4:182688311:T>A	266	115	4	0.30183727034120733
chr5:181223311:C>T	252	96	3	0.27586206896551724
chr6:43038963:C>T	361	36	4	0.0906801007556675
chr6:57053784:G>A	124	19	4	0.13286713286713286
chr6:158312137:GAAGA>CC	194	79	4	0.2893772893772894
chr7:100887365:->GAGTGTGCGG	160	78	4	0.3277310924369748
chr8:29337284:G>A	422	44	3	0.0944206008583691
chr8:66177299:T>C	669	40	4	0.056417489421720736
chr8:98428022:G>C	303	18	4	0.056074766355140186
chrX:74743002:C>G	516	18	4	0.033707865168539325
chrX:135287448:G>C	422	14	4	0.03211009174311927
chrX:154485896:C>G	370	162	4	0.30451127819548873
