mutation_id	ref_counts	var_counts	total_cn	VAF
chr1:43971461:G>A	311	36	2	0.1037463976945245
chr10:60042718:C>T	272	34	2	0.1111111111111111
chr10:86943160:C>T	458	152	2	0.24918032786885247
chr10:99714688:A>C	246	19	2	0.07169811320754717
chr10:114975238:T>C	208	150	2	0.41899441340782123
chr11:694948:CTGCCGCGGCCGCGGCCGCCGCCGCCACAG>-	232	415	3	0.6414219474497682
chr11:1030772:G>T	514	18	3	0.03383458646616541
chr12:18739037:C>T	366	26	2	0.0663265306122449
chr14:99405326:->AGCGGGGGAA	181	66	2	0.26720647773279355
chr19:13506213:G>A	532	28	2	0.05
chr19:57493782:A>G	212	92	2	0.3026315789473684
chr2:32736800:C>T	146	68	2	0.3177570093457944
chr2:90221382:TCCCACAGTGTTAC>CACGG	29	31	2	0.5166666666666667
chr20:44160308:C>T	381	255	2	0.4009433962264151
chr20:57515819:G>A	128	79	2	0.38164251207729466
chr20:58160813:C>T	194	27	2	0.12217194570135746
chr22:19475537:G>A	171	96	2	0.3595505617977528
chr3:133954975:G>A	315	22	2	0.06528189910979229
chr5:52925321:C>T	301	18	2	0.05642633228840126
chr5:161873284:G>T	351	26	2	0.06896551724137931
chr6:111367133:G>C	181	49	2	0.21304347826086956
chr6:113956679:C>T	201	28	2	0.1222707423580786
chr7:142797119:ACCAA>-	249	98	2	0.2824207492795389
chr9:17007:G>A	131	30	2	0.18633540372670807
chr9:34635775:C>T	359	114	2	0.24101479915433405
chrX:123404762:C>T	31	128	1	0.8050314465408805
