mutation_id	ref_counts	var_counts	total_cn	VAF
chr1:155941975:G>A	578	25	3	0.04145936981757877
chr1:176595257:C>T	434	104	3	0.19330855018587362
chr10:27100314:A>T	164	298	3	0.645021645021645
chr10:122621282:G>A	521	64	3	0.1094017094017094
chr12:25245351:C>A	302	37	2	0.10914454277286136
chr12:112450394:G>A	270	109	2	0.287598944591029
chr15:84868443:A>G	204	27	2	0.11688311688311688
chr16:7653924:G>A	302	127	2	0.29603729603729606
chr16:71640490:C>T	131	194	2	0.5969230769230769
chr18:22171689:C>T	844	56	3	0.06222222222222222
chr2:53854329:C>T	206	166	2	0.44623655913978494
chr2:166432365:C>A	140	117	2	0.45525291828793774
chr22:43540208:G>A	173	154	2	0.4709480122324159
chr5:140882332:G>A	217	166	2	0.43342036553524804
chr5:146056195:C>T	102	100	2	0.49504950495049505
chr6:31947806:C>T	502	31	3	0.058161350844277676
chr6:56459198:C>T	328	155	3	0.32091097308488614
chr6:168044909:C>T	482	131	3	0.2137030995106036
chr8:9734972:G>C	208	140	2	0.40229885057471265
chr8:13567499:G>A	199	141	2	0.4147058823529412
chr8:132137962:G>A	149	100	2	0.40160642570281124
chr9:67082771:C>G	432	145	2	0.2512998266897747
