mutation_id	ref_counts	var_counts	total_cn	VAF
chr1:21878206:C>T	126	122	2	0.49193548387096775
chr1:114716127:C>T	161	113	2	0.4124087591240876
chr1:248626374:G>A	135	128	2	0.4866920152091255
chr11:19892531:A>G	190	111	2	0.3687707641196013
chr11:70433275:G>A	87	93	2	0.5166666666666667
chr2:132725729:C>A	131	105	2	0.4449152542372881
chr21:38383756:C>T	548	366	5	0.40043763676148797
chr3:128650648:G>T	240	275	2	0.5339805825242718
chr7:143756950:C>G	12	3	2	0.2
chr9:12702328:T>C	194	152	2	0.4393063583815029
chr9:32631966:C>T	165	166	2	0.5015105740181269
chr9:91724113:G>A	176	157	2	0.47147147147147145
chrX:18201826:G>A	129	95	2	0.42410714285714285
chrX:27747917:C>T	172	172	2	0.5
