mutation_id	ref_counts	var_counts	total_cn	VAF
chr1:169520550:G>A	225	64	2	0.22145328719723184
chr11:67040185:G>T	258	72	2	0.21818181818181817
chr3:49663018:C>T	414	36	1	0.08
chr6:40432696:C>T	298	94	2	0.23979591836734693
chr7:108166984:G>A	316	96	2	0.23300970873786409
