mutation_id	ref_counts	var_counts	total_cn	VAF
chr11:120137821:C>T	664	54	2	0.07520891364902507
chr13:32078906:C>T	418	48	2	0.10300429184549356
chr15:90913614:G>A	275	23	2	0.07718120805369127
chr8:54869857:A>G	54	105	1	0.660377358490566
chr8:86671052:C>T	221	142	2	0.39118457300275483
