mutation_id	ref_counts	var_counts	total_cn	VAF
chr11:59477933:C>T	360	11	2	0.029649595687331536
chr11:134384123:C>G	620	23	2	0.03576982892690513
chr19:43461674:G>A	217	172	2	0.442159383033419
chr21:33555098:G>A	333	324	2	0.4931506849315068
chr3:65470417:G>C	418	27	2	0.060674157303370786
chr4:127820563:G>C	99	94	2	0.48704663212435234
chr9:124540180:T>A	117	111	2	0.4868421052631579
