mutation_id	ref_counts	var_counts	total_cn	VAF
chr1:84412400:C>A	117	96	2	0.4507042253521127
chr1:114716123:C>T	109	78	2	0.41711229946524064
chr10:125026255:A>G	610	159	4	0.2067620286085826
chr11:17610485:G>A	197	180	2	0.47745358090185674
chr17:11891824:C>T	107	109	2	0.5046296296296297
chr17:36167565:G>T	414	4	2	0.009569377990430622
chr17:65530030:C>T	256	16	2	0.058823529411764705
chr2:164522076:G>C	136	5	2	0.03546099290780142
chr7:159034274:G>A	90	66	2	0.4230769230769231
