mutation_id	ref_counts	var_counts	total_cn	VAF
chr1:89009042:A>G	290	18	2	0.05844155844155844
chr1:156945075:G>A	187	116	2	0.38283828382838286
chr10:122050517:C>T	196	76	2	0.27941176470588236
chr12:92144288:->GTA	148	65	2	0.3051643192488263
chr13:101082878:G>A	255	14	2	0.05204460966542751
chr14:69658664:->GG	169	68	2	0.2869198312236287
chr14:106506995:->TGTGGGGGGCTA	70	36	2	0.33962264150943394
chr14:106714684:->CTCCGTGCCA	33	12	2	0.26666666666666666
chr17:78537359:G>A	202	106	2	0.34415584415584416
chr19:31279604:C>T	218	110	2	0.3353658536585366
chr19:49599686:C>T	242	95	2	0.2818991097922849
chr20:64073989:->ACGGTC	289	39	2	0.11890243902439024
chr21:38383764:A>C	212	123	2	0.36716417910447763
chr3:4453037:G>A	118	55	2	0.3179190751445087
chr3:187670179:G>A	180	95	2	0.34545454545454546
chr4:41626742:C>T	140	62	2	0.3069306930693069
chr4:47425726:C>T	279	13	2	0.04452054794520548
chr7:39951788:->C	317	138	2	0.3032967032967033
chr7:94618828:C>A	246	38	2	0.13380281690140844
chrX:64190385:C>T	253	151	2	0.37376237623762376
