mutation_id	ref_counts	var_counts	total_cn	VAF
chr1:220040238:G>A	180	122	2	0.40397350993377484
chr13:110198509:G>T	183	164	2	0.47262247838616717
chr17:16143639:->AGGGCCACTACCCCT	20	64	1	0.7619047619047619
chr19:11033437:G>A	255	144	2	0.3609022556390977
chr7:100220231:->C	400	150	2	0.2727272727272727
chr8:17562093:C>A	108	97	2	0.47317073170731705
