mutation_id	ref_counts	var_counts	total_cn	VAF
chr1:114716123:C>T	187	57	2	0.2336065573770492
chr10:70419956:G>A	285	20	2	0.06557377049180328
chr12:1639698:G>A	287	14	2	0.046511627906976744
chr12:109266255:G>A	112	45	2	0.28662420382165604
chr14:22423036:TGACACCCA>CCAGTATGGGTCCCCATCCCTG	120	30	2	0.2
chr16:49638813:C>T	274	26	2	0.08666666666666667
chr18:14513699:T>G	352	26	3	0.06878306878306878
chr19:12772904:C>T	130	116	2	0.4715447154471545
chr19:12887053:C>T	147	97	2	0.3975409836065574
chr22:20990476:G>A	200	70	2	0.25925925925925924
chr9:135778788:G>A	198	41	2	0.17154811715481172
