mutation_id	ref_counts	var_counts	total_cn	VAF
chr1:114716123:C>T	150	84	2	0.358974358974359
chr11:14135441:C>T	158	45	3	0.22167487684729065
chr17:58267919:C>A	205	65	3	0.24074074074074073
chr19:9997376:G>T	155	79	2	0.33760683760683763
chr2:178709630:C>G	144	72	2	0.3333333333333333
chr20:61929809:G>A	300	64	2	0.17582417582417584
chr21:14189178:G>A	274	70	4	0.20348837209302326
chr7:44239641:C>T	163	95	2	0.3682170542635659
