mutation_id	ref_counts	var_counts	total_cn	VAF
chr1:965011:G>A	210	142	2	0.4034090909090909
chr1:110604590:G>A	324	23	2	0.06628242074927954
chr1:201320293:G>A	399	48	3	0.10738255033557047
chr12:25245350:C>A	194	17	2	0.08056872037914692
chr13:28034183:->CCGAGTCTC	125	40	2	0.24242424242424243
chr14:32823622:G>C	236	17	3	0.06719367588932806
chr14:105478831:G>A	397	179	3	0.3107638888888889
chr15:81136554:C>T	110	69	2	0.3854748603351955
chr16:27448801:G>A	229	163	2	0.41581632653061223
chr16:71064827:C>A	93	50	2	0.34965034965034963
chr17:45983534:C>T	892	54	3	0.05708245243128964
chr19:37893811:C>T	131	96	2	0.42290748898678415
chr2:178719806:C>T	56	49	2	0.4666666666666667
chr5:140802493:G>A	266	27	2	0.09215017064846416
chr6:31029203:G>T	742	34	3	0.04381443298969072
chr7:30872249:C>T	132	108	2	0.45
chr7:157578092:C>T	223	75	2	0.2516778523489933
chr8:134602017:C>T	201	171	2	0.4596774193548387
chrX:34132163:C>A	568	152	4	0.2111111111111111
chrX:106727278:G>A	682	31	4	0.043478260869565216
