mutation_id	ref_counts	var_counts	total_cn	VAF
chr10:77828968:C>T	481	17	2	0.03413654618473896
chr10:89403460:C>T	93	62	2	0.4
chr12:45850734:C>T	227	183	2	0.44634146341463415
chr13:71475748:G>T	539	48	2	0.0817717206132879
chr19:18855140:C>T	278	77	2	0.21690140845070421
chr21:41836605:A>G	218	149	2	0.40599455040871935
chr4:57031322:G>C	63	31	2	0.32978723404255317
chr4:184010800:G>A	402	81	2	0.16770186335403728
chr5:41009335:A>G	221	124	2	0.35942028985507246
chr9:136496928:G>A	430	274	2	0.38920454545454547
