mutation_id	ref_counts	var_counts	total_cn	VAF
chr1:87097906:G>A	180	85	2	0.32075471698113206
chr1:159713615:G>A	338	30	2	0.08152173913043478
chr12:108789042:C>T	363	61	2	0.14386792452830188
chr19:8584972:G>A	536	28	2	0.04964539007092199
chr19:50458952:C>G	438	46	2	0.09504132231404959
chr2:96287959:C>T	271	32	2	0.10561056105610561
chr2:144389881:T>C	300	94	2	0.23857868020304568
chr2:169637024:A>T	424	60	2	0.12396694214876033
chr2:211722409:A>G	184	104	2	0.3611111111111111
chr20:50942116:CCTTTTGCTTCCTGTAGAATAAATTAGCTGTCAATTAGAAAAAGCCA>-	185	63	2	0.2540322580645161
chr5:139368775:G>C	305	10	2	0.031746031746031744
chr6:127476023:T>C	268	158	2	0.37089201877934275
chr7:122698600:G>A	178	112	2	0.38620689655172413
chr9:137185033:C>T	256	142	2	0.35678391959798994
chrX:51618296:G>A	301	52	2	0.14730878186968838
