mutation_id	ref_counts	var_counts	total_cn	VAF
chr11:108513683:T>C	421	20	2	0.045351473922902494
chr12:8930473:T>C	195	140	2	0.417910447761194
chr12:65068845:C>-	328	186	2	0.36186770428015563
chr16:70465086:G>T	600	18	2	0.02912621359223301
chr2:3388572:C>T	357	201	2	0.3602150537634409
chr20:23986119:G>A	358	18	2	0.047872340425531915
chr20:35732068:G>A	315	150	2	0.3225806451612903
chr3:89210138:C>A	291	186	2	0.389937106918239
chr6:7575433:A>G	237	165	2	0.41044776119402987
chr6:27867222:C>T	237	179	2	0.43028846153846156
