mutation_id	ref_counts	var_counts	total_cn	VAF
chr1:3763782:G>A	264	38	2	0.12582781456953643
chr1:54682752:G>T	530	45	2	0.0782608695652174
chr1:114716123:C>T	315	109	2	0.25707547169811323
chr10:53823229:G>A	477	24	3	0.04790419161676647
chr10:123148521:C>T	1460	36	3	0.02406417112299465
chr11:100002137:G>-	142	34	2	0.19318181818181818
chr12:25245350:C>T	409	38	2	0.08501118568232663
chr13:23334181:G>A	142	149	2	0.5120274914089347
chr16:20349154:C>T	365	117	2	0.24273858921161826
chr16:71970027:C>T	475	44	2	0.08477842003853564
chr17:1516468:C>T	693	121	3	0.14864864864864866
chr17:10309796:C>T	441	65	3	0.12845849802371542
chr17:10401365:G>T	759	22	3	0.028169014084507043
chr17:73169403:C>A	612	40	3	0.06134969325153374
chr17:82028403:G>A	458	26	3	0.05371900826446281
chr19:5244180:G>A	738	36	2	0.046511627906976744
chr19:8601109:C>T	522	50	2	0.08741258741258741
chr19:46720632:G>A	492	38	2	0.07169811320754717
chr19:57131094:G>T	482	19	2	0.03792415169660679
chr2:21042365:C>A	218	60	2	0.2158273381294964
chr2:100964878:C>T	156	40	2	0.20408163265306123
chr2:185789307:C>A	211	67	2	0.24100719424460432
chr2:195796664:T>C	348	51	2	0.12781954887218044
chr2:233719061:G>T	482	30	2	0.05859375
chr22:15528679:C>T	492	84	2	0.14583333333333334
chr3:73384636:C>T	410	121	2	0.2278719397363465
chr4:185508522:G>A	604	31	3	0.048818897637795275
chr5:138257699:G>A	432	106	2	0.1970260223048327
chr5:168199882:G>A	242	21	2	0.07984790874524715
chr6:29307460:T>C	455	19	3	0.04008438818565401
chr6:33290751:G>A	516	81	3	0.135678391959799
chr6:132328050:G>A	448	24	3	0.05084745762711865
chr8:61376659:C>T	252	79	2	0.23867069486404835
chrX:3027366:C>T	494	101	2	0.16974789915966387
