mutation_id	ref_counts	var_counts	total_cn	VAF
chr12:57747233:A>G	111	90	2	0.44776119402985076
chr15:24676700:C>T	364	32	2	0.08080808080808081
chr15:74174888:G>A	370	31	2	0.0773067331670823
chr16:67611545:C>G	301	13	2	0.041401273885350316
chr19:1555922:C>T	251	191	2	0.4321266968325792
chr2:29071126:G>A	191	169	2	0.46944444444444444
chr4:24570740:A>C	319	44	2	0.12121212121212122
chr4:176146033:G>A	108	91	2	0.457286432160804
chr5:13864506:C>A	192	131	2	0.4055727554179567
chr5:157463328:G>A	194	10	2	0.049019607843137254
chr6:26196959:C>T	157	18	2	0.10285714285714286
chrX:48512448:G>A	185	23	1	0.11057692307692307
