mutation_id	ref_counts	var_counts	total_cn	VAF
chr1:40195670:C>G	162	63	2	0.28
chr1:167005305:G>A	328	11	2	0.032448377581120944
chr11:6932387:G>A	192	133	2	0.40923076923076923
chr11:112082505:C>T	200	30	2	0.13043478260869565
chr12:117761244:C>T	281	274	2	0.4936936936936937
chr13:110198580:C>T	302	53	2	0.14929577464788732
chr14:106592676:->CCCCCGGGC	10	24	0	0.7058823529411765
chr16:9764493:G>A	186	127	2	0.4057507987220447
chr18:58919530:G>A	236	169	2	0.41728395061728396
chr19:8962154:A>G	175	128	2	0.42244224422442245
chr19:12792489:A>T	623	22	2	0.034108527131782945
chr19:34430613:G>A	128	89	2	0.41013824884792627
chr19:38561165:C>T	341	41	2	0.10732984293193717
chr2:141247231:T>A	133	22	2	0.14193548387096774
chr3:64198865:C>T	533	38	2	0.06654991243432574
chr4:114622908:C>A	292	10	2	0.033112582781456956
chr4:145885883:C>T	439	24	2	0.05183585313174946
chr4:190025971:C>A	398	54	2	0.11946902654867257
chr5:123418495:G>A	130	94	2	0.41964285714285715
chr5:141365008:G>A	347	56	1	0.13895781637717122
chr5:168190458:C>T	193	143	2	0.4255952380952381
chr6:29417285:G>A	155	10	2	0.06060606060606061
chr7:13939163:G>A	234	24	2	0.09302325581395349
chr7:13986677:G>A	262	11	2	0.040293040293040296
chr7:37884378:A>G	238	14	2	0.05555555555555555
chr7:43450856:G>A	302	14	2	0.04430379746835443
chr7:133630111:A>G	312	13	2	0.04
chr9:104599049:C>T	93	167	2	0.6423076923076924
chrY:14723232:C>T	137	21	1	0.13291139240506328
