mutation_id	ref_counts	var_counts	total_cn	VAF
chr1:36286628:G>A	416	22	2	0.0502283105022831
chr14:88479752:G>A	431	166	3	0.2780569514237856
chr15:23644917:G>A	234	172	2	0.4236453201970443
chr17:11937475:C>T	288	17	2	0.05573770491803279
chr7:64077701:C>A	273	33	2	0.10784313725490197
