mutation_id	ref_counts	var_counts	total_cn	VAF
chr1:114716123:C>T	184	105	2	0.3633217993079585
chr11:63898829:G>A	148	78	2	0.34513274336283184
chr13:28034176:->GGTGGATCCGAA	174	66	2	0.275
chr2:113406849:T>C	154	74	2	0.32456140350877194
chr21:38383755:T>C	552	154	5	0.21813031161473087
chr6:43304195:->CCT	189	95	2	0.3345070422535211
chr7:44884751:->CTC	311	350	3	0.529500756429652
chr7:48524287:G>C	134	121	3	0.4745098039215686
chr8:91970825:G>A	226	141	2	0.38419618528610355
