mutation_id	ref_counts	var_counts	total_cn	VAF
chr11:9858280:->GGTGTCC	257	37	2	0.12585034013605442
chr12:38321038:G>A	269	59	2	0.1798780487804878
chr12:119782594:T>C	224	60	2	0.2112676056338028
chr13:36125992:G>A	410	50	2	0.10869565217391304
chr14:90270251:C>T	281	42	2	0.13003095975232198
chr14:104886928:G>A	490	129	2	0.2084006462035541
chr17:10400617:G>A	208	61	2	0.22676579925650558
chr19:3907776:G>A	417	105	2	0.20114942528735633
chr3:184577020:G>A	327	74	2	0.18453865336658354
chr5:129461248:G>A	477	149	2	0.2380191693290735
chr7:50382593:A>T	358	138	2	0.2782258064516129
chrX:86695142:C>A	376	118	2	0.2388663967611336
