mutation_id	ref_counts	var_counts	total_cn	VAF
chr1:171024444:T>A	244	62	2	0.20261437908496732
chr10:96012604:C>T	266	74	2	0.21764705882352942
chr10:116551194:G>A	262	63	2	0.19384615384615383
chr11:17075148:C>T	340	24	3	0.06593406593406594
chr11:106940080:A>C	354	73	3	0.17096018735362997
chr13:28034192:A>G	240	9	2	0.03614457831325301
chr2:178837023:C>T	159	58	2	0.2672811059907834
chr2:219055393:G>A	418	34	2	0.0752212389380531
chr2:232486314:C>T	636	20	2	0.03048780487804878
chr4:39407023:G>A	236	63	2	0.21070234113712374
chr4:140911345:C>T	196	34	2	0.14782608695652175
chr5:35712871:G>A	180	18	2	0.09090909090909091
chr5:132271334:C>T	266	134	2	0.335
chr6:28148626:G>A	291	95	2	0.24611398963730569
chr7:38276318:->ATGCC	128	41	2	0.24260355029585798
chr7:100952222:C>T	429	24	2	0.052980132450331126
chr9:76071871:G>A	324	30	2	0.0847457627118644
chr9:133570409:C>T	631	55	2	0.08017492711370262
chrX:115190225:C>T	219	112	1	0.338368580060423
