mutation_id	ref_counts	var_counts	total_cn	VAF
chr1:226367547:C>T	379	36	4	0.08674698795180723
chr11:17395664:C>T	444	64	4	0.12598425196850394
chr11:105044408:C>T	320	14	4	0.041916167664670656
chr12:48329926:C>T	570	36	4	0.0594059405940594
chr14:20197546:G>C	504	32	4	0.05970149253731343
chr16:270660:G>C	399	14	4	0.03389830508474576
chr19:51239567:G>C	258	157	4	0.3783132530120482
chr2:113406870:A>-	138	22	4	0.1375
chr2:165679252:C>T	430	32	4	0.06926406926406926
chr2:189666451:G>A	259	39	4	0.13087248322147652
chr3:50349768:T>C	454	21	4	0.04421052631578947
chr5:45645279:C>T	294	78	4	0.20967741935483872
chr5:90679554:G>A	304	35	4	0.10324483775811209
chr6:32188773:C>G	490	52	4	0.0959409594095941
chr6:160080142:C>T	170	26	4	0.1326530612244898
chr8:51339661:G>A	386	30	4	0.07211538461538461
chrX:140504876:G>A	360	18	2	0.047619047619047616
