mutation_id	ref_counts	var_counts	total_cn	VAF
chr12:30723309:T>C	173	49	2	0.22072072072072071
chr15:48430677:A>C	200	8	2	0.038461538461538464
chr17:5033489:C>T	220	25	2	0.10204081632653061
chr4:122224595:C>G	343	39	2	0.10209424083769633
