mutation_id	ref_counts	var_counts	total_cn	VAF
chr1:6146318:C>T	640	21	4	0.03177004538577912
chr1:81943107:G>A	246	20	4	0.07518796992481203
chr1:215234869:C>T	408	67	4	0.14105263157894737
chr1:240868614:T>C	237	217	4	0.4779735682819383
chr11:108302961:A>C	8	87	2	0.9157894736842105
chr12:55026729:G>A	290	238	4	0.45075757575757575
chr14:77027237:TGT>-	407	217	4	0.34775641025641024
chr14:106506996:->CC	128	91	4	0.4155251141552511
chr14:106592676:->GTCTTACC	16	18	2	0.5294117647058824
chr14:106714664:GTGGGTTTTCACACTGTGTCTCTC>CCCGT	46	86	4	0.6515151515151515
chr15:89649312:G>C	810	42	4	0.04929577464788732
chr18:6171900:C>G	588	35	4	0.056179775280898875
chr2:90005626:->CCCCCCC	98	16	4	0.14035087719298245
chr2:178566460:C>G	316	29	4	0.08405797101449275
chr2:190296925:T>C	216	25	4	0.1037344398340249
chr21:33550401:C>T	818	82	4	0.09111111111111111
chr3:52362997:G>A	166	159	4	0.48923076923076925
chr4:26489263:C>T	215	188	4	0.4665012406947891
chr7:14701721:C>T	102	14	4	0.1206896551724138
chr7:101003559:G>T	3104	216	4	0.06506024096385542
chr8:143158366:C>T	986	49	4	0.04734299516908213
chr8:143726504:C>T	911	26	4	0.02774813233724653
chrX:54470208:G>A	333	116	2	0.2583518930957684
