mutation_id	ref_counts	var_counts	total_cn	VAF
chr12:25225713:T>G	222	17	2	0.07112970711297072
chr12:25245350:C>T	206	22	2	0.09649122807017543
chr15:29716808:C>T	218	20	2	0.08403361344537816
chr17:50606918:G>A	166	24	2	0.12631578947368421
chr9:128333527:G>A	416	30	2	0.06726457399103139
chrX:115643460:G>A	282	25	2	0.08143322475570032
