mutation_id	ref_counts	var_counts	total_cn	VAF
chr1:11285783:C>T	631	39	2	0.058208955223880594
chr10:27028897:C>T	321	15	2	0.044642857142857144
chr11:1747751:G>A	556	22	2	0.03806228373702422
chr12:108623770:C>T	892	45	2	0.048025613660619
chr14:99675157:G>A	246	18	2	0.06818181818181818
chr16:69339848:G>C	364	24	2	0.061855670103092786
chr17:75494739:C>T	551	42	2	0.07082630691399663
chr19:6534892:C>T	764	54	2	0.06601466992665037
chr19:7916326:G>A	449	284	2	0.3874488403819918
chr19:22315873:C>A	335	131	2	0.2811158798283262
chr2:185797352:G>C	173	112	2	0.3929824561403509
chr2:185808702:C>A	160	74	2	0.3162393162393162
chr2:208437599:A>T	329	41	2	0.11081081081081082
chr3:149657037:C>T	755	43	2	0.05388471177944862
chr7:95273960:A>G	191	153	2	0.44476744186046513
chr7:152220636:G>C	429	18	2	0.040268456375838924
chr9:21968230:C>T	494	29	2	0.055449330783938815
chrX:151955798:G>C	662	39	2	0.05563480741797432
