mutation_id	ref_counts	var_counts	total_cn	VAF
chr1:7738317:G>A	590	46	2	0.07232704402515723
chr10:94350138:G>A	228	137	2	0.37534246575342467
chr11:68158722:C>A	612	22	2	0.03470031545741325
chr11:118755406:T>G	345	12	2	0.03361344537815126
chr12:25225628:C>T	264	28	2	0.0958904109589041
chr12:25245350:C>T	434	35	2	0.07462686567164178
chr12:122355289:G>A	223	153	2	0.40691489361702127
chr17:40751024:C>T	299	69	2	0.1875
chr3:77098213:C>A	574	25	2	0.041736227045075125
chr3:138023675:C>T	283	65	2	0.1867816091954023
chr5:160565814:C>A	409	84	2	0.17038539553752535
chr7:151878624:G>A	358	188	2	0.3443223443223443
chrX:114906660:G>A	704	23	2	0.03163686382393398
