mutation_id	ref_counts	var_counts	total_cn	VAF
chr1:35609274:G>A	286	15	2	0.04983388704318937
chr1:85877142:G>A	135	98	2	0.4206008583690987
chr1:155929342:G>A	378	17	2	0.043037974683544304
chr1:170996622:C>T	324	24	2	0.06896551724137931
chr10:95399178:C>T	348	13	2	0.036011080332409975
chr11:5226709:C>A	286	181	2	0.3875802997858672
chr12:100420035:G>C	448	17	2	0.03655913978494624
chr13:40666148:G>C	816	26	2	0.030878859857482184
chr13:108210551:T>C	167	133	2	0.44333333333333336
chr14:106470260:GTGTATCTTTTGCACAGTAATACAAGGCG>-	206	32	2	0.13445378151260504
chr17:82442280:C>T	726	19	2	0.025503355704697986
chr2:271877:C>G	214	99	2	0.31629392971246006
chr2:127335886:T>A	114	93	2	0.4492753623188406
chr2:154409035:A>C	179	91	2	0.337037037037037
chr2:178104380:G>A	222	110	2	0.3313253012048193
chr2:214956728:G>A	202	50	2	0.1984126984126984
chr2:237368871:G>C	552	24	2	0.041666666666666664
chr3:44500272:A>G	452	34	2	0.06995884773662552
chr4:1961074:G>A	239	130	2	0.3523035230352303
chr4:41261718:A>G	112	63	2	0.36
chr4:184657276:C>A	528	18	3	0.03296703296703297
chr5:43298872:C>G	225	131	2	0.36797752808988765
chr7:31577999:C>T	464	32	2	0.06451612903225806
chr7:101043502:C>T	630	20	2	0.03076923076923077
chr7:135193372:G>A	326	23	2	0.0659025787965616
chr7:144110494:C>T	208	113	2	0.35202492211838005
chr7:151001841:C>T	256	148	2	0.36633663366336633
chr8:12736744:C>T	278	20	2	0.06711409395973154
chr8:76855212:C>T	219	176	2	0.44556962025316454
chr9:32566403:G>T	185	96	2	0.3416370106761566
chr9:89178120:G>A	324	19	2	0.05539358600583091
chr9:132659712:G>A	181	99	2	0.3535714285714286
chrX:11760433:G>A	318	24	2	0.07017543859649122
chrX:134896850:C>T	226	70	2	0.23648648648648649
chrX:150470327:C>G	625	29	2	0.04434250764525994
chrX:154352014:G>A	226	94	2	0.29375
