mutation_id	ref_counts	var_counts	total_cn	VAF
chr1:33739159:G>A	155	110	2	0.41509433962264153
chr1:114716126:C>T	167	119	2	0.4160839160839161
chr12:114674242:C>T	287	243	2	0.45849056603773586
chr14:23523364:G>C	401	199	3	0.33166666666666667
chr2:130074626:G>A	316	105	2	0.2494061757719715
chr2:130463198:G>A	106	75	2	0.4143646408839779
chr5:72199878:G>A	221	187	2	0.4583333333333333
chr5:122182577:C>T	146	146	2	0.5
