mutation_id	ref_counts	var_counts	total_cn	VAF
chr1:16591972:A>G	244	27	4	0.0996309963099631
chr11:121118638:G>A	221	41	6	0.15648854961832062
chr12:49022840:G>A	256	37	5	0.12627986348122866
chr16:84222826:C>T	271	51	4	0.15838509316770186
chr22:37974010:C>T	427	15	5	0.033936651583710405
chr3:99795899:C>T	230	38	4	0.1417910447761194
chr4:84690520:C>T	188	25	5	0.11737089201877934
chr4:188002939:C>T	346	46	6	0.11734693877551021
chr6:25515786:G>A	304	36	6	0.10588235294117647
chr9:133524760:G>A	318	49	5	0.1335149863760218
