mutation_id	ref_counts	var_counts	total_cn	VAF
chr13:91693754:C>T	246	208	2	0.4581497797356828
chr17:41968573:C>T	266	195	2	0.4229934924078091
chr17:81694850:T>C	185	185	2	0.5
chr19:8949257:C>T	257	230	2	0.4722792607802875
chr19:37484713:G>T	281	198	2	0.4133611691022965
chr8:144262665:G>A	215	176	2	0.45012787723785164
