mutation_id	ref_counts	var_counts	total_cn	VAF
chr1:9040118:C>T	395	22	2	0.05275779376498801
chr1:114713907:T>A	268	75	2	0.21865889212827988
chr1:114716126:C>T	281	49	2	0.1484848484848485
chr10:94947919:T>C	256	21	3	0.07581227436823104
chr13:33060709:C>G	142	129	2	0.47601476014760147
chr14:74552897:C>T	271	140	3	0.340632603406326
chr17:5583942:->GG	268	94	3	0.2596685082872928
chr17:40751272:C>T	386	163	3	0.29690346083788705
chr18:22200681:C>T	363	161	3	0.30725190839694655
chr19:35778472:C>T	340	27	2	0.07356948228882834
chr22:44893510:G>A	398	27	2	0.06352941176470588
chr4:6062366:G>A	692	40	3	0.0546448087431694
chr5:1879786:C>T	403	21	2	0.049528301886792456
chr5:140836499:G>A	271	56	2	0.1712538226299694
chr5:140850123:C>T	754	38	2	0.047979797979797977
chr6:73363269:C>T	303	18	3	0.056074766355140186
chr7:14718650:G>A	162	116	2	0.4172661870503597
chr8:112306109:A>T	180	124	2	0.40789473684210525
