mutation_id	ref_counts	var_counts	total_cn	VAF
chr10:132859087:->C	193	80	3	0.29304029304029305
chr10:132859089:T>CC	322	94	3	0.22596153846153846
chr12:25245350:C>T	162	99	2	0.3793103448275862
chr14:23384920:G>A	199	71	3	0.26296296296296295
chr15:65077586:C>T	342	298	2	0.465625
chr15:89645421:C>T	163	111	2	0.4051094890510949
chr16:2995890:C>A	85	81	2	0.4879518072289157
chr16:68122402:G>T	126	120	2	0.4878048780487805
chr17:30563235:G>A	271	127	3	0.31909547738693467
chr19:39025472:G>T	39	345	2	0.8984375
chr2:33300551:G>A	83	51	2	0.3805970149253731
chr2:188999284:G>T	107	68	2	0.38857142857142857
chr21:36369861:C>T	207	46	4	0.18181818181818182
chr22:20990476:G>A	179	110	2	0.3806228373702422
chr3:1372298:G>T	82	92	2	0.5287356321839081
chr3:32954010:G>A	125	103	2	0.4517543859649123
chr4:76739567:C>A	444	132	4	0.22916666666666666
chr5:13862641:C>T	229	118	3	0.3400576368876081
chr5:37022287:C>T	279	112	3	0.2864450127877238
chr5:141388907:C>T	260	136	3	0.3434343434343434
chr7:132489415:G>A	373	161	3	0.301498127340824
chr8:1957093:G>A	736	44	3	0.05641025641025641
chr8:12133450:G>C	491	134	3	0.2144
