mutation_id	ref_counts	var_counts	total_cn	VAF
chr1:114716123:C>T	382	50	2	0.11574074074074074
chr11:134181098:C>A	191	25	2	0.11574074074074074
chr12:6638310:CTGAACTC>-	301	59	2	0.1638888888888889
chr13:77563856:A>G	314	21	2	0.0626865671641791
chr20:31997136:C>A	532	41	2	0.07155322862129145
chr22:43218450:C>T	252	72	2	0.2222222222222222
chr4:78479687:C>A	269	22	2	0.07560137457044673
chr6:26197112:CCGTG>-	393	40	2	0.09237875288683603
chrX:57447017:A>C	141	50	1	0.2617801047120419
