mutation_id	ref_counts	var_counts	total_cn	VAF
chr1:111982409:C>T	272	159	2	0.3689095127610209
chr1:247775571:C>T	158	89	2	0.3603238866396761
chr11:62389203:G>A	220	112	2	0.3373493975903614
chr12:25209894:G>C	16	21	1	0.5675675675675675
chr12:50697143:G>C	160	166	2	0.50920245398773
chr12:121430475:G>C	283	174	2	0.38074398249452956
chr12:130354642:C>G	363	55	2	0.13157894736842105
chr16:28342938:G>A	521	182	2	0.25889046941678523
chr16:31412880:G>T	344	85	2	0.19813519813519814
chr16:76449749:C>T	80	43	2	0.34959349593495936
chr19:6475880:C>A	326	269	2	0.45210084033613446
chr19:45213081:C>T	492	24	2	0.046511627906976744
chr19:58562193:G>A	552	22	2	0.03832752613240418
chr2:178856306:G>A	85	17	2	0.16666666666666666
chr22:16592051:G>A	456	22	2	0.04602510460251046
chr5:173090475:C>T	87	59	2	0.4041095890410959
chr6:38913945:C>T	81	51	2	0.38636363636363635
chr6:145894936:C>T	305	59	2	0.1620879120879121
chr9:122789275:G>A	275	171	2	0.3834080717488789
chrX:10117249:T>A	405	240	2	0.37209302325581395
chrX:119852779:C>G	422	21	2	0.04740406320541761
