mutation_id	ref_counts	var_counts	total_cn	VAF
chr1:114716123:C>T	189	149	2	0.4408284023668639
chr1:153056647:G>A	281	182	2	0.3930885529157667
chr1:202943788:C>A	163	116	2	0.4157706093189964
chr10:121551370:C>T	410	206	3	0.3344155844155844
chr12:119629810:C>T	190	176	2	0.4808743169398907
chr16:16125873:G>A	189	193	2	0.5052356020942408
chr19:18760199:C>G	270	268	2	0.49814126394052044
chr21:44258527:T>G	422	138	4	0.24642857142857144
chr7:132227578:C>T	133	124	2	0.48249027237354086
