mutation_id	ref_counts	var_counts	total_cn	VAF
chr1:114716126:C>T	354	27	2	0.07086614173228346
chr1:162773494:T>C	158	76	3	0.3247863247863248
chr1:202150360:G>A	387	141	3	0.26704545454545453
chr11:2661075:C>A	141	116	2	0.45136186770428016
chr11:134261166:G>A	381	14	3	0.035443037974683546
chr12:13563326:G>A	380	30	2	0.07317073170731707
chr12:51365549:->CGAACAC	230	136	2	0.37158469945355194
chr12:112450359:G>T	194	43	2	0.18143459915611815
chr14:22449102:GTAGCACTGTGACTGGGGGATACGC>-	32	48	1	0.6
chr15:27990616:C>T	216	27	2	0.1111111111111111
chr17:28956207:G>A	176	76	3	0.30158730158730157
chr18:32310297:G>A	264	49	3	0.15654952076677317
chr18:48029320:G>A	501	116	3	0.1880064829821718
chr18:74634525:A>G	302	20	3	0.062111801242236024
chr2:227724644:G>-	438	258	2	0.3706896551724138
chr4:125489980:C>A	348	55	3	0.13647642679900746
chr4:139704049:G>A	260	110	3	0.2972972972972973
chr4:153466450:C>T	515	28	3	0.05156537753222836
chr4:186082340:C>T	276	86	3	0.23756906077348067
chr5:151325406:G>T	286	34	2	0.10625
chr7:128847786:C>A	215	134	2	0.3839541547277937
