mutation_id	ref_counts	var_counts	total_cn	VAF
chr1:33864479:T>A	257	46	2	0.15181518151815182
chr12:25245347:C>T	234	33	2	0.12359550561797752
chr12:80484537:C>T	374	12	2	0.031088082901554404
chr14:58646762:C>T	524	60	3	0.10273972602739725
chr17:6468301:C>T	376	44	3	0.10476190476190476
chr19:11193679:C>T	389	66	2	0.14505494505494507
chr19:44908761:C>T	528	33	2	0.058823529411764705
chr19:49873291:G>A	298	54	2	0.1534090909090909
chr2:164497268:G>A	189	24	2	0.11267605633802817
chr4:176729576:A>T	296	32	3	0.0975609756097561
chr7:34973598:C>T	219	10	2	0.043668122270742356
chr7:103753199:G>T	214	15	2	0.06550218340611354
chrX:9932542:G>A	560	40	2	0.06666666666666667
