mutation_id	ref_counts	var_counts	total_cn	VAF
chr10:79292277:C>A	466	159	3	0.2544
chr10:122249138:C>T	272	78	3	0.22285714285714286
chr17:31229834:G>A	162	71	3	0.30472103004291845
chr17:41424112:C>T	423	158	3	0.2719449225473322
chr17:48551112:CCGCCA>-	412	113	3	0.21523809523809523
chr2:1649081:C>T	248	143	2	0.3657289002557545
chr3:4683458:G>A	220	133	2	0.37677053824362605
chr3:73383736:G>A	244	142	2	0.36787564766839376
chr3:133380791:C>A	241	90	2	0.2719033232628399
chr3:135201626:C>T	210	127	2	0.3768545994065282
chr4:117084349:C>T	194	120	2	0.3821656050955414
chr5:145872920:G>A	199	92	2	0.3161512027491409
chr5:151799278:A>C	240	13	2	0.05138339920948617
chr5:178991999:C>T	228	120	2	0.3448275862068966
chr6:50043622:C>G	223	78	3	0.2591362126245847
chr6:145804568:A>G	295	92	3	0.23772609819121446
chr7:100751866:C>T	518	164	3	0.2404692082111437
chr7:116699749:C>T	346	128	3	0.270042194092827
chr9:24544255:A>T	225	86	3	0.2765273311897106
