mutation_id	ref_counts	var_counts	total_cn	VAF
chr1:114713907:T>G	318	55	2	0.14745308310991956
chr1:114716123:C>T	241	78	2	0.2445141065830721
chr11:6626021:C>T	419	41	2	0.0891304347826087
chr19:5604924:T>C	135	109	2	0.44672131147540983
chr7:92371604:T>A	228	10	2	0.04201680672268908
chrX:126165054:C>A	541	86	2	0.1371610845295056
