mutation_id	ref_counts	var_counts	total_cn	VAF
chr1:34761933:C>T	207	119	2	0.36503067484662577
chr2:140994041:G>A	160	100	2	0.38461538461538464
chr22:39679790:C>T	168	138	2	0.45098039215686275
chr6:28575266:C>T	399	117	3	0.22674418604651161
chr7:139047679:G>A	286	23	2	0.0744336569579288
