mutation_id	ref_counts	var_counts	total_cn	VAF
chr1:145876861:C>T	313	17	2	0.051515151515151514
chr11:66693012:G>A	310	50	2	0.1388888888888889
chr11:118113320:G>A	405	16	2	0.03800475059382423
chr14:93467709:C>T	146	9	2	0.05806451612903226
chr19:34464050:->GGGG	141	67	2	0.32211538461538464
chr4:24576339:G>T	350	30	2	0.07894736842105263
chr6:55541770:T>C	161	44	2	0.2146341463414634
chr7:142627392:->CCC	38	58	1	0.6041666666666666
chr7:142627395:AGAGA>-	26	57	1	0.6867469879518072
chr9:119167846:G>A	418	32	2	0.07111111111111111
chr9:136468474:C>A	166	100	2	0.37593984962406013
