mutation_id	ref_counts	var_counts	total_cn	VAF
chr1:36178493:G>A	304	115	4	0.2744630071599045
chr1:46360775:G>A	182	58	4	0.24166666666666667
chr13:19993762:C>T	220	67	2	0.23344947735191637
chr14:76762986:C>G	329	249	6	0.43079584775086505
chr16:2764150:->G	243	81	4	0.25
chr16:28902631:C>T	272	116	4	0.29896907216494845
chr18:63128736:G>A	311	72	6	0.18798955613577023
chr19:4054710:->G	492	161	5	0.24655436447166923
chr5:79032742:C>T	277	78	4	0.21971830985915494
chr5:136274736:G>A	270	97	4	0.26430517711171664
chr5:177338558:G>A	256	88	4	0.2558139534883721
chr7:29926475:G>A	191	65	4	0.25390625
chr9:24545286:G>T	259	54	6	0.17252396166134185
chrX:34942953:C>T	502	141	6	0.2192846034214619
