mutation_id	ref_counts	var_counts	total_cn	VAF
chr1:17373128:G>A	292	129	2	0.30641330166270786
chr11:18719872:C>T	212	113	2	0.3476923076923077
chr14:31561542:C>T	344	13	2	0.036414565826330535
chr18:6982567:G>A	154	92	2	0.37398373983739835
chr18:46569509:T>A	230	128	2	0.3575418994413408
chr2:29071571:G>A	788	163	2	0.17139852786540483
chr2:45976483:G>A	272	161	2	0.371824480369515
chr2:90221377:TTCCCTC>-	45	18	1	0.2857142857142857
chr2:182935327:G>A	160	70	2	0.30434782608695654
chr22:38699814:C>T	134	71	2	0.3463414634146341
chr3:49812154:->CGCAAGTATTC	179	64	2	0.26337448559670784
chr4:1961074:G>A	268	80	2	0.22988505747126436
chr4:41014268:G>A	229	126	2	0.35492957746478876
chr4:150325879:C>T	168	82	2	0.328
chr5:151770644:C>T	572	28	2	0.04666666666666667
chr6:17282875:A>C	199	126	2	0.38769230769230767
chr6:26056374:G>T	203	108	2	0.34726688102893893
chr6:28259574:G>A	236	161	2	0.40554156171284633
chr7:38353714:->TTGGA	90	22	2	0.19642857142857142
chr8:64615123:G>A	253	99	2	0.28125
chr9:135119952:C>T	308	168	2	0.35294117647058826
