mutation_id	ref_counts	var_counts	total_cn	VAF
chr10:116675331:G>A	423	165	3	0.28061224489795916
chr11:67290359:G>A	183	127	2	0.4096774193548387
chr12:25245347:C>T	175	122	2	0.4107744107744108
chr16:2184964:C>T	123	101	2	0.45089285714285715
chr4:1975311:A>G	273	125	3	0.314070351758794
chr4:84619469:AGA>-	98	24	3	0.19672131147540983
chr7:98988769:G>A	144	67	2	0.3175355450236967
