mutation_id	ref_counts	var_counts	total_cn	VAF
chr10:67539534:T>C	148	107	2	0.4196078431372549
chr12:41189085:C>T	237	120	2	0.33613445378151263
chr15:90390799:T>A	142	104	2	0.42276422764227645
chr16:23474906:G>A	150	96	2	0.3902439024390244
chr16:72787959:A>G	273	136	2	0.33251833740831294
chr17:58170227:A>C	392	22	2	0.05314009661835749
chr18:78993227:C>T	790	56	2	0.06619385342789598
chr19:1083282:G>A	538	51	2	0.0865874363327674
chr19:14647307:A>G	344	25	2	0.06775067750677506
chr19:44778119:G>A	878	40	2	0.04357298474945534
chr2:144389881:T>C	285	136	2	0.32304038004750596
chr3:129572618:G>A	306	27	2	0.08108108108108109
chr3:134367765:T>A	327	160	2	0.32854209445585214
chr3:142842938:C>A	157	108	2	0.4075471698113208
chr5:150896273:C>A	237	172	2	0.42053789731051344
chr8:100596733:T>C	519	18	2	0.0335195530726257
chrX:52370641:AGA>-	230	110	2	0.3235294117647059
chrX:133305810:G>A	430	22	2	0.048672566371681415
chrX:153771024:G>A	558	19	2	0.03292894280762565
