mutation_id	ref_counts	var_counts	total_cn	VAF
chr1:11128117:A>G	266	152	4	0.36363636363636365
chr1:34197734:G>T	809	30	4	0.03575685339690107
chr10:107164066:C>T	1020	28	4	0.026717557251908396
chr11:1085225:C>T	493	437	4	0.4698924731182796
chr11:17394296:G>A	371	247	4	0.39967637540453077
chr12:112865428:G>A	228	172	4	0.43
chr13:30461463:->T	96	43	4	0.30935251798561153
chr19:868435:G>A	629	529	4	0.45682210708117443
chr19:19226710:C>A	817	76	4	0.0851063829787234
chr19:53049690:A>G	50	38	4	0.4318181818181818
chr2:96132713:G>A	612	34	4	0.05263157894736842
chr2:219632000:C>T	834	55	4	0.06186726659167604
chr5:13810124:G>A	1100	108	4	0.08940397350993377
chr9:6565355:G>A	318	155	4	0.3276955602536998
chr9:101547209:C>T	394	66	4	0.14347826086956522
chrX:22099104:G>A	1051	92	6	0.0804899387576553
chrX:119013040:T>C	650	60	6	0.08450704225352113
chrX:132073065:G>A	221	332	6	0.6003616636528029
