mutation_id	ref_counts	var_counts	total_cn	VAF
chr1:114716126:C>T	395	73	2	0.15598290598290598
chr1:177280621:C>T	502	137	2	0.21439749608763695
chr19:4543813:G>A	1024	56	2	0.05185185185185185
chr19:38083080:G>A	263	111	2	0.2967914438502674
chr19:41422262:G>A	844	49	2	0.054871220604703244
chr20:19281061:G>A	289	89	2	0.23544973544973544
chr4:72147570:C>T	512	31	2	0.0570902394106814
