mutation_id	ref_counts	var_counts	total_cn	VAF
chr1:220145628:A>T	153	101	2	0.39763779527559057
chr17:5350475:G>A	155	123	2	0.44244604316546765
chr17:81122081:G>T	362	282	2	0.43788819875776397
chr19:40394231:A>C	364	275	2	0.4303599374021909
chr19:55762641:C>G	296	122	2	0.291866028708134
chr4:42117589:C>T	202	152	2	0.4293785310734463
chr4:102801525:A>G	119	102	2	0.46153846153846156
chr7:98988769:G>A	124	94	2	0.43119266055045874
chr7:111728644:G>A	278	198	2	0.41596638655462187
