mutation_id	ref_counts	var_counts	total_cn	VAF
chr11:1239885:G>C	249	138	4	0.35658914728682173
chr11:69810517:G>A	336	184	4	0.35384615384615387
chr12:25245347:C>T	214	103	4	0.3249211356466877
chr12:119125435:G>A	289	163	4	0.3606194690265487
chr14:105904681:GTTATAA>AG	60	78	2	0.5652173913043478
chr17:69027095:G>A	242	73	6	0.23174603174603176
chr17:73206189:T>C	303	91	6	0.23096446700507614
chr19:37889706:C>A	203	105	4	0.3409090909090909
chr20:62880384:C>T	236	108	4	0.313953488372093
chr3:134361555:C>T	479	42	4	0.08061420345489444
chr3:155481057:C>T	187	124	4	0.3987138263665595
chr4:1406170:G>T	522	156	6	0.23008849557522124
chr4:69112521:C>T	309	93	6	0.23134328358208955
chr5:141179590:C>T	2638	233	4	0.08115639150121909
chr5:168692690:G>A	146	86	4	0.3706896551724138
chr6:35081055:G>A	428	123	6	0.22323049001814882
chr6:121090898:G>A	281	84	6	0.23013698630136986
chr7:151192367:G>A	286	156	4	0.35294117647058826
chr8:17373182:A>G	171	77	4	0.31048387096774194
chr9:90613803:G>A	155	100	4	0.39215686274509803
chrX:47054363:C>T	257	171	4	0.39953271028037385
