mutation_id	ref_counts	var_counts	total_cn	VAF
chr14:106421702:CACTGTGTGTCTCGCACAGTAA>T	134	24	1	0.1518987341772152
chr14:106470260:GTGTA>TCCT	76	15	1	0.16483516483516483
chr15:42693790:G>A	465	21	2	0.043209876543209874
chr21:33511330:T>C	635	20	2	0.030534351145038167
chr3:97877848:G>A	248	24	2	0.08823529411764706
chr4:121380529:A>G	576	28	2	0.046357615894039736
chr5:139378051:G>A	377	15	2	0.03826530612244898
chr5:140876753:G>A	574	40	2	0.06514657980456026
