mutation_id	ref_counts	var_counts	total_cn	VAF
chr11:124543294:G>A	421	86	2	0.16962524654832348
chr15:29093161:C>T	291	251	2	0.46309963099630996
chr19:45765737:C>T	476	161	2	0.25274725274725274
chr2:196047471:C>T	274	74	2	0.21264367816091953
chr20:62415213:G>A	806	23	2	0.027744270205066344
chr6:35318241:C>T	553	102	2	0.15572519083969466
chr7:151143363:C>T	239	176	2	0.42409638554216866
chr9:116154545:C>G	269	285	2	0.5144404332129964
