mutation_id	ref_counts	var_counts	total_cn	VAF
chr1:21481614:C>T	116	10	2	0.07936507936507936
chr12:133202817:A>C	269	104	1	0.27882037533512066
chr4:17647645:C>A	213	18	2	0.07792207792207792
chr5:7520889:T>C	159	40	2	0.20100502512562815
