mutation_id	ref_counts	var_counts	total_cn	VAF
chr1:114716127:C>T	223	92	2	0.2920634920634921
chr1:117153120:G>A	148	89	2	0.3755274261603376
chr2:162020266:C>A	158	56	2	0.2616822429906542
chr20:2613264:G>A	204	89	2	0.3037542662116041
chr20:16732180:A>G	159	63	2	0.28378378378378377
chr3:64604015:G>A	255	121	2	0.32180851063829785
chr5:38504016:C>T	124	73	2	0.37055837563451777
chr6:20546382:ATGACATCGAAGATAT>TACCGGCC	230	73	2	0.24092409240924093
chr6:32828962:C>T	209	85	2	0.2891156462585034
chr8:55799183:T>A	195	88	2	0.31095406360424027
chr9:99067000:A>G	211	108	2	0.3385579937304075
