mutation_id	ref_counts	var_counts	total_cn	VAF
chr11:104897436:T>C	141	39	4	0.21666666666666667
chr12:11885972:A>G	317	53	4	0.14324324324324325
chr12:25245347:C>T	292	41	4	0.12312312312312312
chr12:85127889:T>C	300	41	4	0.12023460410557185
chr13:48707039:C>T	226	52	4	0.18705035971223022
chr17:10523331:G>A	193	36	6	0.1572052401746725
chr17:30477451:C>T	405	57	6	0.12337662337662338
chr3:48646228:G>A	258	66	4	0.2037037037037037
chr3:97873420:CCAGGTTCTT>-	216	32	4	0.12903225806451613
chr3:187121283:A>C	79	69	4	0.46621621621621623
chr6:121255344:G>A	160	28	6	0.14893617021276595
chr6:148519550:G>A	136	67	6	0.33004926108374383
chr9:137480371:G>A	515	86	6	0.14309484193011648
chrX:105953072:A>G	296	52	6	0.14942528735632185
