mutation_id	ref_counts	var_counts	total_cn	VAF
chr10:27743266:G>T	284	168	2	0.37168141592920356
chr11:6877528:G>T	169	105	2	0.38321167883211676
chr11:103399792:G>T	166	141	2	0.4592833876221498
chr12:70559485:G>C	219	125	2	0.3633720930232558
chr16:46924457:C>T	161	115	2	0.4166666666666667
chr16:70908364:C>T	128	47	2	0.26857142857142857
chr2:100007209:C>T	298	34	2	0.10240963855421686
chr2:187352259:G>A	219	30	2	0.12048192771084337
chr20:49017331:C>T	172	96	2	0.3582089552238806
chr3:14772128:G>C	159	106	2	0.4
chr3:27720186:C>T	212	28	2	0.11666666666666667
chr3:45513229:C>T	143	77	2	0.35
chr3:50236392:C>T	216	142	2	0.39664804469273746
chr3:149141366:C>G	126	59	2	0.31891891891891894
chr4:6084896:G>A	114	74	2	0.39361702127659576
chr4:108622611:C>T	102	66	2	0.39285714285714285
chr5:137935844:G>C	140	76	2	0.35185185185185186
chr6:33693597:C>G	166	87	2	0.3438735177865613
chr6:56610480:G>A	211	19	2	0.08260869565217391
chr6:68956126:G>A	203	135	2	0.3994082840236686
chr7:11038846:C>T	98	56	2	0.36363636363636365
chr7:26197430:C>G	152	80	2	0.3448275862068966
chr7:100813672:C>T	118	82	2	0.41
chrX:135545495:C>G	123	21	1	0.14583333333333334
