mutation_id	ref_counts	var_counts	total_cn	VAF
chr1:3497055:C>T	229	163	2	0.41581632653061223
chr1:153770712:T>C	309	221	2	0.4169811320754717
chr1:246541146:T>C	158	98	2	0.3828125
chr11:94380459:C>T	309	197	2	0.3893280632411067
chr12:25225628:C>T	75	45	2	0.375
chr18:79396335:G>T	276	118	3	0.29949238578680204
chr21:32317026:C>T	609	141	4	0.188
chr6:16327369:C>T	436	187	3	0.3001605136436597
chrX:15425974:C>T	190	113	2	0.37293729372937295
