mutation_id	ref_counts	var_counts	total_cn	VAF
chr10:106699246:G>A	282	41	2	0.12693498452012383
chr12:120438408:G>T	261	131	2	0.33418367346938777
chr13:87676010:C>T	409	50	2	0.10893246187363835
chr17:12717409:CA>-	168	62	2	0.26956521739130435
chr19:50771656:C>T	400	86	2	0.17695473251028807
chr2:214953862:C>T	267	12	2	0.043010752688172046
chr4:81045995:C>T	205	124	2	0.3768996960486322
chr6:27872233:T>A	302	156	2	0.3406113537117904
chr9:113370134:G>A	210	76	2	0.26573426573426573
