mutation_id	ref_counts	var_counts	total_cn	VAF
chr1:247588905:C>T	241	68	2	0.22006472491909385
chr14:91621665:A>G	287	57	2	0.16569767441860464
chr19:54070049:C>T	546	29	2	0.050434782608695654
chr4:67827403:T>C	307	13	2	0.040625
chr4:127744690:G>A	188	9	2	0.04568527918781726
chr9:35560704:A>G	526	16	2	0.02952029520295203
chrX:86651134:G>A	100	16	1	0.13793103448275862
