mutation_id	ref_counts	var_counts	total_cn	VAF
chr1:1479070:C>T	366	10	2	0.026595744680851064
chr11:7509665:A>T	121	134	2	0.5254901960784314
chr12:7143263:G>A	438	185	3	0.2969502407704655
chr14:59525381:->T	113	26	2	0.18705035971223022
chr14:104746310:G>A	219	195	2	0.47101449275362317
chr14:106622389:G>A	10	9	2	0.47368421052631576
chr15:23566040:G>A	276	222	2	0.4457831325301205
chr18:54224156:C>A	390	90	2	0.1875
chr19:34458887:ATGTCC>-	174	29	2	0.14285714285714285
chr2:185804566:A>C	125	95	2	0.4318181818181818
chr2:211431076:G>A	172	110	2	0.3900709219858156
chr3:171734933:G>A	397	27	2	0.06367924528301887
chr4:125415157:T>C	388	33	2	0.07838479809976247
chr5:151507506:G>A	248	195	2	0.4401805869074492
chr5:151770455:G>C	283	254	2	0.4729981378026071
chr6:157207351:GGGACCCAACTCG>-	336	59	2	0.14936708860759493
chr7:144051195:G>A	247	53	2	0.17666666666666667
chr9:69388256:C>T	204	169	2	0.45308310991957107
chrX:41346262:C>T	140	20	1	0.125
chrX:41346946:C>T	120	82	1	0.40594059405940597
