mutation_id	ref_counts	var_counts	total_cn	VAF
chr11:115231378:C>A	214	92	2	0.3006535947712418
chr14:37592349:C>T	922	50	3	0.051440329218107
chr14:106770576:->GGTTCCT	122	34	3	0.21794871794871795
chr15:83988716:A>G	123	62	2	0.33513513513513515
chr16:3736783:G>A	298	37	2	0.11044776119402985
chr16:3736784:G>A	302	38	2	0.11176470588235295
chr16:18838040:A>G	149	58	2	0.28019323671497587
chr17:21551315:C>T	606	23	3	0.03656597774244833
chr20:35672830:C>T	200	64	2	0.24242424242424243
chr4:78387498:G>A	342	29	3	0.07816711590296496
chr4:127730593:C>T	277	94	3	0.25336927223719674
chr4:143524377:C>T	273	76	3	0.2177650429799427
chr6:47714148:C>T	234	94	3	0.2865853658536585
chr6:47714149:C>T	234	95	3	0.2887537993920973
chr6:69333001:A>T	199	56	3	0.2196078431372549
chr7:22960274:GAC>TCCAACCGCGT	165	60	2	0.26666666666666666
chr8:54621388:C>T	650	22	2	0.03273809523809524
