mutation_id	ref_counts	var_counts	total_cn	VAF
chr1:103078785:C>T	135	24	2	0.1509433962264151
chr1:173914616:G>T	168	41	2	0.19617224880382775
chr1:219987288:C>T	156	30	2	0.16129032258064516
chr10:63619726:G>A	264	40	2	0.13157894736842105
chr10:68337283:G>T	183	68	2	0.27091633466135456
chr10:127042682:G>A	182	27	2	0.1291866028708134
chr11:4233785:C>T	150	56	2	0.27184466019417475
chr11:40114748:C>T	157	51	2	0.24519230769230768
chr11:95026409:C>T	159	28	2	0.1497326203208556
chr11:124249879:C>G	236	46	2	0.16312056737588654
chr12:25245328:C>G	180	42	2	0.1891891891891892
chr13:35667555:C>G	90	29	2	0.24369747899159663
chr14:20429898:->G	240	108	2	0.3103448275862069
chr14:106592676:->CTCTCATGCGG	55	10	1	0.15384615384615385
chr15:51404479:C>A	105	60	2	0.36363636363636365
chr16:23215169:C>T	215	54	2	0.20074349442379183
chr16:62021308:C>T	167	51	2	0.23394495412844038
chr16:68808819:C>G	185	39	2	0.17410714285714285
chr17:5438845:C>T	240	67	2	0.2182410423452769
chr17:36586091:G>A	155	32	2	0.1711229946524064
chr17:58267477:G>A	218	38	2	0.1484375
chr18:26547154:G>C	251	76	2	0.2324159021406728
chr19:15457385:G>A	524	17	2	0.031423290203327174
chr19:35119219:C>T	317	83	2	0.2075
chr2:182953207:C>T	100	15	2	0.13043478260869565
chr2:185790104:C>T	99	38	2	0.2773722627737226
chr2:209820564:A>G	192	63	2	0.24705882352941178
chr22:22319226:->TACC	90	9	2	0.09090909090909091
chr5:141399480:G>A	199	48	2	0.19433198380566802
chr5:151544957:C>G	195	58	2	0.22924901185770752
chr6:44302888:C>T	191	65	2	0.25390625
chr6:47786586:G>A	127	24	2	0.15894039735099338
chr6:51659731:G>C	196	35	2	0.15151515151515152
chr6:129050055:C>T	131	45	2	0.2556818181818182
chr7:48234080:C>T	180	45	2	0.2
chr7:57121054:C>G	127	33	2	0.20625
chr7:86787115:G>A	106	9	2	0.0782608695652174
chr7:100861252:C>G	159	45	2	0.22058823529411764
chr7:107236613:C>G	178	39	2	0.17972350230414746
chr7:107919253:C>A	60	26	2	0.3023255813953488
chr8:70681296:C>T	113	29	2	0.20422535211267606
chr8:144505328:C>T	455	94	2	0.17122040072859745
chr8:144512244:C>T	348	51	2	0.12781954887218044
chr8:144521071:C>T	238	49	2	0.17073170731707318
chr9:32632018:G>A	177	25	2	0.12376237623762376
chr9:117712575:C>T	147	46	2	0.23834196891191708
chr9:133031103:G>A	420	76	2	0.1532258064516129
chrX:73850728:TGGGGGGTGGGGGTGGGGAGTTGGGGGGGT>-	15	2	1	0.11764705882352941
chrX:106205676:G>A	77	40	1	0.3418803418803419
