mutation_id	ref_counts	var_counts	total_cn	VAF
chr1:13782004:TAACT>CC	179	114	4	0.3890784982935154
chr1:114716123:C>T	256	43	4	0.14381270903010032
chr1:181758025:C>T	520	16	4	0.029850746268656716
chr10:60073633:C>T	334	87	6	0.20665083135391923
chr12:25225628:C>T	144	23	4	0.1377245508982036
chr13:45713847:G>A	217	114	3	0.34441087613293053
chr14:59928389:C>T	152	131	4	0.4628975265017668
chr17:41571933:G>T	320	46	4	0.12568306010928962
chr18:79863950:G>A	870	75	6	0.07936507936507936
chr2:215392965:G>A	231	33	4	0.125
chr4:1961074:G>A	232	43	4	0.15636363636363637
chr8:38315450:C>T	209	24	4	0.10300429184549356
chr8:143429359:C>A	182	123	4	0.40327868852459015
chr9:121772833:G>A	285	221	4	0.4367588932806324
