mutation_id	ref_counts	var_counts	total_cn	VAF
chr1:164799720:C>T	376	33	2	0.08068459657701711
chr10:116860831:T>G	184	183	2	0.4986376021798365
chr11:47359985:G>-	330	222	2	0.40217391304347827
chr17:44014514:->AAGG	309	39	2	0.11206896551724138
chr19:8536319:G>A	393	246	2	0.38497652582159625
chr2:21007797:T>C	481	31	2	0.060546875
chr21:44300140:C>T	444	40	2	0.08264462809917356
chr21:46498786:C>G	305	264	2	0.46397188049209137
chr3:52827107:G>A	235	181	2	0.43509615384615385
chr4:138241865:C>T	508	38	2	0.0695970695970696
chr7:23165846:G>T	373	20	2	0.05089058524173028
chr7:122698448:G>C	411	49	2	0.10652173913043478
chr9:14789028:G>A	242	168	2	0.4097560975609756
chrY:21383781:C>T	22	183	1	0.8926829268292683
