mutation_id	ref_counts	var_counts	total_cn	VAF
chr1:240207824:C>T	229	33	2	0.12595419847328243
chr10:60076249:C>T	214	28	2	0.11570247933884298
chr11:17570286:C>T	212	176	2	0.4536082474226804
chr12:25225628:C>T	110	111	2	0.502262443438914
chr12:120988933:C>T	256	288	2	0.5294117647058824
chr17:2300214:T>A	457	203	3	0.30757575757575756
chr21:18245258:C>T	682	59	3	0.0796221322537112
chr21:31974714:->G	261	109	3	0.2945945945945946
chr4:185459687:G>A	225	90	3	0.2857142857142857
chr8:51339661:G>A	336	116	3	0.25663716814159293
chrX:119109076:C>G	102	107	2	0.5119617224880383
