mutation_id	ref_counts	var_counts	total_cn	VAF
chr11:55603806:T>A	177	108	2	0.37894736842105264
chr12:102061290:->GCAGTCA	232	106	2	0.3136094674556213
chr16:52446118:G>T	241	135	2	0.35904255319148937
chr2:63404396:G>C	176	122	2	0.40939597315436244
chr21:34670057:G>C	418	28	2	0.06278026905829596
chr3:171603218:C>T	222	122	2	0.3546511627906977
chr4:69286879:A>C	143	86	2	0.37554585152838427
chr4:182792782:C>T	335	46	2	0.12073490813648294
