mutation_id	ref_counts	var_counts	total_cn	VAF
chr10:24607802:G>A	254	145	2	0.3634085213032581
chr11:62753654:G>A	234	115	2	0.32951289398280803
chr19:16921927:G>A	276	94	2	0.25405405405405407
chr2:108304589:C>T	132	66	2	0.3333333333333333
chr2:178616521:G>A	242	100	2	0.29239766081871343
chrX:80442831:C>A	236	114	2	0.32571428571428573
