mutation_id	ref_counts	var_counts	total_cn	VAF
chr12:25245350:C>T	180	95	2	0.34545454545454546
chr14:20034065:G>A	284	70	4	0.1977401129943503
chr17:41140248:G>T	330	173	2	0.34393638170974156
chr18:79715073:G>A	700	162	3	0.18793503480278423
chr2:46184838:A>C	239	50	2	0.17301038062283736
chr2:113406864:TACCCCATTCAC>GGACTGG	141	39	2	0.21666666666666667
chr2:198084023:G>C	157	73	2	0.3173913043478261
