mutation_id	ref_counts	var_counts	total_cn	VAF
chr13:28034148:AGAAGTACTC>T	153	82	4	0.34893617021276596
chr14:99675118:C>T	104	36	7	0.2571428571428571
chr19:5215546:C>T	218	180	4	0.45226130653266333
chr19:12350139:G>T	292	20	4	0.0641025641025641
chr21:36038203:C>T	344	91	8	0.20919540229885059
chr22:37474522:A>T	129	95	4	0.42410714285714285
chr3:124490774:C>T	288	98	4	0.2538860103626943
chr6:54019048:A>-	198	70	6	0.26119402985074625
