mutation_id	ref_counts	var_counts	total_cn	VAF
chr1:167119311:C>T	638	46	3	0.06725146198830409
chr10:60073985:G>T	559	32	3	0.05414551607445008
chr11:8715613:C>G	306	131	3	0.2997711670480549
chr11:56491260:C>T	682	54	3	0.07336956521739131
chr11:65581751:C>T	681	44	3	0.060689655172413794
chr11:119373039:G>A	628	231	3	0.2689173457508731
chr12:7433657:G>A	344	20	2	0.054945054945054944
chr12:15631471:C>A	201	28	2	0.1222707423580786
chr12:112450394:G>A	211	37	2	0.14919354838709678
chr12:112450395:C>T	215	37	2	0.14682539682539683
chr12:125415632:C>T	583	38	2	0.061191626409017714
chr14:57581422:C>T	222	42	4	0.1590909090909091
chr16:69143354:G>A	580	38	2	0.061488673139158574
chr17:10309797:G>A	340	97	3	0.2219679633867277
chr17:82648336:T>C	878	88	3	0.09109730848861283
chr19:30445260:C>T	347	63	2	0.15365853658536585
chr19:39314288:C>T	407	235	2	0.3660436137071651
chr2:148994511:G>A	458	62	2	0.11923076923076924
chr2:219290548:A>C	452	32	2	0.06611570247933884
chr20:36197985:C>A	427	36	2	0.07775377969762419
chr20:63495026:G>A	735	45	2	0.057692307692307696
chr3:147396377:G>T	639	106	2	0.14228187919463087
chr4:157361107:G>A	320	26	3	0.07514450867052024
chr5:11346523:C>T	902	48	3	0.05052631578947368
chr9:68780256:GCCTCAGGAGGTCTAACAGC>-	574	225	2	0.2816020025031289
chr9:136846248:C>T	367	238	2	0.3933884297520661
