mutation_id	ref_counts	var_counts	total_cn	VAF
chr1:21855650:C>T	207	203	2	0.4951219512195122
chr1:94060538:A>G	216	43	2	0.16602316602316602
chr11:17771938:G>A	244	219	2	0.47300215982721383
chr11:102229840:C>T	167	183	2	0.5228571428571429
chr12:96860873:C>G	129	70	2	0.35175879396984927
chr12:101195156:C>G	384	24	2	0.058823529411764705
chr13:28028243:T>C	305	66	2	0.1778975741239892
chr17:21243415:G>A	397	161	3	0.2885304659498208
chr19:8977483:G>A	259	202	2	0.43817787418655096
chr19:43362122:C>T	232	43	2	0.15636363636363637
chr19:58261597:C>T	173	155	2	0.4725609756097561
chr2:80555829:G>A	200	188	2	0.4845360824742268
chr2:178533833:G>T	320	74	2	0.18781725888324874
chr2:195809818:C>T	137	25	2	0.15432098765432098
chr2:240965509:C>T	302	242	2	0.44485294117647056
chr2:240965510:C>T	305	242	2	0.4424131627056673
chr3:10104669:A>G	298	174	2	0.3686440677966102
chr4:1805915:G>A	263	60	2	0.18575851393188855
chr4:74452591:G>A	169	48	2	0.22119815668202766
chr4:76384599:G>T	133	96	2	0.4192139737991266
chr5:17275595:G>A	560	46	2	0.07590759075907591
chr5:140795120:G>T	532	113	2	0.17519379844961241
chr5:141340955:G>A	423	323	2	0.43297587131367293
chr6:46689727:A>G	572	83	3	0.1267175572519084
chr6:116806927:G>A	306	105	3	0.25547445255474455
chr6:147278091:C>T	147	60	3	0.2898550724637681
chr7:43878104:G>A	231	193	2	0.455188679245283
chr8:25372608:G>A	181	161	2	0.47076023391812866
chr8:53841611:C>T	150	102	2	0.40476190476190477
chrX:30242163:C>T	313	100	3	0.24213075060532688
chrX:50916045:G>T	317	56	3	0.15013404825737264
chrX:114906828:C>A	766	111	3	0.1265678449258837
chrX:153073638:G>T	118	81	3	0.40703517587939697
