mutation_id	ref_counts	var_counts	total_cn	VAF
chr1:9003307:G>A	180	122	2	0.40397350993377484
chr10:1183359:C>T	261	100	3	0.2770083102493075
chr10:128106849:G>C	506	184	3	0.26666666666666666
chr10:132785774:C>T	535	283	3	0.34596577017114916
chr11:20388039:->GG	316	171	2	0.351129363449692
chr11:124570173:G>A	263	211	2	0.4451476793248945
chr12:12079619:C>T	209	149	2	0.41620111731843573
chr14:99174689:G>A	508	227	3	0.308843537414966
chr15:41696393:->GCCCCCC	164	107	2	0.3948339483394834
chr17:10635391:C>T	118	102	2	0.4636363636363636
chr18:53486944:C>A	291	135	3	0.31690140845070425
chr19:14718950:G>C	256	153	2	0.3740831295843521
chr19:44878256:C>T	242	184	2	0.431924882629108
chr19:48304052:G>A	284	256	2	0.4740740740740741
chr2:98250379:G>A	254	176	2	0.40930232558139534
chr2:198083797:G>A	327	69	2	0.17424242424242425
chr21:39779207:C>T	559	182	4	0.24561403508771928
chr22:20996110:GCT>-	136	118	2	0.4645669291338583
chr22:28796068:->C	167	101	2	0.376865671641791
chr3:1373646:C>T	155	124	2	0.4444444444444444
chr3:5207263:C>G	137	81	2	0.37155963302752293
chr3:50108075:A>G	130	93	2	0.4170403587443946
chr4:30722216:C>G	676	316	3	0.3185483870967742
chr4:89936082:A>G	298	131	3	0.30536130536130535
chr4:165059317:G>A	278	120	3	0.3015075376884422
chr6:40432504:G>A	231	214	2	0.48089887640449436
chr6:55774156:G>A	203	149	2	0.42329545454545453
chr6:147291094:G>A	103	84	2	0.44919786096256686
chr7:76425074:C>T	194	169	2	0.465564738292011
chr8:144040092:C>T	640	271	3	0.29747530186608123
chr9:125346896:C>T	196	138	2	0.41317365269461076
chrX:26194279:C>T	524	209	3	0.28512960436562074
chrX:70853136:G>A	236	117	3	0.3314447592067989
chrX:107602823:G>A	629	256	3	0.28926553672316385
chrX:123398659:C>T	309	120	3	0.27972027972027974
chrX:150657957:A>G	447	160	3	0.26359143327841844
