mutation_id	ref_counts	var_counts	total_cn	VAF
chr1:175098537:C>T	157	59	2	0.27314814814814814
chr10:97270633:A>T	260	32	3	0.1095890410958904
chr10:110279248:G>A	251	104	3	0.29295774647887324
chr13:28018505:C>A	204	61	2	0.23018867924528302
chr14:22513942:ATTC>-	79	31	1	0.2818181818181818
chr14:106062142:CACTGTGTCTCTCGCACAGTAATACACG>GAGA	126	64	2	0.3368421052631579
chr14:106627249:T>GGGGGG	162	99	2	0.3793103448275862
chr16:67616807:C>T	372	13	2	0.033766233766233764
chr17:62736867:T>C	208	42	2	0.168
chr17:78171001:T>A	191	43	2	0.18376068376068377
chr19:10467476:T>C	195	174	2	0.4715447154471545
chr21:34370794:T>A	421	69	4	0.14081632653061224
chr21:45984465:G>A	340	28	4	0.07608695652173914
chr4:99654410:G>A	470	54	3	0.10305343511450382
chr4:188003598:C>T	294	110	3	0.2722772277227723
chr5:122423175:C>T	143	131	2	0.4781021897810219
chr5:140967837:C>T	202	81	2	0.2862190812720848
chr6:17291816:C>T	154	50	2	0.24509803921568626
chr6:31955261:->GAAAAAA	234	39	2	0.14285714285714285
chr6:70144995:G>T	114	76	2	0.4
chr7:86839525:G>A	140	64	2	0.3137254901960784
chr7:104136793:C>T	211	23	2	0.09829059829059829
chr7:148810372:C>T	96	72	2	0.42857142857142855
chr8:7333640:C>T	558	48	3	0.07920792079207921
chr8:94880863:A>C	340	23	3	0.06336088154269973
chr8:144547935:C>T	370	99	3	0.21108742004264391
chr9:35825362:G>A	308	28	3	0.08333333333333333
