mutation_id	ref_counts	var_counts	total_cn	VAF
chr10:69922711:G>A	395	30	2	0.07058823529411765
chr11:376659:G>A	547	72	2	0.11631663974151858
chr11:1247249:C>T	724	132	2	0.1542056074766355
chr11:90041314:G>A	331	38	1	0.10298102981029811
chr11:124660713:T>C	220	48	1	0.1791044776119403
chr12:109768760:G>T	396	182	2	0.314878892733564
chr13:71681908:G>C	242	12	2	0.047244094488188976
chr14:22533495:TGATACTC>CCCCGGG	201	120	2	0.37383177570093457
chr14:106592675:->TCTTGGGGA	52	12	0	0.1875
chr17:18141118:C>T	196	30	2	0.13274336283185842
chr17:41832428:C>T	244	14	2	0.05426356589147287
chr18:6239855:T>C	272	50	2	0.15527950310559005
chr19:15023109:C>T	246	29	2	0.10545454545454545
chr19:53636928:C>T	210	100	2	0.3225806451612903
chr2:27442887:C>T	348	40	2	0.10309278350515463
chr2:113406872:TCACAG>-	42	50	2	0.5434782608695652
chr21:46388830:G>A	512	31	2	0.0570902394106814
chr22:19178167:G>C	431	83	2	0.1614785992217899
chr22:21016054:C>A	219	108	2	0.3302752293577982
chr3:177051508:TATA>GG	170	99	2	0.3680297397769517
chr4:1935178:G>A	313	14	2	0.04281345565749235
chr4:108078300:T>C	398	28	2	0.06572769953051644
chr5:63960810:G>T	484	69	2	0.12477396021699819
chr5:96985141:G>A	454	17	2	0.036093418259023353
chr5:145938136:G>A	422	105	2	0.19924098671726756
chr5:175510191:G>A	216	37	2	0.14624505928853754
chr5:180631735:G>A	326	40	2	0.1092896174863388
chr6:152413429:A>G	255	107	2	0.2955801104972376
chr7:65967827:C>A	363	18	2	0.047244094488188976
chr8:3110322:->GCCC	130	55	2	0.2972972972972973
chr8:19439905:C>T	332	15	2	0.043227665706051875
chr8:126557224:->A	408	96	2	0.19047619047619047
chr9:33528759:G>A	302	43	2	0.1246376811594203
chr9:35307883:G>T	223	50	2	0.18315018315018314
chr9:81990854:C>T	415	30	2	0.06741573033707865
chr9:96818246:C>G	409	82	2	0.1670061099796334
chr9:96818530:C>T	344	84	2	0.19626168224299065
chr9:96819034:C>G	295	60	2	0.16901408450704225
chr9:137200436:G>A	808	22	2	0.02650602409638554
chrX:21880956:G>A	256	28	2	0.09859154929577464
chrX:80691063:G>A	148	81	2	0.3537117903930131
