mutation_id	ref_counts	var_counts	total_cn	VAF
chr1:114716123:C>T	298	42	2	0.12352941176470589
chr12:44607216:T>A	390	15	4	0.037037037037037035
chr12:102475755:C>T	511	65	4	0.11284722222222222
chr16:3738617:G>A	229	44	2	0.16117216117216118
chr3:12817645:G>T	410	166	2	0.2881944444444444
chr3:49652477:G>A	480	20	2	0.04
chr4:163472253:G>T	472	18	4	0.036734693877551024
chr5:151531909:G>T	536	62	4	0.10367892976588629
chrX:91877636:T>A	386	20	3	0.04926108374384237
