mutation_id	ref_counts	var_counts	total_cn	VAF
chr1:115838138:G>A	798	52	4	0.0611764705882353
chr10:127175268:G>T	214	87	4	0.28903654485049834
chr11:49146827:C>A	282	17	4	0.056856187290969896
chr14:28767903:C>T	564	38	4	0.06312292358803986
chr22:29292532:T>A	208	14	4	0.06306306306306306
chr3:126012696:G>T	420	60	4	0.125
chr5:41929732:C>A	209	14	4	0.06278026905829596
chr5:141174856:C>T	2275	62	4	0.026529738981600343
chr6:32058370:C>G	364	36	4	0.09
chr7:31106514:C>T	198	101	4	0.3377926421404682
chr7:155071065:G>A	345	182	4	0.34535104364326374
chr8:138821332:A>G	305	167	4	0.3538135593220339
chrX:50634820:G>T	594	78	4	0.11607142857142858
chrX:75450844:T>C	240	16	4	0.0625
