mutation_id	ref_counts	var_counts	total_cn	VAF
chr1:35574284:C>T	216	309	2	0.5885714285714285
chr1:114713908:T>A	397	30	2	0.0702576112412178
chr1:200977253:G>A	192	157	2	0.4498567335243553
chr1:248522344:G>T	170	136	2	0.4444444444444444
chr12:25245350:C>A	376	26	2	0.06467661691542288
chr12:106720827:C>T	362	87	2	0.19376391982182628
chr13:28034147:TAGAAGTAC>CGCCCGGGG	322	51	2	0.13672922252010725
chr13:52847387:G>A	392	354	2	0.4745308310991957
chr15:71728648:G>A	204	196	2	0.49
chr16:1655225:C>T	196	165	2	0.45706371191135736
chr16:3736795:C>G	160	172	2	0.5180722891566265
chr16:67303162:G>A	137	68	2	0.33170731707317075
chr17:7760798:C>T	448	198	3	0.3065015479876161
chr17:28759516:T>C	590	77	3	0.11544227886056972
chr19:56033604:G>A	185	171	2	0.4803370786516854
chr2:120984714:G>A	184	191	2	0.5093333333333333
chr4:26919597:A>G	176	120	2	0.40540540540540543
chr4:86823817:C>T	384	24	2	0.058823529411764705
chr5:122077689:G>A	327	308	2	0.48503937007874015
chr5:150649743:C>T	303	265	2	0.4665492957746479
chr7:143724475:C>A	478	22	2	0.044
chr8:3307821:G>A	200	90	3	0.3103448275862069
chr8:6519930:G>A	290	150	3	0.3409090909090909
chr8:144527665:G>A	582	257	3	0.3063170441001192
chr9:21971154:C>A	320	321	2	0.500780031201248
chrX:12886375:G>T	803	211	4	0.20808678500986194
chrX:18256892:C>A	486	147	4	0.23222748815165878
chrX:91835959:C>T	533	141	4	0.20919881305637983
