mutation_id	myclone_id	myclone_ccf
chr13:102730175:G>A	1	0.9573862033068924
chr3:171002653:G>C	1	0.9573862033068924
chr6:16328292:G>A	1	0.9573862033068924
chr6:82366094:G>A	1	0.9573862033068924
chrX:71382858:A>G	1	0.9573862033068924
chr17:41968226:C>T	1	0.9573862033068924
chr10:27936871:C>T	1	0.9573862033068924
chr1:159713894:G>C	2	0.7641902712750612
chr12:21300430:C>T	2	0.7641902712750612
chr6:150887953:A>C	2	0.7641902712750612
chr9:68378267:G>T	2	0.7641902712750612
chr11:2666419:G>A	3	0.2670751929381399
chr12:68721890:G>C	3	0.2670751929381399
chr13:72775361:T>C	3	0.2670751929381399
chr19:37363063:G>T	3	0.2670751929381399
chr19:44909033:G>A	3	0.2670751929381399
chr2:166233386:C>T	3	0.2670751929381399
chr5:170106256:C>T	3	0.2670751929381399
chr11:121055211:C>T	4	0.5351636849029605
chr4:118054053:C>T	4	0.5351636849029605
chr12:96658075:C>G	5	0.6837890099831231
chr7:20401977:C>T	5	0.6837890099831231
chr1:7664606:G>A	6	0.1327440134341133
chr2:178544225:C>G	6	0.1327440134341133
chr6:17102297:C>T	6	0.1327440134341133
chr6:113859820:G>A	6	0.1327440134341133
chr17:9826176:C>A	7	0.19765636150078647
chr4:2240664:C>T	7	0.19765636150078647
chr4:57023362:G>A	7	0.19765636150078647
