mutation_id	myclone_id	myclone_ccf
chr16:7579799:C>T	1	0.555660239336023
chr16:29806996:C>T	1	0.555660239336023
chr14:93582240:C>A	2	0.9257863475519693
chr15:90241893:A>G	2	0.9257863475519693
chr19:11239885:G>A	2	0.9257863475519693
chr13:28034144:A>G	3	0.6916895481345006
chr8:141474158:C>T	3	0.6916895481345006
chr15:54500939:T>C	4	0.3074373337716584
chrX:118568110:T>C	5	-1
chr10:116476707:G>A	6	-1
chr18:9888087:A>G	7	-1
chr21:42568427:C>T	8	-1
