mutation_id	myclone_id	myclone_ccf
chr2:170404307:C>T	1	0.579915397524752
chr1:5967314:G>C	2	0.1226330084819981
chr3:119747892:C>G	2	0.1226330084819981
chr2:163610180:G>T	3	0.8133360447550803
chr22:22031468:ATTCA>CT	3	0.8133360447550803
chr3:77563187:A>-	3	0.8133360447550803
chr17:42586088:C>T	4	0.9846073408317375
chr2:228018695:G>A	4	0.9846073408317375
chr4:46964972:G>A	4	0.9846073408317375
chr4:72290925:C>T	4	0.9846073408317375
chr6:168033947:G>A	4	0.9846073408317375
chr1:53077263:G>A	5	0.21687616880358632
chr12:124971395:G>T	5	0.21687616880358632
chr13:27567696:G>A	5	0.21687616880358632
chr17:3467538:C>T	5	0.21687616880358632
chr19:52366620:C>T	5	0.21687616880358632
chr2:76748793:C>T	5	0.21687616880358632
chr4:119031386:A>G	5	0.21687616880358632
chr1:62274892:C>T	6	0.33164090079442976
chr1:150473191:C>T	6	0.33164090079442976
chr1:158718068:T>C	6	0.33164090079442976
chr12:82857453:G>T	6	0.33164090079442976
chr17:45846781:G>A	6	0.33164090079442976
chr4:8871552:G>A	6	0.33164090079442976
chr5:141174424:G>A	6	0.33164090079442976
chr8:144466773:C>T	6	0.33164090079442976
chrX:134417293:G>T	6	0.33164090079442976
chr14:106714674:ACACTGTGTCTCTCGCACAGT>-	7	-1
chrX:45151664:G>A	7	-1
