mutation_id	myclone_id	myclone_ccf
chr1:237708907:T>A	1	0.6307305917479433
chr7:107044716:C>A	1	0.6307305917479433
chr14:41887004:C>T	2	0.128057855952252
chr6:27451354:G>A	2	0.128057855952252
chrX:78657371:C>T	2	0.128057855952252
chr10:47349699:C>T	3	0.9558954986993508
chr10:132117382:C>T	3	0.9558954986993508
chr14:77887178:C>A	3	0.9558954986993508
chr19:900901:G>A	3	0.9558954986993508
chr2:90221384:->CCA	3	0.9558954986993508
chr2:131533323:GAA>-	3	0.9558954986993508
chr2:211702057:A>C	3	0.9558954986993508
chr2:211702059:A>C	3	0.9558954986993508
chr2:215394665:G>A	3	0.9558954986993508
chr4:74748135:C>T	3	0.9558954986993508
chr6:26508599:G>A	3	0.9558954986993508
chr6:28586715:C>A	3	0.9558954986993508
chr6:112114128:C>A	3	0.9558954986993508
chr7:111741211:C>T	3	0.9558954986993508
chr9:26984348:G>A	3	0.9558954986993508
chrX:27821306:C>T	3	0.9558954986993508
chr11:92866906:C>T	4	-1
