mutation_id	myclone_id	myclone_ccf
chr15:34752827:C>T	1	0.0735026849485584
chr10:55599909:C>G	2	0.5721108374197243
chr10:46373439:G>A	3	0.7025953558603768
chr12:117555224:C>T	4	0.9839753694622837
chr16:30353422:C>T	4	0.9839753694622837
chr19:17581180:C>T	4	0.9839753694622837
chr19:35723781:T>C	4	0.9839753694622837
chr22:22376505:->CC	4	0.9839753694622837
chr5:19571742:A>C	4	0.9839753694622837
chr5:138517632:T>C	4	0.9839753694622837
chr5:180313905:C>T	4	0.9839753694622837
chr7:147395622:G>A	4	0.9839753694622837
