mutation_id	myclone_id	myclone_ccf
chrX:153804039:C>T	1	0.9232158279128526
chr1:152719914:G>A	1	0.9232158279128526
chr17:35150090:G>A	1	0.9232158279128526
chr17:69114866:C>T	1	0.9232158279128526
chr19:46649466:C>T	2	0.7847706494555622
chr20:45301113:C>T	2	0.7847706494555622
chr1:170992254:G>T	2	0.7847706494555622
chr13:28034126:TCATATTCTCTGAA>GG	3	0.6365863076056767
chr5:140829199:G>A	3	0.6365863076056767
chr14:23425798:G>A	3	0.6365863076056767
chr11:18934241:C>T	4	0.5213985957620394
chr18:3215050:G>A	5	0.24448406002432754
chr4:158130845:C>A	6	1.000788475988797
chr8:143728601:G>A	6	1.000788475988797
