mutation_id	myclone_id	myclone_ccf
chr6:41935956:->GCA	1	0.3455049643235318
chr14:99726718:C>A	2	0.1109664947147262
chr18:78995240:C>T	3	1.0
chr2:18584874:C>T	3	1.0
chr12:112450395:C>T	4	0.8328128847987346
chr14:94467177:C>A	4	0.8328128847987346
chr16:57722735:C>T	4	0.8328128847987346
chr9:74762927:T>-	4	0.8328128847987346
