mutation_id	myclone_id	myclone_ccf
chr13:20809086:G>A	1	0.1545431454092415
chr22:21023562:C>A	1	0.1545431454092415
chr1:3414642:C>T	2	1.0
chr12:78190098:C>T	2	1.0
chr13:28018498:ATG>-	2	1.0
chr2:207828436:C>T	2	1.0
chr22:28796058:AA>TCGATAGGG	2	1.0
chr17:16382389:C>T	2	1.0
chrX:46472969:A>T	2	1.0
