mutation_id	myclone_id	myclone_ccf
chr20:62882177:G>C	1	1.0
chr1:193016381:C>T	2	0.36171491799842004
chr11:108511995:C>G	2	0.36171491799842004
chr6:3156095:C>G	2	0.36171491799842004
chr11:129874232:G>A	3	0.23075073342240804
chr12:40278172:G>A	3	0.23075073342240804
chr12:99806549:C>G	3	0.23075073342240804
chr16:1626086:G>T	3	0.23075073342240804
chr22:20993967:G>A	3	0.23075073342240804
chr8:26508338:C>G	3	0.23075073342240804
chr10:95687080:G>C	4	0.09000746029985877
chr12:57044118:G>A	4	0.09000746029985877
chr14:70167992:G>C	4	0.09000746029985877
chr15:30372235:G>C	4	0.09000746029985877
chr15:72474647:C>G	4	0.09000746029985877
chr17:50356627:C>G	4	0.09000746029985877
chr19:5783377:C>T	4	0.09000746029985877
chr3:114004714:C>G	4	0.09000746029985877
chr4:4197784:G>C	4	0.09000746029985877
chr6:31034692:G>C	4	0.09000746029985877
chr6:69898950:G>C	4	0.09000746029985877
chr7:138803068:G>C	4	0.09000746029985877
chr1:6454914:G>C	5	0.5400459260619441
chr1:246877033:C>T	5	0.5400459260619441
chr10:93600395:C>T	5	0.5400459260619441
chr12:25245328:C>G	5	0.5400459260619441
chr12:123937392:A>G	5	0.5400459260619441
chr16:57439272:G>C	5	0.5400459260619441
chr16:57440884:G>A	5	0.5400459260619441
chr19:18386360:G>C	5	0.5400459260619441
chr2:27223984:G>C	5	0.5400459260619441
chr2:77519499:G>A	5	0.5400459260619441
chr20:2835674:G>A	5	0.5400459260619441
chr3:45225870:G>A	5	0.5400459260619441
chr6:7577801:C>T	5	0.5400459260619441
chr9:32459448:C>G	5	0.5400459260619441
chrX:124383996:A>T	5	0.5400459260619441
chr14:29638758:G>T	6	0.7970389871955152
chr15:28257187:C>G	6	0.7970389871955152
chr5:83580419:G>A	6	0.7970389871955152
