mutation_id	myclone_id	myclone_ccf
chr1:233375963:C>T	1	0.798397536713092
chr10:24584502:C>T	1	0.798397536713092
chr14:75091378:G>A	1	0.798397536713092
chr5:72848430:C>T	1	0.798397536713092
chr5:137953365:C>G	1	0.798397536713092
chr6:46691672:G>C	1	0.798397536713092
chr6:56619494:C>T	1	0.798397536713092
chr7:120275235:G>C	1	0.798397536713092
chr7:120275236:A>T	1	0.798397536713092
chr9:131487995:T>C	1	0.798397536713092
chr1:100467999:G>A	2	0.30852105984359324
chr1:237791458:G>A	2	0.30852105984359324
chr11:124924989:G>T	2	0.30852105984359324
chr12:20646863:G>C	2	0.30852105984359324
chr16:19642432:G>C	2	0.30852105984359324
chr3:42686236:C>T	2	0.30852105984359324
chr3:88465425:C>A	2	0.30852105984359324
chr4:148152471:A>G	2	0.30852105984359324
chr4:186284212:C>T	2	0.30852105984359324
chr8:76704883:C>T	2	0.30852105984359324
chrX:48981798:C>T	2	0.30852105984359324
chr1:23431860:G>A	3	0.5935632393323371
chr10:45003786:C>T	3	0.5935632393323371
chr10:53821893:C>T	3	0.5935632393323371
chr11:62526358:C>G	3	0.5935632393323371
chr15:59223095:C>A	3	0.5935632393323371
chr17:7313074:G>T	3	0.5935632393323371
chr2:27575112:C>T	3	0.5935632393323371
chr2:65071727:C>G	3	0.5935632393323371
chr2:134898389:G>C	3	0.5935632393323371
chr3:20171192:C>T	3	0.5935632393323371
chr5:36200249:C>G	3	0.5935632393323371
chr6:43188696:C>A	3	0.5935632393323371
chr8:30845948:C>T	3	0.5935632393323371
chr9:137790873:C>G	3	0.5935632393323371
chrX:27462741:C>T	3	0.5935632393323371
chr1:35834110:G>C	4	0.9882858070294989
chr1:153771886:G>A	4	0.9882858070294989
chr11:3659889:A>C	4	0.9882858070294989
chr13:33129566:C>T	4	0.9882858070294989
chr16:14447032:C>G	4	0.9882858070294989
chr17:75497788:C>G	4	0.9882858070294989
chr19:56577246:C>G	4	0.9882858070294989
chr22:21634529:G>A	4	0.9882858070294989
chr6:89950272:C>A	4	0.9882858070294989
chr7:66941877:C>T	4	0.9882858070294989
