mutation_id	myclone_id	myclone_ccf
chr1:37817449:->A	1	0.8542418669558454
chr1:109161922:G>A	1	0.8542418669558454
chr4:119261774:G>T	1	0.8542418669558454
chr12:119672401:G>C	2	0.9999999999999998
chr2:45976495:T>C	2	0.9999999999999998
chr8:123652213:G>A	2	0.9999999999999998
chrX:48512379:C>T	2	0.9999999999999998
chrX:88754033:C>T	2	0.9999999999999998
chr9:14857723:C>A	3	-1
