mutation_id	myclone_id	myclone_ccf
chr22:22381064:A>T	1	0.4292682926829268
chr21:26966115:C>G	1	0.4292682926829268
chr12:55365485:C>A	2	0.8519349027083503
chr4:138236442:G>C	2	0.8519349027083503
chrX:3024051:G>A	2	0.8519349027083503
chrX:154468506:C>T	2	0.8519349027083503
chr2:79858026:G>A	3	0.0830860534124628
chr22:38298888:G>A	4	0.1496176883650025
chrX:70290566:C>G	4	0.1496176883650025
chr12:101042335:C>T	5	1
chr19:8364384:G>A	5	1
chr19:8972910:C>T	5	1
chr2:206588108:C>T	5	1
chr5:72199408:C>T	5	1
chr14:105865249:->CCCCCCGG	6	0.79375
