mutation_id	myclone_id	myclone_ccf
chr3:49703434:C>A	1	0.3247814124405332
chr3:4645673:C>T	2	0.064413451031344
chr18:47028931:C>T	3	0.1862287642224156
chr1:181758807:T>C	4	1
chr1:206116772:->GG	4	1
chr10:85602556:G>A	4	1
chr17:81104077:G>A	4	1
chr19:55015026:C>G	4	1
chr2:203706596:G>T	4	1
chr2:240763271:C>T	4	1
chr20:45408433:G>T	4	1
chr4:6035932:C>T	4	1
chr4:99650853:C>G	4	1
chr7:107953572:G>A	4	1
chr8:8890504:C>A	4	1
chr12:52403839:C>A	5	0.567485064674238
chr12:81445601:C>A	5	0.567485064674238
chr14:67584030:C>A	5	0.567485064674238
chr22:22031468:ATT>-	5	0.567485064674238
chr7:38358514:T>-	6	-1
