mutation_id	myclone_id	myclone_ccf
chr11:67231716:G>A	1	0.5618108569981712
chr10:122643210:C>T	2	0.14130921015192
chr12:25227342:T>G	2	0.14130921015192
chr11:103186437:C>G	3	0.26233296561614516
chr3:12540204:C>T	3	0.26233296561614516
chr11:1460631:G>A	4	0.3525732043065149
chr19:11378248:->C	4	0.3525732043065149
chr1:152156455:G>A	5	0.9690945715009145
chr3:154429326:A>G	5	0.9690945715009145
chr5:41049414:G>T	5	0.9690945715009145
chr7:48099727:C>G	5	0.9690945715009145
