mutation_id	myclone_id	myclone_ccf
chr19:8584972:G>A	1	0.1133112660655065
chr5:139368775:G>C	1	0.1133112660655065
chr2:144389881:T>C	2	0.6858016219245805
chr20:50942116:CCTTTTGCTTCCTGTAGAATAAATTAGCTGTCAATTAGAAAAAGCCA>-	2	0.6858016219245805
chr1:159713615:G>A	3	0.2618904195886005
chr19:50458952:C>G	3	0.2618904195886005
chr2:96287959:C>T	3	0.2618904195886005
chr1:87097906:G>A	4	1.0
chr2:211722409:A>G	4	1.0
chr6:127476023:T>C	4	1.0
chr7:122698600:G>A	4	1.0
chr9:137185033:C>T	4	1.0
chr12:108789042:C>T	5	0.38530229489194623
chr2:169637024:A>T	5	0.38530229489194623
chrX:51618296:G>A	5	0.38530229489194623
