mutation_id	myclone_id	myclone_ccf
chrX:66203468:C>T	1	0.1084096806694124
chr10:105256839:G>A	1	0.1084096806694124
chr10:25597880:C>T	1	0.1084096806694124
chr4:39254007:T>C	1	0.1084096806694124
chr1:229249799:A>G	2	1
chr2:140444677:C>T	2	1
chr5:168423863:C>T	2	1
chr12:29477372:A>T	3	0.8761307177049501
chr12:55426532:T>A	3	0.8761307177049501
chr15:71811496:G>A	3	0.8761307177049501
chr2:185807065:C>T	3	0.8761307177049501
chr3:98353955:C>T	3	0.8761307177049501
chr10:35175959:A>T	3	0.8761307177049501
chr14:99174828:G>A	3	0.8761307177049501
chr17:33021300:G>A	3	0.8761307177049501
chr17:41140436:C>T	3	0.8761307177049501
chr4:1961074:G>A	3	0.8761307177049501
chr4:8846289:C>T	3	0.8761307177049501
chr4:125450618:C>T	3	0.8761307177049501
chr11:125627672:G>A	4	0.7191382352015332
chr12:25245347:C>T	4	0.7191382352015332
chr16:89595580:G>A	4	0.7191382352015332
chr19:22316052:C>A	4	0.7191382352015332
chr2:130763276:->GGC	4	0.7191382352015332
