mutation_id	myclone_id	myclone_ccf
chr19:17172927:G>A	1	1
chr20:64016765:C>T	1	1
chr7:114426546:A>T	2	0.1295257521672615
chr7:147043992:C>A	2	0.1295257521672615
chr10:125661071:C>T	3	0.32120990441785197
chr12:49041950:->CTCCAGAG	3	0.32120990441785197
chr8:39729922:C>T	3	0.32120990441785197
chr4:186706620:G>A	3	0.32120990441785197
chrX:102749521:A>G	3	0.32120990441785197
chr1:114716126:C>T	4	0.47006726501291357
chr1:155921549:G>A	4	0.47006726501291357
chr11:2608681:C>T	4	0.47006726501291357
chr11:17387630:G>A	4	0.47006726501291357
chr11:89295338:A>G	4	0.47006726501291357
chr11:118472435:C>T	4	0.47006726501291357
chr12:25225627:G>A	4	0.47006726501291357
chr12:49051411:->T	4	0.47006726501291357
chr16:3736714:A>T	4	0.47006726501291357
chr16:72959246:G>A	4	0.47006726501291357
chr20:59194309:G>A	4	0.47006726501291357
chr3:146461853:G>A	4	0.47006726501291357
chr3:165189376:C>T	4	0.47006726501291357
chr3:183989238:C>T	4	0.47006726501291357
chr9:103005181:G>T	4	0.47006726501291357
chr17:36538415:->GGGGCCTTCCG	4	0.47006726501291357
chr17:41347118:C>T	4	0.47006726501291357
chr17:44176819:G>A	4	0.47006726501291357
chr18:33744867:C>T	4	0.47006726501291357
chr4:140911163:G>A	4	0.47006726501291357
chr21:32748662:T>A	5	1.0549450549450547
