mutation_id	myclone_id	myclone_ccf
chr9:18777771:T>G	1	0.5632085525829146
chr12:25245347:C>T	2	1.0
chr5:140884343:C>T	2	1.0
chr2:233828920:A>G	3	0.7100413762432325
chr9:35810978:C>T	3	0.7100413762432325
