mutation_id	myclone_id	myclone_ccf
chr1:210016331:G>T	1	1
chr16:74412179:G>A	2	0.1544486215538846
chr14:106622361:->CTTCT	3	0.5052035915262827
chr19:41625935:C>T	3	0.5052035915262827
chr20:51004392:C>T	3	0.5052035915262827
chrX:71398624:C>T	3	0.5052035915262827
chr16:1256324:C>T	4	0.7621864689395821
chr19:20118188:A>G	4	0.7621864689395821
chr12:20369431:C>A	5	0.6442326543810455
chr19:49599686:C>T	5	0.6442326543810455
chr2:189034213:G>A	5	0.6442326543810455
chr20:34470114:G>A	5	0.6442326543810455
