mutation_id	myclone_id	myclone_ccf
chr17:75231904:C>T	1	0.3356965966535938
chr5:131959603:AGATCCTGAATCA>CG	2	0.7466984235414322
chr9:110406943:C>T	3	0.4929439420465649
chrX:71291928:G>A	3	0.4929439420465649
chr12:25225714:T>C	4	1
chr17:28592568:C>T	4	1
chr9:93259410:C>T	4	1
chrX:50813961:G>A	4	1
chrX:107981717:C>T	4	1
chr1:201207302:G>A	5	0.1845093853381718
chr1:229295856:C>T	6	-1
