mutation_id	myclone_id	myclone_ccf
chr2:162020266:C>A	1	0.7436813149251533
chr20:16732180:A>G	1	0.7436813149251533
chr6:20546382:ATGACATCGAAGATAT>TACCGGCC	1	0.7436813149251533
chr6:32828962:C>T	1	0.7436813149251533
chr1:117153120:G>A	2	1.0
chr5:38504016:C>T	2	1.0
chr9:99067000:A>G	2	1.0
chr1:114716127:C>T	3	0.8495279770092634
chr20:2613264:G>A	3	0.8495279770092634
chr3:64604015:G>A	3	0.8495279770092634
chr8:55799183:T>A	3	0.8495279770092634
