mutation_id	myclone_id	myclone_ccf
chr6:166498583:C>T	1	1
chr1:17616152:G>A	2	0.5463611985351116
chr12:52424524:G>A	2	0.5463611985351116
chr11:133937951:G>T	3	0.32680496224789296
chr12:112450407:A>C	3	0.32680496224789296
chr7:124747053:G>A	3	0.32680496224789296
chr8:1957235:T>A	3	0.32680496224789296
chrX:74592329:C>T	3	0.32680496224789296
chrX:154463993:C>T	3	0.32680496224789296
