mutation_id	myclone_id	myclone_ccf
chr18:5969530:G>A	1	0.3357289023592614
chr17:64500707:C>T	2	0.8413779832189116
chr2:61493966:->GCCC	2	0.8413779832189116
chr8:81755424:C>T	2	0.8413779832189116
chr1:117938491:C>A	3	0.6238694979405727
chr1:152698987:G>A	3	0.6238694979405727
chr7:38362864:CC>-	3	0.6238694979405727
chr11:17101336:C>A	4	1.0
chr11:67502619:G>C	4	1.0
chr2:165676574:C>T	4	1.0
chr8:142489346:G>A	4	1.0
chr9:136941318:G>A	4	1.0
chrX:51407573:G>C	5	-1
