mutation_id	myclone_id	myclone_ccf
chr13:28018503:A>C	1	0.393286553099668
chr6:52792969:G>C	1	0.393286553099668
chr10:69572675:C>T	2	1.0
chr16:3736749:G>T	2	1.0
chr18:80137570:C>T	2	1.0
chr19:3435146:C>A	2	1.0
chr2:233693214:C>T	2	1.0
chr22:23061845:C>T	2	1.0
chr7:138861307:G>A	2	1.0
chr8:145052588:C>T	2	1.0
chr9:72826934:C>T	2	1.0
chr14:22449112:->GAGGGGGGAGA	2	1.0
chr4:182800203:C>T	2	1.0
chr6:46860818:G>A	2	1.0
chr6:47286435:C>T	2	1.0
chr6:167307901:C>T	2	1.0
chr11:433934:C>T	3	0.7830512363144487
chr12:56322471:GTGA>-	3	0.7830512363144487
chr13:28034204:T>C	3	0.7830512363144487
chr19:45224903:C>T	4	0.6351924434187183
chr2:144389881:T>C	4	0.6351924434187183
chr22:46369747:G>A	4	0.6351924434187183
chr6:121447673:G>A	4	0.6351924434187183
