mutation_id	myclone_id	myclone_ccf
chr4:121380529:A>G	1	0.7269711397264129
chr5:140876753:G>A	1	0.7269711397264129
chr15:42693790:G>A	2	0.5089492548145085
chr21:33511330:T>C	2	0.5089492548145085
chr3:97877848:G>A	2	0.5089492548145085
chr5:139378051:G>A	2	0.5089492548145085
chr14:106421702:CACTGTGTGTCTCGCACAGTAA>T	3	-1
chr14:106470260:GTGTA>TCCT	3	-1
