mutation_id	myclone_id	myclone_ccf
chr11:4946604:C>G	1	0.10746120745601306
chr12:28450191:G>C	1	0.10746120745601306
chr19:11514108:C>A	1	0.10746120745601306
chr14:67345866:C>T	2	0.984102223961103
chr15:43529651:G>A	2	0.984102223961103
chr19:34450266:T>C	2	0.984102223961103
chr19:40218133:C>T	2	0.984102223961103
chr4:1974938:A>G	2	0.984102223961103
chr10:59234326:C>A	3	0.8343855321422889
chr11:24983280:C>T	3	0.8343855321422889
chr11:55994019:C>A	3	0.8343855321422889
chr15:33154284:G>A	3	0.8343855321422889
chr3:77617691:C>T	3	0.8343855321422889
chr3:195761497:G>C	3	0.8343855321422889
