mutation_id	myclone_id	myclone_ccf
chr2:130074626:G>A	1	0.562739337640658
chr5:122182577:C>T	1	0.562739337640658
chr14:23523364:G>C	1	0.562739337640658
chr1:33739159:G>A	2	0.9746366124644783
chr1:114716126:C>T	2	0.9746366124644783
chr12:114674242:C>T	2	0.9746366124644783
chr2:130463198:G>A	2	0.9746366124644783
chr5:72199878:G>A	2	0.9746366124644783
