mutation_id	myclone_id	myclone_ccf
chr10:97901634:G>A	1	1.0
chr15:62701188:C>T	1	1.0
chr13:35593409:T>C	2	0.7300345179634354
chr2:173956094:->AT	2	0.7300345179634354
chr9:106939032:G>A	2	0.7300345179634354
chrX:80692107:C>T	3	-1
