mutation_id	myclone_id	myclone_ccf
chr7:100991984:C>T	1	0.3595236916543434
chr19:39540057:C>T	2	0.6155986171152619
chr2:132417789:C>G	2	0.6155986171152619
chr21:39475154:C>G	2	0.6155986171152619
chr6:56645900:C>G	2	0.6155986171152619
chr10:32845542:G>C	3	1
chr11:26565711:C>A	3	1
chr12:91108449:T>G	3	1
chr19:47271547:C>A	3	1
chr2:240895517:C>T	3	1
chr3:100400821:C>T	3	1
chr8:76855722:C>T	3	1
chr1:86453453:G>C	4	0.10683553756966678
chr1:114776445:C>G	4	0.10683553756966678
chr10:32876392:G>C	4	0.10683553756966678
chr11:31103742:C>G	4	0.10683553756966678
chr13:23879351:C>G	4	0.10683553756966678
chr13:35352219:C>T	4	0.10683553756966678
chr16:48083945:G>A	4	0.10683553756966678
chr21:45516096:G>A	4	0.10683553756966678
chr3:171161298:C>T	4	0.10683553756966678
chr4:3767110:C>G	4	0.10683553756966678
chr4:25028548:G>C	4	0.10683553756966678
chr8:93701299:C>T	4	0.10683553756966678
chr9:34989798:C>G	4	0.10683553756966678
chr15:82689408:G>A	5	0.7642636773276354
chr17:10537266:G>C	5	0.7642636773276354
chr19:814446:G>A	5	0.7642636773276354
chr19:21974456:C>G	5	0.7642636773276354
chr2:44944644:G>C	5	0.7642636773276354
chr2:221568784:A>C	5	0.7642636773276354
chr4:17515305:G>A	5	0.7642636773276354
chr4:107945458:G>T	5	0.7642636773276354
chr5:31486493:C>G	5	0.7642636773276354
chr7:95120759:G>C	5	0.7642636773276354
chr1:78937861:T>C	6	0.87900772213256
chr1:228022889:C>T	6	0.87900772213256
chr10:73785945:G>C	6	0.87900772213256
chr11:9963851:G>A	6	0.87900772213256
chr12:21205891:G>A	6	0.87900772213256
chr12:116015126:G>A	6	0.87900772213256
chr2:138550909:G>A	6	0.87900772213256
chr2:230790932:G>A	6	0.87900772213256
chr22:39969384:GACCAGTCTTCTGTTGTATGTTTCTAGGAACGCCGAGGAGGC>CCTGAAG	6	0.87900772213256
chr4:150893149:C>T	6	0.87900772213256
chr8:13100587:C>T	6	0.87900772213256
chr11:89178102:C>T	7	0.48223004265508873
chr12:76059836:C>G	7	0.48223004265508873
chr2:50053305:C>T	7	0.48223004265508873
chr21:31266723:C>G	7	0.48223004265508873
chr22:50529559:C>T	7	0.48223004265508873
chr4:6323584:C>T	7	0.48223004265508873
chr4:125491388:G>A	7	0.48223004265508873
chr5:178712911:C>A	7	0.48223004265508873
chr14:22439015:->TGGACCTT	8	-1
chr14:106592676:->CTCTGGGA	9	-1
