mutation_id	myclone_id	myclone_ccf
chr12:13564573:C>T	1	0.43075988790898484
chr12:25245351:C>T	1	0.43075988790898484
chr19:36876939:G>A	1	0.43075988790898484
chr3:49684051:G>A	2	1.0
chr4:56315619:G>A	2	1.0
chr5:154477498:C>A	2	1.0
chr14:55183689:C>T	3	0.7364894233578174
chr2:89244793:->CCTTGCATGCGGCAGCGCTG	3	0.7364894233578174
chr22:15528659:A>T	3	0.7364894233578174
chr1:162770301:G>A	4	0.1360407464685487
chr17:77402298:C>T	4	0.1360407464685487
chr19:54456412:C>T	4	0.1360407464685487
chr2:219638167:C>T	4	0.1360407464685487
chr7:1092251:C>T	4	0.1360407464685487
chr9:19049863:CTT>-	4	0.1360407464685487
chr2:43225325:->G	5	0.26541858154487635
chr6:41935962:T>C	5	0.26541858154487635
chr7:14574304:T>A	5	0.26541858154487635
