mutation_id	myclone_id	myclone_ccf
chr2:109449304:C>T	1	1.0
chr4:144708301:G>A	2	0.791398008844092
chr18:44950094:C>T	3	0.42407960526157407
chr2:206307585:C>T	3	0.42407960526157407
chr20:57171095:T>C	4	0.09018783260648741
chrX:49254028:C>T	4	0.09018783260648741
