mutation_id	myclone_id	myclone_ccf
chr1:24082038:G>A	1	0.7216983443784456
chr11:105003283:->T	1	0.7216983443784456
chr22:22031462:A>C	1	0.7216983443784456
chr4:41613637:G>C	1	0.7216983443784456
chr5:1221292:C>A	1	0.7216983443784456
chr1:32324493:G>A	2	0.9571767155002509
chr10:85724388:C>T	2	0.9571767155002509
chr18:47033570:A>T	2	0.9571767155002509
chr2:1922795:C>T	2	0.9571767155002509
chr22:22031468:ATTCA>CACC	2	0.9571767155002509
chr3:120167514:G>A	2	0.9571767155002509
chr7:20380803:A>G	2	0.9571767155002509
