mutation_id	myclone_id	myclone_ccf
chr1:18482791:C>T	1	0.6364255615752621
chr11:62735447:G>T	1	0.6364255615752621
chr12:15497339:C>T	2	0.7796235477041336
chr12:119153550:G>A	2	0.7796235477041336
chr19:12696179:C>A	2	0.7796235477041336
chr12:94305272:G>C	3	0.11668106094710606
chr16:67255859:G>A	3	0.11668106094710606
chr3:38190794:G>A	3	0.11668106094710606
chrX:153397829:C>T	3	0.11668106094710606
chr1:146963118:C>T	3	0.11668106094710606
chr4:9782478:G>A	4	0.3090909090909095
