mutation_id	myclone_id	myclone_ccf
chr2:89297263:GAGG>TCTGGCAC	1	0.3497371495580964
chr1:114716126:C>T	2	0.8925710962525979
chr13:24853881:C>A	2	0.8925710962525979
chr15:68175762:->CGA	2	0.8925710962525979
chr16:20341124:G>A	2	0.8925710962525979
chr4:46974309:G>A	2	0.8925710962525979
chr1:36806117:G>A	3	0.9999999999999999
chr11:55827566:C>T	3	0.9999999999999999
chr13:77070680:A>G	3	0.9999999999999999
chr2:241678532:G>A	3	0.9999999999999999
chr21:38383755:T>C	3	0.9999999999999999
chr4:142123357:C>T	3	0.9999999999999999
