mutation_id	myclone_id	myclone_ccf
chr14:94290238:G>A	1	1.0
chr17:10803843:G>A	1	1.0
chr3:47062236:T>A	2	0.3094773800929946
chr3:47120353:->GAGG	2	0.3094773800929946
chr8:103885397:G>A	2	0.3094773800929946
chr5:33576096:G>A	3	0.8782035858143299
chr6:55541796:C>T	3	0.8782035858143299
chr9:137228914:C>T	3	0.8782035858143299
chr14:34785882:G>A	4	0.09911719888381124
chr21:42903680:A>T	4	0.09911719888381124
chr22:50312212:C>G	4	0.09911719888381124
chr4:161920576:G>T	4	0.09911719888381124
chr1:31679668:G>T	5	0.3895962625897625
chr3:47088132:->GCCCTATCA	5	0.3895962625897625
chr4:22818868:C>T	5	0.3895962625897625
chr4:154366243:C>T	5	0.3895962625897625
