mutation_id	myclone_id	myclone_ccf
chr3:88467133:T>A	1	0.867017475829677
chr13:33112796:G>A	2	1.0
chr3:32704810:G>T	2	1.0
chr10:60389431:C>A	3	0.5875865772741767
chr15:85715806:G>A	3	0.5875865772741767
chr19:3907825:C>T	3	0.5875865772741767
chr7:151192321:C>T	4	0.4011130170593268
chr1:114716126:C>T	5	0.2356248425359972
chr11:63764581:G>T	5	0.2356248425359972
chr20:5922571:C>T	5	0.2356248425359972
chr4:165487510:C>T	5	0.2356248425359972
chr6:87015751:C>T	5	0.2356248425359972
chr11:1240351:G>A	6	0.1395064068646469
chr4:183322290:C>G	6	0.1395064068646469
chr6:31888476:G>A	6	0.1395064068646469
chrX:108668480:C>T	6	0.1395064068646469
chr6:47878466:C>G	7	0.45849719253758386
chrX:154156530:G>T	8	0.34340882841883796
