mutation_id	myclone_id	myclone_ccf
chr17:39765791:C>A	1	0.2655231435959066
chr17:39765858:G>A	2	0.9879559949683315
chr3:7578452:C>T	2	0.9879559949683315
