mutation_id	myclone_id	myclone_ccf
chr11:6956395:G>A	1	0.8193223417440005
chr15:62164679:C>T	1	0.8193223417440005
chr21:46599366:C>G	1	0.8193223417440005
chr3:187199762:C>T	1	0.8193223417440005
chr1:75143141:G>T	2	0.9810348801491398
chr2:185788778:G>C	2	0.9810348801491398
chr20:3706495:G>A	2	0.9810348801491398
chr4:37446670:T>C	2	0.9810348801491398
chr11:106054349:T>C	3	0.09838738437997135
chr16:1954059:C>T	3	0.09838738437997135
chr6:146159533:G>T	3	0.09838738437997135
chr7:48108333:C>T	3	0.09838738437997135
chr11:7089703:C>T	4	0.17540766838038852
chr17:65225120:C>T	4	0.17540766838038852
chr2:28829268:C>T	4	0.17540766838038852
chr3:167528017:C>G	4	0.17540766838038852
chr7:111940170:A>G	4	0.17540766838038852
