mutation_id	myclone_id	myclone_ccf
chrX:139617540:G>A	1	0.0730910683083584
chr12:52546455:C>T	2	1.0
chr9:133636417:C>T	2	1.0
chr12:81174864:C>A	3	0.143119840720059
chr4:7434303:G>A	3	0.143119840720059
chr15:71215192:G>A	4	0.8471738850968036
chr17:11679773:G>A	4	0.8471738850968036
chr19:34434874:G>A	4	0.8471738850968036
chr2:135804101:G>A	4	0.8471738850968036
chr2:197631220:G>A	4	0.8471738850968036
chr21:39779210:C>T	4	0.8471738850968036
