mutation_id	myclone_id	myclone_ccf
chr1:99877754:A>T	1	0.7921427484615561
chr10:15718848:G>T	1	0.7921427484615561
chr16:3731323:AGG>-	1	0.7921427484615561
chr19:8147186:C>T	1	0.7921427484615561
chr19:55486564:G>A	1	0.7921427484615561
chr3:197858895:C>T	1	0.7921427484615561
chr7:30055308:->T	1	0.7921427484615561
chr14:105464058:G>T	1	0.7921427484615561
chr4:17874671:->GGGA	1	0.7921427484615561
chr4:86775512:C>T	1	0.7921427484615561
chr5:180127673:C>T	1	0.7921427484615561
chr12:11869606:->C	1	0.7921427484615561
chr12:25245350:C>T	2	0.6482534696430866
chr7:117784265:T>A	2	0.6482534696430866
chr1:176595326:T>C	3	0.9641688622820644
chr15:40364487:C>T	3	0.9641688622820644
chr16:89636272:C>T	3	0.9641688622820644
chr22:20992879:G>A	3	0.9641688622820644
chr9:37002651:C>A	3	0.9641688622820644
chr9:113584141:G>A	3	0.9641688622820644
chrX:34656947:A>T	3	0.9641688622820644
chr14:39399749:G>A	3	0.9641688622820644
chr14:103742099:C>T	3	0.9641688622820644
chr17:61950931:G>A	3	0.9641688622820644
chr4:792470:G>A	3	0.9641688622820644
chr4:163612718:C>A	3	0.9641688622820644
chr10:25176129:C>T	4	0.0920579405604045
chr7:100467597:G>A	4	0.0920579405604045
chr7:150952469:C>T	4	0.0920579405604045
chrX:153776929:C>T	4	0.0920579405604045
chr18:78994761:G>A	4	0.0920579405604045
chr5:7414657:G>A	5	0.9077603228816669
