mutation_id	myclone_id	myclone_ccf
chr1:114716123:C>T	1	0.2726429763496069
chr3:185971671:C>T	1	0.2726429763496069
chr4:157336613:C>T	2	1.0
chr5:176868189:G>A	2	1.0
chrX:19351344:C>T	2	1.0
chrX:101554283:C>G	2	1.0
chr11:18744023:C>T	3	0.3368601626291524
chrX:41216529:GA>-	3	0.3368601626291524
chr11:9749117:->GC	4	0.6261454572967413
chr11:119278170:AATATGAA>GTCCCAAG	4	0.6261454572967413
chr13:28018498:ATG>-	4	0.6261454572967413
chr17:82315348:C>T	4	0.6261454572967413
chrX:153421371:C>T	4	0.6261454572967413
