mutation_id	myclone_id	myclone_ccf
chr1:110198217:G>A	1	0.48080763004105026
chr3:48593101:C>T	1	0.48080763004105026
chr3:113279900:C>T	1	0.48080763004105026
chr11:48264613:T>A	2	0.8169995684874627
chr19:5212219:C>T	2	0.8169995684874627
chr2:113406872:TCACAGTGTTACAAGCCATAA>AAGGGC	2	0.8169995684874627
chr5:141209937:G>A	2	0.8169995684874627
chr10:73791005:G>A	3	0.09865461966396209
chr15:38299463:C>T	3	0.09865461966396209
chr20:49005142:C>T	3	0.09865461966396209
chr20:61976259:G>A	3	0.09865461966396209
chr3:172807775:C>T	3	0.09865461966396209
chr4:56911111:C>T	3	0.09865461966396209
chr14:74358266:G>A	4	0.24471536207535896
chr5:13885032:G>A	4	0.24471536207535896
chr8:109968558:C>T	4	0.24471536207535896
chr1:9039890:C>A	5	1.0
chr14:46651390:C>T	5	1.0
chr17:45829610:G>C	5	1.0
chr19:8977389:G>T	5	1.0
chr7:31643566:A>T	5	1.0
chr14:106592676:T>GTCAA	6	-1
chr14:106511175:A>G	7	-1
