mutation_id	myclone_id	myclone_ccf
chr15:100117010:A>T	1	0.2010683719736966
chr17:47696151:G>A	2	0.7480713853513025
chr4:5731620:C>T	2	0.7480713853513025
chrX:152922749:G>A	2	0.7480713853513025
chr4:99654567:G>A	3	0.594869930664714
chr5:132825424:C>T	3	0.594869930664714
chr1:211018885:G>A	4	1.0
chr11:33750608:A>G	4	1.0
chr19:38466291:G>A	4	1.0
chr8:141475962:C>A	4	1.0
