mutation_id	myclone_id	myclone_ccf
chr12:25245350:C>T	1	0.6772837121027278
chr12:6936283:->G	2	0.7705630912354624
chr2:144389881:T>C	3	1
chr3:150871060:G>A	3	1
chr4:2445246:G>T	3	1
chr4:61909579:C>T	3	1
