mutation_id	myclone_id	myclone_ccf
chr12:80484537:C>T	1	0.2605314441049137
chr7:34973598:C>T	1	0.2605314441049137
chr1:33864479:T>A	2	1
chr19:11193679:C>T	2	1
chr19:49873291:G>A	2	1
chr19:44908761:C>T	3	0.44374929880810415
chr7:103753199:G>T	3	0.44374929880810415
chrX:9932542:G>A	3	0.44374929880810415
chr12:25245347:C>T	4	0.8234255751137741
chr2:164497268:G>A	4	0.8234255751137741
chr14:58646762:C>T	5	-1
chr17:6468301:C>T	5	-1
chr4:176729576:A>T	5	-1
