mutation_id	myclone_id	myclone_ccf
chr9:93317556:C>T	1	0.059413109998909
chr15:67388976:T>G	2	1
chr16:1195440:C>T	2	1
chr6:117538782:A>G	2	1
chr7:148172468:T>A	2	1
chr1:225406827:C>T	3	0.6173234463701204
chr4:84604327:A>G	3	0.6173234463701204
chr4:121040011:T>A	3	0.6173234463701204
chr8:31640665:C>G	3	0.6173234463701204
chr9:38575539:C>T	3	0.6173234463701204
chr1:114716126:C>T	4	0.3119963916235546
chr1:152111315:C>T	4	0.3119963916235546
chr15:90875807:G>A	4	0.3119963916235546
chr19:6682216:G>T	4	0.3119963916235546
chr7:101003197:G>A	4	0.3119963916235546
chrX:73849787:G>C	4	0.3119963916235546
chr1:45623891:C>T	5	0.18895856512109238
chr1:152110816:C>G	5	0.18895856512109238
chr1:152112751:C>T	5	0.18895856512109238
chr1:241958089:C>T	5	0.18895856512109238
chr1:241958955:A>G	5	0.18895856512109238
chr12:112450406:G>A	5	0.18895856512109238
chr14:36663105:C>T	5	0.18895856512109238
chr22:46260612:G>A	5	0.18895856512109238
chr3:139044527:C>A	5	0.18895856512109238
chrX:19955465:G>A	5	0.18895856512109238
chrX:153807291:C>A	5	0.18895856512109238
