mutation_id	myclone_id	myclone_ccf
chr7:2649609:C>T	1	1
chr13:28311640:C>T	2	0.5786479510794877
chr4:2537057:G>A	2	0.5786479510794877
chr13:28018498:ATG>-	3	0.4872659444723438
chr10:62057231:->GCCTT	3	0.4872659444723438
chrX:153693276:C>T	3	0.4872659444723438
chr11:116830624:C>T	4	0.10885136581310226
chr12:82357018:C>T	4	0.10885136581310226
chr1:114716123:C>T	4	0.10885136581310226
chr2:121397269:G>C	4	0.10885136581310226
chrX:100408136:G>A	4	0.10885136581310226
chr1:18921084:T>C	5	0.34843588086694255
chr15:41669864:->AAGGGAACCGGAC	5	0.34843588086694255
chr10:96373744:G>A	6	0.21999541652837534
chr2:178731487:G>A	6	0.21999541652837534
chr3:46448994:G>A	6	0.21999541652837534
chr8:130169064:G>A	6	0.21999541652837534
chrX:104188154:G>A	6	0.21999541652837534
