mutation_id	myclone_id	myclone_ccf
chr13:40943101:->CG	1	0.3460894795480382
chr12:80811623:C>T	2	1
chr15:75843727:C>T	2	1
chr19:5456205:C>T	2	1
chr22:19356927:C>T	2	1
chr17:3197760:T>C	3	0.1340782684204696
chr6:27133391:G>A	3	0.1340782684204696
chr19:1556585:G>A	4	-1
