mutation_id	myclone_id	myclone_ccf
chr22:32049962:G>A	1	0.2430270335397418
chr3:69118925:TTCGGGGCCTGCGATGGCTTTTTCATCAT>-	1	0.2430270335397418
chr2:166284500:GTCCATTGGGGAGCATGAGGGCTGAGC>-	2	0.47670151990158594
chr7:45677955:C>T	2	0.47670151990158594
chr14:93928944:G>A	3	0.947342041461896
chr19:50666569:C>A	3	0.947342041461896
