mutation_id	myclone_id	myclone_ccf
chr15:50490471:AAGAGGAAGAG>-	1	0.212290502793296
chr2:216482964:C>T	1	0.212290502793296
chr2:218269415:C>T	1	0.212290502793296
chr22:41703338:G>A	2	-1
chr1:26285930:C>T	3	0.0822852589129226
chr1:115727118:G>T	3	0.0822852589129226
chr9:106928362:G>A	3	0.0822852589129226
chr12:25227348:G>T	4	-1
chr21:34097086:G>A	4	-1
chr14:64741361:G>A	5	-1
chr7:29146930:G>C	6	0.31413612565445
chr17:82961094:G>A	7	-1
