mutation_id	myclone_id	myclone_ccf
chr19:6166000:G>T	1	0.1420765027322404
chr12:117278072:C>T	2	0.7404255319148936
chr6:38577631:G>T	2	0.7404255319148936
chr6:159232557:G>A	2	0.7404255319148936
chr12:112488454:G>C	3	0.4472573839662446
chr1:53594648:G>A	4	0.5145868581950467
chr11:124382417:C>T	4	0.5145868581950467
chrX:153421235:CCGCGGCGAGAAGCCCTACG>-	4	0.5145868581950467
chr4:95219179:T>C	4	0.5145868581950467
chr1:156672696:C>A	5	0.6644591611479028
