mutation_id	myclone_id	myclone_ccf
chrX:73845343:A>G	1	0.1250206197202664
chr8:70058701:T>C	2	1.0
chr9:86040754:G>A	2	1.0
chr14:22423023:ACTACTGTGCCTGTGACACC>TCCCTGT	3	0.48752033553415247
chr16:1079751:G>A	3	0.48752033553415247
chr3:38370081:->CAGGGAGG	3	0.48752033553415247
