mutation_id	myclone_id	myclone_ccf
chr7:39464563:TAGA>-	1	0.510204081632653
chr4:182679743:C>T	1	0.510204081632653
chr16:1602587:T>C	2	0.09018759018759
chr11:89191318:C>A	3	0.9490418189129871
chr15:86142049:G>A	3	0.9490418189129871
chr16:3749626:C>T	3	0.9490418189129871
chr19:39173294:C>A	3	0.9490418189129871
chr2:232520653:G>A	3	0.9490418189129871
chr20:51009795:G>A	3	0.9490418189129871
chr22:20996054:G>T	3	0.9490418189129871
chr9:69391713:C>T	3	0.9490418189129871
chr12:112450362:A>T	4	0.2514049097900028
chr2:206005168:C>A	5	0.7661921818548324
chr9:39358513:G>A	5	0.7661921818548324
chr14:51725842:G>A	5	0.7661921818548324
chr4:55097691:C>A	6	0.3179564506235943
chr6:25619548:G>A	7	0.5790641387656311
