mutation_id	myclone_id	myclone_ccf
chr2:90173413:->CGG	1	0.703332892344624
chr2:237371799:C>T	1	0.703332892344624
chr16:55823574:C>T	2	0.5204569866224
chr3:113488969:G>A	3	0.3839083204464166
chr9:27169603:C>T	3	0.3839083204464166
chr18:46477625:G>A	4	0.9217777823101914
chr2:113406870:ATTCA>G	4	0.9217777823101914
chr2:215407247:C>T	4	0.9217777823101914
chr5:37048666:G>C	4	0.9217777823101914
chrX:2854099:A>G	4	0.9217777823101914
chr10:121517346:G>A	5	0.8039588638092379
chr4:23884785:A>T	5	0.8039588638092379
chr11:56093875:G>T	6	0.09253780541757917
chr16:4381327:C>T	6	0.09253780541757917
chr5:150676784:T>C	6	0.09253780541757917
chr6:29101778:A>G	6	0.09253780541757917
chr6:38815606:A>C	6	0.09253780541757917
chr7:124032865:C>G	6	0.09253780541757917
chr8:51861078:C>T	6	0.09253780541757917
chr6:113956679:C>T	6	0.09253780541757917
chrX:27746988:G>T	6	0.09253780541757917
chr6:99400703:G>C	6	0.09253780541757917
chr10:24600828:C>T	7	0.250318228353543
chr11:4545588:G>A	7	0.250318228353543
chr17:75913982:C>A	7	0.250318228353543
chr22:22031441:TATTACTGTCAGACCTGGGGCACTGGCATTCA>CCTGAAC	8	0.653220338983051
