mutation_id	myclone_id	myclone_ccf
chr1:13420964:G>C	1	0.09330284647743321
chr1:173582002:T>G	1	0.09330284647743321
chr10:94031405:G>A	1	0.09330284647743321
chr11:83157613:C>T	1	0.09330284647743321
chr11:118557817:G>A	1	0.09330284647743321
chr14:39293346:G>C	1	0.09330284647743321
chr15:45198937:C>T	1	0.09330284647743321
chr19:52582984:C>G	1	0.09330284647743321
chr2:219552616:G>A	1	0.09330284647743321
chr20:46013691:C>T	1	0.09330284647743321
chr3:32891567:G>A	1	0.09330284647743321
chr6:26508612:G>A	1	0.09330284647743321
chr12:124341960:G>C	2	1
chr14:106714683:->TGCCCCCAACA	2	1
chr19:7612231:G>T	2	1
chr19:56622218:T>G	2	1
chr3:97877762:G>A	2	1
chr8:144516346:C>G	2	1
chr12:52821985:C>G	3	0.8008930049914857
chr14:106714686:->CCCCCC	3	0.8008930049914857
chr17:9022788:G>A	3	0.8008930049914857
chr18:70325184:->A	3	0.8008930049914857
chr2:70088791:G>A	3	0.8008930049914857
chr5:151855168:G>A	3	0.8008930049914857
chr14:106639119:->CTCCCCCAGAGGCAC	4	0.9115039461528764
chr14:106622389:G>A	5	0.5907895947287163
chr14:106627249:TC>GTCATG	6	0.2953947973643581
