mutation_id	myclone_id	myclone_ccf
chr1:153070660:G>A	1	0.6840557063436847
chr11:124543040:G>A	1	0.6840557063436847
chr7:93133909:T>A	1	0.6840557063436847
chr20:32435501:G>A	2	0.812875792614696
chrX:124523421:C>T	2	0.812875792614696
chr12:25245347:C>T	3	0.4210526315789472
chr11:65868313:T>C	3	0.4210526315789472
chr10:71812838:->AG	3	0.4210526315789472
chr11:18744186:C>T	4	0.2303920457046511
chr12:112450395:C>T	4	0.2303920457046511
chr9:81991824:C>T	4	0.2303920457046511
chr1:34904461:G>A	5	0.554641671063658
chr1:159934569:G>A	5	0.554641671063658
chr2:201537459:C>T	5	0.554641671063658
chr14:21092053:G>A	5	0.554641671063658
chr4:2337433:G>A	6	0.875
chr14:69797138:C>T	7	0.36190476190476184
