mutation_id	myclone_id	myclone_ccf
chr12:41573850:C>T	1	0.18845731255592738
chr16:10767178:G>A	1	0.18845731255592738
chr19:4095396:G>A	1	0.18845731255592738
chr1:6125209:G>A	2	1.0
chr10:20868764:G>A	2	1.0
chr12:51379716:G>A	2	1.0
chr16:791940:G>A	2	1.0
chr17:42788384:C>T	2	1.0
chr19:33772255:G>A	2	1.0
chr22:26027639:C>T	2	1.0
chr6:1313365:C>G	2	1.0
chr6:75194928:C>G	2	1.0
chr11:124925034:G>A	3	0.802575750127991
chr17:38820949:C>T	3	0.802575750127991
chr2:89244814:C>T	3	0.802575750127991
chr3:13621816:C>T	3	0.802575750127991
chr7:100100032:G>A	3	0.802575750127991
chr8:117819739:G>C	3	0.802575750127991
chr10:117548087:G>A	4	0.0899715717742902
chr16:67284909:C>T	4	0.0899715717742902
chr3:9371235:G>A	4	0.0899715717742902
chr8:100721514:C>T	4	0.0899715717742902
chr8:141219743:C>T	4	0.0899715717742902
chrX:111247393:G>A	5	-1
