mutation_id	myclone_id	myclone_ccf
chr17:60180563:G>T	1	1.0
chr8:142542227:G>A	1	1.0
chr10:62091597:->CC	2	0.8822262086695729
chr8:143726774:C>G	2	0.8822262086695729
chr18:58919331:G>A	3	0.22763403328957524
chr3:38900027:G>A	3	0.22763403328957524
chrX:71377666:C>T	3	0.22763403328957524
chr12:25245350:C>T	4	0.6737439539779281
chr12:117582320:C>T	4	0.6737439539779281
chr20:42110398:C>A	4	0.6737439539779281
chr4:39465323:G>A	4	0.6737439539779281
chr4:117084491:C>G	4	0.6737439539779281
chr12:104928245:G>A	5	0.13093472446863222
chr17:15328004:T>C	5	0.13093472446863222
chr20:46210405:C>T	5	0.13093472446863222
chr22:32229316:C>A	5	0.13093472446863222
chr6:127475715:G>A	5	0.13093472446863222
chr7:99005255:C>T	5	0.13093472446863222
chrX:124081444:G>A	5	0.13093472446863222
