mutation_id	myclone_id	myclone_ccf
chr15:75289627:A>G	1	0.0305171919689664
chr14:30889756:G>A	2	0.3252751507239211
chr2:238239136:->G	2	0.3252751507239211
chr2:238239138:C>GG	2	0.3252751507239211
chr19:37363034:CATTT>-	3	0.6099733768933061
chr6:88144062:G>A	3	0.6099733768933061
chr7:33367814:C>A	3	0.6099733768933061
chr12:20369334:G>T	4	0.40563528755211453
chr14:68790132:->GCCCCCT	4	0.40563528755211453
chr6:149541422:T>C	4	0.40563528755211453
chr9:135694425:G>A	4	0.40563528755211453
chr14:23042713:T>C	5	1.0
chr8:76705085:A>C	5	1.0
chrX:3317153:C>T	5	1.0
chrX:71128316:T>C	5	1.0
chr7:142715861:->CCG	6	-1
