mutation_id	myclone_id	myclone_ccf
chr1:57015340:G>A	1	0.8106958890122204
chr10:26697803:C>T	1	0.8106958890122204
chr16:68316046:C>A	1	0.8106958890122204
chr2:236581091:T>C	1	0.8106958890122204
chrX:3324522:G>T	1	0.8106958890122204
chr4:157152985:C>T	1	0.8106958890122204
chr12:25245350:C>G	2	0.7061095280451106
chr12:51820657:->GCGG	2	0.7061095280451106
chr19:39502838:C>T	2	0.7061095280451106
chr2:3671179:G>A	2	0.7061095280451106
chr2:38074592:C>T	2	0.7061095280451106
chr1:6645905:G>A	3	1.0
chr1:192659504:A>T	3	1.0
chr12:49554477:G>A	3	1.0
chr12:78122174:G>A	3	1.0
chr13:20983569:C>T	3	1.0
chr18:50729282:C>T	3	1.0
chr2:174572392:G>A	3	1.0
chr2:189565453:C>T	3	1.0
chr5:177994250:C>T	3	1.0
chr8:143791249:C>T	3	1.0
chr12:6592418:G>A	4	0.22104634557587355
chr13:28028203:G>T	4	0.22104634557587355
chr19:7612451:C>T	4	0.22104634557587355
chr6:44282441:C>T	4	0.22104634557587355
chr8:119418139:G>A	4	0.22104634557587355
chr4:157317664:A>G	4	0.22104634557587355
chr19:15053804:C>T	5	0.12083173344661562
chr20:48998482:G>A	5	0.12083173344661562
chrX:78012931:A>C	5	0.12083173344661562
chr16:67611242:CTTATGAAAATGAAGTGTCTAAA>-	5	0.12083173344661562
chr14:106714679:GTGTCTCTCGCACAGT>TCCGCACAGGA	6	0.917279017840156
