mutation_id	myclone_id	myclone_ccf
chr2:209692972:G>A	1	1.0
chr3:169102073:G>A	1	1.0
chr14:88702613:G>A	1	1.0
chr7:132140674:C>T	1	1.0
chr19:54983318:C>T	2	0.46719172530078873
chr9:37955998:G>A	2	0.46719172530078873
chr9:109243645:C>T	2	0.46719172530078873
chr13:28034183:A>G	3	0.1269936752773012
chr16:88726957:A>T	3	0.1269936752773012
chr17:50667706:G>A	3	0.1269936752773012
chr7:29947299:G>A	3	0.1269936752773012
chr10:60080564:A>C	3	0.1269936752773012
chr11:101128435:C>T	4	0.6531886194688931
chr16:27492443:G>A	4	0.6531886194688931
chr1:223803399:C>T	4	0.6531886194688931
chr1:178486723:C>A	4	0.6531886194688931
chr1:34795018:G>A	5	0.3618915455097742
chr1:156845261:A>T	5	0.3618915455097742
chr21:45989768:G>A	6	0.5382909874447037
