mutation_id	myclone_id	myclone_ccf
chr14:49834403:G>A	1	0.6093352010118993
chr17:61961720:G>C	1	0.6093352010118993
chr1:197061956:C>A	2	0.7492501056813997
chr12:105034392:C>A	2	0.7492501056813997
chr2:90100737:->TT	2	0.7492501056813997
chrX:22090465:G>A	3	0.8335530934577224
chrX:102654427:A>G	3	0.8335530934577224
chr17:19413393:G>T	4	0.966135010930342
chr19:4217388:C>T	4	0.966135010930342
chr2:167247112:A>G	4	0.966135010930342
chr22:41177091:A>T	4	0.966135010930342
chr9:135771019:G>A	4	0.966135010930342
chrX:83874313:T>A	4	0.966135010930342
chr19:7126616:G>A	5	0.12584205441523066
chr19:8522730:G>A	5	0.12584205441523066
chr19:23223594:C>G	5	0.12584205441523066
chr3:53808739:C>T	5	0.12584205441523066
chr6:64886697:C>A	5	0.12584205441523066
chr9:94101713:C>T	5	0.12584205441523066
chr5:141209446:T>C	6	-1
chr5:143314029:T>C	6	-1
