mutation_id	myclone_id	myclone_ccf
chr12:908528:G>T	1	0.1984188781017739
chr13:26682733:G>A	1	0.1984188781017739
chr13:28034189:T>G	1	0.1984188781017739
chr17:57974815:C>T	1	0.1984188781017739
chrX:11178167:C>T	1	0.1984188781017739
chr1:216325387:C>A	2	0.3355223785936572
chr1:114716126:C>T	3	0.697660464079334
chrX:32441257:G>T	3	0.697660464079334
chr8:30847460:C>T	3	0.697660464079334
chr12:52772868:G>A	4	1.0
chr12:120363121:C>T	4	1.0
chr15:43024846:C>T	4	1.0
chr15:67421362:A>G	4	1.0
chr16:10180021:C>T	4	1.0
chrX:85103884:G>A	4	1.0
chr6:130827623:C>T	5	0.5409566896850834
chr14:100881500:C>T	6	0.25461700674927457
