mutation_id	myclone_id	myclone_ccf
chr13:23338474:G>C	1	0.0680180818546342
chr11:108257535:G>A	2	0.7637751085068298
chr12:81299366:C>A	2	0.7637751085068298
chr2:178718201:G>C	2	0.7637751085068298
chr5:75616875:G>C	2	0.7637751085068298
chr1:202013943:G>A	3	0.9937010989066829
chr1:228308304:->TCC	3	0.9937010989066829
chr10:71362395:G>C	3	0.9937010989066829
chr10:97679803:C>T	3	0.9937010989066829
chr13:26682904:G>A	3	0.9937010989066829
chr20:10652230:G>T	3	0.9937010989066829
chr20:64098373:C>T	3	0.9937010989066829
chr21:32000738:G>C	3	0.9937010989066829
chr3:157460236:G>C	3	0.9937010989066829
chr7:102196673:G>A	3	0.9937010989066829
chr7:128851583:G>A	3	0.9937010989066829
chr8:123369063:C>T	3	0.9937010989066829
chr14:105986816:G>A	4	-1
chr12:32720759:G>C	5	0.9
