mutation_id	myclone_id	myclone_ccf
chr6:111177407:G>C	1	0.0829306601660594
chr11:6431740:G>A	2	1.0
chrX:109465350:G>C	2	1.0
chr1:37980624:C>G	3	0.8298979076154324
chr1:237783900:C>T	3	0.8298979076154324
chr2:108763666:G>T	3	0.8298979076154324
chr14:106627248:->CCCCCCCC	4	0.5413596760400242
chr14:106639118:->CCCCCCCC	5	-1
