mutation_id	myclone_id	myclone_ccf
chr12:80717334:C>T	1	0.6113883027507979
chr17:76938107:G>A	1	0.6113883027507979
chr19:8086267:G>A	1	0.6113883027507979
chr20:51010295:G>A	1	0.6113883027507979
chr4:1961074:G>A	1	0.6113883027507979
chr11:121145919:T>G	2	0.9643740492895412
chr12:112450406:G>C	2	0.9643740492895412
chr17:40822006:G>A	2	0.9643740492895412
chr18:14752657:G>A	2	0.9643740492895412
chr19:50625282:G>A	2	0.9643740492895412
chr2:98533467:C>T	2	0.9643740492895412
chr3:184292078:G>A	2	0.9643740492895412
chr7:2934478:C>T	2	0.9643740492895412
chr8:17885506:C>T	2	0.9643740492895412
chr8:84862347:G>A	2	0.9643740492895412
chr9:37015100:T>A	2	0.9643740492895412
chr9:116271396:A>G	2	0.9643740492895412
