mutation_id	myclone_id	myclone_ccf
chr9:98782534:G>A	1	0.1763202375658366
chr15:90265776:TTCGCGAC>-	2	0.5976229851041
chr6:56466174:G>A	2	0.5976229851041
chr10:45834019:A>T	3	0.7561243761491088
chr13:102741990:C>G	3	0.7561243761491088
chr19:11030816:C>T	3	0.7561243761491088
chr2:164945606:C>G	3	0.7561243761491088
chr22:44848951:C>T	3	0.7561243761491088
chr6:56526371:C>T	3	0.7561243761491088
chr7:31642812:C>T	3	0.7561243761491088
chr1:27100567:C>G	4	0.8863077303914233
chr14:96240652:C>T	4	0.8863077303914233
chr15:40983776:G>C	4	0.8863077303914233
chr17:47708943:C>T	4	0.8863077303914233
chr19:42926563:C>T	4	0.8863077303914233
chr19:52155963:T>C	4	0.8863077303914233
chr8:68217667:C>T	4	0.8863077303914233
chr9:133479007:T>C	4	0.8863077303914233
chr1:43439899:G>A	5	1.0
chr11:130462253:C>T	5	1.0
chr20:62332436:G>T	5	1.0
chr5:146340333:G>A	5	1.0
chr7:103486276:C>T	5	1.0
chrX:153420711:G>A	6	-1
chr2:88886153:->C	7	-1
