mutation_id	myclone_id	myclone_ccf
chr1:21483279:G>A	1	0.9072611408523482
chr1:209762640:G>A	1	0.9072611408523482
chr19:37892746:C>T	1	0.9072611408523482
chr2:113406872:TCACAG>GGT	1	0.9072611408523482
chr2:159831759:C>T	1	0.9072611408523482
chrX:105906419:G>A	1	0.9072611408523482
chrX:108137883:G>A	1	0.9072611408523482
chr22:32395148:G>A	1	0.9072611408523482
chr13:32427941:G>C	2	0.17417757234993825
chr15:33067527:C>G	2	0.17417757234993825
chr16:67611325:C>T	2	0.17417757234993825
chr18:75063454:C>G	2	0.17417757234993825
chr20:32918496:G>A	2	0.17417757234993825
chr3:138734672:G>A	2	0.17417757234993825
chr4:166754627:C>G	2	0.17417757234993825
chr7:92164979:G>C	2	0.17417757234993825
chr7:137251233:G>C	2	0.17417757234993825
chrX:15822739:G>C	2	0.17417757234993825
chr21:26844294:C>T	2	0.17417757234993825
chr12:81152015:T>G	3	0.7218857834236796
chr12:112453279:G>C	3	0.7218857834236796
chr19:572697:G>T	3	0.7218857834236796
chr3:49727349:C>T	3	0.7218857834236796
chr3:139561027:C>T	3	0.7218857834236796
chr4:125319439:C>T	3	0.7218857834236796
chr6:29101838:G>C	3	0.7218857834236796
chr8:37833135:G>A	3	0.7218857834236796
chr1:201900475:C>T	4	1.0
chr19:23654108:C>G	4	1.0
chr19:45396961:C>T	4	1.0
chr3:49662243:C>T	4	1.0
chr6:24595911:G>C	4	1.0
chrX:101490606:A>G	4	1.0
chr1:119896217:C>T	5	0.1005077981902253
chr10:46010738:G>A	5	0.1005077981902253
chr13:20031410:C>G	5	0.1005077981902253
chr14:37499927:C>G	5	0.1005077981902253
chr15:23006277:G>A	5	0.1005077981902253
chr16:58280388:C>G	5	0.1005077981902253
chr19:49101452:A>G	5	0.1005077981902253
chr2:3388189:G>A	5	0.1005077981902253
chr2:27485085:C>G	5	0.1005077981902253
chr20:2493862:G>A	5	0.1005077981902253
chr20:53953494:C>T	5	0.1005077981902253
chr3:3043034:G>A	5	0.1005077981902253
chrX:108736202:G>A	5	0.1005077981902253
chr22:22162681:->TGCC	6	-1
