mutation_id	myclone_id	myclone_ccf
chr17:39792727:C>T	1	1
chr7:100682220:G>A	1	1
chr5:140807896:G>A	2	0.6382090364091982
chr19:16185703:C>T	3	0.1509606069138286
chr1:111727735:G>A	4	0.4752628358690903
chr14:50118723:G>A	4	0.4752628358690903
chr9:87706459:C>T	4	0.4752628358690903
chr17:53823126:C>T	5	0.2998437520707284
chr2:188984858:G>A	5	0.2998437520707284
chr8:30132744:C>A	5	0.2998437520707284
chr8:47898471:G>A	5	0.2998437520707284
