mutation_id	myclone_id	myclone_ccf
chr12:85015901:A>T	1	0.256467802566014
chr2:97091542:G>A	1	0.256467802566014
chr19:21971614:G>T	2	0.093200508700097
chr16:87333885:C>A	3	1.0
chr3:128485916:G>A	3	1.0
chr10:106607187:C>A	4	0.8047285546503786
chr11:95050656:C>T	4	0.8047285546503786
