mutation_id	myclone_id	myclone_ccf
chr13:25699275:G>A	1	0.0868486309667704
chr9:12695648:T>G	2	0.2945773091108278
chr11:4914952:C>A	3	0.9999999999999999
chr11:60466152:T>C	3	0.9999999999999999
chr12:67304640:->GGCC	3	0.9999999999999999
chr17:7387064:C>T	3	0.9999999999999999
chr5:24535730:G>C	3	0.9999999999999999
chr8:143726668:C>T	3	0.9999999999999999
chr9:135119806:C>T	3	0.9999999999999999
chr1:74204604:C>T	4	0.8493253601725537
chr1:152303046:C>T	4	0.8493253601725537
chr14:106802685:CACTGTGTGTCT>TGTG	4	0.8493253601725537
chr15:23646089:G>T	4	0.8493253601725537
chr2:89937679:TCCCAC>CAGGG	4	0.8493253601725537
chr3:38604025:C>T	4	0.8493253601725537
chr6:28504485:G>A	4	0.8493253601725537
chr7:108052173:A>G	4	0.8493253601725537
