mutation_id	myclone_id	myclone_ccf
chr1:27006652:G>T	1	0.1682381822519305
chr12:131910793:C>T	1	0.1682381822519305
chr2:225582695:C>T	2	0.4791439938563007
chr3:51237498:C>T	2	0.4791439938563007
chr3:65448054:C>T	2	0.4791439938563007
chr19:51334270:G>A	3	0.7255251950907023
chr2:185806281:G>T	3	0.7255251950907023
chr7:142220278:C>T	3	0.7255251950907023
chr5:32090663:C>T	3	0.7255251950907023
chr6:24797705:G>A	3	0.7255251950907023
chr6:54138237:C>T	3	0.7255251950907023
chr8:50792677:G>A	3	0.7255251950907023
chr9:37729838:G>A	3	0.7255251950907023
chrX:51408336:G>A	4	-1
chr14:32735835:G>A	5	0.5457712765039173
chr14:37267019:C>T	5	0.5457712765039173
chr17:10306576:C>T	5	0.5457712765039173
chr17:40928294:C>T	5	0.5457712765039173
chr5:147901629:G>A	5	0.5457712765039173
chr6:34036324:C>T	5	0.5457712765039173
chrX:2855001:C>T	6	-1
chrX:123428077:G>A	6	-1
chr4:105552898:G>A	7	0.2718697719647131
chr4:146867578:C>T	7	0.2718697719647131
chr9:39088494:C>T	7	0.2718697719647131
chr17:16948963:C>T	8	0.3721007562654731
chr18:50261176:C>T	8	0.3721007562654731
