mutation_id	myclone_id	myclone_ccf
chr2:240775881:C>T	1	0.0806679041452864
chr14:49683662:G>A	1	0.0806679041452864
chr15:32969211:G>C	2	0.1611747945098438
chr1:147275445:G>C	2	0.1611747945098438
chr14:74921305:G>A	2	0.1611747945098438
chr17:40398875:G>A	2	0.1611747945098438
chr18:12718586:G>T	2	0.1611747945098438
chr8:1928495:C>A	2	0.1611747945098438
chr14:23416134:C>T	2	0.1611747945098438
chr14:74357654:G>A	2	0.1611747945098438
chr17:80273271:C>T	2	0.1611747945098438
chr8:109973999:C>T	2	0.1611747945098438
chr10:73792751:G>A	3	0.8880169238181197
chr11:56462723:G>A	3	0.8880169238181197
chr11:124030403:C>T	3	0.8880169238181197
chr12:52899939:G>A	3	0.8880169238181197
chr16:70943913:G>A	3	0.8880169238181197
chr2:118994429:C>T	3	0.8880169238181197
chr7:38317017:C>AGAAGGGGGGAGA	3	0.8880169238181197
chr9:130428462:C>T	3	0.8880169238181197
chr11:15200892:G>A	4	0.6781693216413267
chr12:64127691:C>T	4	0.6781693216413267
chr19:3589858:C>T	4	0.6781693216413267
chr2:25750302:->GGTGCCCCCC	4	0.6781693216413267
chr2:178535103:C>G	4	0.6781693216413267
chr2:206969348:C>T	4	0.6781693216413267
chr3:149129834:G>C	4	0.6781693216413267
chr7:83394310:A>C	4	0.6781693216413267
chrX:70682686:C>G	4	0.6781693216413267
chr17:17814401:C>T	5	-1
chr2:90005629:TCA>CTGAAC	6	-1
chr1:152314601:C>T	7	0.6261331513003534
