mutation_id	myclone_id	myclone_ccf
chr20:31484270:G>A	1	1
chr1:114716126:C>G	2	0.8672646980699737
chr2:90221376:->TTCCC	2	0.8672646980699737
chr20:63565606:G>A	2	0.8672646980699737
chr13:101378595:C>A	3	0.4334551548180905
chr15:23442016:T>C	3	0.4334551548180905
chr13:40799227:G>A	4	0.2248642524558906
chrX:143509028:T>A	4	0.2248642524558906
chr1:39661141:C>T	5	0.09032213376621889
chr19:17245079:C>A	5	0.09032213376621889
chrX:54811053:G>A	6	0.2925680985134457
chr10:117197591:C>G	7	0.1516649433776464
chrX:54333419:C>G	7	0.1516649433776464
