mutation_id	myclone_id	myclone_ccf
chr10:47478395:C>T	1	0.8568281938325991
chr16:87398826:G>T	1	0.8568281938325991
chr12:55365839:G>C	2	0.12264585508349586
chr12:130436945:G>A	2	0.12264585508349586
chr15:64674065:G>C	2	0.12264585508349586
chr16:1656790:G>A	2	0.12264585508349586
chr19:19277039:C>T	2	0.12264585508349586
chr2:228018365:G>C	2	0.12264585508349586
chr3:45011295:G>A	2	0.12264585508349586
chr3:51947806:G>C	2	0.12264585508349586
chr3:114001630:C>T	2	0.12264585508349586
chr4:22388545:G>A	2	0.12264585508349586
chr4:75012621:C>T	2	0.12264585508349586
chr5:113101804:C>A	2	0.12264585508349586
chr7:80217338:C>T	2	0.12264585508349586
chr8:22511159:C>G	2	0.12264585508349586
chr9:137218030:G>A	2	0.12264585508349586
chrX:150736727:G>A	2	0.12264585508349586
chr4:148435452:G>C	3	-1
