mutation_id	myclone_id	myclone_ccf
chr1:33724640:C>T	1	0.9062580284414622
chr15:84622642:C>T	1	0.9062580284414622
chr2:159748019:T>C	1	0.9062580284414622
chr15:47764747:G>A	2	0.5722664741920792
chr2:206707340:C>T	2	0.5722664741920792
chr3:126989167:G>A	2	0.5722664741920792
chr12:112489048:C>A	3	0.7425061700455612
chr15:82663887:C>T	3	0.7425061700455612
chr2:26577573:C>T	3	0.7425061700455612
chr7:103574204:C>T	3	0.7425061700455612
chr17:28495789:G>A	3	0.7425061700455612
chr17:42111309:G>A	3	0.7425061700455612
chr6:40432724:G>A	3	0.7425061700455612
chr6:56608731:T>A	4	0.5081967213114753
