mutation_id	myclone_id	myclone_ccf
chr11:117999411:G>C	1	0.27526265832077235
chr12:120655867:G>C	1	0.27526265832077235
chr17:36953113:G>C	1	0.27526265832077235
chr17:82324628:G>A	1	0.27526265832077235
chr3:37298892:G>C	1	0.27526265832077235
chr6:36302336:T>A	1	0.27526265832077235
chr6:143284207:C>G	1	0.27526265832077235
chr8:50530200:G>A	1	0.27526265832077235
chr11:6456645:C>G	2	0.7008779875834484
chr11:32428043:G>A	2	0.7008779875834484
chr3:132659663:T>-	2	0.7008779875834484
chr4:186621694:G>A	2	0.7008779875834484
chr8:56963911:T>C	2	0.7008779875834484
chr12:132856467:C>T	3	0.9999999999999997
chr2:31373955:T>G	3	0.9999999999999997
chr2:120978454:C>G	3	0.9999999999999997
chr22:30379759:A>C	3	0.9999999999999997
chr22:50517598:G>A	3	0.9999999999999997
chr7:86839339:G>C	3	0.9999999999999997
chr8:118110220:C>T	3	0.9999999999999997
chr1:74183508:G>T	4	0.8179598932172092
chr16:69120205:G>A	4	0.8179598932172092
chr19:55593418:C>T	4	0.8179598932172092
chr22:50604570:C>T	4	0.8179598932172092
chr1:11934840:G>A	5	0.19130982457808632
chr11:4848317:G>A	5	0.19130982457808632
chr11:18706915:C>T	5	0.19130982457808632
chr12:96693731:C>G	5	0.19130982457808632
chr12:118151149:C>G	5	0.19130982457808632
chr15:40206347:C>G	5	0.19130982457808632
chr19:5592886:G>A	5	0.19130982457808632
chr3:138472845:C>T	5	0.19130982457808632
chr3:139578981:G>C	5	0.19130982457808632
chr6:145894221:C>G	5	0.19130982457808632
chr9:110407996:G>A	5	0.19130982457808632
chrX:50602722:C>G	5	0.19130982457808632
chrX:148662029:C>T	5	0.19130982457808632
chr1:214644986:G>C	6	0.11741544966314647
chr11:36593232:G>A	6	0.11741544966314647
chr12:131921141:G>C	6	0.11741544966314647
chr13:57634087:C>T	6	0.11741544966314647
chr15:51377490:C>G	6	0.11741544966314647
chr16:86554735:C>T	6	0.11741544966314647
chr2:140776216:G>T	6	0.11741544966314647
chr3:101821649:C>T	6	0.11741544966314647
chr3:122284339:G>C	6	0.11741544966314647
chr3:148886127:C>T	6	0.11741544966314647
chr4:72032123:G>C	6	0.11741544966314647
chr5:141361765:G>A	6	0.11741544966314647
chr6:75183437:C>T	6	0.11741544966314647
chrX:135908601:G>A	6	0.11741544966314647
