mutation_id	myclone_id	myclone_ccf
chr19:50232069:C>T	1	0.073569167382609
chr10:88814582:C>A	2	0.7266791890705735
chr16:19172774:C>T	2	0.7266791890705735
chr2:214945073:G>A	2	0.7266791890705735
chr5:141122253:G>C	2	0.7266791890705735
chr8:120216376:G>C	2	0.7266791890705735
chr11:105034367:C>T	2	0.7266791890705735
chr4:186196957:G>A	2	0.7266791890705735
chr19:50656312:C>T	3	0.4364877992512488
chr22:22031472:A>GGCCCTCC	3	0.4364877992512488
chr21:44638111:C>T	4	0.26977718763251923
chr4:65601972:C>T	4	0.26977718763251923
chr13:101722904:G>A	5	0.8412985898975526
chr18:49575467:C>T	5	0.8412985898975526
chr2:233458391:C>T	5	0.8412985898975526
chr22:41813760:G>A	5	0.8412985898975526
chr8:51409054:G>A	5	0.8412985898975526
chr9:113043803:T>C	5	0.8412985898975526
chr11:113410918:C>T	5	0.8412985898975526
chr13:109127393:G>T	6	0.9357651046558166
chr2:240946125:G>C	6	0.9357651046558166
chr7:127589585:G>A	6	0.9357651046558166
chr9:95449168:G>A	6	0.9357651046558166
chrX:103309637:C>A	6	0.9357651046558166
chr11:55839181:G>A	7	1
chr19:40513160:G>A	7	1
chr2:240719071:G>A	7	1
chr17:16070167:TCAGAAGTTCTGTTCATCATGGG>-	8	0.5327248607070362
