mutation_id	myclone_id	myclone_ccf
chr1:247588905:C>T	1	1
chr19:54070049:C>T	2	0.18888233570895097
chr4:67827403:T>C	2	0.18888233570895097
chr4:127744690:G>A	2	0.18888233570895097
chr9:35560704:A>G	2	0.18888233570895097
chr14:91621665:A>G	3	0.7529497264021888
chrX:86651134:G>A	4	-1
