mutation_id	myclone_id	myclone_ccf
chr13:25540326:C>T	1	0.30059815309075055
chr15:20534721:C>T	1	0.30059815309075055
chr16:71950225:G>C	1	0.30059815309075055
chr19:5144083:C>T	1	0.30059815309075055
chr3:94050865:G>A	1	0.30059815309075055
chr4:80202897:G>A	1	0.30059815309075055
chr4:123028213:G>C	1	0.30059815309075055
chr7:101198199:C>T	1	0.30059815309075055
chr9:27950458:C>T	1	0.30059815309075055
chr1:197060927:G>A	2	0.884020956654955
chr1:240806176:C>T	2	0.884020956654955
chr14:75783164:G>A	2	0.884020956654955
chr2:21137951:C>G	2	0.884020956654955
chr2:21140232:C>T	2	0.884020956654955
chr2:99333207:C>T	2	0.884020956654955
chr20:46726965:C>G	2	0.884020956654955
chr7:98307832:C>T	2	0.884020956654955
chr8:108784627:C>T	2	0.884020956654955
chr1:29275698:C>T	3	0.5230909363674675
chr1:147908144:C>T	3	0.5230909363674675
chr10:92008853:C>A	3	0.5230909363674675
chr11:64765499:CGCCGCCG>-	3	0.5230909363674675
chr14:106657717:ACTGTGTCTCTC>TTCCGGGG	3	0.5230909363674675
chr16:67238271:C>G	3	0.5230909363674675
chr19:42729920:G>T	3	0.5230909363674675
chr19:54727632:T>G	3	0.5230909363674675
chr5:40716360:C>T	3	0.5230909363674675
chr6:32859454:C>T	3	0.5230909363674675
chr7:22150496:C>G	3	0.5230909363674675
chr9:122526864:C>T	3	0.5230909363674675
chr1:119623667:C>T	4	0.38483632631106296
chr1:219211571:G>C	4	0.38483632631106296
chr12:25209894:G>C	4	0.38483632631106296
chr12:26064951:C>G	4	0.38483632631106296
chr12:47236333:C>T	4	0.38483632631106296
chr12:121027776:G>C	4	0.38483632631106296
chr2:28640959:C>G	4	0.38483632631106296
chr2:241814532:G>A	4	0.38483632631106296
chr3:64604285:G>A	4	0.38483632631106296
chr5:53067205:C>G	4	0.38483632631106296
chr6:132553209:G>A	4	0.38483632631106296
chr7:86897562:G>A	4	0.38483632631106296
chr8:88118727:C>T	4	0.38483632631106296
chr1:205269031:G>A	5	1.0
chr11:6768160:G>T	5	1.0
chr19:45011980:G>A	5	1.0
chr2:21138951:C>G	5	1.0
chr2:21139857:C>G	5	1.0
chr2:21140658:C>T	5	1.0
chr4:57030381:C>A	5	1.0
chr7:8086511:C>G	5	1.0
chr7:151019037:C>T	5	1.0
chr8:55966843:G>A	5	1.0
chr8:130990443:G>A	5	1.0
chrX:49227067:C>G	5	1.0
chr16:29779571:C>T	6	0.12772095151998086
chr2:185805036:G>A	6	0.12772095151998086
chr3:119557631:G>A	6	0.12772095151998086
chrX:51901748:G>A	7	0.5955695247240227
chrX:52812610:G>A	7	0.5955695247240227
chr12:433279:C>T	8	0.06687148613680118
