mutation_id	myclone_id	myclone_ccf
chr4:39446576:G>A	1	0.4577452673393484
chr6:158506596:A>G	1	0.4577452673393484
chr10:133555661:C>A	2	0.0699870172312238
chr7:50382650:T>CC	3	0.677040182734139
chr12:121954147:->CC	4	0.2977629460382978
chr1:241958526:G>A	5	1
chr3:126414198:C>T	5	1
chr7:50382648:->C	5	1
chr1:98691601:C>T	6	0.8514466366834453
chr1:245609493:G>A	6	0.8514466366834453
chr3:15256883:C>T	6	0.8514466366834453
chr14:106506997:->G	7	-1
chrX:72139704:C>T	7	-1
