mutation_id	myclone_id	myclone_ccf
chr14:29597649:C>A	1	0.6177244033030365
chr2:27207555:G>A	1	0.6177244033030365
chr3:158596914:G>A	1	0.6177244033030365
chr4:5856261:G>A	1	0.6177244033030365
chr6:127813007:C>T	1	0.6177244033030365
chr6:128078815:G>A	1	0.6177244033030365
chr6:161350131:C>G	1	0.6177244033030365
chr10:60186737:G>A	2	0.7828908938503264
chr10:111079044:C>T	2	0.7828908938503264
chr11:56463173:G>A	2	0.7828908938503264
chr12:25245347:C>T	2	0.7828908938503264
chr14:20295828:C>T	2	0.7828908938503264
chr17:72124025:G>A	2	0.7828908938503264
chr4:54100781:C>T	2	0.7828908938503264
chr4:54290418:G>A	2	0.7828908938503264
chr4:182792301:C>T	2	0.7828908938503264
chr7:100991030:C>T	2	0.7828908938503264
chr8:3406174:G>A	2	0.7828908938503264
chr8:29071825:C>T	2	0.7828908938503264
chr11:90202412:G>A	3	0.9602330991911544
chr12:64836534:C>T	3	0.9602330991911544
chr15:91916392:G>T	3	0.9602330991911544
chr17:19415767:C>T	3	0.9602330991911544
chr19:7862990:G>A	3	0.9602330991911544
chr22:39964519:G>A	3	0.9602330991911544
chr7:89333588:G>A	3	0.9602330991911544
chrX:9894408:G>A	4	-1
