mutation_id	myclone_id	myclone_ccf
chr2:88861912:CCGAACGTCCACCACAGTGAGAGCT>A	1	0.401889321792093
chr1:9715849:G>A	2	0.25656457957379697
chr18:14851903:T>C	2	0.25656457957379697
chr11:56462671:G>A	3	0.45617832912240863
chr15:41854057:C>T	3	0.45617832912240863
chr2:48963505:C>A	3	0.45617832912240863
chr4:182600926:C>A	3	0.45617832912240863
chr5:151531627:G>A	3	0.45617832912240863
chr9:125153574:G>A	3	0.45617832912240863
chr12:25245347:C>T	4	0.26671066025141954
chr13:113075003:C>T	4	0.26671066025141954
chr19:38831120:G>A	4	0.26671066025141954
chr2:149000420:C>A	4	0.26671066025141954
chr5:141393683:G>A	4	0.26671066025141954
chrX:152701583:G>A	4	0.26671066025141954
