mutation_id	myclone_id	myclone_ccf
chr1:1804503:C>T	1	0.09566806999322311
chr8:7361150:T>A	1	0.09566806999322311
chr11:125077232:C>A	2	0.8502484281694327
chr18:63484506:C>A	2	0.8502484281694327
chr1:1939765:G>T	3	0.17969583286521734
chr1:23193560:G>T	3	0.17969583286521734
chr1:114709583:C>T	3	0.17969583286521734
chr11:74225238:C>T	3	0.17969583286521734
chr12:25227342:T>G	3	0.17969583286521734
chr12:25245351:C>T	3	0.17969583286521734
chr3:48568803:C>T	3	0.17969583286521734
chr8:143867016:A>T	3	0.17969583286521734
chr19:50323201:C>T	4	0.3979974968710888
chr4:186706688:G>A	5	1
chr14:106657728:CG>-	6	-1
chrX:76430260:G>A	7	-1
chrX:120875112:G>C	8	-1
