mutation_id	myclone_id	myclone_ccf
chr1:100992720:G>A	1	0.104299411945933
chr11:122905199:C>T	2	0.9127902784026423
chr16:49637553:G>A	2	0.9127902784026423
chr20:33679792:G>A	3	0.7680386929506992
chr4:61517455:C>-	3	0.7680386929506992
chr5:158712309:AC>GAACCCCTGTAGCCCTCA	4	0.03371096463989587
chr17:50571911:C>T	5	0.04449600320374558
chr2:178590910:G>A	5	0.04449600320374558
chr5:141245947:G>T	5	0.04449600320374558
chrX:72139827:C>A	5	0.04449600320374558
chr21:31998824:C>T	6	0.9998334449617907
chr8:85439854:C>T	6	0.9998334449617907
