mutation_id	myclone_id	myclone_ccf
chr5:139813352:G>A	1	1.0
chr13:28034154:A>C	2	0.082375478927203
chr9:37537217:G>A	3	0.508896329189468
chr18:74635606:C>T	3	0.508896329189468
chr1:114716123:C>T	4	0.329223112004026
chr3:49658060:G>A	4	0.329223112004026
chr17:11932077:T>G	4	0.329223112004026
chr12:112450395:C>T	5	0.23970544842292218
chr19:40583666:C>G	5	0.23970544842292218
chr19:53407782:G>T	5	0.23970544842292218
chr21:21477424:C>T	6	-0.1282556626136362
