mutation_id	myclone_id	myclone_ccf
chr12:102917119:C>T	1	0.184141135301381
chr11:64735623:C>T	2	0.9999999999999997
chr17:81550597:C>A	2	0.9999999999999997
chr18:65814549:A>T	2	0.9999999999999997
chr19:8908616:G>A	2	0.9999999999999997
chr19:52451425:G>A	2	0.9999999999999997
chr2:27443169:C>T	2	0.9999999999999997
chr4:154490316:C>G	2	0.9999999999999997
chr6:33801153:C>T	2	0.9999999999999997
chr6:56604416:A>C	2	0.9999999999999997
chr8:13567086:T>C	2	0.9999999999999997
chr9:106925339:C>T	2	0.9999999999999997
chr11:89912041:C>T	3	0.7020031605536657
chr11:114705931:T>-	3	0.7020031605536657
chr8:36815686:AAGT>-	3	0.7020031605536657
chr2:89885213:CTC>TCGGG	4	-1
