mutation_id	myclone_id	myclone_ccf
chr19:6586303:C>T	1	0.9795703804553362
chrX:103077736:C>T	1	0.9795703804553362
chr1:237648594:C>T	2	0.1287874581083141
chr15:75688794:C>T	2	0.1287874581083141
chr12:25245351:C>T	3	0.6037593136777956
chr13:23336254:G>A	3	0.6037593136777956
chr14:63317657:C>T	3	0.6037593136777956
chr14:106714684:->GCCCTAGG	3	0.6037593136777956
chr19:8087133:G>A	3	0.6037593136777956
chr2:190659678:G>A	3	0.6037593136777956
chr4:186636029:G>A	3	0.6037593136777956
chr1:162579507:G>A	4	0.45638846919351217
chr13:95074305:C>G	4	0.45638846919351217
chr14:80504954:G>A	4	0.45638846919351217
chr17:19019851:G>A	4	0.45638846919351217
chr19:23145554:G>A	4	0.45638846919351217
chr2:67397626:G>C	4	0.45638846919351217
chr3:154122340:C>T	4	0.45638846919351217
chr6:83196195:G>C	4	0.45638846919351217
chr6:117341186:C>T	4	0.45638846919351217
chr7:132489388:G>A	4	0.45638846919351217
chr1:18839695:G>A	5	0.7847544322705725
chr6:41930205:G>C	5	0.7847544322705725
chr6:99550298:C>A	5	0.7847544322705725
