mutation_id	myclone_id	myclone_ccf
chr1:181798377:T>C	1	0.8014178118938138
chr1:243563739:G>A	1	0.8014178118938138
chr7:74777326:C>T	1	0.8014178118938138
chr8:14237607:C>T	1	0.8014178118938138
chr1:201853024:G>T	2	0.5830187571121672
chr10:29289149:C>T	2	0.5830187571121672
chrX:305169:C>A	2	0.5830187571121672
chr11:7672792:G>T	3	0.27720961268436506
chr2:197398496:C>A	3	0.27720961268436506
chr2:209994164:G>A	3	0.27720961268436506
chr1:202123289:C>A	4	0.4701038411384096
chr5:35874500:T>G	4	0.4701038411384096
chr9:87887861:C>A	4	0.4701038411384096
chr10:117267689:A>G	5	0.8915171461435365
chr14:55350490:A>C	5	0.8915171461435365
chr16:47593526:T>C	5	0.8915171461435365
chr8:22127060:G>A	5	0.8915171461435365
chrX:45083506:->GTGTCGGCCCCCTGAGA	5	0.8915171461435365
chr1:74439594:C>A	6	0.38166792370649305
chr16:2110692:C>T	6	0.38166792370649305
chr17:17477224:G>T	6	0.38166792370649305
chr9:136940973:->A	6	0.38166792370649305
chr19:43198186:G>A	7	1.0
chr4:9782426:G>A	7	1.0
chr6:152416825:G>T	7	1.0
chr9:113423365:G>A	7	1.0
chr12:52548779:G>A	8	0.08324751553998741
chr17:81529111:C>A	8	0.08324751553998741
chr9:18776909:G>C	8	0.08324751553998741
