mutation_id	myclone_id	myclone_ccf
chr6:41936007:->G	1	0.3139767285381322
chr15:63677916:C>T	2	0.46693898841429926
chr2:15218910:C>A	2	0.46693898841429926
chr1:248521682:T>C	3	1.0
chr12:55698398:G>A	3	1.0
chr14:64260647:C>T	3	1.0
chr4:37447119:T>C	3	1.0
chr3:156120875:C>T	4	0.1221371842960939
chr8:144058678:C>T	4	0.1221371842960939
chr12:12164396:T>C	5	-1
