mutation_id	myclone_id	myclone_ccf
chr15:75932865:A>G	1	1.0
chr1:1804502:C>A	2	0.7212199165219544
chr18:76379318:C>T	2	0.7212199165219544
chrX:152364433:G>A	3	-1
