mutation_id	myclone_id	myclone_ccf
chr14:106639119:TCTCTC>CCTTCCTCAAA	1	0.1523752076069928
chr5:83553433:G>A	1	0.1523752076069928
chr6:29440203:G>A	1	0.1523752076069928
chr3:119811601:C>T	2	0.608096874084672
chr17:8758363:C>T	3	0.5073768949402128
chr1:205304229:G>A	4	1.0
chr11:28097841:A>G	4	1.0
chr11:108140082:T>A	4	1.0
chr12:39579574:T>A	4	1.0
chr13:20083738:A>T	4	1.0
chr17:82961078:G>C	4	1.0
chr3:64622276:T>A	4	1.0
chr5:178225399:C>T	4	1.0
chr6:166158483:G>A	4	1.0
chr1:160181801:C>T	5	0.07615789925883608
chr10:116681844:C>T	5	0.07615789925883608
chr16:67876099:C>T	5	0.07615789925883608
chr2:227297832:G>T	5	0.07615789925883608
chr5:35084604:G>C	5	0.07615789925883608
