mutation_id	myclone_id	myclone_ccf
chr1:52337890:C>T	1	1.0
chr1:223394100:G>A	1	1.0
chr14:69500580:G>A	1	1.0
chr16:75529266:G>A	1	1.0
chr2:112331715:G>T	1	1.0
chr6:119024602:T>A	1	1.0
chr7:78135088:G>A	1	1.0
chr7:101058002:G>A	1	1.0
chr11:126264519:C>T	2	0.1049606764258997
chr13:52846805:G>T	2	0.1049606764258997
chr18:31760430:G>A	2	0.1049606764258997
chr7:117810874:G>A	2	0.1049606764258997
chrX:21657683:C>G	3	-1
