mutation_id	myclone_id	myclone_ccf
chr1:176739694:C>T	1	0.5920711014808626
chr11:7000699:C>A	1	0.5920711014808626
chr19:17726597:G>A	2	0.31149919276357074
chr8:12427728:C>T	2	0.31149919276357074
chr1:147908499:C>T	2	0.31149919276357074
chr5:73832372:G>A	2	0.31149919276357074
chr14:106639100:CTCACCTCCCCTCACTGTGT>ATGGCCTCCCCTCACTGTGTCTCC	2	0.31149919276357074
chr6:142078790:G>A	2	0.31149919276357074
chr1:160950088:C>A	3	1.0
chr1:166846650:C>T	3	1.0
chr22:41168462:C>G	3	1.0
chr9:21217097:T>A	3	1.0
chr9:98773978:G>A	3	1.0
chr1:183542294:T>C	4	0.8668340585639412
chr11:68018541:G>A	4	0.8668340585639412
chr13:28034138:A>G	4	0.8668340585639412
chr19:48334138:->CGATAAGCC	4	0.8668340585639412
chr20:62197965:C>T	4	0.8668340585639412
chr5:90679626:C>T	4	0.8668340585639412
chr9:32631850:G>A	4	0.8668340585639412
chr14:106062148:GTCT>TCTGTAGGGGGCTTCCGC	5	0.2279434926174214
