mutation_id	myclone_id	myclone_ccf
chr17:11241841:G>A	1	0.1702626960206132
chr1:20314422:C>G	2	0.39651083590646286
chr1:196826925:G>T	2	0.39651083590646286
chr10:63206946:C>T	2	0.39651083590646286
chr12:25245347:C>T	2	0.39651083590646286
chr8:76706096:C>G	2	0.39651083590646286
chr22:22031470:TCA>CGGG	3	0.7539366648981725
chr4:186709627:C>T	3	0.7539366648981725
chr1:53069868:C>T	4	1.0
chr1:219987214:G>C	4	1.0
chr14:24373818:C>T	4	1.0
chr16:273529:G>T	4	1.0
chr16:661359:G>T	4	1.0
chr3:9914507:A>G	4	1.0
chr7:75986468:A>T	4	1.0
chr8:8702639:C>T	4	1.0
chr14:106714682:TCTCTCGCACAGTAATA>AAGG	5	-1
chr14:106592666:CCTCACTGTGTCTCTCGCACAGTAATACACGGCCGT>-	6	-1
