mutation_id	myclone_id	myclone_ccf
chr11:551675:G>A	1	0.1193613513060102
chr16:1911880:C>T	2	0.4088898688046463
chr7:45084385:C>A	2	0.4088898688046463
chr1:114716127:C>T	3	1.0
chr1:114716128:T>G	3	1.0
chr13:95622396:G>A	3	1.0
chr2:1438844:G>A	3	1.0
chr5:141352214:G>A	3	1.0
