mutation_id	myclone_id	myclone_ccf
chr19:36060006:A>C	1	0.6322397651171608
chr5:61543831:G>C	1	0.6322397651171608
chr7:44112567:G>C	1	0.6322397651171608
chr1:183636168:G>T	2	0.973246808183392
chr12:51365559:C>G	2	0.973246808183392
chr20:32825947:C>G	2	0.973246808183392
chr4:186639779:G>C	2	0.973246808183392
