mutation_id	myclone_id	myclone_ccf
chr12:64097328:->C	1	0.33613242947108907
chr16:1911752:G>A	1	0.33613242947108907
chr22:39646815:G>C	1	0.33613242947108907
chr7:16301440:C>T	1	0.33613242947108907
chr1:3480478:G>A	2	0.19980658707953636
chr11:65572724:G>A	2	0.19980658707953636
chr12:26982834:G>A	2	0.19980658707953636
chr12:71583844:G>A	2	0.19980658707953636
chr17:50076652:C>A	2	0.19980658707953636
chr22:41170484:G>C	2	0.19980658707953636
chr6:3849814:G>A	2	0.19980658707953636
chr9:107003381:G>A	2	0.19980658707953636
chr14:64053154:C>T	3	0.7020532365470815
chr14:88792464:C>G	3	0.7020532365470815
chr3:113658165:C>T	3	0.7020532365470815
chr3:141608654:C>T	3	0.7020532365470815
chr6:134028398:G>C	3	0.7020532365470815
chr1:169106902:C>G	4	0.8818901169986095
chr12:20815803:G>C	4	0.8818901169986095
chr12:69676991:G>A	4	0.8818901169986095
chr17:49611391:C>T	4	0.8818901169986095
chr19:1127758:G>T	4	0.8818901169986095
chr2:36966437:G>C	4	0.8818901169986095
chr22:41169525:G>A	4	0.8818901169986095
chr3:113656582:C>T	4	0.8818901169986095
chr3:113656853:C>G	4	0.8818901169986095
chr6:592482:C>T	4	0.8818901169986095
