mutation_id	myclone_id	myclone_ccf
chr13:113087758:G>A	1	0.7506262210727638
chr3:155138143:A>G	2	0.507960302762937
chr10:133186102:C>T	3	1
chr7:7238374:C>T	3	1
chr2:113406870:ATTCA>GC	4	0.28478431732695214
chr21:29329595:G>C	4	0.28478431732695214
chrX:17721625:A>G	4	0.28478431732695214
chr1:153968550:C>T	5	0.11754262845472352
chr13:108208839:G>C	5	0.11754262845472352
chr15:23645724:C>T	5	0.11754262845472352
chr2:209653303:G>A	5	0.11754262845472352
chr6:97272836:A>T	5	0.11754262845472352
chr1:246902534:C>T	6	0.3886779675153548
chr14:106335084:T>CCGG	7	-1
