mutation_id	myclone_id	myclone_ccf
chr11:128970506:G>A	1	0.9318759532282666
chr7:94420624:C>T	1	0.9318759532282666
chr22:30555726:C>T	2	1
chr12:23604475:C>T	3	0.22113118673239912
chr12:119690426:A>G	3	0.22113118673239912
chr3:47120740:T>C	3	0.22113118673239912
chr6:151808334:T>C	3	0.22113118673239912
chr17:63873216:C>T	3	0.22113118673239912
chr4:17512009:A>G	3	0.22113118673239912
chr1:114716123:C>T	4	0.6067048656640233
chr1:156658721:G>T	4	0.6067048656640233
chr1:166849261:->A	4	0.6067048656640233
chr10:93014234:T>A	4	0.6067048656640233
chr11:118755481:A>G	4	0.6067048656640233
chr12:49041006:AA>-	4	0.6067048656640233
chr15:61878743:G>A	4	0.6067048656640233
chr16:3736762:A>T	4	0.6067048656640233
chr16:68255951:->G	4	0.6067048656640233
chr19:19186925:G>A	4	0.6067048656640233
chr19:33772082:G>A	4	0.6067048656640233
chr2:151513622:C>T	4	0.6067048656640233
chr2:177552247:C>T	4	0.6067048656640233
chr3:98469941:G>A	4	0.6067048656640233
chr6:151366587:C>T	4	0.6067048656640233
chr8:67296530:A>G	4	0.6067048656640233
chr11:31647746:A>C	5	0.341103839594999
chr13:23896865:C>A	5	0.341103839594999
chr2:1840781:T>C	5	0.341103839594999
chr2:113406870:ATT>-	5	0.341103839594999
chr10:62000217:->G	6	0.46696173192024665
chr11:119051528:C>T	6	0.46696173192024665
chr12:25245347:C>T	6	0.46696173192024665
chr13:109782658:G>A	6	0.46696173192024665
chr16:4959382:T>C	6	0.46696173192024665
chr19:19655888:T>C	6	0.46696173192024665
chr19:29529827:C>T	6	0.46696173192024665
chr19:47680322:G>-	6	0.46696173192024665
chr2:218432108:T>C	6	0.46696173192024665
chr2:227088770:->G	6	0.46696173192024665
chr5:81225727:T>A	6	0.46696173192024665
chr5:179076497:T>C	6	0.46696173192024665
chr5:180316365:C>T	6	0.46696173192024665
chr8:98429262:G>A	6	0.46696173192024665
chr17:10404427:T>G	6	0.46696173192024665
chr17:36510874:G>A	6	0.46696173192024665
chr7:141764453:->T	6	0.46696173192024665
chrX:84186108:T>C	7	-1
chrX:68722094:T>A	8	-1
chrX:85107884:C>T	8	-1
chrX:88753907:G>A	8	-1
chrX:150663556:T>C	8	-1
chr7:23769130:G>A	9	-1
chr14:94567237:G>A	10	0.6963217242014855
chr14:100277422:C>T	10	0.6963217242014855
chr17:4181341:C>T	10	0.6963217242014855
chr4:6035963:G>A	10	0.6963217242014855
chr4:76740964:G>A	10	0.6963217242014855
chr7:77199774:->GG	10	0.6963217242014855
chr7:100160254:C>T	10	0.6963217242014855
chrX:47448447:G>A	11	-1
