mutation_id	myclone_id	myclone_ccf
chr11:119278165:G>T	1	0.8450139804118809
chr22:22031471:->G	1	0.8450139804118809
chr22:40308642:->A	1	0.8450139804118809
chr3:51590519:G>T	1	0.8450139804118809
chr8:17098548:G>A	1	0.8450139804118809
chr21:10569457:T>C	2	0.20066523781206894
chr8:39584638:G>T	2	0.20066523781206894
chr9:104809474:G>C	2	0.20066523781206894
chr1:54139795:G>A	3	1.0
chr10:21495858:G>C	3	1.0
chr12:80610530:A>C	3	1.0
chr19:15425243:G>C	3	1.0
chr2:119611729:G>A	3	1.0
