mutation_id	myclone_id	myclone_ccf
chr1:89382838:G>C	1	0.5629907295485332
chr14:33950644:C>T	1	0.5629907295485332
chr1:61801722:G>A	2	0.3884801948130818
chr15:33701042:G>A	3	0.1257399317920867
chr9:13223682:A>G	3	0.1257399317920867
chr11:6877418:C>A	4	0.834304118527006
chr11:11943041:G>A	4	0.834304118527006
chr15:97971148:C>T	4	0.834304118527006
chr17:50667705:C>T	4	0.834304118527006
chr19:13762944:G>A	4	0.834304118527006
chr4:48499604:G>A	4	0.834304118527006
chr8:27439397:C>T	4	0.834304118527006
chr12:40298434:T>-	5	1
chr15:55620172:G>T	5	1
chr19:44780906:C>T	5	1
chr3:43033116:G>A	5	1
chr3:170297373:C>T	5	1
chr8:143691158:G>A	5	1
