mutation_id	myclone_id	myclone_ccf
chr11:57690420:C>T	1	0.1477155219506285
chr11:92799530:G>A	1	0.1477155219506285
chr11:6622266:G>T	2	0.8628693956444161
chr12:10451035:G>A	2	0.8628693956444161
chr13:28034195:T>G	2	0.8628693956444161
chr16:46897733:G>A	2	0.8628693956444161
chr2:119247855:C>T	2	0.8628693956444161
chr3:405640:G>A	2	0.8628693956444161
chr18:33333239:G>C	2	0.8628693956444161
chr4:72283658:C>A	2	0.8628693956444161
chr6:70525007:C>T	2	0.8628693956444161
chr6:151349689:C>T	2	0.8628693956444161
chr1:216422289:G>T	3	0.9838949217621881
chr11:125954140:C>T	3	0.9838949217621881
chr15:72046170:G>A	3	0.9838949217621881
chr16:75479262:G>A	3	0.9838949217621881
chr19:55302158:C>A	3	0.9838949217621881
chr5:19473407:G>T	3	0.9838949217621881
chr8:97277126:C>T	3	0.9838949217621881
chr17:76008323:G>A	3	0.9838949217621881
chr17:76292200:G>A	3	0.9838949217621881
chr18:13826410:C>T	3	0.9838949217621881
chr4:2452210:C>T	3	0.9838949217621881
chr4:125320420:G>C	3	0.9838949217621881
chr7:117592542:G>A	4	0.5806103375749317
chr1:114716127:C>T	5	0.40152791037792
chr11:2414745:G>A	5	0.40152791037792
chr11:5342998:A>T	5	0.40152791037792
chr12:25245350:C>T	5	0.40152791037792
chr16:71431159:T>C	5	0.40152791037792
chr19:10135761:C>T	5	0.40152791037792
chr5:112861399:C>T	5	0.40152791037792
chr21:43021374:C>T	5	0.40152791037792
