mutation_id	myclone_id	myclone_ccf
chr3:123733098:G>A	1	0.1704596257943222
chr1:114716123:C>T	2	0.863516653002478
chr2:136114928:G>A	2	0.863516653002478
chr9:124856256:G>A	2	0.863516653002478
chr1:17623069:G>A	3	1
chr11:31106888:G>A	3	1
chr15:70066098:C>T	3	1
chr16:9764039:G>A	3	1
chr2:178533789:G>A	3	1
chr14:80785326:C>T	4	0.22357508577654872
chr17:5132919:C>T	4	0.22357508577654872
chr17:41489595:G>A	4	0.22357508577654872
chr4:84609448:C>T	4	0.22357508577654872
chr4:185624211:C>T	4	0.22357508577654872
chr8:144099407:C>T	4	0.22357508577654872
