mutation_id	myclone_id	myclone_ccf
chr12:112450407:A>T	1	0.2582075394785468
chr17:68986174:C>T	2	1.0
chr4:158127487:C>T	2	1.0
chr14:22981431:->CGTCCAC	3	0.5895102923593972
chr16:4996930:C>T	3	0.5895102923593972
chr21:25745295:C>A	3	0.5895102923593972
chr1:114716126:C>T	4	0.4705860858695836
chr21:38391709:->GGGCCG	4	0.4705860858695836
chr10:76891548:C>T	5	0.8520363709673907
chr6:44183147:G>T	5	0.8520363709673907
