mutation_id	myclone_id	myclone_ccf
chr11:103926957:C>T	1	0.9999999999999999
chr19:38256281:G>A	1	0.9999999999999999
chr12:110180457:T>G	2	0.1401828659433058
chr1:114713909:G>T	3	0.6478065901187774
chr17:29609393:C>T	4	0.8270121519540428
chr17:50591539:G>A	4	0.8270121519540428
chr3:48225395:C>T	4	0.8270121519540428
chr9:37020771:A>C	4	0.8270121519540428
