mutation_id	myclone_id	myclone_ccf
chr1:19115473:C>T	1	0.8014695433876469
chr1:24157209:T>C	1	0.8014695433876469
chr19:4818347:C>T	1	0.8014695433876469
chr4:25676271:A>G	1	0.8014695433876469
chr4:78267259:C>T	1	0.8014695433876469
chr6:54137194:G>A	1	0.8014695433876469
chr11:8730829:C>T	2	0.7079024403573048
chr20:18315997:C>T	2	0.7079024403573048
chr3:40400975:G>A	2	0.7079024403573048
chr3:130571367:C>A	3	0.5854591836734694
chr7:122011455:C>T	4	0.115069894306171
chr15:51719468:->GCCCT	5	0.4220442420649889
chr16:3738616:C>T	5	0.4220442420649889
chr4:47558230:C>T	6	0.19650472334682845
chrX:48902313:G>A	7	-1
chr4:107931822:C>T	8	0.17377501986454244
