mutation_id	myclone_id	myclone_ccf
chr2:184936383:C>T	1	1.0
chr2:206305139:C>G	2	0.3182957393483708
chr14:106592675:->GGTGGA	3	0.5240770144616298
chr15:63923127:C>T	3	0.5240770144616298
chr1:201228393:C>T	4	0.1802628580645822
chr4:65365079:G>T	4	0.1802628580645822
chr11:19192351:G>A	5	0.8304609215259813
chr12:49557696:G>C	5	0.8304609215259813
chr2:173910230:C>T	5	0.8304609215259813
