mutation_id	myclone_id	myclone_ccf
chr12:174668:G>T	1	0.5648666356089656
chr17:58660731:G>T	1	0.5648666356089656
chr19:11361306:G>A	1	0.5648666356089656
chr2:218680610:C>T	1	0.5648666356089656
chr3:98391245:A>T	1	0.5648666356089656
chr7:130308327:G>A	1	0.5648666356089656
chr8:118933016:G>A	1	0.5648666356089656
chrX:23001927:C>A	1	0.5648666356089656
chr17:30834769:A>T	2	0.6722275537159583
chr19:55859108:T>A	2	0.6722275537159583
chr9:128309777:G>A	2	0.6722275537159583
chr9:21970972:G>T	3	1
chr17:11763468:C>A	4	0.11317441378126766
chr17:62737053:C>T	4	0.11317441378126766
chr21:30319977:C>T	4	0.11317441378126766
chr5:141393051:C>T	4	0.11317441378126766
chr6:26271176:C>T	4	0.11317441378126766
chr2:89937676:GCCTCCCACAGTG>CCCA	4	0.11317441378126766
chr9:37015157:CAATTAC>GGGGGCT	5	0.4303405572755417
chr2:90221293:GGATC>CCGGG	6	0.3130841121495327
chr9:37020757:G>A	7	0.5
