mutation_id	myclone_id	myclone_ccf
chr1:1806512:C>A	1	0.8784702199382123
chr1:64845520:C>A	1	0.8784702199382123
chr19:16865447:G>A	1	0.8784702199382123
chr12:70745918:C>T	2	1.0
chr19:51006658:C>T	2	1.0
chr3:122718151:C>T	2	1.0
chrX:34943686:G>A	2	1.0
