mutation_id	myclone_id	myclone_ccf
chr11:114551154:A>G	1	1.0
chr15:51341717:C>T	1	1.0
chr16:89198129:C>A	1	1.0
chr3:49131078:G>A	1	1.0
chr5:168671233:G>A	1	1.0
chr11:22279674:T>G	2	0.342273025581657
chr20:17494662:G>A	2	0.342273025581657
chr6:113956679:C>G	2	0.342273025581657
chr16:55567107:C>T	3	0.2016782861640884
chr6:49447766:T>C	3	0.2016782861640884
chr2:71589649:C>T	3	0.2016782861640884
chr6:116919207:C>T	4	0.6396560023588074
chrX:136491990:C>T	5	-1
