mutation_id	myclone_id	myclone_ccf
chr16:58534203:C>T	1	0.1869228728274232
chr12:25245350:C>T	2	1.0
chr9:38395770:C>T	2	1.0
chr4:134200633:C>G	2	1.0
chr13:25579932:C>T	3	0.8648428803419698
chr3:142736489:G>A	3	0.8648428803419698
chr9:127921888:C>T	3	0.8648428803419698
chr6:148549577:C>T	4	0.674336044578259
chr4:127805718:G>A	4	0.674336044578259
