mutation_id	myclone_id	myclone_ccf
chr1:147908474:C>T	1	0.8762270074196681
chr1:176594656:C>G	1	0.8762270074196681
chr10:100176031:T>G	1	0.8762270074196681
chr12:25245350:C>A	2	0.24859323698018387
chr19:1108340:C>T	2	0.24859323698018387
chr6:31116331:G>A	3	0.7378302808439918
chr9:106926811:C>A	4	0.3539136490250695
