mutation_id	myclone_id	myclone_ccf
chr2:178664925:C>T	1	0.8295566502463054
chr7:31642209:C>A	1	0.8295566502463054
chr2:43675646:T>GGG	2	0.6666666666666666
chr12:25245347:C>T	3	0.4810146501125115
chr3:73383879:G>A	3	0.4810146501125115
chr11:70486678:G>A	4	0.22480095799597866
chr12:25245350:C>T	4	0.22480095799597866
chr19:1047356:CCGCGGGTGGCCGCGTGG>-	4	0.22480095799597866
chr19:56814152:->GCCTCTCCATTTGGCTGTCCAGCCTCTCCAATGGGCTCTGCA	4	0.22480095799597866
chr2:178720501:T>A	4	0.22480095799597866
chrX:115170314:T>A	5	-1
chr8:22245537:C>T	6	0.747663551401869
chr8:144505402:G>A	7	0.591230551626591
chrX:139582442:G>C	8	-1
chrX:124523498:G>C	9	-1
