mutation_id	myclone_id	myclone_ccf
chr11:90041353:C>T	1	0.3730885278429919
chr19:8960480:G>A	1	0.3730885278429919
chr6:99410743:G>A	1	0.3730885278429919
chr11:67493785:C>T	2	0.7509007593181606
chr11:5507921:C>T	3	0.5285819783440182
chr12:108292420:G>T	3	0.5285819783440182
chr22:45563081:G>A	3	0.5285819783440182
chr8:76863886:C>T	3	0.5285819783440182
chr1:46817153:C>A	4	0.9740708183374605
chr19:2877699:C>T	4	0.9740708183374605
chr2:102532383:C>T	4	0.9740708183374605
chr8:142664762:G>A	4	0.9740708183374605
chr11:5131874:G>C	5	0.11638714557125168
chr12:83051016:C>G	5	0.11638714557125168
chr18:21765776:C>T	5	0.11638714557125168
chr2:68490196:G>C	5	0.11638714557125168
chr3:48594494:G>A	5	0.11638714557125168
chr5:141102779:G>A	5	0.11638714557125168
chr6:34762679:G>C	5	0.11638714557125168
chr8:112650281:C>G	5	0.11638714557125168
chr8:140585220:G>A	5	0.11638714557125168
chrX:70258907:G>A	6	-1
chrX:145824544:G>A	6	-1
