mutation_id	myclone_id	myclone_ccf
chr2:106806787:C>T	1	0.6952466745997414
chr1:119514052:G>A	2	0.9999999999999998
chr11:55638667:T>A	2	0.9999999999999998
chr12:106335675:C>G	3	0.8255185448034604
chr2:113406872:TCACAGTGTTA>CCTAG	3	0.8255185448034604
chr3:98497841:G>A	3	0.8255185448034604
chr1:186336673:C>T	4	0.17652341587664183
chr17:2363523:G>A	4	0.17652341587664183
chr21:46353314:C>G	4	0.17652341587664183
chr6:56618507:C>T	4	0.17652341587664183
chrX:111248595:G>C	4	0.17652341587664183
chr1:6456144:G>T	5	0.08072831540203904
chr11:117524942:G>A	5	0.08072831540203904
chr12:47857240:G>A	5	0.08072831540203904
chr13:25469114:C>G	5	0.08072831540203904
chr16:54932137:C>G	5	0.08072831540203904
chr22:43502660:C>A	5	0.08072831540203904
chr3:46265388:C>T	5	0.08072831540203904
chr3:124730549:C>T	5	0.08072831540203904
chr6:129260815:C>G	5	0.08072831540203904
chr7:28956126:C>G	5	0.08072831540203904
chr9:69723384:C>T	5	0.08072831540203904
chrX:27748691:G>C	5	0.08072831540203904
chr1:17071451:C>A	6	0.27908526878481044
chr19:39539563:C>G	6	0.27908526878481044
chr5:36116573:G>C	6	0.27908526878481044
