mutation_id	myclone_id	myclone_ccf
chr1:196689527:G>A	1	0.165642601126472
chr19:3600570:C>G	2	0.0988764488017847
chr4:76896872:G>C	2	0.0988764488017847
chr1:1340430:G>A	3	0.3405326430479522
chr1:2027653:G>A	3	0.3405326430479522
chr10:107164087:G>A	3	0.3405326430479522
chr11:65530784:C>T	3	0.3405326430479522
chr13:52846526:C>T	3	0.3405326430479522
chr13:102729579:T>G	3	0.3405326430479522
chr16:1079406:G>A	3	0.3405326430479522
chr2:178634478:G>A	3	0.3405326430479522
chr7:44116204:G>A	3	0.3405326430479522
chr7:144074840:G>A	3	0.3405326430479522
chr7:149862395:G>A	3	0.3405326430479522
chrX:24619000:G>A	3	0.3405326430479522
chr15:28192061:C>T	4	1
chr15:89665720:C>A	5	0.7052523964980906
chr17:7830688:G>A	5	0.7052523964980906
chr18:10800404:G>A	5	0.7052523964980906
chr4:1961074:G>A	5	0.7052523964980906
chr4:166003524:G>T	5	0.7052523964980906
chr7:8435721:C>G	5	0.7052523964980906
chr15:71737944:C>T	6	0.5644232896756867
chr19:1506628:C>T	6	0.5644232896756867
chr19:9977231:C>T	6	0.5644232896756867
chr3:184319694:G>A	6	0.5644232896756867
chr5:151322050:C>G	6	0.5644232896756867
chr6:39867706:C>T	6	0.5644232896756867
chr6:149916939:C>T	6	0.5644232896756867
chr8:131978854:C>T	6	0.5644232896756867
chr22:22162670:CAGTAACACTCACACA>GCGAGT	7	-1
chr14:106627248:->T	8	-1
chr14:106506995:->AGGGGGGTTCTA	9	-1
chr14:106592675:->TCTCTCCCA	10	-1
chrX:46500694:G>C	11	0.2231947941076546
