mutation_id	myclone_id	myclone_ccf
chr12:80367662:C>A	1	0.851501104320022
chr20:53953458:A>G	1	0.851501104320022
chr4:168433103:T>C	1	0.851501104320022
chr5:37205420:T>C	1	0.851501104320022
chr2:113406870:ATT>-	2	0.5200156135241576
chr13:32247491:G>A	3	0.1368746260911418
chr13:102736899:A>G	3	0.1368746260911418
chr15:57192276:A>T	4	0.9876605476695349
chr19:49070851:->T	4	0.9876605476695349
chr2:100007359:G>A	4	0.9876605476695349
chr2:140867601:C>T	4	0.9876605476695349
chr5:23524480:G>T	4	0.9876605476695349
chr8:91189609:G>A	4	0.9876605476695349
