mutation_id	myclone_id	myclone_ccf
chr5:140877305:G>A	1	1
chr15:71728558:G>T	2	0.8581377533254406
chr2:178775917:C>T	3	0.1512785416931745
chr21:46003425:G>A	3	0.1512785416931745
chr7:135164909:C>T	3	0.1512785416931745
chrX:73827227:C>G	3	0.1512785416931745
chr1:230357100:C>T	4	0.6706030119709707
chr7:27145680:GAGTCCTCCCCGCTG>CCCCA	4	0.6706030119709707
chr15:96332232:C>T	5	0.26627728395123723
chr19:15179096:G>A	5	0.26627728395123723
chr5:129461651:C>G	5	0.26627728395123723
chr1:202304582:G>A	6	0.4841609719089648
chr17:47531472:->A	6	0.4841609719089648
chr2:162189728:C>G	6	0.4841609719089648
chr4:665276:G>A	6	0.4841609719089648
chr4:46051493:C>A	6	0.4841609719089648
chr6:42632859:C>T	6	0.4841609719089648
chr9:32633635:G>A	6	0.4841609719089648
chr9:104826966:G>A	6	0.4841609719089648
chrX:32844803:G>A	6	0.4841609719089648
