mutation_id	myclone_id	myclone_ccf
chr11:126010350:G>A	1	0.5340884060339498
chr10:43105008:G>A	2	1.0
chr14:90689679:G>A	2	1.0
chr16:29879949:G>A	3	0.1593767981475469
chr19:13283318:G>T	3	0.1593767981475469
chr3:177064977:T>C	4	0.3176161512739564
chr14:106511116:->TCT	5	-1
