mutation_id	myclone_id	myclone_ccf
chr1:12893030:C>G	1	0.0683466266545902
chr15:23566319:C>T	2	0.9999999999999999
chr19:2425228:C>T	2	0.9999999999999999
chr2:237388022:C>A	2	0.9999999999999999
chr5:141345755:C>T	2	0.9999999999999999
chr1:43970664:G>A	3	0.8374110075069563
chr1:172453128:C>A	3	0.8374110075069563
chr12:129531132:G>C	3	0.8374110075069563
chr17:69020498:G>A	3	0.8374110075069563
chr19:48171838:G>A	3	0.8374110075069563
chr2:113406870:ATTCACAGTGTTACA>CCTT	3	0.8374110075069563
chr4:73223013:C>T	3	0.8374110075069563
chr1:27547478:C>G	4	0.1877682910138252
chr10:62805591:G>A	4	0.1877682910138252
chr15:89486897:G>A	4	0.1877682910138252
chr16:67611181:C>T	4	0.1877682910138252
chr17:4789774:C>G	4	0.1877682910138252
chr17:30869574:C>G	4	0.1877682910138252
chr17:80184002:G>C	4	0.1877682910138252
chr22:37103385:G>A	4	0.1877682910138252
chr4:77774532:G>A	4	0.1877682910138252
chr4:145162694:G>C	4	0.1877682910138252
chr8:76704289:G>A	4	0.1877682910138252
chr9:127817165:G>A	4	0.1877682910138252
chr1:114716127:C>G	5	0.4257496423692948
chr1:118884852:C>T	5	0.4257496423692948
chr10:47291:G>A	5	0.4257496423692948
chr3:78627511:C>T	5	0.4257496423692948
chr3:111885217:G>C	5	0.4257496423692948
chr4:90309364:G>A	5	0.4257496423692948
chr4:161459282:T>C	5	0.4257496423692948
chrX:137030907:G>A	5	0.4257496423692948
chr1:50200963:G>C	6	0.29612252724847127
chr17:81202312:G>C	6	0.29612252724847127
chr19:34466996:C>T	6	0.29612252724847127
chr3:195778859:G>C	6	0.29612252724847127
chr7:151735918:C>G	6	0.29612252724847127
chr14:106627249:->CTCTCCCC	7	-1
