mutation_id	myclone_id	myclone_ccf
chr10:117284651:T>C	1	0.10071535273702181
chr12:49039837:G>A	1	0.10071535273702181
chr2:144389983:T>C	1	0.10071535273702181
chr11:26634242:G>A	2	0.722318007032483
chr11:48306825:C>T	2	0.722318007032483
chr13:94478978:C>T	2	0.722318007032483
chr14:24330279:C>T	2	0.722318007032483
chr14:50665360:C>A	2	0.722318007032483
chr14:55183688:G>T	2	0.722318007032483
chr17:3530073:G>A	2	0.722318007032483
chr9:37020736:G>A	2	0.722318007032483
chrX:91879211:G>A	2	0.722318007032483
chr1:156845396:G>A	3	0.565008025682183
