mutation_id	myclone_id	myclone_ccf
chr7:101157431:C>T	1	0.1635568588559068
chr8:76706423:G>A	2	0.5729647258208954
chr2:43925951:A>C	3	0.8434913673794386
chr4:17585030:C>T	3	0.8434913673794386
chr11:637405:G>A	4	1
chr17:69123396:G>A	4	1
chr19:21971441:T>C	4	1
chr19:42360956:G>T	4	1
chr22:45548660:C>T	4	1
chr3:141278383:A>T	4	1
chr6:38894838:C>G	4	1
chr9:14806755:C>G	4	1
chr9:98306288:C>T	4	1
chrX:29955508:C>T	5	-1
chrX:84361541:G>T	5	-1
