mutation_id	myclone_id	myclone_ccf
chr1:227040171:G>C	1	0.7018955532895755
chr16:2974563:->G	1	0.7018955532895755
chr9:128063863:G>T	1	0.7018955532895755
chr10:103612859:G>T	2	0.11536562377809713
chr21:44682043:G>A	2	0.11536562377809713
chrX:1305641:G>A	2	0.11536562377809713
chr1:228377286:C>T	3	1
chr12:52428472:G>T	3	1
chr12:81341205:C>T	3	1
chr16:680590:A>G	3	1
chr19:48312029:G>A	3	1
chr2:238131082:G>A	3	1
chr4:41629702:G>A	3	1
chr12:7496975:C>T	4	0.8745193458531388
chr14:99175247:G>A	4	0.8745193458531388
chr15:59231724:C>T	4	0.8745193458531388
chr17:74525831:C>T	4	0.8745193458531388
chr20:9437013:C>T	4	0.8745193458531388
chr3:14493765:G>A	4	0.8745193458531388
chr3:14897576:G>A	4	0.8745193458531388
chr9:137148204:G>A	4	0.8745193458531388
chr13:33054088:G>A	5	0.3441952578933068
chrX:152736573:A>C	6	-1
chrX:9895160:C>T	7	-1
chrY:22180885:C>A	8	-1
