mutation_id	myclone_id	myclone_ccf
chr1:153934909:G>A	1	1
chr12:53506090:G>A	1	1
chr2:89937680:CC>-	1	1
chr22:40407026:C>T	1	1
chr1:160290592:G>A	2	0.16142226692515457
chr11:19933319:C>T	2	0.16142226692515457
chr14:105855103:G>A	2	0.16142226692515457
chr2:119681615:G>C	2	0.16142226692515457
chr22:46316230:C>T	2	0.16142226692515457
chr3:49683093:C>T	2	0.16142226692515457
chr4:41613539:G>A	2	0.16142226692515457
chr5:111107351:C>G	2	0.16142226692515457
chr5:176529302:C>G	2	0.16142226692515457
chr1:1435815:G>C	3	0.26821349581780396
chr1:20553346:G>A	3	0.26821349581780396
chr10:98429551:C>A	3	0.26821349581780396
chr16:58165695:G>A	3	0.26821349581780396
chr18:8379333:T>C	3	0.26821349581780396
chr2:130915732:C>T	3	0.26821349581780396
chr22:41343453:G>C	3	0.26821349581780396
chr3:138755826:G>C	3	0.26821349581780396
chr4:84609516:G>A	3	0.26821349581780396
chr4:112145674:G>C	3	0.26821349581780396
chr5:133199601:C>T	3	0.26821349581780396
chr6:100463340:G>A	3	0.26821349581780396
chr7:44676084:G>A	3	0.26821349581780396
chr21:30371932:C>T	3	0.26821349581780396
chr6:31900861:C>T	4	0.8015838574776865
chr6:157206182:G>A	4	0.8015838574776865
chr7:143388790:C>T	4	0.8015838574776865
chr1:110674279:G>C	5	0.38209280555326947
chr11:5709229:G>C	5	0.38209280555326947
chr11:95026786:C>G	5	0.38209280555326947
chr11:101961930:G>A	5	0.38209280555326947
chr12:112450406:G>A	5	0.38209280555326947
chr16:50307112:C>G	5	0.38209280555326947
chr18:33745701:T>C	5	0.38209280555326947
chr2:140601506:G>A	5	0.38209280555326947
chr3:151383820:G>A	5	0.38209280555326947
chr4:69939175:G>A	5	0.38209280555326947
chr6:56477412:A>G	5	0.38209280555326947
chr7:100592804:G>C	5	0.38209280555326947
chr2:88992409:A>-	6	-1
chrX:53192981:G>A	7	-1
chrX:49603672:G>A	8	-1
