mutation_id	myclone_id	myclone_ccf
chr14:22515615:ACTCTGTGCAT>-	1	0.7042818586848474
chr14:22515633:G>A	1	0.7042818586848474
chr14:24132403:C>T	2	0.9693676839352452
chr2:113406854:AGGATTATACTACCCCATTCACAGTG>CACCCC	2	0.9693676839352452
chr3:129531019:G>A	2	0.9693676839352452
chr9:128494645:A>T	2	0.9693676839352452
chr21:33888268:C>T	2	0.9693676839352452
chr5:90763392:G>A	3	0.5612646321295104
chrX:6533771:C>T	4	-1
