mutation_id	myclone_id	myclone_ccf
chr14:106714686:T>-	1	0.4193548387096774
chr12:121804751:->C	2	0.5792349726775957
chr12:128669462:G>T	3	0.1127982646420824
chr3:48593618:G>T	4	0.33675146771037157
chrX:104013303:C>T	4	0.33675146771037157
chr14:23415066:G>T	5	0.33732017621595123
chr15:40934613:C>T	5	0.33732017621595123
chr16:5065783:C>T	5	0.33732017621595123
chr4:30724482:C>T	5	0.33732017621595123
chr6:150249504:T>A	5	0.33732017621595123
chr8:22069435:G>A	5	0.33732017621595123
chrX:77558715:C>T	5	0.33732017621595123
chrX:101495364:C>T	5	0.33732017621595123
chr11:66294925:G>A	6	0.6658446362515412
