mutation_id	myclone_id	myclone_ccf
chr14:22449125:->GGGGGGAGAT	1	0.6375788227546133
chr21:31946130:C>T	1	0.6375788227546133
chr9:37002672:->GTCGCGAGGA	1	0.6375788227546133
chr19:48398572:C>T	2	0.0827399279378089
chr9:35305033:A>G	2	0.0827399279378089
chr1:40317126:C>A	3	0.9772021902048224
chr13:40933518:->G	3	0.9772021902048224
chr16:85662:G>A	3	0.9772021902048224
chr17:75589990:G>A	3	0.9772021902048224
chr20:32787264:C>T	3	0.9772021902048224
chr6:43505427:C>T	3	0.9772021902048224
chr6:168526390:G>T	3	0.9772021902048224
