mutation_id	myclone_id	myclone_ccf
chr11:47634686:G>C	1	0.5749508558495978
chr4:1916897:C>T	1	0.5749508558495978
chr7:101034713:A>G	1	0.5749508558495978
chr1:155731998:C>T	2	0.20370217033769975
chr14:32822778:T>C	2	0.20370217033769975
chr6:69713791:C>A	2	0.20370217033769975
chr11:45286055:C>T	3	0.10612340769709586
chr13:23339627:C>G	3	0.10612340769709586
chr2:219539685:C>G	3	0.10612340769709586
chr4:82866858:G>C	3	0.10612340769709586
chrX:54014424:A>T	3	0.10612340769709586
chr13:101567803:C>G	4	0.3471811745838621
chr17:80476432:G>A	4	0.3471811745838621
chr19:34960917:G>C	4	0.3471811745838621
chr2:178720534:C>A	4	0.3471811745838621
chrX:109669099:G>A	4	0.3471811745838621
chr10:13180531:G>C	5	0.9923591124009088
chr11:62792491:->G	5	0.9923591124009088
chr12:116005888:G>C	5	0.9923591124009088
chr14:44505691:G>C	5	0.9923591124009088
chr15:66711700:C>G	5	0.9923591124009088
chr17:59945448:G>C	5	0.9923591124009088
chr19:18450952:G>A	5	0.9923591124009088
chr2:232486479:C>T	5	0.9923591124009088
chr20:38131176:C>G	5	0.9923591124009088
chr3:48973714:G>T	5	0.9923591124009088
chr5:141096399:G>C	5	0.9923591124009088
chr6:47009449:G>C	5	0.9923591124009088
chr6:158481135:G>T	5	0.9923591124009088
chr7:128877677:C>T	5	0.9923591124009088
chr9:112997283:C>A	5	0.9923591124009088
chr9:137163805:G>C	5	0.9923591124009088
chrX:14865050:G>C	5	0.9923591124009088
chr1:110341198:C>T	6	0.8754746812943254
chr11:17405563:C>T	6	0.8754746812943254
chr11:22236202:G>C	6	0.8754746812943254
chr11:130196643:C>G	6	0.8754746812943254
chr13:35668469:C>T	6	0.8754746812943254
chr14:60720381:G>C	6	0.8754746812943254
chr16:68812171:G>C	6	0.8754746812943254
chr17:7190748:G>C	6	0.8754746812943254
chr17:28348125:G>A	6	0.8754746812943254
chr17:78459891:C>G	6	0.8754746812943254
chr19:18451562:G>C	6	0.8754746812943254
chr22:31819168:C>T	6	0.8754746812943254
chr4:177335807:C>T	6	0.8754746812943254
chr5:72107582:C>T	6	0.8754746812943254
chr5:76832734:G>C	6	0.8754746812943254
chr6:152407178:C>G	6	0.8754746812943254
chr8:13499426:C>T	6	0.8754746812943254
chr8:47783798:C>T	6	0.8754746812943254
chr8:64596809:G>A	6	0.8754746812943254
chr3:151328762:G>C	6	0.8754746812943254
