mutation_id	myclone_id	myclone_ccf
chr14:106639121:->CTCATC	1	0.5471698113207546
chr12:117234620:C>T	2	0.3099173553719008
chr21:30813142:C>T	3	1
chr9:96562752:A>C	3	1
chr1:205840264:C>T	4	0.8988420192905467
chr14:57481572:C>T	4	0.8988420192905467
chr14:74809579:G>A	4	0.8988420192905467
chr2:137232987:G>A	4	0.8988420192905467
chr8:29350058:C>A	4	0.8988420192905467
chr11:65779776:T>C	5	0.1577257630173187
chr19:46160647:C>T	5	0.1577257630173187
chr2:43225221:C>A	5	0.1577257630173187
chr22:26672605:G>T	5	0.1577257630173187
chr7:76285721:G>A	5	0.1577257630173187
chr7:138871304:G>A	5	0.1577257630173187
