mutation_id	myclone_id	myclone_ccf
chr7:116731830:C>A	1	0.2459893048128342
chr1:177229896:C>A	1	0.2459893048128342
chr17:10501460:G>A	1	0.2459893048128342
chr19:1371254:->CGACGAGGA	1	0.2459893048128342
chrX:151180911:C>A	2	0.868421052631579
chr1:183286768:G>T	3	0.3391095027818074
chr10:86943101:C>T	3	0.3391095027818074
chr1:6574706:->TC	4	0.740373329835211
chr12:25225627:G>A	4	0.740373329835211
chr14:45183799:GT>-	4	0.740373329835211
chr20:64208342:G>T	4	0.740373329835211
chr11:65592286:G>A	5	0.15497264833600696
chr18:45838771:C>T	5	0.15497264833600696
chr19:17500807:G>A	5	0.15497264833600696
chr11:126521355:C>T	6	0.6195286195286192
chr22:22668755:C>T	7	0.387576005518923
chr8:54649069:A>C	7	0.387576005518923
