mutation_id	myclone_id	myclone_ccf
chr17:40884940:C>T	1	0.43600562261009157
chr4:99539308:C>A	1	0.43600562261009157
chr19:54941502:C>T	2	0.7876431536737805
chr22:43838866:C>T	2	0.7876431536737805
chr12:117539806:G>A	3	1.0
chr20:53253957:G>T	3	1.0
chr20:45304552:G>C	4	0.18902292856391611
chr3:97992919:A>G	4	0.18902292856391611
chr3:185652097:G>A	4	0.18902292856391611
chr9:93665791:G>A	4	0.18902292856391611
chr6:42828552:T>C	5	0.27936223890804873
chr6:113956679:C>G	5	0.27936223890804873
chr7:87545987:C>T	5	0.27936223890804873
