mutation_id	myclone_id	myclone_ccf
chr3:64099351:G>A	1	0.3192488262910798
chr12:120312967:G>A	2	0.9259476694526808
chr13:28034189:T>G	2	0.9259476694526808
chr19:45961146:G>A	2	0.9259476694526808
chr2:216049283:G>A	2	0.9259476694526808
chr20:31996928:C>T	2	0.9259476694526808
chr20:32786605:C>T	2	0.9259476694526808
chr20:32920152:T>G	2	0.9259476694526808
chr3:121828505:A>G	2	0.9259476694526808
chr3:189864414:C>T	2	0.9259476694526808
chr3:189889456:C>T	2	0.9259476694526808
chr9:123136428:G>A	2	0.9259476694526808
chrX:3321574:G>A	2	0.9259476694526808
chrX:101656431:G>A	2	0.9259476694526808
chr11:1085192:C>T	2	0.9259476694526808
chr18:7231784:G>A	2	0.9259476694526808
chr18:12546724:C>T	2	0.9259476694526808
chr21:29577126:C>A	2	0.9259476694526808
chr10:1217004:G>A	2	0.9259476694526808
chr10:97049043:G>A	2	0.9259476694526808
chr11:113207968:C>T	2	0.9259476694526808
chr11:130449598:C>T	2	0.9259476694526808
chr17:63507572:G>A	2	0.9259476694526808
chr4:99597082:C>T	2	0.9259476694526808
chr4:157136631:C>T	2	0.9259476694526808
chr5:13866253:G>A	2	0.9259476694526808
chr5:83545587:C>T	2	0.9259476694526808
chr6:26234640:T>G	2	0.9259476694526808
chr8:105802787:G>A	2	0.9259476694526808
chr2:131263723:G>A	3	0.6004962779156328
chr11:10854616:A>C	4	0.2659806295399514
chr4:95148749:G>A	4	0.2659806295399514
chr18:78992849:C>T	5	0.3877551020408163
