mutation_id	myclone_id	myclone_ccf
chr10:127018762:A>C	1	1
chr15:33154735:G>C	2	0.3617178402022324
chr1:176207062:C>T	3	0.12824620598857198
chr11:30010987:G>A	3	0.12824620598857198
chr3:169116424:G>A	3	0.12824620598857198
chr5:135852648:C>T	3	0.12824620598857198
chr5:177436395:C>T	3	0.12824620598857198
chr9:121115162:G>A	3	0.12824620598857198
chr9:133107151:G>A	3	0.12824620598857198
chr4:183261358:C>T	4	0.525541173535852
chr13:102401563:G>A	5	0.23429929177860265
chr2:38876104:C>T	5	0.23429929177860265
chr20:44279103:G>C	5	0.23429929177860265
chr7:117278178:C>T	5	0.23429929177860265
chr14:106511105:TCACACTGTGTCTC>CCTTGG	6	-1
chr14:106470263:->CCCGGGA	7	-1
