mutation_id	myclone_id	myclone_ccf
chr2:90221383:->A	1	1
chr2:108907973:C>T	2	0.4799197662414262
chr2:218893230:->CCGACCC	2	0.4799197662414262
chr15:47761691:A>T	3	0.1578790361547025
chr6:97114159:G>T	3	0.1578790361547025
chr11:134152993:G>A	4	0.6153722269668634
chr19:45494313:G>A	4	0.6153722269668634
chr2:106843935:C>T	4	0.6153722269668634
chr4:121037139:G>A	4	0.6153722269668634
chr8:27879739:C>T	4	0.6153722269668634
