mutation_id	myclone_id	myclone_ccf
chr5:23522779:G>A	1	0.1348734165578864
chr11:121113072:G>A	2	0.552113401114155
chr19:55661187:G>A	3	0.9478865988858454
chr6:137198329:C>A	3	0.9478865988858454
chr18:37565384:C>A	4	0.3450891556873743
chr8:76854105:C>G	4	0.3450891556873743
chr11:64344806:G>A	5	0.24925905902530113
chr9:19786120:C>G	5	0.24925905902530113
chr9:122615426:C>G	5	0.24925905902530113
