mutation_id	myclone_id	myclone_ccf
chr1:108728820:G>A	1	1
chr10:127339025:A>T	1	1
chr16:11476822:G>A	2	0.3388559093362114
chr6:73766955:C>T	2	0.3388559093362114
chr14:104597090:C>T	2	0.3388559093362114
chr2:235052681:G>A	3	0.06681019247918553
chr20:45110481:A>G	3	0.06681019247918553
chr5:141052890:G>T	3	0.06681019247918553
chr1:243126654:G>A	4	0.14229943226134112
chr20:33086119:G>A	4	0.14229943226134112
chr17:76061179:G>A	4	0.14229943226134112
chr14:22539073:T>-	5	0.23161327854466246
chr5:79278008:C>T	5	0.23161327854466246
