mutation_id	myclone_id	myclone_ccf
chr12:34026631:G>T	1	0.248
chr5:171870792:G>A	1	0.248
chr16:89637665:C>T	2	0.6076238576238575
chr21:46563870:G>A	2	0.6076238576238575
chr1:41583528:G>A	3	0.07957126483370251
chr2:215424227:G>A	3	0.07957126483370251
chr4:161386217:C>T	3	0.07957126483370251
chr5:9629483:A>G	3	0.07957126483370251
chr5:141361424:C>T	3	0.07957126483370251
chr6:79017583:C>T	4	0.4329896907216495
chr1:170986684:G>T	5	1.0
