mutation_id	myclone_id	myclone_ccf
chr19:8957757:G>A	1	0.1837586665248944
chr2:3643470:C>T	2	0.7722947071556321
chr5:149052236:T>C	2	0.7722947071556321
chr10:27735256:C>T	2	0.7722947071556321
chr13:28034144:A>G	3	0.9786732346136315
chr13:37590470:G>A	3	0.9786732346136315
chr19:590138:G>A	3	0.9786732346136315
chr7:14478163:A>T	3	0.9786732346136315
chr7:158167282:G>A	3	0.9786732346136315
chr10:27936787:G>A	3	0.9786732346136315
chr17:19743379:C>T	3	0.9786732346136315
chr18:5428324:G>A	3	0.9786732346136315
