mutation_id	myclone_id	myclone_ccf
chr21:45277095:G>A	1	1.0
chr3:121698758:T>C	2	0.1137231854246252
chr1:164807543:C>T	3	0.18151080773606365
