mutation_id	myclone_id	myclone_ccf
chr16:75229667:C>G	1	0.237724599531015
chr13:32079007:A>T	2	0.9702570318769146
chr17:58310954:G>A	2	0.9702570318769146
chr6:79487307:T>C	2	0.9702570318769146
chrX:18165117:G>A	2	0.9702570318769146
chr5:51387611:C>G	3	0.1583172302850032
chr1:158398634:TA>GGGAGG	4	0.5811985911040001
chr5:141376018:C>T	4	0.5811985911040001
chr7:117278285:A>G	4	0.5811985911040001
chrX:135911938:C>G	4	0.5811985911040001
chr14:24574296:G>C	5	0.4339108080683203
chr5:153490957:C>A	5	0.4339108080683203
