mutation_id	myclone_id	myclone_ccf
chr3:47891253:G>C	1	0.56599625119219
chr13:87676264:C>T	2	0.34094651808075693
chr15:41711311:C>T	2	0.34094651808075693
chr19:9977683:C>T	3	0.1481429560636267
chr7:29398450:G>T	3	0.1481429560636267
chr10:125774181:C>T	4	0.973601499523124
chr19:13983195:G>A	4	0.973601499523124
chr4:7704273:G>A	4	0.973601499523124
chr6:30601576:C>T	4	0.973601499523124
chrX:15522423:C>T	4	0.973601499523124
