mutation_id	myclone_id	myclone_ccf
chr9:35560744:G>A	1	0.5698945326810464
chr2:60461431:->C	2	0.430425099213786
chr11:65713368:C>T	3	0.1778800690722972
chr5:170034545:T>G	3	0.1778800690722972
chr6:151352820:C>T	3	0.1778800690722972
chr9:101408357:A>T	3	0.1778800690722972
chr14:57571927:C>T	4	1
chr2:99291391:A>G	4	1
chr2:100995530:G>A	4	1
chr3:121718446:C>T	4	1
chr11:112082644:C>T	5	0.0985531098718188
chr3:177038123:G>C	5	0.0985531098718188
chr1:202741574:C>T	5	0.0985531098718188
