mutation_id	myclone_id	myclone_ccf
chr15:23441598:C>T	1	0.8500311692937929
chr4:174976262:T>C	2	0.073061236466066
chr14:106389577:C>T	3	1.0
chr7:2586298:G>A	4	0.268599014241194
chr7:143857251:ACAGATTCATTTTGTC>GG	4	0.268599014241194
chr14:106592675:->GA	5	0.7206617109432122
chrX:100296661:A>G	6	0.95
