mutation_id	myclone_id	myclone_ccf
chr12:116007438:C>G	1	1.0
chr18:12125680:G>A	1	1.0
chr6:160241541:G>T	1	1.0
chr15:31002120:A>G	2	0.1179305526135992
chr9:4585336:C>T	2	0.1179305526135992
chr9:36846868:C>T	2	0.1179305526135992
chr13:75871147:C>T	3	0.7173009413893789
chr16:3736714:A>C	3	0.7173009413893789
chr2:28601331:C>T	3	0.7173009413893789
chr2:84619779:T>C	3	0.7173009413893789
chr3:36831138:G>A	3	0.7173009413893789
chr4:52744007:->CC	3	0.7173009413893789
chr4:52744009:A>CCC	3	0.7173009413893789
chr12:165759:C>T	4	0.22850973025028845
chr13:101103192:C>T	4	0.22850973025028845
chr20:59254186:G>T	4	0.22850973025028845
chr17:7415545:G>A	5	0.30348420464846143
chr18:5891674:C>T	5	0.30348420464846143
chr6:30619752:C>T	5	0.30348420464846143
