mutation_id	myclone_id	myclone_ccf
chr8:6823581:G>A	1	0.8318815331010454
chr5:140362119:C>T	2	1
chr11:1229762:G>A	3	0.1754920109555627
chr16:4673609:G>A	3	0.1754920109555627
chr2:161879236:T>C	3	0.1754920109555627
chr5:7789696:C>T	3	0.1754920109555627
chr5:41052471:C>A	3	0.1754920109555627
chr5:177310677:T>C	3	0.1754920109555627
chr14:106592675:->GCCTA	4	0.5147077922077922
chr2:90005628:CTCA>TCCAGGAGACC	4	0.5147077922077922
chrX:100599544:G>A	5	-1
