mutation_id	myclone_id	myclone_ccf
chr19:43071872:G>T	1	0.8990827784684299
chr2:119339885:C>T	1	0.8990827784684299
chr2:150470216:A>G	1	0.8990827784684299
chr7:93239925:C>T	1	0.8990827784684299
chr2:91655421:A>T	2	0.4085801838610826
chr10:37158575:C>T	2	0.4085801838610826
chr1:114716126:C>T	3	0.7782705631418344
chr11:17779496:G>A	3	0.7782705631418344
chr4:166754687:C>A	3	0.7782705631418344
chr2:102381638:C>T	4	0.628674251737935
chr9:138121530:G>A	4	0.628674251737935
chr1:173970580:C>T	4	0.628674251737935
chr17:42176075:C>T	4	0.628674251737935
chr21:32685748:C>A	5	0.4947126436781607
