mutation_id	myclone_id	myclone_ccf
chr3:183099413:G>C	1	0.1466536408861446
chr1:68444647:C>T	2	0.6776748922495712
chr15:43636050:C>A	2	0.6776748922495712
chr16:4699120:->TCTTTACTCCACT	2	0.6776748922495712
chr2:90100738:->CTTCC	2	0.6776748922495712
chr1:11794011:G>A	3	1.0
chr2:185792641:G>A	3	1.0
chr5:181224136:A>G	3	1.0
