mutation_id	myclone_id	myclone_ccf
chr12:41573544:G>A	1	0.9438031773192592
chr14:58646696:G>C	1	0.9438031773192592
chr18:7044758:T>C	2	1
chr4:25012466:G>A	2	1
chr8:112289439:C>T	2	1
chr1:181726093:A>C	3	0.32688014804174625
chr11:118200511:G>C	3	0.32688014804174625
chr14:106578742:TGTCTCGCACAGTAATACAT>GTTCGAGG	3	0.32688014804174625
chr15:55439530:C>T	3	0.32688014804174625
chr17:59210187:G>A	3	0.32688014804174625
chr17:59210458:G>A	3	0.32688014804174625
chr18:5423426:C>G	3	0.32688014804174625
chr19:56027575:G>C	3	0.32688014804174625
chr2:27470997:C>G	3	0.32688014804174625
chr2:205125730:G>A	3	0.32688014804174625
chr22:38089101:G>C	3	0.32688014804174625
chr3:183072459:G>C	3	0.32688014804174625
chr5:96421914:G>C	3	0.32688014804174625
chr8:22727197:C>G	3	0.32688014804174625
chr8:130909745:C>T	3	0.32688014804174625
chr11:33287064:G>C	4	0.10436829350534374
chr12:44610954:G>C	4	0.10436829350534374
chr15:48767370:G>T	4	0.10436829350534374
chr16:54932870:G>A	4	0.10436829350534374
chr17:58213850:C>T	4	0.10436829350534374
chr18:58333824:G>C	4	0.10436829350534374
chr19:19537512:C>T	4	0.10436829350534374
chr4:113359130:C>T	4	0.10436829350534374
chr4:182324111:G>A	4	0.10436829350534374
chr6:65344096:A>C	4	0.10436829350534374
chr8:41672436:G>C	4	0.10436829350534374
chr9:135786301:G>A	4	0.10436829350534374
chrX:154460616:G>A	4	0.10436829350534374
chr1:85183021:G>A	5	0.1753179631705242
chr1:116035223:G>C	5	0.1753179631705242
chr11:56642201:G>C	5	0.1753179631705242
chr13:27920203:G>T	5	0.1753179631705242
chr13:35352276:C>T	5	0.1753179631705242
chr16:89199536:G>A	5	0.1753179631705242
chr17:7482409:C>G	5	0.1753179631705242
chr17:7482410:C>T	5	0.1753179631705242
chr19:58571136:T>C	5	0.1753179631705242
chr7:100064169:G>A	5	0.1753179631705242
chr9:127815989:G>A	5	0.1753179631705242
chr16:60358487:G>A	6	0.8093185743058475
chr16:81148302:G>C	6	0.8093185743058475
chr19:45783683:C>-	6	0.8093185743058475
chr2:89221690:ACTGTGGGAGGAGTTTGTAGAG>CGT	7	-1
chr7:38349355:->CGGG	8	-1
