mutation_id	myclone_id	myclone_ccf
chr20:20288722:C>T	1	1
chr11:94380492:C>A	2	0.718748436142112
chr11:121137782:C>T	2	0.718748436142112
chr22:19041920:C>T	2	0.718748436142112
chr12:103705680:C>T	3	0.2714067309314228
chr3:75737110:C>T	3	0.2714067309314228
chr5:181241631:G>A	3	0.2714067309314228
chr7:101038884:T>C	3	0.2714067309314228
chr1:114716123:C>T	4	0.5269620811287478
chr15:48249575:C>T	4	0.5269620811287478
chr14:93580283:C>A	5	0.16975603319356045
chr17:32050051:G>A	6	0.7855074626865672
