mutation_id	myclone_id	myclone_ccf
chr16:28342938:G>A	1	0.5177809388335703
chr12:25209894:G>C	1	0.5177809388335703
chr19:6475880:C>A	2	0.9042016806722688
chr16:31412880:G>T	3	0.3648018648018647
chr2:178856306:G>A	3	0.3648018648018647
chr12:130354642:C>G	4	0.2936668594563331
chr6:145894936:C>T	4	0.2936668594563331
chr1:111982409:C>T	5	0.7428654657399938
chr1:247775571:C>T	5	0.7428654657399938
chr11:62389203:G>A	5	0.7428654657399938
chr12:121430475:G>C	5	0.7428654657399938
chr16:76449749:C>T	5	0.7428654657399938
chr5:173090475:C>T	5	0.7428654657399938
chr6:38913945:C>T	5	0.7428654657399938
chr9:122789275:G>A	5	0.7428654657399938
chrX:10117249:T>A	5	0.7428654657399938
chr19:45213081:C>T	6	0.0891341609236544
chr19:58562193:G>A	6	0.0891341609236544
chr22:16592051:G>A	6	0.0891341609236544
chrX:119852779:C>G	6	0.0891341609236544
chr12:50697143:G>C	7	1
