mutation_id	myclone_id	myclone_ccf
chr15:33311090:G>A	1	0.13860160658887832
chr15:82783025:C>G	1	0.13860160658887832
chrX:48981269:C>G	1	0.13860160658887832
chrX:49832596:G>A	1	0.13860160658887832
chr1:173477440:G>C	1	0.13860160658887832
chr10:44982633:C>T	1	0.13860160658887832
chr12:50098965:G>C	1	0.13860160658887832
chr14:23055597:C>G	1	0.13860160658887832
chr17:1470464:C>G	1	0.13860160658887832
chr17:12722865:C>G	1	0.13860160658887832
chr17:58357833:G>C	1	0.13860160658887832
chr17:75778944:G>C	1	0.13860160658887832
chr19:49865235:C>G	1	0.13860160658887832
chr2:21007093:C>G	1	0.13860160658887832
chr2:69505616:G>C	1	0.13860160658887832
chr2:73926932:C>G	1	0.13860160658887832
chr2:203489687:G>C	1	0.13860160658887832
chr2:231109194:G>C	1	0.13860160658887832
chr3:40209913:C>G	1	0.13860160658887832
chr6:49692854:C>G	1	0.13860160658887832
chrX:53194305:C>T	2	0.6329670329670328
chr11:62572662:C>T	3	0.06496229232995976
chr14:23429850:C>T	3	0.06496229232995976
chr3:32138591:C>T	3	0.06496229232995976
chr4:9980702:C>T	3	0.06496229232995976
chr6:132744476:G>A	3	0.06496229232995976
chr1:2529936:C>T	4	0.4334432291939224
chr3:64023363:G>A	4	0.4334432291939224
chr3:14820985:C>T	5	0.5803991237011651
chr4:113355998:G>C	5	0.5803991237011651
