mutation_id	myclone_id	myclone_ccf
chrX:12717028:G>A	1	0.5603715170278638
chr10:128103972:G>A	1	0.5603715170278638
chr7:73313360:C>T	1	0.5603715170278638
chr11:61411043:C>T	2	0.1606118546845124
chr12:80708187:G>A	3	0.4404845850186929
chr17:49619075:->TTGCCGCG	3	0.4404845850186929
chr19:18086816:G>C	3	0.4404845850186929
chr2:201658504:C>A	3	0.4404845850186929
chr3:47412103:C>T	3	0.4404845850186929
chr19:16529720:C>T	4	0.7217877117472664
chr2:182967215:C>T	4	0.7217877117472664
chr2:209692982:C>T	4	0.7217877117472664
chr3:48550120:C>T	4	0.7217877117472664
chr4:183321995:C>T	4	0.7217877117472664
chr12:88192802:C>T	5	0.8753199268738574
chr5:136356711:G>A	5	0.8753199268738574
