mutation_id	myclone_id	myclone_ccf
chr17:1725051:->C	1	0.8195811038367222
chr2:112752325:A>T	1	0.8195811038367222
chr3:132450798:C>T	1	0.8195811038367222
chr10:73208643:A>C	2	0.14775099168926506
chr2:190519094:G>C	2	0.14775099168926506
chr9:21971139:C>T	2	0.14775099168926506
chr1:237633635:C>T	3	0.571303343155398
chr22:36316550:C>T	3	0.571303343155398
chr17:67108583:G>C	4	0.07146999304937371
chr2:17781208:G>T	4	0.07146999304937371
chr17:81955543:G>A	5	1.0
chr18:5438073:A>G	5	1.0
chr19:43024937:G>T	5	1.0
chr2:165389510:C>T	5	1.0
chr1:28714286:C>T	6	0.8810044070349508
chr2:43852691:C>T	6	0.8810044070349508
chr2:140541832:T>A	6	0.8810044070349508
chr22:30555078:C>T	6	0.8810044070349508
chr2:89085175:GGA>AGGAGG	7	-1
