mutation_id	myclone_id	myclone_ccf
chr1:6225256:G>C	1	0.9855309872168846
chr11:2698229:G>C	1	0.9855309872168846
chr14:24163433:->GGTCTAA	1	0.9855309872168846
chr15:29718704:G>A	1	0.9855309872168846
chr2:219568214:G>A	1	0.9855309872168846
chr5:144473858:G>A	1	0.9855309872168846
chr7:31106571:C>T	1	0.9855309872168846
chr8:51475036:G>A	1	0.9855309872168846
chr4:41689595:T>G	1	0.9855309872168846
chr2:185808013:A>T	2	0.5578760511324616
chr7:42912042:C>T	3	0.075317432242545
chr8:76854053:G>T	3	0.075317432242545
chr10:122429635:C>T	4	0.1891010867942211
