mutation_id	myclone_id	myclone_ccf
chr2:113406871:->GG	1	1.0
chr20:46009977:GGTGAGCTGGATA>CTCG	2	0.2793036939378402
chr11:6956431:C>T	3	0.6670703655347802
chr12:25245350:C>G	3	0.6670703655347802
chr19:4099213:G>A	3	0.6670703655347802
chr3:11025504:G>A	3	0.6670703655347802
chr10:127418474:C>T	4	0.1896520606087585
chr18:33957446:C>T	4	0.1896520606087585
chr5:141330754:T>C	5	0.3327362440191385
chr10:74103924:G>C	6	0.9478828327239093
chr5:140877194:A>G	6	0.9478828327239093
chr6:138255529:C>T	6	0.9478828327239093
