mutation_id	myclone_id	myclone_ccf
chr1:215628960:G>A	1	0.993213277548343
chr10:48821095:C>T	1	0.993213277548343
chr13:37651428:C>T	1	0.993213277548343
chr17:7673802:C>A	1	0.993213277548343
chr22:45518686:C>T	1	0.993213277548343
chr15:99130590:G>A	2	0.15548709431145147
chr17:50075657:C>T	2	0.15548709431145147
chr7:100993086:C>A	2	0.15548709431145147
chrX:44873663:->CC	2	0.15548709431145147
chr14:88426402:C>A	3	0.08093148497747467
chr20:58842076:G>A	3	0.08093148497747467
chr3:41234167:C>T	3	0.08093148497747467
chr2:107827049:C>T	4	0.2416546853270442
