mutation_id	myclone_id	myclone_ccf
chr13:112819306:G>A	1	0.4609516278687398
chr11:32700790:C>-	2	0.8747116636410651
chr19:7768982:C>T	2	0.8747116636410651
chr19:15807598:C>A	2	0.8747116636410651
chr2:100990857:C>T	2	0.8747116636410651
chr20:46725914:G>A	2	0.8747116636410651
chr4:186280060:C>T	2	0.8747116636410651
chr7:111124140:G>A	2	0.8747116636410651
chr1:52393718:C>T	3	1.0
chr20:45330456:C>T	3	1.0
chr20:53255058:G>A	3	1.0
chr14:106592675:->CC	4	-1
