mutation_id	myclone_id	myclone_ccf
chr2:138671481:T>C	1	1.0
chr9:120536473:C>T	1	1.0
chr2:85579776:->GGTTCC	2	0.6465527065815672
chr1:155264670:A>C	3	0.837374014035758
chr20:1551898:G>A	4	0.2776728791345492
chr19:10353059:C>G	5	0.1416628067618309
chr4:121932808:C>T	5	0.1416628067618309
chrX:15564186:C>T	6	-1
