mutation_id	myclone_id	myclone_ccf
chr19:31277444:G>A	1	0.8222565454887926
chr1:154337489:T>G	2	0.1045402450344048
chr12:26064973:T>G	3	1.0
chr15:88135108:G>T	3	1.0
chr7:150330466:G>A	3	1.0
chr1:114716123:C>T	4	0.4885494914289897
chr2:219547835:C>T	4	0.4885494914289897
chr8:143923726:G>A	4	0.4885494914289897
chr4:56316230:C>T	4	0.4885494914289897
chr10:103882737:C>T	5	0.2886019128386796
chr10:105139473:A>C	5	0.2886019128386796
chr12:25225713:T>A	5	0.2886019128386796
chr16:3736796:A>C	5	0.2886019128386796
chr2:233811881:C>T	5	0.2886019128386796
chr3:131349649:T>A	5	0.2886019128386796
chr3:180616314:G>C	5	0.2886019128386796
chr5:141102568:T>A	5	0.2886019128386796
