mutation_id	myclone_id	myclone_ccf
chr2:182751727:G>A	1	0.8
chr19:22988435:C>T	2	0.3013698630136986
chrX:108733065:C>A	3	0.35151515151515145
chrX:130021075:G>A	4	0.4193168433451116
