mutation_id	myclone_id	myclone_ccf
chr12:25245332:G>T	1	0.9363404826122148
chr13:102873332:G>A	1	0.9363404826122148
chr15:89649752:C>T	1	0.9363404826122148
chr18:21449679:G>T	1	0.9363404826122148
chr5:146600403:G>A	1	0.9363404826122148
chr7:135363032:C>T	1	0.9363404826122148
chr9:115090694:G>A	1	0.9363404826122148
chr20:33178171:C>T	1	0.9363404826122148
chr11:3104302:G>A	2	0.8180361205746713
chr12:111320227:G>A	2	0.8180361205746713
chr16:67149352:C>T	2	0.8180361205746713
chr2:178782885:C>T	2	0.8180361205746713
chr10:24524444:G>A	3	1.0365535248041775
chr21:26965922:G>A	4	0.8810888252148996
