mutation_id	myclone_id	myclone_ccf
chr14:106268601:CTGTGT>TGAC	1	0.6942924222117192
chr17:8345785:C>T	1	0.6942924222117192
chr17:41584373:C>T	1	0.6942924222117192
chr17:68986184:G>A	1	0.6942924222117192
chr1:26354575:G>A	2	0.102624671335889
chr15:55916094:C>G	2	0.102624671335889
chr3:154217911:A>G	2	0.102624671335889
chr1:176556571:C>T	3	0.9793303185056985
chr1:237709079:A>T	3	0.9793303185056985
chr10:38118034:G>A	3	0.9793303185056985
chr10:73653506:C>G	3	0.9793303185056985
chr2:185808175:T>A	3	0.9793303185056985
chr14:104884495:C>T	4	0.8387907057945752
chr19:54909386:G>A	4	0.8387907057945752
chr2:84822029:C>T	4	0.8387907057945752
chr2:157258328:G>T	4	0.8387907057945752
chr3:129458605:G>A	4	0.8387907057945752
chr6:31644995:A>G	4	0.8387907057945752
chr6:118277496:C>T	4	0.8387907057945752
chrX:9027884:C>T	4	0.8387907057945752
chr9:61193887:C>A	5	-1
