mutation_id	myclone_id	myclone_ccf
chr16:70120554:A>G	1	0.5835167041370134
chr2:27508027:A>C	2	0.0980176709177799
chr5:160199156:A>G	2	0.0980176709177799
chr10:117134207:C>T	2	0.0980176709177799
chr18:54224274:G>C	3	1.0
chr2:238141262:G>A	3	1.0
chr21:46117404:A>G	3	1.0
chr3:63609255:A>C	3	1.0
chr4:69957435:G>T	3	1.0
chr5:161336744:C>G	3	1.0
chr7:141779181:G>A	3	1.0
chr8:143728355:G>A	3	1.0
chr9:71121211:G>A	3	1.0
chr17:16061428:A>-	4	0.8243873365163248
chr18:5397409:C>T	4	0.8243873365163248
chr19:7899564:C>T	4	0.8243873365163248
chr2:196789917:->G	4	0.8243873365163248
