mutation_id	myclone_id	myclone_ccf
chr2:198089026:G>C	1	0.1224867781980124
chr12:25225709:C>T	2	0.5262636265536645
chr19:41091751:C>T	2	0.5262636265536645
chr3:97244101:G>A	3	0.34504811022628257
chrX:112790725:C>T	3	0.34504811022628257
chr12:11885949:->A	4	0.7291078805313593
chr3:142470145:A>T	4	0.7291078805313593
chr4:42579938:C>T	4	0.7291078805313593
chr1:43936529:G>C	5	0.9881382742694558
chr1:152304928:G>A	5	0.9881382742694558
chr10:71690582:C>T	5	0.9881382742694558
chr11:14786441:C>T	5	0.9881382742694558
chr13:94466655:G>T	5	0.9881382742694558
chr18:31475820:A>T	5	0.9881382742694558
chr20:62880372:C>T	5	0.9881382742694558
chr5:179833622:T>C	5	0.9881382742694558
chr9:70413337:G>A	5	0.9881382742694558
