mutation_id	myclone_id	myclone_ccf
chr1:176791355:C>A	1	0.9332433655700885
chr12:25245350:C>T	1	0.9332433655700885
chr5:141366150:G>A	1	0.9332433655700885
chr7:73736631:C>T	1	0.9332433655700885
chr14:22905377:G>A	2	0.9990165719430365
chr4:109945131:A>G	2	0.9990165719430365
chr4:182751939:G>A	2	0.9990165719430365
