mutation_id	myclone_id	myclone_ccf
chr1:92836320:->A	1	0.7317959418071245
chr1:176791427:A>C	1	0.7317959418071245
chr14:106714686:->CC	1	0.7317959418071245
chr19:31278444:G>T	1	0.7317959418071245
chr7:1550901:C>T	1	0.7317959418071245
chr1:227112891:C>T	2	0.9776912563325868
chr10:110964362:A>G	2	0.9776912563325868
chr11:64736802:C>A	2	0.9776912563325868
chr12:6936936:T>A	2	0.9776912563325868
chr12:82386895:C>A	2	0.9776912563325868
chr15:82677677:G>A	2	0.9776912563325868
chr17:83048681:A>T	2	0.9776912563325868
chr2:15945776:G>A	2	0.9776912563325868
chr3:51090349:T>G	2	0.9776912563325868
chr7:13931667:G>A	2	0.9776912563325868
chr7:108111891:T>C	2	0.9776912563325868
chr9:38396540:C>T	3	-1
chr14:106592681:->AGGAAG	4	-1
