mutation_id	myclone_id	myclone_ccf
chr15:40213334:T>A	1	0.939060961024342
chr16:66610851:C>T	1	0.939060961024342
chr1:103026236:C>G	2	0.11769869500339834
chr6:5085903:C>T	2	0.11769869500339834
chrX:7259549:C>A	2	0.11769869500339834
chr2:219468894:C>T	3	0.5296138976039869
chr7:49937592:C>T	3	0.5296138976039869
chr8:75558803:G>T	3	0.5296138976039869
chr1:236754025:C>T	4	0.4182739574844385
chr1:248203138:A>G	4	0.4182739574844385
chr14:96285767:G>A	4	0.4182739574844385
chr5:119133566:A>C	4	0.4182739574844385
chr6:29440898:G>A	4	0.4182739574844385
chr11:17559631:C>T	5	-1
chr12:25245348:C>A	5	-1
chr3:172448200:G>A	5	-1
chr11:60292367:G>T	6	-1
chr13:96833074:G>A	6	-1
chr2:90221292:->GG	6	-1
chr3:133928467:G>A	6	-1
