mutation_id	myclone_id	myclone_ccf
chr1:26197781:C>T	1	0.1947300948221611
chr17:44910617:C>T	1	0.1947300948221611
chrX:34130846:G>C	1	0.1947300948221611
chr12:2887982:A>G	2	1.0
chr15:77615543:G>A	2	1.0
chr9:93110599:G>T	2	1.0
chr12:108292422:C>A	3	0.5761051908459167
chr14:70167662:C>T	3	0.5761051908459167
chr14:106470265:T>-	3	0.5761051908459167
chr19:34433366:->T	3	0.5761051908459167
chr4:56314660:G>T	3	0.5761051908459167
chr10:100496426:C>T	4	0.37017230895888603
chr11:84059374:C>T	4	0.37017230895888603
chr11:103222046:G>T	4	0.37017230895888603
chr12:100256181:T>C	4	0.37017230895888603
chr2:32290605:G>C	4	0.37017230895888603
chr4:153295765:C>T	4	0.37017230895888603
chr4:186588639:C>G	4	0.37017230895888603
chr1:154602294:C>T	5	0.08305393878351502
chr14:32822059:G>A	5	0.08305393878351502
chr19:40036252:G>C	5	0.08305393878351502
chr3:138270058:G>A	5	0.08305393878351502
chr3:139044517:G>A	5	0.08305393878351502
chr4:125448690:C>T	5	0.08305393878351502
chr6:36426035:G>C	5	0.08305393878351502
chr9:90887816:C>T	5	0.08305393878351502
chr1:65364655:G>A	6	0.2845779328280265
chr15:60466692:C>T	6	0.2845779328280265
chr17:75491701:G>A	6	0.2845779328280265
chr2:178674377:C>TT	6	0.2845779328280265
chr3:51420833:G>A	6	0.2845779328280265
chr4:575655:G>A	6	0.2845779328280265
chr5:41065412:C>T	6	0.2845779328280265
chr8:38401048:G>C	6	0.2845779328280265
chr8:96160442:->C	6	0.2845779328280265
chr14:106359785:ACTGTGTCTCTCGCACAGTAAT>CCCAGGG	7	-1
