mutation_id	myclone_id	myclone_ccf
chr13:21391842:C>T	1	0.7715308413130255
chr20:8658589:C>G	1	0.7715308413130255
chr12:111334661:G>A	2	1
chr15:28265945:G>A	2	1
chr5:94520319:C>G	2	1
chr6:146788516:G>C	2	1
chr1:2790000:G>C	3	0.3177843829545285
chr1:10106455:C>T	3	0.3177843829545285
chr1:58576454:G>C	3	0.3177843829545285
chr1:65636301:G>T	3	0.3177843829545285
chr1:156937416:G>C	3	0.3177843829545285
chr1:179882713:G>C	3	0.3177843829545285
chr10:97616783:C>G	3	0.3177843829545285
chr10:126461414:G>C	3	0.3177843829545285
chr12:9077716:G>C	3	0.3177843829545285
chr13:25315408:C>G	3	0.3177843829545285
chr14:20460290:C>G	3	0.3177843829545285
chr14:20460757:C>A	3	0.3177843829545285
chr14:23033385:C>T	3	0.3177843829545285
chr17:9022481:G>A	3	0.3177843829545285
chr17:44008600:G>A	3	0.3177843829545285
chr19:44778131:G>A	3	0.3177843829545285
chr19:55578592:C>G	3	0.3177843829545285
chr19:56222264:C>T	3	0.3177843829545285
chr2:63920592:G>C	3	0.3177843829545285
chr22:41577894:C>T	3	0.3177843829545285
chr3:30650397:G>A	3	0.3177843829545285
chr3:54899837:C>G	3	0.3177843829545285
chr3:65356744:C>G	3	0.3177843829545285
chr3:65429565:C>T	3	0.3177843829545285
chr3:119477433:C>G	3	0.3177843829545285
chr3:173604790:G>A	3	0.3177843829545285
chr4:93110897:C>G	3	0.3177843829545285
chr4:121859162:C>T	3	0.3177843829545285
chr5:81311270:C>G	3	0.3177843829545285
chr6:10924512:G>C	3	0.3177843829545285
chr6:20109705:G>C	3	0.3177843829545285
chr6:33406393:C>T	3	0.3177843829545285
chr6:38594143:C>T	3	0.3177843829545285
chr6:82200622:G>A	3	0.3177843829545285
chr7:140778053:C>G	3	0.3177843829545285
chr8:94380272:T>C	3	0.3177843829545285
chr9:17789544:G>A	3	0.3177843829545285
chr9:83853778:C>G	3	0.3177843829545285
chr9:93319143:C>T	3	0.3177843829545285
chr9:103005651:G>C	3	0.3177843829545285
chr1:59833441:G>A	4	0.12324979862007254
chr1:147992540:C>G	4	0.12324979862007254
chr1:171557553:C>G	4	0.12324979862007254
chr12:130424374:C>T	4	0.12324979862007254
chr13:83880971:G>A	4	0.12324979862007254
chr18:37067502:C>T	4	0.12324979862007254
chr19:3178871:C>T	4	0.12324979862007254
chr2:68293927:C>T	4	0.12324979862007254
chr3:132356733:C>T	4	0.12324979862007254
chr7:30146251:G>C	4	0.12324979862007254
chr9:136723333:C>T	4	0.12324979862007254
