mutation_id	myclone_id	myclone_ccf
chrX:107982017:C>G	1	0.5532646048109966
chr13:25559004:C>T	1	0.5532646048109966
chr2:113406869:CA>-	1	0.5532646048109966
chr8:54739011:C>T	1	0.5532646048109966
chr1:152351184:T>C	1	0.5532646048109966
chr2:195809746:G>A	1	0.5532646048109966
chr9:12704539:C>A	1	0.5532646048109966
chr1:207466775:G>C	2	0.15142502291243373
chr17:47916797:G>A	2	0.15142502291243373
chr4:185459056:T>G	2	0.15142502291243373
chr14:24150807:G>T	3	0.4328120172732658
chr19:16907091:C>T	3	0.4328120172732658
chr4:148194779:G>A	3	0.4328120172732658
chr5:896762:T>A	3	0.4328120172732658
chr20:31845136:G>A	4	0.6242501088861474
chr5:157651544:G>A	4	0.6242501088861474
chr7:12523043:G>T	4	0.6242501088861474
chr7:151040582:G>A	4	0.6242501088861474
chr9:100327841:G>A	5	0.42647058823529405
chr1:24075462:G>C	6	0.662659699779516
chr10:49326523:C>T	6	0.662659699779516
