mutation_id	myclone_id	myclone_ccf
chr9:35698505:C>A	1	0.8738738738738738
chr1:111230809:C>T	1	0.8738738738738738
chr11:2588752:G>T	1	0.8738738738738738
chr19:4550154:G>A	1	0.8738738738738738
chr3:31879824:G>A	1	0.8738738738738738
chr6:116553900:C>T	1	0.8738738738738738
chr7:4835209:G>A	1	0.8738738738738738
chr7:117760645:C>T	1	0.8738738738738738
chr7:128844964:C>T	1	0.8738738738738738
chr9:24543753:G>A	1	0.8738738738738738
chr17:41585048:C>T	2	-1
chr2:108497078:C>G	2	-1
chr4:158671711:G>A	2	-1
chr5:9051972:G>A	2	-1
chr5:141671300:G>A	2	-1
chr1:170730283:G>A	3	-1
chr1:27549284:G>A	4	0.7266428953469808
chr1:52907886:C>T	4	0.7266428953469808
chr16:2762814:C>T	4	0.7266428953469808
chr19:50858165:G>A	4	0.7266428953469808
chr9:100578424:G>A	4	0.7266428953469808
chr1:155904494:A>GGGC	5	-1
chr17:20579898:C>T	5	-1
chr4:125451399:G>A	5	-1
chr5:113532928:G>A	5	-1
chr6:30660105:G>A	5	-1
chr3:122708248:C>T	6	0.773077307730773
chr7:134575432:->GCG	6	0.773077307730773
chr14:94366335:A>T	7	-1
chr17:8480414:C>T	7	-1
chr18:80135723:C>T	7	-1
chr4:93085153:C>T	7	-1
chr10:94942308:C>T	8	0.29812801731126215
chr11:5454390:G>A	8	0.29812801731126215
chr19:56823651:G>A	8	0.29812801731126215
chr8:68331231:C>T	8	0.29812801731126215
chrX:87664913:C>T	8	0.29812801731126215
chr22:41160682:G>T	9	0.174216027874564
chr10:60071095:C>T	10	-1
chr10:133186178:G>A	10	-1
chr14:23564134:G>A	10	-1
chr17:1468482:G>A	10	-1
chr2:113406872:->GGTGCCTCGG	10	-1
chr5:33661938:C>T	10	-1
chr21:45455902:C>T	11	-1
chr7:74121292:C>A	12	1.1328976034858385
chr7:130322569:G>T	12	1.1328976034858385
