mutation_id	myclone_id	myclone_ccf
chr11:124619367:C>T	1	0.0630458515283842
chr7:6004055:A>G	2	1
chr17:1640601:G>A	3	0.39182242990654204
chr9:127825809:C>T	3	0.39182242990654204
chr1:92476107:->C	4	0.7620267174788398
chr2:169510452:G>A	4	0.7620267174788398
chr10:20869786:C>T	5	0.844454334660636
chr19:54804877:G>A	5	0.844454334660636
chr12:11853461:->AC	6	0.2376435321775653
chr22:27798209:C>T	6	0.2376435321775653
chr6:158449137:G>A	6	0.2376435321775653
chr11:4489470:G>A	7	0.1353001118925831
chr19:7440393:G>A	7	0.1353001118925831
