mutation_id	myclone_id	myclone_ccf
chr12:43731755:G>A	1	0.17804319805356694
chr17:10400561:A>G	1	0.17804319805356694
chr2:186762679:G>A	1	0.17804319805356694
chr10:133467940:C>T	2	0.5341696945271135
chr19:50790601:G>A	2	0.5341696945271135
chr5:14745876:G>TCT	2	0.5341696945271135
chr1:107057550:T>A	3	1.0
chr19:8073148:G>T	3	1.0
chr2:178775497:G>A	3	1.0
chr3:105704165:->CCC	3	1.0
chr9:130431411:C>T	3	1.0
chr20:1476320:G>A	4	0.373128119637167
chr12:157121:G>T	4	0.373128119637167
chr1:158669712:G>A	5	0.7365589427617768
chr11:60224989:C>T	5	0.7365589427617768
chr9:94571463:G>A	6	-1
chr14:106506996:T>GG	7	-1
chrY:9359420:C>T	7	-1
chrX:54930792:C>A	8	-1
