mutation_id	myclone_id	myclone_ccf
chr4:119164314:G>A	1	1
chr3:46459699:C>A	2	0.0759931842324548
chr5:97013748:A>G	2	0.0759931842324548
chr12:130428335:C>T	3	0.4458356543285786
chr15:73325098:C>T	3	0.4458356543285786
chr2:89937679:->GCGGC	3	0.4458356543285786
chr2:113406871:TTCAC>-	3	0.4458356543285786
chr20:5302498:C>T	3	0.4458356543285786
chr5:32061099:G>A	3	0.4458356543285786
chr2:185806233:G>C	4	0.313349320543565
chr13:69740467:T>G	4	0.313349320543565
chr2:209813647:C>T	5	0.6004277156786967
chr5:140883344:T>G	5	0.6004277156786967
chr14:106268607:C>-	6	0.13847396320860966
chr14:106301394:GGTATCCGTGC>-	6	0.13847396320860966
