mutation_id	myclone_id	myclone_ccf
chr11:35619883:G>A	1	0.24149650386892207
chr14:102039499:A>G	1	0.24149650386892207
chr15:55641116:C>T	1	0.24149650386892207
chr15:56094115:G>A	1	0.24149650386892207
chr3:136152085:G>C	1	0.24149650386892207
chr11:5755413:C>T	2	0.5780539078013763
chr16:3443136:->G	2	0.5780539078013763
chr18:11752495:G>A	2	0.5780539078013763
chr19:45761772:G>A	2	0.5780539078013763
chr8:108784411:G>A	2	0.5780539078013763
chr3:120331227:G>C	3	0.711322967945231
chr5:1037985:C>T	3	0.711322967945231
chr7:45686171:G>A	3	0.711322967945231
chr2:166042334:G>A	4	1.0
chr20:41454626:C>T	4	1.0
chr5:148203142:T>C	4	1.0
chr6:110424892:T>C	4	1.0
chr15:81362225:A>T	5	0.1628061305166971
chr2:69869807:T>C	5	0.1628061305166971
chr2:225582107:G>A	5	0.1628061305166971
chrX:153944319:G>T	6	-1
chr14:106675021:GCACAG>CC	7	-1
chrX:130015149:G>T	8	-1
chrX:130015150:G>A	8	-1
