mutation_id	myclone_id	myclone_ccf
chr13:109127375:G>A	1	0.48512645289343725
chr3:47122149:->AAAG	1	0.48512645289343725
chr16:11679428:C>T	2	0.9624567195037811
chr17:48550436:G>A	2	0.9624567195037811
chr19:4932892:G>A	2	0.9624567195037811
