mutation_id	myclone_id	myclone_ccf
chr1:114713908:T>G	1	0.3158587907166443
chr11:118530800:C>T	1	0.3158587907166443
chr15:40369264:G>A	1	0.3158587907166443
chr9:132687241:G>T	1	0.3158587907166443
chr1:116397904:G>A	2	0.4847993574311881
chr11:5788449:T>A	2	0.4847993574311881
chr11:88294185:G>C	2	0.4847993574311881
chr20:62353233:C>T	2	0.4847993574311881
chr21:31995915:C>A	2	0.4847993574311881
chrX:130039270:C>T	2	0.4847993574311881
chr1:181755301:T>C	3	0.8345360762360556
chr1:186675291:G>A	3	0.8345360762360556
chr14:33215372:G>A	3	0.8345360762360556
chrX:141907872:C>T	3	0.8345360762360556
chr17:60426311:G>A	4	1
chr1:55046543:C>T	5	0.6784832621143386
chr19:56815295:G>C	5	0.6784832621143386
chr2:159748358:T>G	5	0.6784832621143386
chr2:178588661:G>A	5	0.6784832621143386
chr5:122152229:G>T	5	0.6784832621143386
chr14:106639119:T>C	6	-1
chr14:105707825:G>A	7	-1
chr14:106639121:->CCCGG	8	-1
