mutation_id	myclone_id	myclone_ccf
chr1:10256315:C>G	1	0.84617577884443
chr1:157803912:G>T	1	0.84617577884443
chr1:169617321:C>T	1	0.84617577884443
chr1:197143524:->G	1	0.84617577884443
chr10:126388120:G>A	1	0.84617577884443
chr12:20369601:G>A	1	0.84617577884443
chr19:7612509:G>C	1	0.84617577884443
chr2:47800056:C>T	1	0.84617577884443
chr2:165128035:C>T	1	0.84617577884443
chr2:178587292:C>T	1	0.84617577884443
chr2:232790865:G>C	1	0.84617577884443
chr3:47122957:G>C	1	0.84617577884443
chr3:141553868:->C	1	0.84617577884443
chr6:26123548:G>A	1	0.84617577884443
chr6:53919522:G>C	1	0.84617577884443
chr6:54940656:G>A	1	0.84617577884443
chr6:83580582:C>T	1	0.84617577884443
chr6:166307582:C>G	1	0.84617577884443
chr7:143935597:G>A	1	0.84617577884443
chr8:25374632:T>C	1	0.84617577884443
chr8:51408384:C>T	1	0.84617577884443
chr9:27169603:C>T	1	0.84617577884443
chr9:127403681:C>T	1	0.84617577884443
chrX:56269466:G>C	1	0.84617577884443
chrX:152928588:G>A	1	0.84617577884443
chr1:3411903:C>T	2	0.08914037933693465
chr21:30372022:G>A	2	0.08914037933693465
chr8:66177454:G>A	2	0.08914037933693465
chr1:47117889:C>G	3	1
chr1:153817517:G>A	3	1
chr1:248022478:C>G	3	1
chr12:5969272:G>C	3	1
chr12:25225709:C>T	3	1
chr13:24434909:G>C	3	1
chr14:24310798:T>A	3	1
chr19:18396621:C>T	3	1
chr19:34450312:G>T	3	1
chr19:36032317:C>T	3	1
chr19:36996790:C>A	3	1
chr19:39408023:C>A	3	1
chr2:95149687:C>G	3	1
chr2:131480286:C>T	3	1
chr2:178332960:A>G	3	1
chr2:205440419:C>G	3	1
chr20:23035948:G>A	3	1
chr21:29047209:C>T	3	1
chr3:178825743:G>A	3	1
chr3:183927341:G>A	3	1
chr4:121932891:C>T	3	1
chr4:150583299:C>T	3	1
chr6:13053378:G>C	3	1
chr6:116920397:C>G	3	1
chr6:145921229:C>G	3	1
chr8:23852341:G>A	3	1
chr8:76704921:T>C	3	1
chr9:98201574:C>T	3	1
chr9:100450813:G>C	3	1
chrX:15363234:G>C	3	1
chrX:18999252:G>C	3	1
chrX:48808084:C>G	3	1
chrX:78755662:T>A	3	1
