mutation_id	myclone_id	myclone_ccf
chr10:85724591:G>A	1	0.48474520149443967
chr11:114530776:C>G	1	0.48474520149443967
chr15:24676761:C>T	1	0.48474520149443967
chr18:46483712:G>C	1	0.48474520149443967
chr2:232548227:C>T	1	0.48474520149443967
chr20:9423937:C>G	1	0.48474520149443967
chr8:104531937:C>G	1	0.48474520149443967
chrX:2490321:G>A	1	0.48474520149443967
chr3:189971914:G>A	2	0.7840272548525152
chr4:103589744:A>G	2	0.7840272548525152
chr6:142075839:T>A	2	0.7840272548525152
chr7:87443360:C>A	2	0.7840272548525152
chr10:68197475:T>C	3	0.6164862302151988
chr11:114530657:C>G	3	0.6164862302151988
chr14:81277455:A>G	3	0.6164862302151988
chr15:29126341:G>A	3	0.6164862302151988
chr16:75229834:C>T	3	0.6164862302151988
chr16:85067170:C>T	3	0.6164862302151988
chr18:33738781:G>C	3	0.6164862302151988
chr3:185473118:G>C	3	0.6164862302151988
chr5:168510675:G>C	3	0.6164862302151988
chr7:39464345:G>C	3	0.6164862302151988
chr1:15094202:C>T	4	0.30891416948633454
chr1:152303232:C>G	4	0.30891416948633454
chr1:167870370:C>T	4	0.30891416948633454
chr11:78891294:G>A	4	0.30891416948633454
chr12:33439388:C>T	4	0.30891416948633454
chr12:64127660:G>C	4	0.30891416948633454
chr12:117761343:G>T	4	0.30891416948633454
chr14:88468996:C>T	4	0.30891416948633454
chr7:151176275:G>A	4	0.30891416948633454
chr8:109464403:G>T	4	0.30891416948633454
chr19:49290749:C>T	5	-1
chr19:50289573:C>G	5	-1
chr21:29939404:C>T	6	-1
chr17:29848917:C>G	7	-1
chrX:23394159:G>T	7	-1
chr12:50354389:G>A	8	-1
chr19:4353004:G>C	8	-1
chr21:41857248:C>T	9	-1
