mutation_id	myclone_id	myclone_ccf
chr10:110598247:T>C	1	0.07158866461143946
chr22:49823260:G>A	1	0.07158866461143946
chr5:135028832:C>T	1	0.07158866461143946
chr10:79292295:C>A	2	0.17740173997527978
chr11:67433007:C>T	2	0.17740173997527978
chr17:49046282:C>T	2	0.17740173997527978
chr15:65624950:C>T	3	0.3597569767654786
chr16:2106478:G>A	3	0.3597569767654786
chr1:2789770:C>T	4	0.9036374409114198
chr11:3122023:C>T	4	0.9036374409114198
chr12:53381767:G>A	4	0.9036374409114198
chr12:109242577:G>A	4	0.9036374409114198
chr17:37207775:G>T	4	0.9036374409114198
chr17:81908941:G>A	4	0.9036374409114198
chr19:40550289:G>A	4	0.9036374409114198
chr15:85768163:G>A	5	0.9999999999999999
chr19:21727330:G>A	5	0.9999999999999999
chr5:58617796:G>A	5	0.9999999999999999
chrX:77652324:T>-	6	0.5800028691183073
