mutation_id	myclone_id	myclone_ccf
chr19:54153828:->CCTCCTATGA	1	0.804330298921383
chr19:56817264:C>T	1	0.804330298921383
chr22:26540857:G>A	1	0.804330298921383
chr6:32058064:C>T	1	0.804330298921383
chr14:33800318:C>T	2	0.0807295083447427
chr6:81752654:C>G	2	0.0807295083447427
chr1:6451943:G>A	3	1.0
chr12:47235412:G>A	3	1.0
chr13:113667538:G>A	3	1.0
chr16:71860439:C>T	3	1.0
chr19:45712245:G>A	3	1.0
chr19:53212493:A>G	3	1.0
chr2:118103220:T>C	3	1.0
chr6:12124100:A>C	3	1.0
chr7:19145025:C>T	3	1.0
chr8:109464754:C>T	3	1.0
