mutation_id	myclone_id	myclone_ccf
chr11:88294216:T>C	1	0.2380748994829222
chr22:43227429:G>A	2	0.5558788125007986
chr11:19234905:T>C	3	1
chr15:101307282:A>G	3	1
chr19:44784383:A>T	3	1
chr1:204619879:C>A	4	0.7596444687715447
chr1:213997865:C>T	4	0.7596444687715447
chr12:109279882:A>G	4	0.7596444687715447
chr19:8956946:C>T	4	0.7596444687715447
chr8:119832543:G>T	4	0.7596444687715447
