mutation_id	myclone_id	myclone_ccf
chr17:44932767:C>T	1	0.3626096345769882
chr18:10803904:C>T	2	1.0
chr4:6105833:G>A	2	1.0
chr9:73162807:C>T	2	1.0
chrX:53537673:C>T	2	1.0
chr6:82365724:C>T	3	0.2491723936957464
chr9:135523948:G>A	3	0.2491723936957464
chr1:180935541:C>T	4	0.14678221749072548
chr12:51820706:C>G	4	0.14678221749072548
chr4:176193580:T>G	4	0.14678221749072548
chr5:174046800:G>A	4	0.14678221749072548
chrX:3322068:A>G	4	0.14678221749072548
