mutation_id	myclone_id	myclone_ccf
chr12:6638310:CTGAACTC>-	1	0.7375
chr1:114716123:C>T	2	0.48579035155247624
chr11:134181098:C>A	2	0.48579035155247624
chr6:26197112:CCGTG>-	2	0.48579035155247624
chr13:77563856:A>G	3	0.3147617555338758
chr20:31997136:C>A	3	0.3147617555338758
chr4:78479687:C>A	3	0.3147617555338758
chr22:43218450:C>T	4	1.0
chrX:57447017:A>C	5	-1
