mutation_id	myclone_id	myclone_ccf
chr11:102842890:G>A	1	0.8483900664998668
chr12:25245351:C>T	1	0.8483900664998668
chr15:88858546:G>A	1	0.8483900664998668
chr15:88858547:C>A	1	0.8483900664998668
chr17:19328847:G>A	1	0.8483900664998668
chr17:67024967:G>A	1	0.8483900664998668
chr2:241246783:C>T	1	0.8483900664998668
chr3:165190716:C>T	1	0.8483900664998668
chr6:170566954:C>T	1	0.8483900664998668
chr17:28642870:T>C	2	0.3611568814611655
chr19:15161686:C>T	2	0.3611568814611655
chr4:36151028:C>A	2	0.3611568814611655
chr7:144363235:A>G	2	0.3611568814611655
chr10:48450374:C>T	3	1.0
chr12:13753520:C>T	3	1.0
chr17:76926628:A>G	3	1.0
chr19:4558026:C>A	3	1.0
chr2:209820483:G>T	3	1.0
chr2:223598191:G>C	3	1.0
chr21:41437061:G>A	3	1.0
chr3:119390886:C>T	3	1.0
chr3:119402200:C>T	3	1.0
chr6:28382512:A>G	3	1.0
chr9:5055705:->ATTAA	3	1.0
