mutation_id	myclone_id	myclone_ccf
chr1:162356984:C>T	1	1
chr11:60951244:G>A	1	1
chr20:2417281:C>T	1	1
chr7:130312119:G>T	1	1
chr1:6124012:C>T	2	0.9376246934668847
chr11:77115482:C>T	2	0.9376246934668847
chr17:48728278:G>C	2	0.9376246934668847
chr7:48275999:G>A	2	0.9376246934668847
chr21:26934726:G>A	2	0.9376246934668847
chr12:124912693:A>T	3	0.7679232375019753
chr13:28034144:A>T	3	0.7679232375019753
chr3:85935780:T>G	3	0.7679232375019753
chr7:50382567:->GGGGCGCC	3	0.7679232375019753
chr13:28018484:A>G	4	0.3541666666666666
chr10:19324041:C>T	5	0.2601626016260163
