mutation_id	myclone_id	myclone_ccf
chr14:23427657:C>T	1	0.9999999999999998
chr4:109462907:C>T	1	0.9999999999999998
