mutation_id	myclone_id	myclone_ccf
chrX:115190223:G>A	1	0.0696949405388378
chr14:106511175:A>G	2	0.4126382987458176
chr2:113406868:CCATTC>TTCA	3	1.0
chr4:78508732:T>A	3	1.0
chr14:106511117:->CACCCCCGGCCAA	4	0.746302760411096
chr2:89142573:GAGGTG>TGGGGGGA	5	-1
