mutation_id	myclone_id	myclone_ccf
chr2:218664102:C>T	1	1
chr3:38725293:C>T	1	1
chr1:114611089:G>A	2	0.9064271071313325
chr15:45104304:C>T	2	0.9064271071313325
chr22:25029414:C>T	2	0.9064271071313325
chr7:93436029:C>T	2	0.9064271071313325
chr12:25245347:C>T	3	0.5
chr4:41613493:C>T	3	0.5
chr4:83269861:T>G	3	0.5
chr4:89029641:T>C	3	0.5
chr1:23394008:C>T	4	0.31146179401993346
chr9:110503077:C>T	4	0.31146179401993346
chr10:69246213:G>A	4	0.31146179401993346
chr21:30747140:G>A	4	0.31146179401993346
chr4:1961074:G>A	4	0.31146179401993346
chr8:123333913:TT>-	4	0.31146179401993346
chr14:37592479:G>A	4	0.31146179401993346
chr17:36169107:C>T	4	0.31146179401993346
chr11:57236533:C>T	5	0.16985239634682847
chr2:209813676:G>A	5	0.16985239634682847
chr2:240682350:G>A	5	0.16985239634682847
chr1:114716123:C>T	6	0.235212427933046
chr1:151342641:G>A	6	0.235212427933046
chr16:3738617:G>A	6	0.235212427933046
chr3:73624664:C>T	6	0.235212427933046
