mutation_id	myclone_id	myclone_ccf
chr10:79292282:G>C	1	1
chr10:7637237:G>A	2	0.768129786984523
chr7:135034177:C>T	2	0.768129786984523
chr9:136454245:C>T	2	0.768129786984523
