mutation_id	myclone_id	myclone_ccf
chr12:52381126:C>T	1	0.9346374813361321
chr19:50232032:C>T	1	0.9346374813361321
chr7:15612411:G>T	1	0.9346374813361321
chr7:142036953:C>T	1	0.9346374813361321
chr21:33865251:C>T	1	0.9346374813361321
chr12:11752557:->TT	2	0.8196361283920833
chr12:26979884:->A	2	0.8196361283920833
chr12:112450407:A>G	2	0.8196361283920833
chr3:98265036:G>A	2	0.8196361283920833
chr7:150520620:C>T	2	0.8196361283920833
chr16:31436028:G>A	3	0.1095542542420912
chr15:49876395:G>T	3	0.1095542542420912
chr6:129165582:C>G	3	0.1095542542420912
chr8:22221430:G>T	3	0.1095542542420912
chr2:238096806:G>A	4	0.8700699785820213
chr22:26479340:A>-	4	0.8700699785820213
chr6:29355459:G>T	4	0.8700699785820213
chrX:71668174:C>A	4	0.8700699785820213
chr14:103336724:G>A	5	0.9993305929571332
chr17:11679876:G>A	5	0.9993305929571332
chr2:27137513:G>A	5	0.9993305929571332
chr6:47020732:G>A	5	0.9993305929571332
chr6:47879646:G>A	5	0.9993305929571332
chr10:102413966:C>T	6	0.022982154516269282
chr17:81053727:C>T	6	0.022982154516269282
chr22:28796090:->G	6	0.022982154516269282
chr5:141101013:C>T	6	0.022982154516269282
chr5:179345301:G>A	6	0.022982154516269282
