mutation_id	myclone_id	myclone_ccf
chr20:62415213:G>A	1	0.0554885404101326
chr2:196047471:C>T	2	0.425287356321839
chr9:116154545:C>G	3	1
chr19:45765737:C>T	4	0.5054945054945054
chr15:29093161:C>T	5	0.8871960165384785
chr7:151143363:C>T	5	0.8871960165384785
chr11:124543294:G>A	6	0.325350437388018
chr6:35318241:C>T	6	0.325350437388018
