mutation_id	myclone_id	myclone_ccf
chr15:22918820:G>A	1	0.0977589605080662
chr1:205241700:G>A	1	0.0977589605080662
chr4:99419048:A>G	1	0.0977589605080662
chr1:36286562:G>A	2	0.9082371096808678
chr1:114716127:C>G	2	0.9082371096808678
chr11:1226243:G>C	2	0.9082371096808678
chr2:32098865:C>T	2	0.9082371096808678
chr2:119158213:G>-	2	0.9082371096808678
chr20:13221875:C>T	2	0.9082371096808678
chr3:149153544:C>T	2	0.9082371096808678
chr5:141865270:C>T	2	0.9082371096808678
chr7:122302839:C>T	2	0.9082371096808678
chr9:25678305:C>T	2	0.9082371096808678
chrX:103500227:C>T	2	0.9082371096808678
chrY:21383459:G>A	2	0.9082371096808678
chr1:177960853:G>A	3	0.03236204535984272
chr14:21869140:G>A	4	0.4190054610628623
