mutation_id	myclone_id	myclone_ccf
chr14:75961047:G>A	1	0.5577277082771294
chr1:164560005:G>A	2	0.3441349402377494
chr11:47359995:->GAAGC	3	0.8186448051465003
chr17:39791485:->TA	3	0.8186448051465003
chr2:8682893:T>-	3	0.8186448051465003
chr9:111542575:G>A	3	0.8186448051465003
chr9:121772649:C>A	3	0.8186448051465003
chr1:43660339:G>A	4	0.9776667187580601
chr11:40115307:C>T	4	0.9776667187580601
chr11:66843013:G>A	4	0.9776667187580601
chr13:113096634:C>A	4	0.9776667187580601
chr17:47696197:G>A	4	0.9776667187580601
chr19:7745881:G>A	4	0.9776667187580601
chr3:136317008:C>T	4	0.9776667187580601
chr3:146206597:C>T	4	0.9776667187580601
chr4:1644227:G>A	4	0.9776667187580601
