mutation_id	myclone_id	myclone_ccf
chr2:198086151:C>T	1	0.7246376811594202
chr14:99174919:C>A	1	0.7246376811594202
chr17:39673557:G>A	1	0.7246376811594202
chr6:161545424:C>T	1	0.7246376811594202
chrX:50310389:C>A	1	0.7246376811594202
chr12:11885950:->TGGGCCAGGGGGCCGC	2	0.304706113526392
chr14:106627251:->CTCGGTTGGG	2	0.304706113526392
chr4:117084381:C>T	3	0.167381974248927
chr1:151136128:A>-	4	0.5655181086519114
chr1:181798552:A>G	4	0.5655181086519114
