mutation_id	myclone_id	myclone_ccf
chr5:80150904:C>T	1	1
chr11:101473713:G>T	2	0.6497094620019758
chr19:34428503:->GGCTCC	2	0.6497094620019758
chr9:33944459:G>T	2	0.6497094620019758
chr11:89804168:T>G	3	0.2263041215315093
chr14:21525045:C>T	3	0.2263041215315093
chr19:9829976:G>A	3	0.2263041215315093
chr2:228019380:GTTGTCTGCTGGA>-	3	0.2263041215315093
chr3:49114186:G>T	3	0.2263041215315093
chr3:89407277:A>G	3	0.2263041215315093
chr4:17837662:C>T	3	0.2263041215315093
chr4:73442312:G>A	3	0.2263041215315093
chr5:52800869:A>C	3	0.2263041215315093
chr7:76510802:GATTGGACCCTGGGCGCCCGCCCCCCTCC>-	3	0.2263041215315093
chr2:202036232:G>A	4	0.8072289156626508
chr2:120984611:G>A	5	0.4192012325236815
chr20:31303341:->AAGTTTCAGGCAGCACTTTTGATCATTTGGGCAGGTT	5	0.4192012325236815
chr3:9739412:G>A	5	0.4192012325236815
chr2:90100670:C>G	6	-1
chr12:11885968:C>T	7	-1
