mutation_id	myclone_id	myclone_ccf
chr12:51190400:G>T	1	0.9415772480740981
chr15:73343435:G>A	1	0.9415772480740981
chr2:198084172:C>T	1	0.9415772480740981
chr5:72238050:A>T	1	0.9415772480740981
chr7:1746982:G>A	1	0.9415772480740981
chr1:216000453:G>A	2	0.8173812941434413
chr11:4682276:C>T	2	0.8173812941434413
chr12:25245347:C>T	2	0.8173812941434413
chr12:98832068:G>A	2	0.8173812941434413
chr16:51140595:C>T	2	0.8173812941434413
chr16:52450487:G>A	2	0.8173812941434413
chr19:46160447:T>C	2	0.8173812941434413
chr2:215346911:C>T	2	0.8173812941434413
chr10:127737745:G>A	2	0.8173812941434413
chr10:132198887:G>A	2	0.8173812941434413
chr10:132348078:C>T	2	0.8173812941434413
chr4:176163175:C>T	2	0.8173812941434413
chr4:1974938:A>G	3	0.9993779942299037
chr4:71758041:C>T	3	0.9993779942299037
