mutation_id	myclone_id	myclone_ccf
chr12:40534158:A>T	1	0.9646051705572098
chrX:72302903:G>T	1	0.9646051705572098
chrX:105923128:G>T	1	0.9646051705572098
chr1:21850173:C>T	2	0.7596497027953316
chr10:24872017:A>T	2	0.7596497027953316
chr10:60208152:C>T	2	0.7596497027953316
chr10:104072049:G>A	2	0.7596497027953316
chr12:4912684:G>T	2	0.7596497027953316
chr12:112489105:A>T	2	0.7596497027953316
chr13:26759378:C>T	2	0.7596497027953316
chr18:78994622:C>T	2	0.7596497027953316
chr2:9502189:G>A	2	0.7596497027953316
chr7:124764377:C>A	2	0.7596497027953316
chr9:113413622:C>A	2	0.7596497027953316
chrX:115013855:G>A	2	0.7596497027953316
chr17:8379889:C>A	2	0.7596497027953316
chr17:38784286:C>T	2	0.7596497027953316
chr22:38823259:C>A	3	0.46270348008192497
chr3:149770591:G>A	3	0.46270348008192497
chr7:90159863:C>T	3	0.46270348008192497
chr7:151221672:C>T	3	0.46270348008192497
chr15:36895200:C>A	4	0.2400928760030876
chr17:74357538:C>A	4	0.2400928760030876
chr17:1937482:G>A	4	0.2400928760030876
chr17:11797643:G>A	4	0.2400928760030876
chr20:61933071:G>A	5	0.13124869259818953
chr5:33938037:G>T	5	0.13124869259818953
chr7:27246189:C>G	5	0.13124869259818953
chr10:54195764:G>A	6	0.601754207420768
chr4:51996007:C>A	6	0.601754207420768
chr8:112656313:G>C	6	0.601754207420768
chrX:17376092:C>T	6	0.601754207420768
chr21:21335626:G>T	7	0.373460503503641
chr21:43010142:ATGTAGAC>-	7	0.373460503503641
