mutation_id	myclone_id	myclone_ccf
chr16:81164761:G>C	1	0.7291540758647658
chr14:67575456:G>A	2	1.0
chr17:12763226:C>G	2	1.0
chr2:178782279:C>A	3	0.1712384198401693
chr3:170526831:G>T	3	0.1712384198401693
