mutation_id	myclone_id	myclone_ccf
chr17:7673776:G>A	1	0.9999999999999999
chr3:47122294:G>A	1	0.9999999999999999
chr8:66665665:C>T	1	0.9999999999999999
chr12:21801159:G>A	2	0.8275544404045652
chr16:89919531:C>T	2	0.8275544404045652
chr22:42595614:G>A	2	0.8275544404045652
chr5:7626310:T>A	2	0.8275544404045652
chr1:240207990:G>A	3	0.3511738337409114
chr14:106627251:->TTAGG	4	-1
