mutation_id	myclone_id	myclone_ccf
chr11:119278235:A>G	1	0.080842098005712
chr19:2933917:C>T	2	0.3041613517518918
chr10:6226205:G>A	2	0.3041613517518918
chr10:12825670:G>A	2	0.3041613517518918
chr10:122911704:A>G	2	0.3041613517518918
chr4:127773491:C>T	2	0.3041613517518918
chr4:150851884:C>T	2	0.3041613517518918
chr4:186708182:C>T	2	0.3041613517518918
chr11:1255558:G>A	3	1.0
chr11:4640193:C>T	3	1.0
chr12:130450264:G>A	3	1.0
chr2:165389233:G>A	3	1.0
chr22:44847996:C>T	3	1.0
chr3:127668569:C>T	3	1.0
chr1:24086676:G>A	4	0.8654385228899907
chr1:168104868:G>A	4	0.8654385228899907
chrX:53433733:C>T	5	0.35860079695766267
chrX:117909429:C>A	5	0.35860079695766267
