mutation_id	myclone_id	myclone_ccf
chr13:25097915:G>C	1	0.33097912929655504
chr5:114362797:G>A	1	0.33097912929655504
chr7:76511700:G>A	1	0.33097912929655504
chr1:99875424:C>T	2	0.9866659571740145
chr11:211285:T>G	2	0.9866659571740145
chr16:1320216:C>T	2	0.9866659571740145
chr4:26614448:G>A	2	0.9866659571740145
chr4:144707109:T>C	2	0.9866659571740145
chr5:176575981:G>A	2	0.9866659571740145
chr6:56640026:T>A	2	0.9866659571740145
chr8:27879615:G>A	2	0.9866659571740145
chrX:1352303:ACCTTACCGCTTACCGCAGCAGGCG>CC	2	0.9866659571740145
chr14:106622361:->CCCCGTCT	3	-1
