mutation_id	myclone_id	myclone_ccf
chr16:68022567:G>C	1	0.513033223089264
chr17:1879379:C>T	2	0.2199288189888928
chr10:87094450:C>A	3	0.3848754332305626
chr20:45890624:G>A	4	0.1064532091912856
chr19:38388804:G>A	5	0.8837996683082224
chr2:28412321:C>T	6	1
chr20:46216959:G>A	6	1
chr8:24468776:G>A	6	1
