mutation_id	myclone_id	myclone_ccf
chr13:33060709:C>G	1	1
chr1:114713907:T>A	2	0.5041415117350444
chr14:74552897:C>T	2	0.5041415117350444
chr17:40751272:C>T	2	0.5041415117350444
chr18:22200681:C>T	2	0.5041415117350444
chr1:114716126:C>T	3	0.3685958879765375
chr5:140836499:G>A	3	0.3685958879765375
chr17:5583942:->GG	3	0.3685958879765375
chr7:14718650:G>A	4	0.9512484755291388
chr8:112306109:A>T	4	0.9512484755291388
chr1:9040118:C>T	5	0.132510063572444
chr19:35778472:C>T	5	0.132510063572444
chr22:44893510:G>A	5	0.132510063572444
chr5:1879786:C>T	5	0.132510063572444
chr5:140850123:C>T	5	0.132510063572444
chr10:94947919:T>C	6	0.2148433689973939
chr4:6062366:G>A	6	0.2148433689973939
chr6:73363269:C>T	6	0.2148433689973939
