mutation_id	myclone_id	myclone_ccf
chr17:81940837:C>T	1	0.8909090909090908
chrX:141881690:A>C	2	0.2167519823346381
chrX:141881691:G>A	2	0.2167519823346381
chr15:49917000:G>T	3	0.14814814814814814
chr20:41483511:C>T	4	0.1379310344827584
chr1:155293322:C>T	5	1.0535077653522555
chr11:637332:G>T	5	1.0535077653522555
chr19:37152557:T>A	5	1.0535077653522555
chr3:52441689:G>A	5	1.0535077653522555
chr5:34922716:A>C	5	1.0535077653522555
chr2:131228276:C>A	6	0.5340050377833752
