mutation_id	myclone_id	myclone_ccf
chr22:38843653:G>A	1	0.1236649773207158
chr11:6402632:G>A	2	1.0
chr18:65762916:G>T	2	1.0
chr2:166305805:C>T	2	1.0
chr11:65554349:G>T	3	0.4529416036806946
chr1:156480959:->CTTCCTTC	3	0.4529416036806946
chrX:141881779:G>A	4	-1
