mutation_id	myclone_id	myclone_ccf
chr17:35148409:G>A	1	1
chr4:144116875:G>A	2	0.618122009569378
chr17:73252707:G>C	3	0.153146404109589
chr11:62983590:C>T	4	-1
