mutation_id	myclone_id	myclone_ccf
chr9:18639327:C>A	1	0.3227665706051872
chr11:105933948:C>T	2	0.7865420041890628
chr22:22031462:ACTGGCATTCACACAGTGAC>G	2	0.7865420041890628
chr7:105569441:G>A	2	0.7865420041890628
chr13:40666151:C>G	3	0.42846153846153845
chrX:55260542:G>C	3	0.42846153846153845
chr1:32324494:A>G	4	0.10026307856910992
chr10:44934990:G>A	4	0.10026307856910992
chr4:86762891:C>T	4	0.10026307856910992
chr6:138378123:G>T	4	0.10026307856910992
chrX:74524635:G>T	4	0.10026307856910992
chr1:150497737:C>T	5	1
chr1:225555080:C>T	5	1
chr10:53822963:A>T	5	1
chr9:5078360:A>G	5	1
chr15:67465250:C>A	6	0.9048346547142113
chr19:6467607:G>T	6	0.9048346547142113
chr19:41124719:C>T	6	0.9048346547142113
chr9:25677989:->GGCCTT	6	0.9048346547142113
chr9:104569772:C>T	6	0.9048346547142113
