mutation_id	myclone_id	myclone_ccf
chr1:1255406:CGTCTGGAACCA>-	1	0.6278965382468337
chr11:56418215:G>A	1	0.6278965382468337
chr15:51341739:G>A	1	0.6278965382468337
chr3:57444768:C>T	1	0.6278965382468337
chr5:45645215:C>A	1	0.6278965382468337
chr1:152302794:T>A	2	0.9841263905808785
chr10:67811499:A>C	2	0.9841263905808785
chr11:1164151:G>A	2	0.9841263905808785
chr12:100059363:T>C	2	0.9841263905808785
chr13:23250635:A>T	2	0.9841263905808785
chr14:54702132:G>T	2	0.9841263905808785
chr17:62664771:G>A	2	0.9841263905808785
chr18:63723315:C>T	2	0.9841263905808785
chr2:210220776:C>T	2	0.9841263905808785
chr6:49786116:C>T	2	0.9841263905808785
chr8:51408789:C>T	2	0.9841263905808785
chrX:91877167:C>T	2	0.9841263905808785
chr13:101065457:G>A	3	0.1011246167719854
chr3:170893399:C>T	3	0.1011246167719854
chr6:2766077:C>G	3	0.1011246167719854
chr1:34177868:G>A	4	0.8570319529869317
chr11:46879017:T>A	4	0.8570319529869317
chr15:23566040:G>A	4	0.8570319529869317
chr16:88611439:C>T	4	0.8570319529869317
chr17:36429079:C>T	4	0.8570319529869317
chr19:15380273:G>A	4	0.8570319529869317
chr19:15380274:G>A	4	0.8570319529869317
chr2:185761048:A>T	4	0.8570319529869317
chr20:16748503:T>G	4	0.8570319529869317
chr20:20277365:G>A	4	0.8570319529869317
chr20:31934714:G>A	4	0.8570319529869317
chr3:7298707:G>A	4	0.8570319529869317
chr3:49653496:C>T	4	0.8570319529869317
chr5:141385151:A>G	4	0.8570319529869317
chr9:124466405:G>A	4	0.8570319529869317
chr9:137228833:G>C	4	0.8570319529869317
chr14:106714684:TCT>AG	5	0.7559011149019175
