mutation_id	myclone_id	myclone_ccf
chr7:101000336:C>A	1	0.1121642718017548
chr17:41487169:C>T	2	0.5732553631235539
chr11:134140705:G>A	3	0.8263510530238677
chr3:139019924:C>T	3	0.8263510530238677
chr5:17632222:G>C	3	0.8263510530238677
chr8:138613919:C>A	3	0.8263510530238677
chr1:114716124:C>G	4	0.987790772812741
chr1:205065906:C>T	4	0.987790772812741
chr12:22524505:C>T	4	0.987790772812741
chr17:18317770:C>T	4	0.987790772812741
chr17:35170189:C>T	4	0.987790772812741
chr19:9251141:T>C	4	0.987790772812741
chr19:43997220:C>T	4	0.987790772812741
chr3:9717094:G>A	4	0.987790772812741
chr4:125408623:C>T	4	0.987790772812741
chr6:75855196:TGGGTT>-	4	0.987790772812741
chr7:20658545:A>G	4	0.987790772812741
chr8:56445864:G>A	4	0.987790772812741
chr14:106657708:CTTCTCCTCACTGTGTCTCTCGCACAGTAATACACAGCCA>AG	4	0.987790772812741
chr9:37020771:A>C	4	0.987790772812741
