mutation_id	myclone_id	myclone_ccf
chr15:40367535:G>T	1	0.2258500044377876
chr12:25245350:C>G	2	1
chr14:102507051:G>A	2	1
chr15:33838009:G>A	2	1
chr17:38329759:A>G	2	1
chr8:38419705:G>A	2	1
chr9:133367347:G>A	2	1
chrX:49072476:G>A	2	1
chr11:17301832:TAAGAATGTT>CCC	3	0.6452054877828134
chr2:113406870:ATTCACAGTGTTACAAGCCATAACAAA>-	3	0.6452054877828134
chr10:59234373:G>A	4	0.9061533866129038
chr11:56360426:C>G	4	0.9061533866129038
chr11:117428499:G>A	4	0.9061533866129038
chr2:54255631:G>A	4	0.9061533866129038
chr4:176727797:G>A	4	0.9061533866129038
chr8:144469510:C>T	4	0.9061533866129038
chr21:26844707:T>G	4	0.9061533866129038
chr7:74836302:A>T	5	0.4763652423222606
