mutation_id	myclone_id	myclone_ccf
chr17:7853408:C>T	1	1.0
chr15:63612309:C>T	2	0.09973787667001148
chr2:74100867:C>T	2	0.09973787667001148
chr20:46502760:G>A	2	0.09973787667001148
chr11:123943138:C>T	3	0.7974598393008493
chr16:3402110:->A	3	0.7974598393008493
chr5:41065367:C>T	3	0.7974598393008493
chr6:41061522:C>T	3	0.7974598393008493
chr11:6002620:G>A	4	0.21326935123220075
chr12:25245345:C>T	4	0.21326935123220075
chr14:22512852:TGAACAGAG>GCCCACCCC	4	0.21326935123220075
chr15:76171002:G>A	4	0.21326935123220075
chr20:3692871:G>A	4	0.21326935123220075
chr8:91960427:A>T	4	0.21326935123220075
chr9:5078360:A>G	4	0.21326935123220075
