mutation_id	myclone_id	myclone_ccf
chr11:16111827:G>A	1	0.9133848909264163
chr11:119232669:A>-	1	0.9133848909264163
chr12:13865914:A>G	1	0.9133848909264163
chr12:52795772:C>T	1	0.9133848909264163
chr12:57201817:G>A	1	0.9133848909264163
chr12:57201818:G>A	1	0.9133848909264163
chr14:59745778:G>A	1	0.9133848909264163
chr14:70730450:G>A	1	0.9133848909264163
chr14:105142710:G>A	1	0.9133848909264163
chr16:28833302:C>T	1	0.9133848909264163
chr16:71570385:G>A	1	0.9133848909264163
chr17:81681771:A>C	1	0.9133848909264163
chr19:49461701:C>T	1	0.9133848909264163
chr19:51769041:T>G	1	0.9133848909264163
chr19:54311709:G>A	1	0.9133848909264163
chr2:42057300:C>T	1	0.9133848909264163
chr20:32943635:G>A	1	0.9133848909264163
chr20:37066854:A>G	1	0.9133848909264163
chr20:56525816:C>A	1	0.9133848909264163
chr3:78685829:C>T	1	0.9133848909264163
chr3:169828842:C>T	1	0.9133848909264163
chr3:172816811:C>T	1	0.9133848909264163
chr5:141184326:G>A	1	0.9133848909264163
chr5:181242280:G>A	1	0.9133848909264163
chr6:152326595:A>G	1	0.9133848909264163
chr7:54569194:A>C	1	0.9133848909264163
chr7:78135079:G>A	1	0.9133848909264163
chr7:130070709:C>T	1	0.9133848909264163
chrX:8539664:G>A	1	0.9133848909264163
chrX:55260554:G>A	1	0.9133848909264163
chr1:186367928:T>G	1	0.9133848909264163
chr10:24473581:C>T	1	0.9133848909264163
chr10:49646566:C>T	1	0.9133848909264163
chr10:71279909:C>T	1	0.9133848909264163
chr10:125747954:G>A	1	0.9133848909264163
chr8:27922033:C>T	1	0.9133848909264163
chr9:98985978:G>A	1	0.9133848909264163
chr9:125149736:G>A	1	0.9133848909264163
chr9:132814681:C>T	1	0.9133848909264163
chr1:152214488:C>T	2	0.0988662397893112
chr11:102952148:C>T	2	0.0988662397893112
chr5:75193572:G>A	3	0.3369168841065098
chr5:141361021:G>A	3	0.3369168841065098
chr8:58601475:C>T	3	0.3369168841065098
chr9:122520068:G>A	3	0.3369168841065098
chr12:111448134:->C	4	0.5895971866187035
chr13:28034125:->TCATATTCTCTGAAATCAACG	4	0.5895971866187035
chr17:82727043:C>T	4	0.5895971866187035
chr20:49373901:C>T	4	0.5895971866187035
chr6:110358157:C>T	4	0.5895971866187035
chr6:110358158:C>T	4	0.5895971866187035
chrX:130051957:->GAAGGGAA	5	0.8546400881239876
chr1:228372317:G>A	6	1.020313739764176
chr10:25597954:C>T	7	0.2687979251476544
chr21:34792575:G>A	8	0.14955443123262957
