mutation_id	myclone_id	myclone_ccf
chr11:19055982:G>A	1	0.2422740026608164
chr1:21874515:C>T	2	0.6561777455857044
chr1:154772145:G>A	2	0.6561777455857044
chr12:25245347:C>T	2	0.6561777455857044
chr12:85805196:G>A	2	0.6561777455857044
chr17:44398579:C>T	2	0.6561777455857044
chr9:106927389:G>A	2	0.6561777455857044
chr1:159802422:C>T	3	0.935976985774793
chr5:128328745:G>A	3	0.935976985774793
chr12:6591493:G>A	4	-1
