mutation_id	myclone_id	myclone_ccf
chr2:88860604:->CGGG	1	0.3389830508474576
chr1:114716127:C>T	1	0.3389830508474576
chr12:25245350:C>T	1	0.3389830508474576
chr4:1655587:C>T	1	0.3389830508474576
chr5:113564015:C>T	1	0.3389830508474576
chr6:1390831:G>A	1	0.3389830508474576
chrX:119088025:T>C	1	0.3389830508474576
chr11:131370821:G>A	2	0.5135566188197767
chr2:90221383:CCCAC>AGG	3	0.98
chr1:201115264:C>T	4	0.7288961038961039
chr4:182755093:C>T	5	0.1419624217118996
chr12:112450407:A>G	6	0.4434104857907295
chr13:98831775:C>T	6	0.4434104857907295
chr17:19334004:C>T	6	0.4434104857907295
chr3:122261995:C>T	6	0.4434104857907295
chr5:136357132:C>T	6	0.4434104857907295
chr7:73318828:G>A	6	0.4434104857907295
chrX:153455749:C>T	6	0.4434104857907295
chr10:129867861:C>A	7	0.15418093679623268
chr14:21749705:->GGGGACC	7	0.15418093679623268
chr14:94564001:C>T	7	0.15418093679623268
chr15:23647025:C>T	7	0.15418093679623268
chr15:77158657:C>T	7	0.15418093679623268
chr16:30375853:G>A	7	0.15418093679623268
chr17:82444474:G>A	7	0.15418093679623268
chr19:8073152:->C	7	0.15418093679623268
chr19:11123272:C>T	7	0.15418093679623268
chr2:99162213:C>T	7	0.15418093679623268
chr2:102338303:G>C	7	0.15418093679623268
chr2:137642499:C>T	7	0.15418093679623268
chr20:32165374:C>T	7	0.15418093679623268
chr6:152232248:C>A	7	0.15418093679623268
chr9:37020771:A>C	7	0.15418093679623268
chr13:49274333:G>A	8	0.6496374650408997
chr15:89217208:C>T	8	0.6496374650408997
chr18:76913860:C>T	8	0.6496374650408997
chr2:108876233:G>A	8	0.6496374650408997
chr2:202883690:G>A	8	0.6496374650408997
chr7:100688080:C>T	8	0.6496374650408997
chrX:135098598:C>T	8	0.6496374650408997
chr1:151831747:C>T	9	0.8046585747547617
chr1:153934241:C>T	9	0.8046585747547617
