mutation_id	myclone_id	myclone_ccf
chr10:50092171:C>G	1	0.4637577412547042
chr2:1648370:G>A	2	0.194543761246753
chr3:20040692:C>G	2	0.194543761246753
chr1:26924149:G>A	3	0.28950018526215143
chr10:102065919:G>C	3	0.28950018526215143
chr7:64220015:G>A	3	0.28950018526215143
chr1:177032564:G>C	4	0.8868679187146024
chr1:236232838:G>A	4	0.8868679187146024
chr10:25025355:G>C	4	0.8868679187146024
chr14:33799780:G>A	4	0.8868679187146024
chr17:40398621:T>C	4	0.8868679187146024
chr17:80344773:G>A	4	0.8868679187146024
chr18:50819609:G>C	4	0.8868679187146024
chr2:95214515:G>C	4	0.8868679187146024
chr6:56981896:C>G	4	0.8868679187146024
chr6:149771215:C>T	4	0.8868679187146024
chr7:27094526:C>T	4	0.8868679187146024
chr7:135681574:C>T	4	0.8868679187146024
chr11:26598870:C>G	5	1
chr17:80345693:G>A	5	1
chr17:80346410:G>C	5	1
chr19:12015779:T>C	5	1
chr5:168817354:G>T	5	1
chr6:26093183:C>T	5	1
chr7:95593731:C>G	5	1
chr8:11331824:G>T	5	1
chr9:94593722:G>A	5	1
chr9:138058088:G>C	5	1
chr12:25225709:C>G	5	1
chrX:75784654:G>A	5	1
chr19:39407891:C>T	6	0.08026155036293872
chr2:165386799:C>T	6	0.08026155036293872
chr4:3430818:C>T	6	0.08026155036293872
chr4:81105887:G>C	6	0.08026155036293872
chr7:53036147:G>A	6	0.08026155036293872
