mutation_id	myclone_id	myclone_ccf
chr9:36923355:C>T	1	1.0
chr10:80427383:C>T	2	0.6683885432923746
chr10:116675232:G>A	2	0.6683885432923746
chr1:164807613:->CCCGGG	3	0.45076176675054586
chr5:65788475:T>C	3	0.45076176675054586
chr5:140363822:G>A	3	0.45076176675054586
chr12:57038867:C>T	4	0.766334843660425
chr19:6417757:G>A	4	0.766334843660425
chr3:49662243:C>T	4	0.766334843660425
chr10:100989409:G>A	5	0.5665939538006409
chr11:130070642:C>T	5	0.5665939538006409
chr8:123255934:G>A	5	0.5665939538006409
