mutation_id	myclone_id	myclone_ccf
chr22:39488652:C>T	1	0.4351612002371893
chrX:126552414:G>C	1	0.4351612002371893
chr14:105864259:TA>-	2	1
chr8:118621804:C>T	3	0.2740787269681742
chr6:159239822:C>T	4	-1
chr18:46477747:C>T	5	-1
