mutation_id	myclone_id	myclone_ccf
chr1:114716127:C>T	1	0.7174892748640151
chr4:161500036:C>T	2	0.251518659815175
chr10:48251596:C>T	3	0.9389349074925641
chr12:109285384:C>T	3	0.9389349074925641
chr2:33293198:G>C	3	0.9389349074925641
chr7:100998264:C>T	3	0.9389349074925641
chrX:68719343:C>T	3	0.9389349074925641
chr6:155411274:C>A	4	1.0637912464327002
