mutation_id	myclone_id	myclone_ccf
chr2:88897661:C>A	1	0.6915434140331681
chr6:116462318:G>A	1	0.6915434140331681
chr3:130566967:C>T	2	0.9797672971844573
chr7:143408805:T>C	2	0.9797672971844573
