mutation_id	myclone_id	myclone_ccf
chr2:209917852:C>T	1	0.242530755711775
chr11:6795185:C>T	2	0.7305699481865284
chr13:113263572:->CC	3	0.592964824120603
chr11:2847989:G>A	4	1
chr2:166041375:C>T	4	1
chr21:31266567:C>T	5	0.098961761024376
chr9:98782533:C>T	5	0.098961761024376
chrX:108695379:A>T	5	0.098961761024376
chr1:28743927:->T	6	0.8623673835836633
chr1:36455846:C>T	6	0.8623673835836633
chr17:61869296:C>T	6	0.8623673835836633
