mutation_id	myclone_id	myclone_ccf
chr11:94544555:G>C	1	0.1515132020135102
chr2:140234859:C>T	1	0.1515132020135102
chr16:2237970:G>A	2	0.23070683129691508
chr16:75714864:A>C	2	0.23070683129691508
chr2:62874485:A>G	2	0.23070683129691508
chr2:185790104:C>A	2	0.23070683129691508
chr8:105802046:C>A	2	0.23070683129691508
chr11:121168065:G>A	3	1.0
chr9:114331595:G>A	3	1.0
chr16:28873698:G>C	4	0.3198725956392413
chr4:2252424:G>T	4	0.3198725956392413
chr1:165563712:G>A	5	0.6887714421966394
chr1:206116675:G>A	5	0.6887714421966394
chr20:47249333:G>A	5	0.6887714421966394
chr7:95412360:C>A	5	0.6887714421966394
chr7:115940845:C>T	5	0.6887714421966394
chr8:138636792:T>A	5	0.6887714421966394
chrX:153704084:G>A	6	-1
chr20:4870040:C>A	7	-1
chr6:89794191:G>A	8	-1
