mutation_id	myclone_id	myclone_ccf
chr9:95469003:C>T	1	1.0
chr5:149944277:C>T	2	0.1686991869918698
chr17:40771837:G>A	3	0.4000919664119676
chr7:43552288:G>A	3	0.4000919664119676
chr10:86138935:C>T	3	0.4000919664119676
chr10:61940349:->GAC	3	0.4000919664119676
chr14:22513939:GG>TTGTTTTT	4	0.6099691127915646
chr16:20373061:C>T	5	0.31599156446717414
chr2:89244770:ACCACTGTGGGAGGCCAGTGTG>CGCTT	5	0.31599156446717414
chr12:25245350:C>A	6	0.5175081532109773
chr9:38596186:G>A	6	0.5175081532109773
chrX:129587106:C>T	7	0.9422152148206542
