mutation_id	myclone_id	myclone_ccf
chr4:2305325:C>T	1	0.231527093596059
chrX:101130054:G>A	2	0.5716873706004142
chr6:29440518:G>A	3	1
chrX:106941613:G>A	4	0.4370868347338936
chr2:210009675:C>T	5	0.7829310794291933
chr7:142797453:GTGCTCC>TCCGGA	5	0.7829310794291933
