mutation_id	myclone_id	myclone_ccf
chr20:1319640:G>A	1	1.0
chr1:11795246:G>A	2	0.5517729000995129
chr13:28018503:A>T	2	0.5517729000995129
chr22:20991692:G>A	2	0.5517729000995129
chr3:108757139:T>G	2	0.5517729000995129
chr10:25176092:C>T	3	0.30780121018640766
chr20:62327918:G>A	3	0.30780121018640766
chr6:146666827:C>T	3	0.30780121018640766
chrX:10134559:C>T	3	0.30780121018640766
chr1:239907675:C>T	4	0.18322634012629346
chr2:211702031:T>G	4	0.18322634012629346
chr7:98988769:G>A	4	0.18322634012629346
chrX:48802785:G>A	5	0.1291099598526093
chrX:21856845:G>A	6	0.4901819634323179
chrX:152922744:G>A	6	0.4901819634323179
