mutation_id	myclone_id	myclone_ccf
chr14:81277473:A>T	1	1.0
chr12:112450385:G>A	2	0.19870005121499265
chr13:38687868:T>C	2	0.19870005121499265
chr14:44505384:G>T	2	0.19870005121499265
chr2:85053285:G>A	2	0.19870005121499265
chr15:55847006:C>A	3	0.12075829256791956
chr17:29969242:G>T	3	0.12075829256791956
chr19:18856247:G>T	3	0.12075829256791956
chr2:8730912:A>T	3	0.12075829256791956
chr20:38241797:G>T	3	0.12075829256791956
