mutation_id	myclone_id	myclone_ccf
chr19:4047967:C>-	1	0.8574712271115893
chr6:137494094:T>C	1	0.8574712271115893
chr1:20664624:C>T	2	0.9890161168367224
chr11:7303321:G>A	2	0.9890161168367224
chr22:37644898:G>A	2	0.9890161168367224
chr6:32443290:C>T	2	0.9890161168367224
chr6:44249715:G>A	2	0.9890161168367224
chr8:68146253:A>C	2	0.9890161168367224
