mutation_id	myclone_id	myclone_ccf
chr18:58984198:C>T	1	0.26889925157836736
chr9:5078360:A>G	1	0.26889925157836736
chr9:5078362:A>C	1	0.26889925157836736
chr9:5089726:C>A	1	0.26889925157836736
chr1:31675272:G>T	2	0.918203986502544
chr1:54601365:C>T	2	0.918203986502544
chr10:650185:C>T	2	0.918203986502544
chr10:96983299:G>T	2	0.918203986502544
chr10:100806569:C>T	2	0.918203986502544
chr13:45194265:G>C	2	0.918203986502544
chr15:29053908:C>T	2	0.918203986502544
chr18:6950944:C>T	2	0.918203986502544
chr19:4318352:T>C	2	0.918203986502544
chr2:42493346:G>A	2	0.918203986502544
chr4:86689724:G>A	2	0.918203986502544
chr4:183445608:ACA>-	2	0.918203986502544
chr7:2002086:G>A	2	0.918203986502544
chr7:143356653:C>T	2	0.918203986502544
chrX:110452542:C>A	2	0.918203986502544
chr3:45594992:->CC	3	0.646551724137931
chr11:134384160:C>T	4	0.11061224808770659
chr15:74180114:G>A	4	0.11061224808770659
chr2:3580207:C>T	4	0.11061224808770659
chr2:74252256:G>A	4	0.11061224808770659
chr3:14715392:C>A	4	0.11061224808770659
chr3:62269131:G>A	4	0.11061224808770659
chr5:80071031:T>G	4	0.11061224808770659
chr7:139483618:G>T	4	0.11061224808770659
chr9:77020838:C>T	4	0.11061224808770659
chrX:17726331:G>A	4	0.11061224808770659
chrX:104250587:C>T	4	0.11061224808770659
chrX:131278605:C>T	4	0.11061224808770659
chrX:137030785:C>A	4	0.11061224808770659
chrX:153872215:G>A	4	0.11061224808770659
chrX:111847280:G>A	5	0.9730363423212194
