mutation_id	myclone_id	myclone_ccf
chr12:111418803:G>A	1	0.7951544117647058
chr8:23441623:C>T	1	0.7951544117647058
chr8:51408305:C>T	1	0.7951544117647058
chr12:49027295:G>A	2	1.0
chr17:49512875:C>T	2	1.0
chr21:30440586:C>T	2	1.0
chr17:7674230:C>T	3	0.6521961139528275
chr19:18589477:A>T	3	0.6521961139528275
chr17:10523582:C>T	4	0.30250932976901396
chr17:18758336:G>A	4	0.30250932976901396
chr3:195870174:->G	4	0.30250932976901396
chr14:106592675:->AGAGCCAGGCCATCCCCCCAGCAACGCA	4	0.30250932976901396
chr8:142750390:C>T	4	0.30250932976901396
chrX:31071701:C>T	4	0.30250932976901396
chr16:69168872:C>T	5	0.45411162731560517
chr17:15314168:C>T	5	0.45411162731560517
chr2:113406869:CATTC>TTT	5	0.45411162731560517
chr6:116462340:C>A	5	0.45411162731560517
chr17:31996816:G>C	5	0.45411162731560517
chr14:21093176:C>T	5	0.45411162731560517
chr14:33800933:G>T	5	0.45411162731560517
chr1:114716126:C>G	6	0.17763537389691078
chr1:229549401:A>C	6	0.17763537389691078
chr11:17721412:C>T	6	0.17763537389691078
chr12:57256006:C>T	6	0.17763537389691078
chr16:27708867:C>T	6	0.17763537389691078
chr16:81133626:C>G	6	0.17763537389691078
chr3:69287785:C>T	6	0.17763537389691078
chr5:141419365:G>A	6	0.17763537389691078
chrX:156003725:G>C	6	0.17763537389691078
chr4:575276:G>A	6	0.17763537389691078
chr1:16986028:C>A	6	0.17763537389691078
chr4:48490800:C>T	6	0.17763537389691078
chr4:186618251:G>C	6	0.17763537389691078
chr4:186636821:G>C	6	0.17763537389691078
chr9:66918323:G>C	6	0.17763537389691078
chrX:31348629:G>A	6	0.17763537389691078
chrX:48466068:G>C	6	0.17763537389691078
chr1:237610840:G>A	7	0.08826251580007495
chr10:12164452:T>C	7	0.08826251580007495
chr10:73797946:G>C	7	0.08826251580007495
chr16:3736717:C>T	7	0.08826251580007495
chr19:17328519:G>A	7	0.08826251580007495
chr3:37779924:C>A	7	0.08826251580007495
chr3:71130624:G>C	7	0.08826251580007495
chr5:7850986:C>T	7	0.08826251580007495
