mutation_id	myclone_id	myclone_ccf
chr8:141219743:C>T	1	0.544754693111796
chr16:57470122:G>A	2	0.1153718460411694
chrX:148956423:G>A	2	0.1153718460411694
chr1:171117419:G>A	3	0.32497760283088084
chr1:248681560:A>C	3	0.32497760283088084
chr11:5390138:G>A	3	0.32497760283088084
chr12:117667558:G>A	3	0.32497760283088084
chr2:148512914:A>G	3	0.32497760283088084
chr7:64015344:G>A	3	0.32497760283088084
chr1:222731411:T>C	4	1
chr14:23348278:G>A	4	1
chr17:45255419:T>G	4	1
chr2:32063921:C>G	4	1
chr2:105242054:C>T	4	1
chr22:22031472:A>CCC	4	1
chr10:75030027:CTGCAGCAAACCAGCAT>-	5	0.7749759330277529
chr12:49049728:->C	5	0.7749759330277529
chr9:37002675:->GCCCTA	5	0.7749759330277529
chrX:41345453:G>T	5	0.7749759330277529
chr11:57409978:G>A	6	0.4363804967354901
chr16:50066473:G>A	6	0.4363804967354901
chr19:47021698:A>G	6	0.4363804967354901
chr17:44260751:G>A	7	0.9000548602519325
chr19:2206744:C>T	7	0.9000548602519325
chr2:144389881:T>C	7	0.9000548602519325
chr3:142780994:C>T	7	0.9000548602519325
chr5:168190481:G>A	7	0.9000548602519325
chr6:34040617:G>A	7	0.9000548602519325
chr9:37015064:T>C	7	0.9000548602519325
chr14:106627248:->GGTCGGGGA	8	-1
