mutation_id	myclone_id	myclone_ccf
chr10:100536645:C>T	1	0.1352469835087518
chr12:25245350:C>T	2	0.302831057311263
chr11:64186262:A>G	3	0.6376245647647074
chr12:52014855:G>A	3	0.6376245647647074
chr14:52720892:TGCATA>GCG	3	0.6376245647647074
chr17:50375644:C>T	3	0.6376245647647074
chr2:90100736:CCTCC>T	3	0.6376245647647074
chr9:89339869:C>T	3	0.6376245647647074
chrX:49067832:C>G	3	0.6376245647647074
chr14:23562064:C>T	4	0.9783858011799996
chr16:88438179:C>T	4	0.9783858011799996
chr2:178604116:AAG>-	4	0.9783858011799996
chr22:22031468:ATTCACACAGTGACACAGGCA>TCTTCCAG	4	0.9783858011799996
chr22:24232961:C>T	4	0.9783858011799996
chr4:86766438:G>A	4	0.9783858011799996
chr8:130903914:G>A	4	0.9783858011799996
