mutation_id	myclone_id	myclone_ccf
chr2:241202291:T>C	1	0.0848072562358276
chr18:50729596:C>T	1	0.0848072562358276
chr1:114716127:C>G	2	0.756265664160401
chr17:10503083:C>G	3	0.18095151515151509
chr17:32721174:G>A	4	0.19200000000000006
