mutation_id	myclone_id	myclone_ccf
chr1:119922297:G>A	1	0.408213358709044
chr12:85286895:C>T	1	0.408213358709044
chr19:55644966:G>A	1	0.408213358709044
chr1:114713907:T>A	2	0.5891099909552674
chr15:40931665:G>A	2	0.5891099909552674
chr19:50668762:G>C	2	0.5891099909552674
chr2:61492337:C>T	2	0.5891099909552674
chr9:138047033:C>T	2	0.5891099909552674
chr21:33465402:C>T	3	0.7451499533316638
chr14:105907211:GG>ACCAA	4	-1
chr17:80087762:G>A	5	0.22439755351681956
