mutation_id	myclone_id	myclone_ccf
chr1:237773583:C>T	1	1
chr11:6609130:A>G	1	1
chr2:219421421:C>T	1	1
chrX:34639285:C>T	1	1
chr20:44051342:G>A	1	1
chr20:53576608:G>A	1	1
chr6:118314137:G>A	1	1
chr13:38687948:G>A	2	0.8999302038870405
chr15:62164087:G>A	2	0.8999302038870405
chr5:24487929:T>A	2	0.8999302038870405
chr16:53490263:G>A	3	0.3967217735911134
chr7:50382677:G>A	3	0.3967217735911134
chr7:99731115:C>A	4	0.5962826155995004
chr6:31900129:C>T	4	0.5962826155995004
chr1:114716123:C>T	5	0.7592617856870894
chr11:30495307:G>A	5	0.7592617856870894
chr16:67620740:G>A	5	0.7592617856870894
chr17:40184610:G>A	5	0.7592617856870894
chr8:116856695:->A	5	0.7592617856870894
