mutation_id	myclone_id	myclone_ccf
chr10:60108879:A>T	1	0.0953143993302436
chr12:103695769:C>T	2	0.7520125816596187
chr2:223963842:G>A	2	0.7520125816596187
chr6:89265734:C>T	2	0.7520125816596187
chr12:12950317:C>G	3	0.8706369139389869
chr19:33204730:G>A	3	0.8706369139389869
chr3:195573895:G>A	3	0.8706369139389869
chrX:107775343:C>T	3	0.8706369139389869
chr1:165249623:C>T	4	1.0
chr12:52367314:C>T	4	1.0
chr8:115604938:T>G	4	1.0
