mutation_id	myclone_id	myclone_ccf
chr5:35874500:T>G	1	1
chr9:136197637:G>A	1	1
chr1:116544489:TT>-	2	0.4734299516908212
chr1:1806477:T>C	3	0.8683247702834228
chr10:132859164:T>C	3	0.8683247702834228
chr16:15740126:->AAA	3	0.8683247702834228
chr16:30964620:C>A	3	0.8683247702834228
chr5:162093965:G>A	3	0.8683247702834228
chr7:141470574:G>A	3	0.8683247702834228
chrX:153803801:C>T	3	0.8683247702834228
chr2:208248389:G>A	4	0.678832116788321
chr14:22533496:->TGGGAT	5	0.8055555555555556
