mutation_id	myclone_id	myclone_ccf
chr1:13416364:C>T	1	0.8825932263835591
chr15:86154526:A>C	1	0.8825932263835591
chr22:19139963:G>A	1	0.8825932263835591
chr12:112489084:G>T	2	0.16872814418006207
chr13:95832971:A>T	2	0.16872814418006207
chr8:24343137:G>T	2	0.16872814418006207
chr14:37622382:G>A	2	0.16872814418006207
chr11:46705352:A>G	3	0.09046529428021541
chr11:121137836:G>T	3	0.09046529428021541
chr9:122280457:C>T	3	0.09046529428021541
chrX:89922114:A>G	3	0.09046529428021541
chr11:64928332:G>A	4	0.5988734405888877
chr12:25245350:C>T	4	0.5988734405888877
chr22:29094343:C>T	4	0.5988734405888877
chr10:5746277:T>C	4	0.5988734405888877
chr17:82084057:G>A	4	0.5988734405888877
chr4:41014226:G>T	4	0.5988734405888877
chr14:23360617:C>G	5	0.2494948716453227
chr21:30598738:G>A	5	0.2494948716453227
