mutation_id	myclone_id	myclone_ccf
chr10:122698165:G>C	1	0.7851416029807187
chr11:55726762:C>A	1	0.7851416029807187
chr13:94398518:G>A	1	0.7851416029807187
chr16:81999451:C>T	1	0.7851416029807187
chr22:39488214:C>T	1	0.7851416029807187
chr5:41010060:G>T	1	0.7851416029807187
chr5:102480217:G>A	1	0.7851416029807187
chr5:102480218:G>A	1	0.7851416029807187
chr5:148523291:G>A	1	0.7851416029807187
chr1:39568902:T>G	2	0.3230254871269195
chr1:247589037:C>T	2	0.3230254871269195
chr12:112450407:A>G	2	0.3230254871269195
chr12:120579806:T>C	2	0.3230254871269195
chr2:168769640:G>A	2	0.3230254871269195
chr4:1655039:C>T	2	0.3230254871269195
chr9:5231710:C>T	2	0.3230254871269195
chr10:25175466:C>T	3	0.9999999999999998
chr10:25175467:A>T	3	0.9999999999999998
chr12:41573874:C>T	3	0.9999999999999998
chr2:237368785:C>T	3	0.9999999999999998
chr8:2962601:G>C	3	0.9999999999999998
chrX:53985024:C>T	3	0.9999999999999998
chr1:149944163:G>A	4	0.12195392387563479
chr1:229635055:G>A	4	0.12195392387563479
chr12:2868703:G>A	4	0.12195392387563479
chr15:37095606:G>A	4	0.12195392387563479
chr16:50320681:C>T	4	0.12195392387563479
chr17:42659879:G>A	4	0.12195392387563479
chr17:44667566:G>T	4	0.12195392387563479
chr17:50523104:C>A	4	0.12195392387563479
chr19:15011135:G>A	4	0.12195392387563479
chr2:45006306:C>T	4	0.12195392387563479
chr2:178712437:G>A	4	0.12195392387563479
chr2:233682423:C>A	4	0.12195392387563479
chr3:48918595:C>G	4	0.12195392387563479
chr7:135734090:C>T	4	0.12195392387563479
chr8:27469886:C>T	4	0.12195392387563479
chr9:123373472:G>A	4	0.12195392387563479
chrX:153725297:C>G	4	0.12195392387563479
