mutation_id	myclone_id	myclone_ccf
chr1:43604942:C>T	1	0.2625789141414142
chr12:25245347:C>T	1	0.2625789141414142
chr6:39906498:C>A	1	0.2625789141414142
chr1:114716123:C>T	2	0.6929167657827402
chr13:102729786:G>A	2	0.6929167657827402
chr2:131040265:->GGGG	2	0.6929167657827402
chr12:39573785:C>G	3	0.3417391304347826
chr4:7723734:G>C	4	0.1775184543039122
chr6:143712018:G>A	4	0.1775184543039122
chr9:95477665:C>A	4	0.1775184543039122
chr18:6980585:C>A	5	0.5938642496367538
chr21:33528885:A>C	6	0.0009478672985780978
