mutation_id	myclone_id	myclone_ccf
chr2:227008059:G>A	1	0.3393924716866046
chr14:67122308:G>A	2	0.1163380496902402
chr9:136863403:G>T	2	0.1163380496902402
chr1:155176037:C>T	3	0.5053744170351903
chr21:17547071:G>A	3	0.5053744170351903
chr4:72548728:G>A	3	0.5053744170351903
chr4:176320207:C>T	3	0.5053744170351903
chr17:74920255:G>A	4	1.0
chr2:113406870:ATTCA>TT	4	1.0
chr4:46734955:G>A	4	1.0
chr4:143624198:C>T	4	1.0
chr10:49616578:A>-	5	0.8496478427120074
chr12:54528312:C>T	5	0.8496478427120074
chr19:38466263:C>T	5	0.8496478427120074
chr2:178711322:C>T	5	0.8496478427120074
chr2:231528747:G>A	5	0.8496478427120074
