mutation_id	myclone_id	myclone_ccf
chr1:33546168:C>T	1	0.9999999999999999
chr11:56490915:C>T	1	0.9999999999999999
chrX:45191893:T>G	1	0.9999999999999999
chr17:18126456:C>T	1	0.9999999999999999
chr18:21452127:G>A	1	0.9999999999999999
chr12:11853490:->ACCTT	2	0.8695928248112768
chr12:25245351:C>G	2	0.8695928248112768
