mutation_id	myclone_id	myclone_ccf
chr1:169726705:G>A	1	0.762296881013033
chr11:19934095:G>A	1	0.762296881013033
chr18:13621117:C>T	1	0.762296881013033
chr11:862592:G>A	2	0.1505670719137316
chr14:92946336:A>T	2	0.1505670719137316
chr17:12958842:C>T	2	0.1505670719137316
chr19:5212219:C>T	2	0.1505670719137316
chr19:45496814:G>A	2	0.1505670719137316
chr6:138433395:T>C	3	0.0531561461794018
chrX:10110018:G>C	3	0.0531561461794018
chr1:169793269:->AG	4	0.6508054151310436
chr11:117219592:C>T	4	0.6508054151310436
chr8:123652662:C>T	4	0.6508054151310436
chr9:132903742:C>T	4	0.6508054151310436
chrX:54810198:C>G	4	0.6508054151310436
chrX:129499769:T>A	4	0.6508054151310436
chrX:148978401:G>T	4	0.6508054151310436
chrX:32573762:G>A	5	0.5749836280288146
