mutation_id	myclone_id	myclone_ccf
chr11:66693003:C>A	1	0.07337529407504151
chr5:130185651:C>T	1	0.07337529407504151
chr1:74470948:G>A	2	0.9604123588761153
chr17:69114904:T>G	2	0.9604123588761153
chr19:53258968:G>T	2	0.9604123588761153
chr2:124434530:G>T	2	0.9604123588761153
chr20:10299322:C>T	2	0.9604123588761153
chr12:120136626:G>A	3	0.298208570554179
chr15:30144828:T>A	3	0.298208570554179
chr19:36245525:G>A	3	0.298208570554179
chr2:163610781:T>C	3	0.298208570554179
chr6:55280439:T>A	3	0.298208570554179
chr11:123753766:C>T	4	0.49828847969925893
chr2:88886152:CT>-	5	-1
chr11:124543499:A>C	6	0.17347821145085304
