mutation_id	myclone_id	myclone_ccf
chr6:99613879:T>AAGAA	1	0.7294667489554422
chr1:151294443:G>A	2	0.19708872265000746
chr8:51899090:G>C	2	0.19708872265000746
chr8:143730273:C>T	2	0.19708872265000746
chr1:156285359:G>C	3	0.1159288868581272
chr11:33028772:C>G	3	0.1159288868581272
chr11:125789427:C>T	3	0.1159288868581272
chr1:215675606:A>T	4	1.0
chr11:67645744:A>T	4	1.0
chr6:42632903:A>G	4	1.0
chr7:4245790:T>A	4	1.0
