mutation_id	myclone_id	myclone_ccf
chr19:5604924:T>C	1	1
chr1:114716123:C>T	2	0.5473526789566018
chr7:92371604:T>A	3	0.094055971012258
chr11:6626021:C>T	4	0.1995213402473074
chr1:114713907:T>G	5	0.3185589766239437
chrX:126165054:C>A	5	0.3185589766239437
