mutation_id	myclone_id	myclone_ccf
chr14:37735991:A>G	1	0.366347067791594
chr11:66693276:C>T	2	0.9507219488493912
chr21:40124232:C>T	2	0.9507219488493912
chr3:52516149:G>C	2	0.9507219488493912
chr11:48489108:G>A	3	0.685949811648855
chr11:66693207:C>T	3	0.685949811648855
chr19:34466996:C>T	3	0.685949811648855
chr2:119158072:G>A	3	0.685949811648855
chr21:41741078:C>T	3	0.685949811648855
chr3:14520400:C>T	3	0.685949811648855
