mutation_id	myclone_id	myclone_ccf
chr13:42219254:C>T	1	1.0
chr19:49310455:G>C	1	1.0
chr3:133400176:G>C	1	1.0
chr19:49707572:C>T	2	0.48914156705150413
chr8:38247806:G>A	2	0.48914156705150413
chr12:21015774:G>A	3	0.8672764550427743
chr15:68194089:C>A	3	0.8672764550427743
chr16:70251340:G>A	3	0.8672764550427743
chrX:30236524:G>C	3	0.8672764550427743
chr1:2146093:G>A	4	0.19933317557917654
chr1:52408642:C>A	4	0.19933317557917654
chr1:85095966:C>G	4	0.19933317557917654
chr14:20590531:C>G	4	0.19933317557917654
chr1:93549369:G>A	5	0.7017874582491486
chr11:59515066:G>A	5	0.7017874582491486
chr12:130451219:G>A	5	0.7017874582491486
chr2:197402635:C>G	5	0.7017874582491486
chr6:28272760:G>T	5	0.7017874582491486
chr3:96987528:G>T	6	0.3126394730765924
chr3:195786991:G>A	6	0.3126394730765924
chr5:141398367:G>C	6	0.3126394730765924
chr1:109548742:G>A	7	0.09156072933160143
chr17:75233106:C>T	7	0.09156072933160143
chr19:1270972:G>C	7	0.09156072933160143
chr19:9115311:C>T	7	0.09156072933160143
chr19:49881452:C>G	7	0.09156072933160143
chr2:55050046:G>T	7	0.09156072933160143
chr20:49263349:C>T	7	0.09156072933160143
chr21:26965680:G>A	7	0.09156072933160143
chr22:50218791:G>A	7	0.09156072933160143
chr3:174280723:C>G	7	0.09156072933160143
chr5:60898389:G>A	7	0.09156072933160143
chrX:91877895:G>A	7	0.09156072933160143
chrX:153398801:C>T	7	0.09156072933160143
