mutation_id	myclone_id	myclone_ccf
chr14:21847133:G>T	1	0.1562228835169046
chr17:80241821:G>A	2	1.0
chr4:52078739:C>T	2	1.0
chr12:112450385:G>A	3	0.6780897391724373
chr2:33252695:C>T	3	0.6780897391724373
chr5:151543741:T>C	3	0.6780897391724373
chr10:72063049:G>A	4	0.884856350415912
chr12:55636918:G>A	4	0.884856350415912
chr2:89244765:GCTGTACCACTGTGGGAGGCCAGTGT>-	4	0.884856350415912
chr15:90228122:C>A	5	0.0681453750233249
chr17:68924793:G>A	5	0.0681453750233249
