mutation_id	myclone_id	myclone_ccf
chr5:131974824:A>-	1	1
chr9:76636530:G>A	1	1
chr1:150151005:AAAAA>CCCCC	2	0.5796132523962103
chr6:73041989:T>A	2	0.5796132523962103
