mutation_id	myclone_id	myclone_ccf
chr17:80273328:GCTTGTTCCCGG>-	1	0.6391657847869292
chr10:122299046:G>A	2	0.3905790500975926
chr13:45713239:G>A	3	1.0
chr14:106592676:->CTTTCC	3	1.0
chr12:6327354:G>C	4	0.2490773491551442
chr11:116858313:C>T	5	-1
chrX:26160757:C>T	5	-1
