mutation_id	myclone_id	myclone_ccf
chr5:177095383:A>G	1	1
chr2:113406869:CAT>-	2	0.4591120788725578
chr9:128612194:A>G	2	0.4591120788725578
chr14:23346872:G>A	3	0.9482908316449082
chr20:63556180:T>A	3	0.9482908316449082
chr8:143575269:A>G	3	0.9482908316449082
chr4:9173277:C>T	4	0.0899673634636039
chr4:118352596:T>G	4	0.0899673634636039
chr1:16027405:C>T	5	0.7299911111043572
chr1:227846021:G>C	5	0.7299911111043572
chr2:162188333:C>-	5	0.7299911111043572
chr20:42248751:C>T	5	0.7299911111043572
chr3:169381384:C>-	5	0.7299911111043572
chr10:59352420:G>A	6	0.8428767070823655
chr11:101963815:A>G	6	0.8428767070823655
chr16:89962027:A>G	6	0.8428767070823655
chr19:4234687:G>C	6	0.8428767070823655
chr22:38538379:C>T	6	0.8428767070823655
chr4:73258650:G>A	6	0.8428767070823655
chr6:63685170:C>G	6	0.8428767070823655
chr7:25226625:C>A	6	0.8428767070823655
chr7:38269531:ATAATAATT>GCC	6	0.8428767070823655
chr7:83162519:C>A	6	0.8428767070823655
