mutation_id	myclone_id	myclone_ccf
chr7:5603318:C>T	1	0.116854800480671
chr12:11884505:->AAGGCC	2	0.7814859248809848
chr7:24668597:C>T	2	0.7814859248809848
chr1:9733454:->CTTATC	3	0.6073760658514404
chr7:510819:C>T	3	0.6073760658514404
chr1:15770552:C>T	4	0.9672474640256764
chr12:128705662:C>T	4	0.9672474640256764
chr15:23644612:G>A	4	0.9672474640256764
chr15:83136490:T>C	4	0.9672474640256764
chr19:4054588:->CCCC	4	0.9672474640256764
chr4:93224750:G>A	4	0.9672474640256764
chr5:113053898:G>A	4	0.9672474640256764
