mutation_id	myclone_id	myclone_ccf
chr1:114716127:C>T	1	0.9677675654878687
chr10:16836338:C>T	1	0.9677675654878687
chr5:63961274:G>A	1	0.9677675654878687
chr5:114362857:G>A	1	0.9677675654878687
chr6:27146459:C>T	1	0.9677675654878687
chr7:151128600:C>T	1	0.9677675654878687
chr1:29280059:G>A	2	0.5834630488611823
chr11:19229817:C>T	2	0.5834630488611823
chr12:21475519:G>A	2	0.5834630488611823
chr15:72398740:C>T	2	0.5834630488611823
chr19:8953427:G>A	2	0.5834630488611823
chr22:29441763:G>C	2	0.5834630488611823
chr3:158662649:C>T	2	0.5834630488611823
chr7:122031482:G>A	2	0.5834630488611823
