mutation_id	myclone_id	myclone_ccf
chr5:152392441:C>T	1	0.1300834454439138
chrX:107560385:G>T	2	0.7413123543707566
chr12:6672466:G>T	3	0.24136218968809675
