mutation_id	myclone_id	myclone_ccf
chr19:48875860:T>A	1	0.5732359571907474
chr2:55680855:C>T	1	0.5732359571907474
chr1:99729676:G>A	2	0.7030460458599911
chr4:109851664:G>A	2	0.7030460458599911
chr11:6108677:T>C	3	0.9375437103532854
chr17:16299930:C>T	3	0.9375437103532854
chr21:29689985:G>A	3	0.9375437103532854
chr3:120181164:A>C	3	0.9375437103532854
