mutation_id	myclone_id	myclone_ccf
chr1:150072200:G>C	1	0.8385575101211433
chr1:151709243:C>T	1	0.8385575101211433
chr19:1796713:G>C	1	0.8385575101211433
chr19:47152934:->CCT	1	0.8385575101211433
chr20:2795616:C>T	1	0.8385575101211433
chr4:1961074:G>A	1	0.8385575101211433
chr5:43280689:G>A	1	0.8385575101211433
chr6:26234888:C>G	1	0.8385575101211433
chr7:106868918:G>A	1	0.8385575101211433
chr7:142797119:AC>-	1	0.8385575101211433
chr9:66918422:G>A	1	0.8385575101211433
chr10:114842984:G>A	2	0.08926169475081629
chr11:92969732:G>A	2	0.08926169475081629
chr20:18315252:C>T	2	0.08926169475081629
chr3:47411158:C>G	2	0.08926169475081629
chr6:43533982:C>G	2	0.08926169475081629
chrX:145823178:G>A	2	0.08926169475081629
chr11:48139508:C>T	3	0.9660870081748915
chr11:48325651:C>T	3	0.9660870081748915
chr11:106939614:C>T	3	0.9660870081748915
chr11:116821288:G>A	3	0.9660870081748915
chr12:109281413:G>C	3	0.9660870081748915
chr14:60808377:G>C	3	0.9660870081748915
chr16:520124:G>A	3	0.9660870081748915
chr2:90100738:->CCG	3	0.9660870081748915
chr2:113406863:CTACCCCATTCACAGTGTTACAA>GTCCGTTGAG	3	0.9660870081748915
chr2:156326836:C>T	3	0.9660870081748915
chr3:50058445:G>A	3	0.9660870081748915
chr6:46708130:G>C	3	0.9660870081748915
chr6:56619468:G>A	3	0.9660870081748915
chr7:23735568:G>A	3	0.9660870081748915
chr8:71215640:C>T	3	0.9660870081748915
chr9:94301262:G>A	3	0.9660870081748915
chr11:6570282:G>A	4	0.19891265748608575
chr17:76164789:C>T	4	0.19891265748608575
chr3:99850556:C>G	4	0.19891265748608575
chr3:158592456:G>C	4	0.19891265748608575
chr3:183945878:G>A	4	0.19891265748608575
chr7:852862:G>A	4	0.19891265748608575
chr8:27921835:C>T	4	0.19891265748608575
