mutation_id	myclone_id	myclone_ccf
chr3:151740859:G>T	1	0.2278481012658226
chr6:129316090:G>A	1	0.2278481012658226
chrX:54301789:C>T	1	0.2278481012658226
chr1:150839459:C>T	2	0.9241840127283186
chr1:201899900:G>A	2	0.9241840127283186
chr12:119822918:A>G	2	0.9241840127283186
chr15:29123441:G>A	2	0.9241840127283186
chr15:34792471:G>A	2	0.9241840127283186
chr16:85077482:C>T	2	0.9241840127283186
chr20:62414501:G>A	2	0.9241840127283186
chr8:68331208:C>T	2	0.9241840127283186
chr8:68331209:C>T	2	0.9241840127283186
chr8:144040852:C>T	2	0.9241840127283186
chr17:18121858:G>T	2	0.9241840127283186
chr17:44667109:C>T	2	0.9241840127283186
chr4:105938311:C>T	2	0.9241840127283186
chr6:80040210:G>A	2	0.9241840127283186
chr6:129349309:C>G	2	0.9241840127283186
chrX:141907372:C>T	2	0.9241840127283186
chrX:154956964:C>G	2	0.9241840127283186
chr18:46963716:G>A	3	0.393717277486911
chr1:237773583:C>T	4	0.8284287888537893
chr1:244054485:C>T	4	0.8284287888537893
chr10:100348242:T>C	4	0.8284287888537893
chr13:28018498:ATG>-	4	0.8284287888537893
chr16:71430711:C>T	4	0.8284287888537893
chr2:61492337:C>T	4	0.8284287888537893
chr2:80546001:T>A	4	0.8284287888537893
chr2:209945864:G>A	4	0.8284287888537893
chr9:136764427:T>G	4	0.8284287888537893
chr4:39434655:G>A	4	0.8284287888537893
chr11:66042847:C>T	5	0.5681177003698236
chr5:65291409:C>G	5	0.5681177003698236
chr6:70149859:A>T	6	0.0612813370473536
chr4:55110439:C>T	7	0.994962216624685
chr4:114675929:C>T	8	0.1614834846436158
chrX:48559199:G>C	8	0.1614834846436158
