mutation_id	myclone_id	myclone_ccf
chr1:1309774:G>A	1	0.9999999999999999
chr12:12477580:T>G	1	0.9999999999999999
chr5:110739374:->G	2	0.3578103347122162
chr10:80132802:C>T	3	0.0996201799771692
chr19:44287563:C>G	4	0.8026062483429888
chr2:64094938:G>A	4	0.8026062483429888
chr2:164692360:A>G	4	0.8026062483429888
chr4:127811505:C>T	4	0.8026062483429888
chr4:185623272:C>T	4	0.8026062483429888
chr11:101039238:T>A	5	0.19651994472191472
chr11:124029649:G>A	5	0.19651994472191472
chr2:206306636:G>A	5	0.19651994472191472
chr20:35437628:G>A	5	0.19651994472191472
chrX:104039992:G>A	6	-1
