mutation_id	myclone_id	myclone_ccf
chr1:92289067:->GGT	1	0.8779484404464103
chr1:203180586:T>C	1	0.8779484404464103
chr1:215629026:C>T	1	0.8779484404464103
chr12:101405912:A>C	1	0.8779484404464103
chr15:45142024:G>A	1	0.8779484404464103
chr6:117393258:C>T	1	0.8779484404464103
chr11:69295795:C>T	2	1.0
chr17:15651444:C>T	2	1.0
chr17:82441842:G>C	2	1.0
chr5:168247162:C>G	2	1.0
chr14:106714649:TGACACTCTCAGGATGTGGGTTTTCACACTGTGTCTCTCGCACAGTA>GGGG	3	-1
chr20:59192184:G>A	4	-1
