mutation_id	myclone_id	myclone_ccf
chr18:14748454:T>C	1	0.4701541434130016
chr16:67611283:G>T	2	0.111950568675705
chr19:48442208:C>T	2	0.111950568675705
chr12:25245321:G>T	3	1.0
chr16:7676821:C>T	3	1.0
chr7:12383536:G>A	3	1.0
chr7:48310110:G>A	3	1.0
chr8:10611444:C>A	3	1.0
chr10:85647231:C>T	3	1.0
chr14:23575933:G>A	3	1.0
chr4:1974938:A>G	3	1.0
chr4:2252428:G>A	3	1.0
chr4:176729611:C>G	3	1.0
chrX:104254396:C>T	3	1.0
chrX:115192145:G>T	3	1.0
chr9:90874711:A>G	4	0.2008490466698476
chr2:33398377:C>T	5	0.784298018241982
chr2:209834971:G>A	5	0.784298018241982
chr8:109088279:G>A	5	0.784298018241982
chrX:100406503:C>T	6	0.28193383108306413
