mutation_id	myclone_id	myclone_ccf
chr9:69377741:G>A	1	1
chr12:52367114:C>T	2	0.6462414882095396
chr12:78122222:C>T	2	0.6462414882095396
chr16:74472385:C>T	2	0.6462414882095396
chr4:1961074:G>A	2	0.6462414882095396
chr5:23521171:T>A	2	0.6462414882095396
chr6:56618440:C>T	2	0.6462414882095396
chr12:50350996:T>C	3	0.19077212528665202
chr5:132486365:->CGAC	3	0.19077212528665202
chrX:101626029:A>G	3	0.19077212528665202
chr1:71046797:G>A	4	0.1178656286335372
chr18:45997761:G>C	4	0.1178656286335372
chr1:1439582:G>A	5	0.768889356460085
chr12:57727493:C>T	5	0.768889356460085
chr4:73404406:C>T	5	0.768889356460085
chr8:47778641:TCAT>-	5	0.768889356460085
chr8:91986227:C>A	5	0.768889356460085
chrX:18893540:G>T	5	0.768889356460085
chrX:126551399:G>T	5	0.768889356460085
