mutation_id	myclone_id	myclone_ccf
chr9:39133058:G>A	1	0.124552057242909
chr3:98264595:A>T	2	0.5873636843157558
chr18:31413314:G>A	3	0.2062683056097094
chr15:58665181:G>A	4	0.9563181578421223
chr16:27505915:C>T	4	0.9563181578421223
chr3:46021530:C>T	4	0.9563181578421223
chr3:62874765:G>T	4	0.9563181578421223
