mutation_id	myclone_id	myclone_ccf
chr11:62528338:C>T	1	0.4610364997054348
chr16:15365261:T>C	2	0.6440325257423613
chr10:67097605:G>C	3	0.9999999999999997
chr2:154698981:C>T	3	0.9999999999999997
chr2:218430828:C>T	3	0.9999999999999997
chr22:31714448:->T	3	0.9999999999999997
chr6:131598605:G>A	3	0.9999999999999997
chr11:102950153:C>A	4	0.11136384536391024
chr15:74367501:G>A	4	0.11136384536391024
chr17:78993740:A>C	4	0.11136384536391024
chr5:149307607:G>T	4	0.11136384536391024
chr6:32058334:G>T	4	0.11136384536391024
chr7:123662378:C>G	4	0.11136384536391024
chr15:40899294:C>T	5	0.18907786024268727
chr2:110657586:C>A	5	0.18907786024268727
chr2:195934681:G>A	5	0.18907786024268727
chr2:197402635:C>G	5	0.18907786024268727
chr4:137530828:C>A	5	0.18907786024268727
chr6:152442083:G>A	5	0.18907786024268727
chr10:37832066:T>G	6	0.8203568548487371
chr11:65321269:C>T	6	0.8203568548487371
chr18:12449654:G>A	6	0.8203568548487371
chrX:10449478:C>T	7	-1
