mutation_id	myclone_id	myclone_ccf
chr12:25245347:C>T	1	0.803612911612421
chr19:8545698:G>T	1	0.803612911612421
chr19:42095616:C>T	1	0.803612911612421
chr3:108756537:C>G	2	0.6572095641211309
chr4:1961074:G>A	2	0.6572095641211309
chr5:141152318:C>A	2	0.6572095641211309
chr8:112975950:G>A	2	0.6572095641211309
chr17:15738367:C>A	3	0.13590827618453846
chr10:84371576:G>A	4	0.7360306399111254
chr6:168307732:C>T	5	0.5168225270157938
