mutation_id	myclone_id	myclone_ccf
chr3:165049870:C>A	1	0.8
chr19:3977544:C>T	2	0.1977401129943502
chr20:46546303:C>T	3	0.4922118380062304
chr2:237334644:G>A	4	1
chr16:57728521:C>T	5	0.0970149253731342
