mutation_id	myclone_id	myclone_ccf
chr1:6471098:G>A	1	0.6517640518877583
chr13:28312014:C>A	1	0.6517640518877583
chr13:33285529:G>A	1	0.6517640518877583
chr3:160677632:C>T	1	0.6517640518877583
chr9:113591376:G>A	1	0.6517640518877583
chr1:248362096:G>C	2	0.11696884464324922
chr12:25245350:C>T	2	0.11696884464324922
chr2:32128439:C>G	2	0.11696884464324922
chr5:140967281:C>T	2	0.11696884464324922
chr5:176881993:G>A	2	0.11696884464324922
chr1:151232292:G>A	3	0.9999999999999999
chr1:236026025:C>T	3	0.9999999999999999
chr5:136231431:C>T	3	0.9999999999999999
chr1:94005476:G>A	4	0.39249308401717486
chr10:4995451:G>T	4	0.39249308401717486
chr12:11752555:->CGGGGCCC	4	0.39249308401717486
chr14:23388334:T>A	4	0.39249308401717486
chr20:57343422:T>C	4	0.39249308401717486
chr11:2167921:G>T	5	0.5387062976074655
chr12:11884471:T>C	5	0.5387062976074655
chr2:169233437:G>A	5	0.5387062976074655
chr3:49128794:A>G	5	0.5387062976074655
chr5:45262132:G>A	5	0.5387062976074655
chr5:148111787:G>A	5	0.5387062976074655
chrX:48917803:C>T	5	0.5387062976074655
chrX:54551671:G>A	5	0.5387062976074655
