mutation_id	myclone_id	myclone_ccf
chr14:73276796:C>A	1	0.47045507857109925
chr4:25018149:C>A	1	0.47045507857109925
chr5:178224487:C>T	1	0.47045507857109925
chr6:135428736:C>T	1	0.47045507857109925
chr7:128844740:C>G	1	0.47045507857109925
chr8:116863227:G>C	1	0.47045507857109925
chr1:32386799:C>T	2	0.3034673471803805
chr11:22362758:G>A	2	0.3034673471803805
chr19:1108310:C>T	2	0.3034673471803805
chr2:184936567:G>A	2	0.3034673471803805
chr4:73741633:G>C	2	0.3034673471803805
chr4:107631743:C>T	2	0.3034673471803805
chr7:94392157:C>T	2	0.3034673471803805
chr7:95813279:G>C	2	0.3034673471803805
chr1:43958569:C>A	3	0.6966540596203515
chr16:2115535:C>A	3	0.6966540596203515
chr19:35551481:G>A	3	0.6966540596203515
chr7:108078209:C>T	3	0.6966540596203515
chr8:24465716:A>T	3	0.6966540596203515
chr8:26507702:G>A	3	0.6966540596203515
chr8:143567374:C>T	3	0.6966540596203515
chr9:27949260:C>T	3	0.6966540596203515
chr10:95397251:A>G	4	0.8463619453205753
chr2:20645504:G>A	4	0.8463619453205753
chr4:55102443:C>T	4	0.8463619453205753
chr5:148509992:G>T	4	0.8463619453205753
chr7:1745954:C>T	4	0.8463619453205753
chr1:156842259:G>T	5	1.0
chr10:113581891:A>G	5	1.0
chr12:111320525:C>T	5	1.0
chr17:18120558:C>T	5	1.0
chr17:41364898:C>T	5	1.0
chr2:162306772:C>G	5	1.0
chr20:3696645:C>T	5	1.0
chr22:22031472:->TCCT	5	1.0
chr8:38820120:A>G	5	1.0
chr10:20826464:G>C	6	0.19911900876349647
chr10:116911557:T>A	6	0.19911900876349647
chr11:124397332:G>C	6	0.19911900876349647
chr19:14097435:C>T	6	0.19911900876349647
chr19:38945040:C>T	6	0.19911900876349647
chr2:163610751:G>A	6	0.19911900876349647
chr8:109491889:G>A	6	0.19911900876349647
chr14:106675015:TCTCTC>GGGAGG	7	-1
chr14:106714683:->GGG	8	-1
chrX:103500351:C>T	8	-1
chr14:106578742:TGTCTCGCAC>CCTCGG	9	-1
chrX:72568010:C>T	10	-1
