mutation_id	myclone_id	myclone_ccf
chr1:114139663:C>T	1	0.331990939322685
chr1:114716126:C>G	2	1.0
chr1:228307428:G>C	2	1.0
chr11:124751573:G>A	2	1.0
chr19:2418034:G>A	2	1.0
chr19:47476619:G>C	2	1.0
chr22:35727166:T>A	2	1.0
chr22:42636728:A>G	2	1.0
chr3:44256215:C>T	2	1.0
chr11:18743376:G>A	3	0.18855808908079705
chr12:34026325:G>A	3	0.18855808908079705
chr15:86247817:C>T	3	0.18855808908079705
chr2:151639328:G>A	3	0.18855808908079705
