mutation_id	myclone_id	myclone_ccf
chr1:161749856:->GGG	1	0.863457942543905
chr1:161749858:C>GGGG	1	0.863457942543905
chr1:183418232:G>A	1	0.863457942543905
chr14:106268623:T>C	1	0.863457942543905
chr17:31858766:C>T	1	0.863457942543905
chr4:186589129:T>A	1	0.863457942543905
chr7:50400461:AACACT>GGAGGG	1	0.863457942543905
chr7:123624645:G>A	1	0.863457942543905
chr1:1354773:G>C	2	0.5479746987133071
chr1:1355488:G>C	2	0.5479746987133071
chr1:1355746:G>C	2	0.5479746987133071
chr21:38423418:->CGGCGTCCAAAGGGC	2	0.5479746987133071
chr5:141151726:C>T	2	0.5479746987133071
chr10:122833791:C>A	3	1.0
chr10:126094119:A>G	3	1.0
chr11:2615075:A>T	3	1.0
chr11:114522082:G>A	3	1.0
chr12:104757455:C>T	3	1.0
chr17:69164982:A>G	3	1.0
chr4:54263942:T>C	3	1.0
chr6:54870637:C>T	3	1.0
chr6:99613607:C>T	3	1.0
chr6:119002957:C>T	3	1.0
