mutation_id	myclone_id	myclone_ccf
chr2:135315437:TAA>GAGGACCCCGGGCATGG	1	0.3875432525951556
chr17:82441811:G>A	1	0.3875432525951556
chr22:28796130:->G	1	0.3875432525951556
chr1:11536378:G>A	2	0.23946608946608935
chr12:32822524:C>T	2	0.23946608946608935
chr12:113438011:G>A	2	0.23946608946608935
chr2:95288536:C>T	2	0.23946608946608935
chr22:17885892:C>T	2	0.23946608946608935
chr8:58147160:C>T	2	0.23946608946608935
chrX:100664782:T>C	2	0.23946608946608935
chr1:111981877:C>T	3	0.1077844311377244
chr3:170480424:C>A	4	0.5229560792123022
chr5:19473504:G>A	4	0.5229560792123022
chr14:101986729:G>A	5	0.5992166979300375
chr4:17875581:T>A	5	0.5992166979300375
chr4:157321520:C>T	5	0.5992166979300375
chr8:133029945:C>T	5	0.5992166979300375
