mutation_id	myclone_id	myclone_ccf
chr8:54627582:T>C	1	0.8704663212435234
chr11:2633744:G>T	2	0.5647668393782384
