mutation_id	myclone_id	myclone_ccf
chrX:128051324:A>G	1	0.2408164638608334
chr7:4233378:C>T	2	1.0
chrX:16171025:C>T	2	1.0
chr10:49386562:G>A	2	1.0
chr12:25245347:C>T	2	1.0
chr12:100418136:G>A	2	1.0
chr5:65224358:A>G	3	0.72230617632002
chr12:18683247:C>T	3	0.72230617632002
chr17:50358244:G>A	3	0.72230617632002
chr1:21728648:G>A	4	0.8089707228692207
chr1:157836108:C>T	4	0.8089707228692207
chr15:74451507:A>C	4	0.8089707228692207
chr3:93874270:A>T	4	0.8089707228692207
chr14:75071043:C>G	4	0.8089707228692207
chr6:56611566:C>T	4	0.8089707228692207
chr1:1754178:G>A	5	-1
