mutation_id	myclone_id	myclone_ccf
chr9:132645912:C>G	1	1
chr16:76521262:T>C	2	0.5269299731542296
chr4:103176028:C>T	2	0.5269299731542296
chr8:76864168:A>T	2	0.5269299731542296
chr4:102809813:->GG	3	0.7230447621206371
chr5:148827592:C>T	3	0.7230447621206371
chr1:64864870:T>G	4	0.18497770343312647
chr11:56159816:A>T	4	0.18497770343312647
chr8:109464759:C>G	4	0.18497770343312647
chr12:57099842:C>T	5	-1
