mutation_id	myclone_id	myclone_ccf
chr19:1004650:G>A	1	0.126760486058512
chr19:54074951:G>A	1	0.126760486058512
chr2:51028186:C>T	2	0.9999999999999998
chr3:45722872:C>T	2	0.9999999999999998
chr4:1961074:G>A	2	0.9999999999999998
chr4:81110453:C>T	2	0.9999999999999998
chr7:134209883:C>T	2	0.9999999999999998
chr10:119132558:A>G	2	0.9999999999999998
chr1:152220740:C>T	3	0.24568367925807708
chr11:62530954:C>T	3	0.24568367925807708
chr12:112450394:G>A	3	0.24568367925807708
chr19:38519402:C>T	3	0.24568367925807708
chr22:46386553:G>C	3	0.24568367925807708
chr3:184105777:C>T	3	0.24568367925807708
chr8:20249807:C>T	3	0.24568367925807708
chr12:49026878:G>A	4	0.6730083542227979
chr3:48416361:G>A	4	0.6730083542227979
chr8:2973167:C>T	4	0.6730083542227979
