mutation_id	myclone_id	myclone_ccf
chr13:35645913:T>C	1	0.2569491953852452
chr11:65641338:A>G	2	1.0
chr19:45786719:C>G	2	1.0
chr19:1458039:C>T	3	0.8509505996312977
chr19:8147344:C>T	3	0.8509505996312977
chr8:138883167:G>A	3	0.8509505996312977
chr1:114713908:T>C	4	0.4170159072645784
chr4:121036888:C>T	5	0.908799395811655
