mutation_id	myclone_id	myclone_ccf
chr1:220210990:G>A	1	0.2625400086057629
chr10:127737625:G>A	1	0.2625400086057629
chr1:152676251:G>A	2	1
chr1:155295220:G>A	2	1
chr16:3736751:G>A	2	1
chr19:35543404:G>A	2	1
chr2:166305871:C>A	2	1
chr8:12737068:T>C	2	1
chr9:27209200:C>A	2	1
chr1:114713907:T>G	3	0.7492330089119293
chr15:89631644:->C	3	0.7492330089119293
chr18:21444348:C>A	3	0.7492330089119293
chr19:5867026:C>T	3	0.7492330089119293
chr6:160056510:G>A	3	0.7492330089119293
chrX:10141496:G>A	3	0.7492330089119293
