mutation_id	myclone_id	myclone_ccf
chr15:96334483:C>T	1	0.0951589821991162
chr14:45188878:G>A	1	0.0951589821991162
chr1:32593494:C>T	2	0.9098004276920798
chr14:105916826:GGCATAG>AGGGGA	3	0.7942409367793132
chr18:78993563:G>A	4	0.9992720752690819
chr9:35091485:T>C	4	0.9992720752690819
