mutation_id	myclone_id	myclone_ccf
chr13:44979925:C>T	1	0.642809543146607
chr10:54185217:T>A	2	1
chr19:47232602:T>A	2	1
chr8:19505630:G>C	2	1
chr8:142484667:C>T	2	1
chr1:114716126:C>T	3	0.8499674914461655
chr1:204267516:C>T	3	0.8499674914461655
chr19:5694797:C>T	3	0.8499674914461655
chr6:29112094:C>T	3	0.8499674914461655
chr16:3738616:C>T	4	0.13684284809844233
chr19:2191154:A>G	4	0.13684284809844233
chr19:38485775:G>A	4	0.13684284809844233
chr2:144389983:T>C	4	0.13684284809844233
chr4:143698908:C>T	4	0.13684284809844233
chr5:13810192:C>T	4	0.13684284809844233
chr15:88033037:C>T	4	0.13684284809844233
chr1:147648272:A>G	5	0.9465012275591538
chr11:124015837:G>T	5	0.9465012275591538
chr6:148532878:C>T	5	0.9465012275591538
chr21:15842430:C>T	6	1.1781049658747493
