mutation_id	myclone_id	myclone_ccf
chr7:122303183:G>T	1	0.0653710247349822
chr21:46265935:G>A	2	1.0
chr3:54880821:C>A	2	1.0
chr12:122482002:C>T	3	0.8505738267983475
chr15:100262351:->G	3	0.8505738267983475
chr2:203149093:C>T	3	0.8505738267983475
chr20:58854307:C>T	4	0.3409053989322928
chr14:22449125:G>A	5	-1
chr14:106153643:->CTGTGTATTACTGTGCGAGAGGGGATCCCCAGTTCCACC	6	-1
