mutation_id	myclone_id	myclone_ccf
chrX:114906668:C>T	1	1.0
chr3:46459714:C>T	2	0.0976479152546626
chr1:16030520:G>C	3	0.6881859856511255
chr1:237593496:C>A	3	0.6881859856511255
chr10:96304620:->GTGTGGGGGGGCT	3	0.6881859856511255
chr11:5441016:G>A	3	0.6881859856511255
chr15:75338133:G>A	3	0.6881859856511255
chr18:46505976:C>T	3	0.6881859856511255
chr6:138334253:G>A	3	0.6881859856511255
chr10:84232586:G>T	4	0.3529677415645771
chr12:112488444:G>A	4	0.3529677415645771
