mutation_id	myclone_id	myclone_ccf
chr13:20988968:C>T	1	0.8684463684463686
chr18:5890694:C>T	1	0.8684463684463686
chr8:63187008:G>A	1	0.8684463684463686
chr1:37720451:A>G	2	0.7225660044032528
chr1:100105824:C>T	2	0.7225660044032528
chr7:98988769:G>A	2	0.7225660044032528
chr12:133057080:C>G	2	0.7225660044032528
chr18:72794137:G>A	2	0.7225660044032528
chr4:73576723:G>A	2	0.7225660044032528
chr4:186156051:C>T	2	0.7225660044032528
chr6:89387411:A>G	2	0.7225660044032528
chr8:92005258:C>T	2	0.7225660044032528
chr13:28018499:->GCCAGGGTC	3	0.4387435725463894
chr12:130875617:C>T	3	0.4387435725463894
chr11:8730527:G>A	4	0.9995406360424028
