mutation_id	myclone_id	myclone_ccf
chr3:97876868:G>C	1	0.2942272971374506
chrX:153725534:G>A	1	0.2942272971374506
chr11:90152420:G>C	2	0.23275597808752563
chr15:24678675:G>T	2	0.23275597808752563
chr17:2334790:G>A	2	0.23275597808752563
chrX:31508226:C>T	2	0.23275597808752563
chr11:123940291:C>G	3	0.13319480928621316
chr12:78006514:C>T	3	0.13319480928621316
chr9:117713392:G>C	3	0.13319480928621316
chrX:120469147:G>C	3	0.13319480928621316
chrX:139956120:C>T	3	0.13319480928621316
chr1:182553477:C>G	4	0.9640421953609263
chr12:95532999:C>T	4	0.9640421953609263
chr2:113406871:->CCTCCC	4	0.9640421953609263
chr3:56434778:T>C	4	0.9640421953609263
chr3:142962395:G>C	4	0.9640421953609263
chr7:2814922:C>G	4	0.9640421953609263
chr7:21558981:G>C	4	0.9640421953609263
chr1:54807007:C>T	5	0.7394955191986737
chr11:27658063:C>T	5	0.7394955191986737
chr11:120478257:G>C	5	0.7394955191986737
chr12:132011509:C>A	5	0.7394955191986737
chr19:34434927:G>A	5	0.7394955191986737
chr3:165188973:C>G	5	0.7394955191986737
chr6:87416692:C>G	5	0.7394955191986737
chr7:10974839:->CAGCCC	5	0.7394955191986737
chr7:122702439:G>A	5	0.7394955191986737
chrX:47447558:G>A	5	0.7394955191986737
chr19:58053788:T>A	6	-1
chr2:152628421:C>G	7	0.06715991092097995
