mutation_id	myclone_id	myclone_ccf
chr3:38006571:G>A	1	1.0
chr1:10639918:C>T	2	0.8976649193554844
chr3:109005230:C>T	2	0.8976649193554844
chr1:2030217:C>T	3	0.59054129103531
chr16:89281367:C>T	3	0.59054129103531
chr3:13618263:C>T	3	0.59054129103531
chr17:11617512:C>T	3	0.59054129103531
chr17:44152648:T>A	3	0.59054129103531
chr18:7949274:C>T	3	0.59054129103531
chr9:130422625:G>A	3	0.59054129103531
chr19:33081224:G>A	4	0.12205877132619501
chr2:47410295:C>G	4	0.12205877132619501
chr8:38210277:G>C	4	0.12205877132619501
chr12:25225627:G>A	5	0.230999136059028
chr1:207523901:G>T	6	0.43496879823884677
chr11:22685707:A>G	6	0.43496879823884677
chr13:28034129:TATTCTCTGAA>GG	6	0.43496879823884677
chr10:68959914:G>A	6	0.43496879823884677
