mutation_id	myclone_id	myclone_ccf
chr10:116860831:T>G	1	1.0
chr21:46498786:C>G	1	1.0
chr11:47359985:G>-	2	0.8476971812817762
chr19:8536319:G>A	2	0.8476971812817762
chr3:52827107:G>A	2	0.8476971812817762
chr9:14789028:G>A	2	0.8476971812817762
chr17:44014514:->AAGG	3	0.20862411889724775
chr21:44300140:C>T	3	0.20862411889724775
chr7:122698448:G>C	3	0.20862411889724775
chr1:164799720:C>T	4	0.13594252452685154
chr2:21007797:T>C	4	0.13594252452685154
chr4:138241865:C>T	4	0.13594252452685154
chr7:23165846:G>T	4	0.13594252452685154
chrY:21383781:C>T	5	0.9262408595759863
