mutation_id	myclone_id	myclone_ccf
chr11:103204825:T>A	1	0.623489722636995
chr12:49336456:C>T	1	0.623489722636995
chr12:132140862:G>A	1	0.623489722636995
chr13:113539406:G>C	1	0.623489722636995
chr19:7126616:G>A	1	0.623489722636995
chr3:131699969:C>T	1	0.623489722636995
chr9:14088297:A>G	1	0.623489722636995
chr11:111875469:G>C	2	0.8442261890044783
chr11:111875825:G>C	2	0.8442261890044783
chr17:32778567:C>A	2	0.8442261890044783
chr18:61816441:G>C	2	0.8442261890044783
chr19:48414400:C>T	2	0.8442261890044783
chr7:100819814:->G	2	0.8442261890044783
chr9:129005458:C>G	2	0.8442261890044783
chr1:64142527:C>T	3	0.4190375806777251
chr1:109269121:G>A	3	0.4190375806777251
chr1:241769437:T>G	3	0.4190375806777251
chr10:32711695:A>G	3	0.4190375806777251
chr11:60767593:C>T	3	0.4190375806777251
chr11:83930412:G>T	3	0.4190375806777251
chr12:52451569:G>C	3	0.4190375806777251
chr15:71811515:G>A	3	0.4190375806777251
chr15:72563419:C>T	3	0.4190375806777251
chr2:178552374:C>G	3	0.4190375806777251
chr3:1329801:C>T	3	0.4190375806777251
chr3:74334835:A>T	3	0.4190375806777251
chr3:194431193:C>G	3	0.4190375806777251
chr7:118234854:G>A	3	0.4190375806777251
chr9:214718:C>G	3	0.4190375806777251
chr9:136508981:G>A	3	0.4190375806777251
chr16:67611181:C>T	4	1
chr17:20866620:G>A	4	1
chr18:47035213:G>A	4	1
chr2:233760912:C>T	4	1
chr3:102477474:C>T	4	1
chr4:169992096:C>T	4	1
chr5:33937276:C>T	4	1
chr8:42187502:G>A	4	1
chr8:143249920:G>C	4	1
chr9:91731066:G>T	4	1
chr17:37097138:G>A	5	0.1400332731711844
chr19:20949127:G>A	5	0.1400332731711844
chrX:55007025:C>G	5	0.1400332731711844
chr21:46401619:A>C	6	-1
