mutation_id	myclone_id	myclone_ccf
chr22:37735219:G>A	1	0.6970684039087948
chr1:15456765:G>A	2	0.1917291667038054
chr11:65585304:C>T	2	0.1917291667038054
chr12:25245347:C>T	2	0.1917291667038054
chr16:29901536:C>A	2	0.1917291667038054
chr22:36766182:C>A	3	0.4202988424285376
chrX:37453484:G>T	3	0.4202988424285376
chr14:106627249:->TAC	3	0.4202988424285376
chr20:59996015:G>T	4	0.11433537248819114
chr22:37096018:G>A	4	0.11433537248819114
chrX:123886468:T>A	4	0.11433537248819114
chr4:1238272:G>A	4	0.11433537248819114
chr4:5992916:C>T	4	0.11433537248819114
chr6:72182677:G>A	4	0.11433537248819114
chr12:67311780:C>T	5	0.5227043714035176
chr12:112450352:A>T	5	0.5227043714035176
chr5:54519344:T>A	5	0.5227043714035176
chr9:83880474:T>G	5	0.5227043714035176
chr17:16735614:C>A	6	0.9199999999999999
