mutation_id	myclone_id	myclone_ccf
chr20:62322136:G>A	1	1.0
chr14:22449112:->GGTA	2	0.5010086956521738
chr10:113620605:T>C	2	0.5010086956521738
chr17:62666850:A>T	2	0.5010086956521738
chr7:102605928:T>C	2	0.5010086956521738
chr7:115015821:G>T	2	0.5010086956521738
chr8:117807287:G>A	2	0.5010086956521738
