mutation_id	myclone_id	myclone_ccf
chr13:23334181:G>A	1	1
chr1:114716123:C>T	2	0.4483290446719864
chr11:100002137:G>-	2	0.4483290446719864
chr16:20349154:C>T	2	0.4483290446719864
chr2:21042365:C>A	2	0.4483290446719864
chr2:100964878:C>T	2	0.4483290446719864
chr2:185789307:C>A	2	0.4483290446719864
chr3:73384636:C>T	2	0.4483290446719864
chr5:138257699:G>A	2	0.4483290446719864
chr8:61376659:C>T	2	0.4483290446719864
chr17:1516468:C>T	2	0.4483290446719864
chr17:10309796:C>T	2	0.4483290446719864
chr6:33290751:G>A	2	0.4483290446719864
chr19:5244180:G>A	3	0.0844357796035834
chr19:57131094:G>T	3	0.0844357796035834
chr10:53823229:G>A	3	0.0844357796035834
chr10:123148521:C>T	3	0.0844357796035834
chr17:10401365:G>T	3	0.0844357796035834
chr4:185508522:G>A	3	0.0844357796035834
chr6:29307460:T>C	3	0.0844357796035834
chr6:132328050:G>A	3	0.0844357796035834
chr1:3763782:G>A	4	0.28461429796735693
chr2:195796664:T>C	4	0.28461429796735693
chr22:15528679:C>T	4	0.28461429796735693
chrX:3027366:C>T	4	0.28461429796735693
chr1:54682752:G>T	5	0.15588652418613178
chr12:25245350:C>T	5	0.15588652418613178
chr16:71970027:C>T	5	0.15588652418613178
chr19:8601109:C>T	5	0.15588652418613178
chr19:46720632:G>A	5	0.15588652418613178
chr2:233719061:G>T	5	0.15588652418613178
chr5:168199882:G>A	5	0.15588652418613178
chr17:73169403:C>A	5	0.15588652418613178
chr17:82028403:G>A	5	0.15588652418613178
