mutation_id	myclone_id	myclone_ccf
chr13:20988360:->GGGGGT	1	0.10678556529031485
chr16:57473635:G>A	1	0.10678556529031485
chr16:67880919:G>A	1	0.10678556529031485
chr11:284532:G>A	2	0.8706583660401227
chr11:108481211:G>A	2	0.8706583660401227
chr12:106239743:A>G	2	0.8706583660401227
chr17:81399780:C>A	2	0.8706583660401227
chr3:158098130:G>C	2	0.8706583660401227
chr5:90653681:A>T	2	0.8706583660401227
chr8:17210460:G>A	2	0.8706583660401227
chr14:106579013:C>G	3	0.75
chr10:817796:C>T	4	0.9912280701754387
