mutation_id	myclone_id	myclone_ccf
chr4:7434451:C>T	1	0.161753135557921
chr4:70335606:C>T	2	1.0
chr1:114716123:C>T	3	0.5273928307464892
chr19:32802693:C>T	4	0.7355849713387655
chr2:1239749:G>A	4	0.7355849713387655
chr6:152325169:C>T	4	0.7355849713387655
