mutation_id	myclone_id	myclone_ccf
chr3:78661216:G>C	1	1
chr15:29123383:C>T	2	0.7657484181297922
chr1:241772929:G>C	3	0.8899530803475165
chr9:76711189:G>C	3	0.8899530803475165
chr3:157437809:G>C	4	0.6584345598838194
chr3:186584450:G>C	4	0.6584345598838194
chr5:140836088:C>T	4	0.6584345598838194
chr16:30958731:G>C	5	0.22029601891032713
chr2:5693486:C>T	5	0.22029601891032713
chr3:133586585:G>A	5	0.22029601891032713
chr4:122286756:C>G	5	0.22029601891032713
chr4:127730628:G>C	5	0.22029601891032713
chr19:41625935:C>T	6	0.0973379640350735
chr6:159753492:G>A	6	0.0973379640350735
chrX:47915188:A>G	7	-1
