mutation_id	myclone_id	myclone_ccf
chr1:114716123:C>T	1	1
chr5:45695905:G>A	1	1
chr5:56111743:C>A	1	1
chr12:41188474:C>T	2	0.12080094124882809
chr7:124032203:C>G	2	0.12080094124882809
chr14:105529131:G>A	2	0.12080094124882809
