mutation_id	myclone_id	myclone_ccf
chr13:40560851:G>T	1	0.8444996206945343
chr19:51481582:G>A	1	0.8444996206945343
chr22:38826655:C>T	1	0.8444996206945343
chr5:56176151:C>T	1	0.8444996206945343
chrX:52652917:A>T	1	0.8444996206945343
chrX:67721954:T>G	1	0.8444996206945343
chr12:25225713:T>A	2	0.7008002106448034
chr15:100281370:C>T	2	0.7008002106448034
chr17:8823023:T>C	2	0.7008002106448034
chr2:56192865:C>T	2	0.7008002106448034
chr20:33852202:C>T	2	0.7008002106448034
chr20:63689586:C>A	2	0.7008002106448034
chr9:33572326:G>A	2	0.7008002106448034
chr9:114478665:C>T	2	0.7008002106448034
chr2:172484901:C>T	2	0.7008002106448034
chr4:41613544:G>A	2	0.7008002106448034
chr14:29624204:C>T	3	0.5546431915462815
chr3:167522321:G>A	3	0.5546431915462815
chr2:196729224:G>A	4	0.13552757273121996
chr4:3476417:A>T	5	0.9987878787878788
