mutation_id	myclone_id	myclone_ccf
chr16:71634459:G>A	1	1
chr19:55358370:G>A	1	1
chr20:33679881:->CGG	1	1
chr16:9092159:C>T	2	0.2173309297168129
chr5:141409748:G>A	2	0.2173309297168129
chr10:4833444:T>C	3	0.840840460473262
chr11:64266194:->GCCCCC	3	0.840840460473262
chr16:23389047:G>A	3	0.840840460473262
chr19:48873720:->CCC	3	0.840840460473262
chr10:26021542:G>A	4	0.44182189306694003
chr16:1204247:G>A	4	0.44182189306694003
chr16:3738633:GAAGAA>AGG	4	0.44182189306694003
chr16:56328761:G>T	4	0.44182189306694003
chr5:80472805:C>T	4	0.44182189306694003
chr7:102468931:C>T	4	0.44182189306694003
