mutation_id	myclone_id	myclone_ccf
chr6:138335002:G>A	1	0.1725300189593426
chr19:4054710:->G	2	0.7968775085817387
chr2:87339031:CCTC>-	2	0.7968775085817387
chr14:106511116:->TCTAGG	3	1.0
chr14:106511175:A>G	3	1.0
chr19:8333227:C>T	3	1.0
chr6:32186614:C>T	3	1.0
chr6:149378554:C>T	3	1.0
chr9:35303070:G>T	3	1.0
