mutation_id	myclone_id	myclone_ccf
chr1:155760481:G>C	1	0.6718423911146416
chr21:46557682:G>A	1	0.6718423911146416
chr5:141403612:G>A	1	0.6718423911146416
chr9:137080664:GGGTGACTAGCCCTTTCCCCACCAGGAACTTTGCTGCCTTGGAAG>TCCCGGA	1	0.6718423911146416
chr1:18365372:C>A	2	0.7903939971832927
chr10:63207499:C>T	2	0.7903939971832927
chr10:63207500:G>T	2	0.7903939971832927
chr18:72542083:G>A	2	0.7903939971832927
chr2:107866302:C>T	2	0.7903939971832927
chr13:48707039:C>T	3	1.0
chr16:19487281:C>T	3	1.0
chr17:35362894:C>G	3	1.0
chr1:217610396:G>C	4	0.190755049089793
chr10:126504763:C>T	4	0.190755049089793
chr11:2149214:G>A	4	0.190755049089793
chr19:6501335:G>A	4	0.190755049089793
chr19:34219451:G>C	4	0.190755049089793
chr2:211420502:G>T	4	0.190755049089793
chr3:48298500:C>T	4	0.190755049089793
chr14:106506995:GTATCTTGC>TGAG	5	-1
chr14:106639118:->GGT	6	-1
chr14:106324253:->TCAAA	7	-1
chrX:108591202:C>T	8	0.007663714599890625
