mutation_id	myclone_id	myclone_ccf
chr10:114975238:T>C	1	0.8311190200703802
chr2:90221382:TCCCACAGTGTTAC>CACGG	1	0.8311190200703802
chr20:44160308:C>T	1	0.8311190200703802
chr20:57515819:G>A	1	0.8311190200703802
chr22:19475537:G>A	1	0.8311190200703802
chrX:123404762:C>T	1	0.8311190200703802
chr14:99405326:->AGCGGGGGAA	2	0.5850079076527477
chr19:57493782:A>G	2	0.5850079076527477
chr2:32736800:C>T	2	0.5850079076527477
chr7:142797119:ACCAA>-	2	0.5850079076527477
chr10:86943160:C>T	3	0.44478700450538194
chr6:111367133:G>C	3	0.44478700450538194
chr9:17007:G>A	3	0.44478700450538194
chr9:34635775:C>T	3	0.44478700450538194
chr1:43971461:G>A	4	0.2296500984325358
chr10:60042718:C>T	4	0.2296500984325358
chr20:58160813:C>T	4	0.2296500984325358
chr6:113956679:C>T	4	0.2296500984325358
chr10:99714688:A>C	5	0.1262327974864549
chr12:18739037:C>T	5	0.1262327974864549
chr19:13506213:G>A	5	0.1262327974864549
chr3:133954975:G>A	5	0.1262327974864549
chr5:52925321:C>T	5	0.1262327974864549
chr5:161873284:G>T	5	0.1262327974864549
chr11:1030772:G>T	5	0.1262327974864549
chr11:694948:CTGCCGCGGCCGCGGCCGCCGCCGCCACAG>-	6	0.9242658423493046
