mutation_id	myclone_id	myclone_ccf
chr11:78200763:C>T	1	0.3537374120117992
chr2:113406872:->CC	1	0.3537374120117992
chr19:12973426:G>A	2	1.0
chr2:70835767:C>A	2	1.0
chr6:51791317:C>A	3	0.8361428140278401
chr7:98971931:->GT	3	0.8361428140278401
chr1:13416448:C>G	4	0.16195188632673693
chr10:20961728:C>T	4	0.16195188632673693
chr11:93761515:G>A	4	0.16195188632673693
