mutation_id	myclone_id	myclone_ccf
chr1:33864329:G>A	1	0.8879091211892782
chr1:75807025:G>A	1	0.8879091211892782
chr2:74461444:->G	1	0.8879091211892782
chr2:140335795:A>C	1	0.8879091211892782
chr2:232136631:GACTT>AGAAGC	1	0.8879091211892782
chr1:204126111:G>A	1	0.8879091211892782
chr13:112067998:GA>-	2	0.6168089531027471
chr15:89483196:G>A	2	0.6168089531027471
chr19:22988416:G>T	2	0.6168089531027471
chr3:160677632:C>T	2	0.6168089531027471
chr7:80462507:C>T	2	0.6168089531027471
chr12:25245347:C>T	2	0.6168089531027471
chr17:8828836:C>G	2	0.6168089531027471
chr17:11598798:G>A	2	0.6168089531027471
chr2:86858259:G>A	2	0.6168089531027471
chr2:170386266:G>T	2	0.6168089531027471
chr4:110476469:G>T	2	0.6168089531027471
chr19:44707876:C>T	3	0.1522707681139693
chr20:3824188:G>A	3	0.1522707681139693
chr16:3738645:A>T	4	0.9608695652173913
chr16:3740395:TGACCG>-	5	0.21127880326523504
chr17:20895996:G>A	5	0.21127880326523504
chr17:38466476:C>T	5	0.21127880326523504
chr8:104013524:C>T	5	0.21127880326523504
chr21:44330708:C>T	6	0.2078239608801955
