mutation_id	myclone_id	myclone_ccf
chr1:11834248:G>T	1	0.9042034860756516
chr17:43809061:C>A	1	0.9042034860756516
chr19:16929009:G>A	1	0.9042034860756516
chr2:106843288:G>A	1	0.9042034860756516
chr3:51361964:T>C	1	0.9042034860756516
chr12:124913546:C>T	2	0.6477434877470736
chr16:88428229:C>T	2	0.6477434877470736
chr22:46263135:G>A	2	0.6477434877470736
chr4:154609679:A>G	2	0.6477434877470736
chr12:20711431:C>A	3	0.3678471974675836
chr15:96332194:C>T	3	0.3678471974675836
chr2:132417649:G>A	3	0.3678471974675836
chr2:189063011:C>T	3	0.3678471974675836
chr2:195864778:G>A	3	0.3678471974675836
chr6:64439298:G>A	3	0.3678471974675836
chr8:36807398:C>T	3	0.3678471974675836
chr8:50553147:G>T	3	0.3678471974675836
