mutation_id	myclone_id	myclone_ccf
chr19:50876754:G>T	1	1.0
chr6:146399410:A>G	1	1.0
chr11:65125487:G>A	2	0.10543974770747021
chr4:182775109:G>C	2	0.10543974770747021
chr6:160348781:C>G	2	0.10543974770747021
