mutation_id	myclone_id	myclone_ccf
chr19:16921927:G>A	1	0.8083790397493609
chr2:178616521:G>A	1	0.8083790397493609
chr10:24607802:G>A	2	1
chr11:62753654:G>A	2	1
chr2:108304589:C>T	2	1
chrX:80442831:C>A	2	1
