mutation_id	myclone_id	myclone_ccf
chr18:68713889:C>T	1	0.5894017705090584
chr14:54774966:C>T	2	0.9999999999999998
chr15:47761208:A>T	2	0.9999999999999998
chr11:2665170:C>A	3	0.8064212134449106
chr12:13090662:C>G	3	0.8064212134449106
chr19:17300930:C>T	3	0.8064212134449106
chr2:85326595:G>A	3	0.8064212134449106
chr20:57563059:G>A	3	0.8064212134449106
chrX:107840677:C>T	4	-1
