mutation_id	myclone_id	myclone_ccf
chr12:885026:G>C	1	0.107594770977335
chr11:15077422:C>T	2	0.8581838847888954
chr18:53530566:G>T	2	0.8581838847888954
chr4:102801499:C>T	2	0.8581838847888954
chr7:55160320:A>G	2	0.8581838847888954
chrX:148980756:G>C	2	0.8581838847888954
chrX:154353418:G>C	2	0.8581838847888954
chr1:59915979:C>T	2	0.8581838847888954
chr2:178770195:G>A	3	1
chr4:46041232:C>T	3	1
chr7:3951897:C>T	3	1
chr2:219038578:G>T	4	0.2986306621191025
chr5:149832762:G>A	4	0.2986306621191025
chr14:106627252:->CTTGGA	4	0.2986306621191025
chr17:31226459:->C	5	0.9308895782990498
