mutation_id	myclone_id	myclone_ccf
chr1:81990959:G>A	1	0.1431767337807606
chr2:208242019:G>A	2	0.5851996762007555
chr7:41965869:G>T	2	0.5851996762007555
chr12:52306080:G>A	3	0.8873337357928649
chr13:28034144:A>C	3	0.8873337357928649
chr16:575939:C>T	3	0.8873337357928649
chr17:7408600:C>T	3	0.8873337357928649
chr19:55861531:C>T	3	0.8873337357928649
chr5:2749039:G>A	3	0.8873337357928649
chr8:76849663:C>T	3	0.8873337357928649
chr8:109438981:G>A	3	0.8873337357928649
chrX:45011019:->TGGA	3	0.8873337357928649
