mutation_id	myclone_id	myclone_ccf
chr12:25245347:C>T	1	0.6885734438341989
chr17:47299380:C>T	1	0.6885734438341989
chr8:123645789:G>T	1	0.6885734438341989
chr11:88509063:G>T	2	1
chr17:4597282:G>A	2	1
chr17:43861907:C>T	2	1
chr19:464021:C>T	2	1
chr2:84824113:C>T	2	1
chr20:63541533:C>T	2	1
chr7:98921830:C>T	2	1
chr9:136799189:G>A	3	0.436529048689082
chr14:100292811:C>T	4	-1
