mutation_id	myclone_id	myclone_ccf
chr1:209634624:G>A	1	0.9192590111837796
chr1:214386908:C>T	1	0.9192590111837796
chr12:25245350:C>A	1	0.9192590111837796
chr17:36943097:->C	1	0.9192590111837796
chr5:31313392:C>A	1	0.9192590111837796
chr7:144129933:C>G	1	0.9192590111837796
chr9:136941659:C>T	1	0.9192590111837796
chr1:149026808:C>T	2	0.5423646695255122
chr14:106592683:CACAGTAAT>AG	2	0.5423646695255122
chr7:144129484:C>T	2	0.5423646695255122
chr11:74345482:C>A	3	1
chr13:61412978:T>A	3	1
chr3:77632627:G>T	3	1
chr5:140829650:T>C	3	1
chrX:23392942:C>T	3	1
