mutation_id	myclone_id	myclone_ccf
chr1:1806515:T>C	1	0.2277221373469888
chr8:12743273:T>C	1	0.2277221373469888
chr21:44558299:C>A	1	0.2277221373469888
chr8:140544301:G>A	1	0.2277221373469888
chr15:90956804:G>C	2	0.8884400836120698
chr2:127576685:T>C	2	0.8884400836120698
chr20:42161503:G>A	3	0.6178730379808506
chr11:77182490:A>G	4	0.687142887886145
chr14:65044362:T>A	4	0.687142887886145
chr18:79527932:C>T	4	0.687142887886145
chr19:1371062:A>G	4	0.687142887886145
chr8:38528552:A>G	4	0.687142887886145
chr8:68097124:G>A	4	0.687142887886145
chr10:82973797:G>T	5	0.12537862397230626
chr11:129436897:G>A	5	0.12537862397230626
