mutation_id	myclone_id	myclone_ccf
chr1:11840199:G>A	1	0.9710792753657549
chr11:62598382:C>T	1	0.9710792753657549
chr13:114011229:G>A	1	0.9710792753657549
chr14:106537810:TC>GGGTCTTTTT	1	0.9710792753657549
chr5:43298695:C>T	1	0.9710792753657549
chr7:38394100:C>-	1	0.9710792753657549
chr8:22614412:G>T	1	0.9710792753657549
chr9:39361527:C>G	1	0.9710792753657549
chr19:53810206:C>T	2	0.5578414492684903
chr20:18412648:C>G	2	0.5578414492684903
