mutation_id	myclone_id	myclone_ccf
chr12:80266608:T>C	1	0.44067437278643584
chr17:60525836:G>A	1	0.44067437278643584
chr11:114551136:C>A	2	1.0
chr4:16226407:G>T	2	1.0
chr7:121295568:G>A	2	1.0
