mutation_id	myclone_id	myclone_ccf
chr11:58527571:G>A	1	0.8527454857800161
chr12:11853425:->GG	1	0.8527454857800161
chr16:68801744:G>T	1	0.8527454857800161
chr2:132161668:G>A	1	0.8527454857800161
chr9:39085769:C>T	1	0.8527454857800161
chr8:112263693:C>G	1	0.8527454857800161
chr1:146976964:G>C	2	0.37826091630996406
chr15:90876991:C>T	2	0.37826091630996406
chr10:112160764:T>C	3	0.08254164078939893
chr16:3243473:T>C	3	0.08254164078939893
chr5:155016937:A>C	3	0.08254164078939893
chr1:172465339:C>T	4	1.0
chr11:26598372:C>A	4	1.0
chr12:10909151:T>A	4	1.0
chr17:63826131:C>T	4	1.0
chr2:86491272:A>T	4	1.0
chr2:233636550:G>A	4	1.0
chr4:76740419:C>T	4	1.0
chr5:115963295:C>T	4	1.0
chr6:31577158:G>A	4	1.0
chr7:2632053:C>G	4	1.0
chr9:135770436:C>T	4	1.0
chrX:34943034:C>T	4	1.0
chr1:156927236:C>A	5	0.585891223664713
chr10:69631785:C>T	5	0.585891223664713
chr16:74923961:G>A	5	0.585891223664713
chr3:119706841:C>A	5	0.585891223664713
chrX:103274326:C>A	5	0.585891223664713
chr20:44480194:G>T	6	0.1684514014854252
chr8:41308718:C>A	6	0.1684514014854252
chr11:75193402:G>A	7	-1
chr2:90173414:->AA	7	-1
chr8:113098826:A>T	8	0.23449836074167263
