mutation_id	myclone_id	myclone_ccf
chr12:14840455:C>T	1	0.7291666666666666
chrX:18242477:G>A	2	0.1263157894736842
chr1:114463129:G>A	3	0.62028993808517
chr1:154334187:C>T	3	0.62028993808517
chr1:156652960:C>G	3	0.62028993808517
chr1:201005356:G>A	3	0.62028993808517
chr10:132204850:G>C	3	0.62028993808517
chr11:1251058:C>T	3	0.62028993808517
chr11:113204413:C>T	3	0.62028993808517
chr12:25225709:C>G	3	0.62028993808517
chr12:43425686:G>A	3	0.62028993808517
chr12:51688818:G>A	3	0.62028993808517
chr14:58488673:C>T	3	0.62028993808517
chr16:49637693:C>T	3	0.62028993808517
chr17:74849791:G>A	3	0.62028993808517
chr19:17936523:G>C	3	0.62028993808517
chr19:24127757:C>G	3	0.62028993808517
chr19:40591114:C>G	3	0.62028993808517
chr19:52315934:G>C	3	0.62028993808517
chr2:8800414:C>G	3	0.62028993808517
chr21:41441895:G>A	3	0.62028993808517
chr22:42127975:C>G	3	0.62028993808517
chr3:38550387:G>T	3	0.62028993808517
chr3:47123128:->CGGGGCC	3	0.62028993808517
chr3:47123130:T>GGGGCCCC	3	0.62028993808517
chr3:58869399:->CC	3	0.62028993808517
chr3:161249533:G>A	3	0.62028993808517
chr3:197017244:G>A	3	0.62028993808517
chr4:1974977:C>G	3	0.62028993808517
chr4:20589672:C>G	3	0.62028993808517
chr4:70524892:G>A	3	0.62028993808517
chr5:149995693:G>A	3	0.62028993808517
chr6:27838890:G>T	3	0.62028993808517
chr7:22193529:C>T	3	0.62028993808517
chr7:99533453:G>C	3	0.62028993808517
chr8:24394116:G>C	3	0.62028993808517
chr9:127715475:C>T	3	0.62028993808517
chr16:66402797:G>A	4	0.6222153260914824
chr18:63410358:C>T	4	0.6222153260914824
chr3:177051659:->CCCC	4	0.6222153260914824
chr7:87566845:C>T	4	0.6222153260914824
chr1:178473083:G>A	5	0.22101447314246192
chr11:33710281:G>A	5	0.22101447314246192
chr12:103727336:G>C	5	0.22101447314246192
chr17:46038566:G>C	5	0.22101447314246192
chr5:140835183:C>G	5	0.22101447314246192
