mutation_id	myclone_id	myclone_ccf
chr14:96086663:G>T	1	0.9663073261827773
chr16:3290087:C>A	1	0.9663073261827773
chr7:99606804:A>C	1	0.9663073261827773
chr10:72203438:T>C	2	0.5222033694844866
chr15:27026773:C>T	2	0.5222033694844866
chr5:122423718:A>C	2	0.5222033694844866
