mutation_id	myclone_id	myclone_ccf
chr2:79159399:G>C	1	0.09844251774817
chr16:3770924:C>GG	2	0.5451569941195138
chr1:86560294:C>T	3	0.7326630347848485
chr16:3770922:->G	3	0.7326630347848485
chr16:84854826:C>T	3	0.7326630347848485
chr19:17162430:A>G	3	0.7326630347848485
chr2:26473473:->GCACCCCCCC	3	0.7326630347848485
chr17:7673772:->GCCGGG	3	0.7326630347848485
chr11:123753846:G>A	3	0.7326630347848485
chrX:71617349:C>T	3	0.7326630347848485
chrX:152736936:C>T	3	0.7326630347848485
chr10:98425580:C>A	4	0.4559817179048511
chr11:132146441:C>T	4	0.4559817179048511
chr4:119158118:C>T	4	0.4559817179048511
chr9:137051099:G>A	4	0.4559817179048511
