mutation_id	myclone_id	myclone_ccf
chr1:17697228:G>A	1	0.5260225186543305
chr15:55829960:T>C	1	0.5260225186543305
chr4:1961074:G>A	1	0.5260225186543305
chr12:112450407:A>T	2	1.0
chr15:40183779:TT>-	2	1.0
chr9:95469916:C>T	2	1.0
chr17:31235729:G>A	2	1.0
chr9:33548673:C>T	3	0.7324846477693806
