mutation_id	myclone_id	myclone_ccf
chr2:230357933:G>A	1	1.0
chr1:114716123:C>T	2	0.3504933265401428
chrX:49226456:G>A	2	0.3504933265401428
chr14:61746959:A>G	2	0.3504933265401428
chr6:162814199:C>A	2	0.3504933265401428
chr1:27954379:G>A	3	0.2758986740073858
chr13:43860036:GCT>-	3	0.2758986740073858
chr22:39684493:C>T	3	0.2758986740073858
chr5:177096717:G>A	3	0.2758986740073858
chr16:18520898:T>G	4	0.5209586097701738
chr18:49929518:G>A	5	0.460125338647358
