mutation_id	myclone_id	myclone_ccf
chr14:24193253:T>C	1	0.8792673412538554
chr3:66384093:A>G	1	0.8792673412538554
chr8:38421858:C>T	1	0.8792673412538554
chr19:45396868:T>G	2	0.1195563118421882
chr10:132697868:->A	2	0.1195563118421882
chr1:39661136:G>A	3	0.6161758595776852
chr16:71978295:C>T	3	0.6161758595776852
chr13:108961603:C>A	4	0.479124167006664
chr1:979925:A>G	5	0.2206695195160539
chr2:201079021:C>T	5	0.2206695195160539
chr2:240725344:G>A	5	0.2206695195160539
chr5:35874469:->CATGCT	5	0.2206695195160539
chr14:22439012:->CCA	6	-1
