mutation_id	myclone_id	myclone_ccf
chr11:62560416:T>C	1	1.0
chr16:21202114:G>A	1	1.0
chr16:56969916:T>C	1	1.0
chr3:177051509:ATA>CC	1	1.0
chr1:110223407:G>A	2	0.6662495599206568
chr12:29477181:G>A	2	0.6662495599206568
chr9:3270519:C>T	2	0.6662495599206568
chr12:52676442:G>A	3	0.12035459447890146
chr17:75739964:G>A	3	0.12035459447890146
chr3:131542785:G>T	3	0.12035459447890146
chr19:34428523:G>A	4	0.8618408498703399
chr9:847030:C>T	4	0.8618408498703399
chrX:22077520:C>T	4	0.8618408498703399
chr8:11757011:C>T	5	-1
chr14:106592678:->CTGAA	6	-1
