mutation_id	myclone_id	myclone_ccf
chr16:14584353:T>C	1	0.7627155316211566
chr3:130598419:C>T	1	0.7627155316211566
chr22:17540658:G>A	2	1.0
chr8:48729854:C>A	2	1.0
chr12:10313434:T>C	3	0.9032657481687179
chr4:65414437:C>T	3	0.9032657481687179
