mutation_id	myclone_id	myclone_ccf
chr1:114716126:C>T	1	1
chr16:31219389:G>A	1	1
chrX:3310334:G>T	1	1
chr12:52434298:G>A	1	1
chr10:119165568:G>A	2	0.8304253193463214
chr6:158084166:C>T	2	0.8304253193463214
