mutation_id	myclone_id	myclone_ccf
chr11:4848384:G>T	1	0.32725812145206445
chr18:58366050:G>A	1	0.32725812145206445
chr3:10125691:G>C	1	0.32725812145206445
chr8:144440428:C>T	1	0.32725812145206445
chr1:13342683:G>A	2	0.8995182054982046
chr1:89187101:G>T	2	0.8995182054982046
chr10:100291408:C>A	2	0.8995182054982046
chr19:1924270:G>A	2	0.8995182054982046
chr19:34454516:G>A	2	0.8995182054982046
chr2:178588879:G>T	2	0.8995182054982046
chr2:206310382:A>T	2	0.8995182054982046
chr4:55980249:A>T	2	0.8995182054982046
chr4:168181742:GTAA>-	2	0.8995182054982046
chr10:14326860:G>A	3	1
chr15:59217932:C>T	3	1
chr16:1211527:A>G	3	1
chr20:56452649:A>G	3	1
chr3:10844219:G>A	3	1
chr1:152776632:C>A	4	0.5499613778894366
chr10:110812297:C>T	4	0.5499613778894366
chr11:116821578:G>A	4	0.5499613778894366
chr12:48329761:G>A	4	0.5499613778894366
chr14:23424842:C>T	4	0.5499613778894366
chr17:7849283:C>T	4	0.5499613778894366
chr18:79410862:C>T	4	0.5499613778894366
chr20:5302280:G>A	4	0.5499613778894366
chr22:22099208:ATTT>C	4	0.5499613778894366
chr8:92005129:G>A	4	0.5499613778894366
chr3:177051676:->T	5	-1
chr3:177038111:T>A	6	-1
