mutation_id	myclone_id	myclone_ccf
chr11:64713674:G>A	1	0.0982847667943953
chr11:102872951:G>A	1	0.0982847667943953
chr17:41395253:G>A	1	0.0982847667943953
chr9:109167249:C>T	1	0.0982847667943953
chr11:71582407:G>A	2	0.7995070404005765
chr15:78545747:A>G	2	0.7995070404005765
chr18:45063405:G>A	2	0.7995070404005765
chr19:4550806:G>A	2	0.7995070404005765
chr19:36017659:G>A	2	0.7995070404005765
chr19:41683876:G>A	2	0.7995070404005765
chr20:35632366:A>T	2	0.7995070404005765
chr4:56811700:A>G	2	0.7995070404005765
chr4:99428608:C>T	2	0.7995070404005765
chr6:165388453:G>A	2	0.7995070404005765
chr7:73606045:G>T	2	0.7995070404005765
chr7:117735307:T>C	2	0.7995070404005765
chr8:24955981:C>A	2	0.7995070404005765
chr8:141180851:C>T	2	0.7995070404005765
chr9:112454135:C>T	2	0.7995070404005765
chr14:106062141:TCACTGTGTCTCTCGCACAGTAA>CCCCTAAGACG	3	0.6178343949044586
chr14:22490488:GTGTATC>TT	4	1.2422907488986783
