mutation_id	myclone_id	myclone_ccf
chr1:18482959:G>A	1	1.0
chr14:22449080:GGGGAAGTTTTTGTAAAGCTCTGTAGCACTGTGACTG>-	2	0.3142183817753338
chr19:54736024:C>T	3	0.8758117635357967
chr20:3234176:C>T	3	0.8758117635357967
chr4:154366239:G>A	3	0.8758117635357967
chr8:39837179:G>A	3	0.8758117635357967
chr12:11884507:->TC	4	0.7233068241882211
chr15:65076948:G>A	4	0.7233068241882211
chr16:88678500:C>T	4	0.7233068241882211
chr11:59713031:C>T	4	0.7233068241882211
chr5:11199547:C>T	4	0.7233068241882211
chr15:51341756:G>A	5	0.12003917328082517
chr19:9266159:A>C	5	0.12003917328082517
chr2:20671124:G>A	5	0.12003917328082517
chr7:154962431:T>C	5	0.12003917328082517
chr12:69655625:C>A	5	0.12003917328082517
chr5:102498700:G>A	5	0.12003917328082517
chr8:123207553:C>T	5	0.12003917328082517
