mutation_id	myclone_id	myclone_ccf
chr1:114716126:C>T	1	0.3327387015049711
chr13:51974904:C>A	1	0.3327387015049711
chr14:37369614:G>A	1	0.3327387015049711
chr17:4178879:C>T	1	0.3327387015049711
chr17:41250051:G>C	2	0.8180651902191074
chr19:38871666:->CCGGGG	2	0.8180651902191074
chr7:31338294:G>A	2	0.8180651902191074
chr7:64220208:G>A	2	0.8180651902191074
chr1:176557070:G>T	3	0.13205768944846627
chr17:59213380:G>C	3	0.13205768944846627
chr2:184938162:T>G	3	0.13205768944846627
chr20:18187363:C>T	3	0.13205768944846627
chrX:115007956:A>G	3	0.13205768944846627
chr12:20646893:C>T	4	1
chr2:90210529:T>C	4	1
chr4:13603383:C>T	4	1
chr4:184010962:C>G	4	1
chr6:13617786:G>A	4	1
chr9:27157918:C>G	4	1
chr9:36353255:G>C	4	1
