mutation_id	myclone_id	myclone_ccf
chr2:237818203:G>A	1	0.1359223300970872
chr2:84727793:A>G	2	0.7683317009285536
chr2:229546947:C>T	2	0.7683317009285536
chr7:140544735:C>T	2	0.7683317009285536
chr1:114716126:C>T	3	0.2841001816611572
chr1:214383824:G>A	3	0.2841001816611572
chr4:682021:C>T	3	0.2841001816611572
chr1:2593829:C>T	4	0.6201087494899863
chr10:116700957:G>T	4	0.6201087494899863
chr2:219032490:C>T	4	0.6201087494899863
chrX:80791909:C>T	5	0.7077922077922078
chr21:26965551:G>A	6	0.5438202247191009
