mutation_id	myclone_id	myclone_ccf
chr12:6587505:G>A	1	0.347462945825192
chr10:133197091:G>C	2	0.6731442065404853
chr5:23522870:T>A	2	0.6731442065404853
chr6:43299467:T>A	2	0.6731442065404853
chr10:91630591:G>A	3	1.0
chr2:96124070:G>A	3	1.0
chr3:126157461:G>A	3	1.0
