mutation_id	myclone_id	myclone_ccf
chr10:58361378:C>T	1	0.3166553162936065
chr6:32029952:C>G	1	0.3166553162936065
chr10:23193874:G>C	2	0.0904088875462412
chr14:44506115:G>C	2	0.0904088875462412
chr17:35479200:G>C	2	0.0904088875462412
chr3:183963578:C>T	2	0.0904088875462412
chr14:75546542:G>A	3	0.9853377858060687
chr14:106592675:->TTTGA	3	0.9853377858060687
chr17:41477127:C>T	3	0.9853377858060687
chr17:43882496:C>T	3	0.9853377858060687
chr2:134345063:C>T	3	0.9853377858060687
chr7:95528204:G>A	3	0.9853377858060687
chr2:89937678:CTCCCACAGTGGTACAGCCCTGAACAAAAACCTCCCTG>TTTTCCCTACAGACCAATACAGAAACCTCCCTGC	3	0.9853377858060687
chr10:1072181:C>A	4	0.8401615083817925
chr11:30915623:G>A	4	0.8401615083817925
chr14:41886929:->T	4	0.8401615083817925
chr19:4199960:G>A	4	0.8401615083817925
chr4:123402478:G>C	4	0.8401615083817925
chr5:155015492:C>G	4	0.8401615083817925
chr5:180992934:G>A	4	0.8401615083817925
chr9:114091928:C>T	4	0.8401615083817925
chrX:86714693:C>G	4	0.8401615083817925
chrX:153648025:C>G	4	0.8401615083817925
chr1:46933979:C>T	5	0.6786407530378263
chr15:73740410:G>A	5	0.6786407530378263
chr16:10962561:G>C	5	0.6786407530378263
chr17:10496025:C>G	5	0.6786407530378263
chr2:48346590:G>C	5	0.6786407530378263
chr6:30075596:G>C	5	0.6786407530378263
chr6:46868984:G>A	5	0.6786407530378263
chr9:124888344:C>G	5	0.6786407530378263
chrX:48700245:C>T	5	0.6786407530378263
chr12:118400689:G>C	5	0.6786407530378263
chr7:38276318:->ATC	6	-1
