mutation_id	myclone_id	myclone_ccf
chr1:66682027:C>T	1	0.2251685022963088
chr10:45826426:C>T	2	0.5443818432745026
chr12:55247763:T>C	3	0.138232941457686
chr17:58599485:G>A	4	0.3971958438715384
chr7:140781602:C>G	4	0.3971958438715384
chr10:110964362:A>G	5	1.0
chr14:106301383:TGTGTCTCTGTGGTAT>GC	5	1.0
chr5:140857398:C>T	5	1.0
chr1:24336602:G>A	6	0.8064644901519923
chr1:54731560:C>T	6	0.8064644901519923
chr1:158183144:G>A	6	0.8064644901519923
chr11:77245367:G>A	6	0.8064644901519923
chr15:71897597:G>T	6	0.8064644901519923
chr18:61528036:C>T	6	0.8064644901519923
chr20:6041498:G>A	6	0.8064644901519923
chr3:157011450:C>A	6	0.8064644901519923
chr8:39769572:A>T	6	0.8064644901519923
chr9:101370945:G>T	6	0.8064644901519923
