mutation_id	myclone_id	myclone_ccf
chr10:113608434:T>A	1	0.8260432007854688
chr7:123876862:G>A	2	1.0
chr12:112450394:G>A	3	0.24449176328154124
chr19:51146070:C>G	3	0.24449176328154124
chr2:178611399:C>T	3	0.24449176328154124
chr3:33498663:C>T	3	0.24449176328154124
chr12:100623691:C>T	4	0.13442134428636598
chr13:78617067:C>G	4	0.13442134428636598
chr16:2821495:G>C	4	0.13442134428636598
chr2:24816681:G>C	4	0.13442134428636598
chr2:178587918:G>C	4	0.13442134428636598
chr6:29440377:G>A	4	0.13442134428636598
chr6:43144558:G>A	4	0.13442134428636598
chr7:101237372:G>T	4	0.13442134428636598
chr1:26344311:G>A	5	0.45738344499301026
chr1:113391120:->GGCCTT	5	0.45738344499301026
chr11:72781122:C>G	5	0.45738344499301026
chr12:56097167:G>A	5	0.45738344499301026
chr12:106601334:C>T	5	0.45738344499301026
chr12:123602180:C>T	5	0.45738344499301026
chr17:38578682:G>A	5	0.45738344499301026
chr18:13438282:C>G	5	0.45738344499301026
chr19:49152363:C>G	5	0.45738344499301026
chr2:202090773:G>A	5	0.45738344499301026
chr20:25675195:G>A	5	0.45738344499301026
chr20:45222021:A>T	5	0.45738344499301026
chr22:18126598:A>-	5	0.45738344499301026
chr4:1961074:G>A	5	0.45738344499301026
chr4:163129207:G>A	5	0.45738344499301026
chr7:94423009:G>A	5	0.45738344499301026
chr8:11200666:G>A	5	0.45738344499301026
chr9:87886613:G>T	5	0.45738344499301026
