mutation_id	myclone_id	myclone_ccf
chr12:39721157:G>A	1	1
chr16:262225:G>A	1	1
chr11:77115458:G>A	2	0.1079361013825397
chr13:61413479:G>A	2	0.1079361013825397
chr1:220005335:G>C	3	0.7626931365573052
chr10:51697797:->GC	3	0.7626931365573052
chr10:76977561:G>T	3	0.7626931365573052
chr13:36438755:C>T	3	0.7626931365573052
chr7:38491049:C>A	3	0.7626931365573052
chr10:68946575:G>A	4	0.8337356280768224
chr2:89937679:TCCCACAGTGGTACAG>CCCA	4	0.8337356280768224
chr20:49374962:C>T	4	0.8337356280768224
chrX:49075421:T>C	4	0.8337356280768224
chr16:766991:G>A	5	0.9056929732195025
chr18:3879541:C>T	5	0.9056929732195025
chr3:55888489:G>A	5	0.9056929732195025
chr5:140929234:G>A	5	0.9056929732195025
chr6:53005216:C>T	5	0.9056929732195025
chr1:167824553:C>T	6	0.16999899976906913
chr22:35263822:G>A	6	0.16999899976906913
chr3:127676005:C>T	6	0.16999899976906913
chr5:114362851:G>A	6	0.16999899976906913
chr5:141247387:G>A	6	0.16999899976906913
chr1:237614493:T>G	7	0.3046330585055917
chr10:73911562:G>A	7	0.3046330585055917
chr17:18241906:C>A	7	0.3046330585055917
chr18:25322175:T>G	7	0.3046330585055917
chr2:191423923:G>A	7	0.3046330585055917
chr4:186620742:G>A	7	0.3046330585055917
chr7:99971770:C>T	7	0.3046330585055917
