mutation_id	myclone_id	myclone_ccf
chr7:155071060:C>T	1	0.1857794205796366
chr4:1841454:G>T	1	0.1857794205796366
chr20:6077241:G>T	2	0.2681346461811986
chr1:248039077:C>A	3	1.0
chr10:17105552:G>A	3	1.0
chr16:3731352:G>A	3	1.0
chr14:106116633:TGT>-	3	1.0
chr4:56314169:C>T	3	1.0
chr4:68478869:C>T	3	1.0
chr19:15728197:G>A	4	0.7751498094753702
chr7:98937210:C>T	4	0.7751498094753702
