mutation_id	myclone_id	myclone_ccf
chr17:63895343:G>A	1	0.8280458921278072
chr2:178739786:C>G	1	0.8280458921278072
chr5:138021122:G>C	1	0.8280458921278072
chr10:127018802:C>T	2	1.0
chr11:6170117:G>A	2	1.0
chr13:57633033:G>A	2	1.0
chr14:24415025:C>T	2	1.0
chr17:20110450:C>T	2	1.0
chr22:27797790:G>C	2	1.0
chr6:56597966:A>C	2	1.0
chr7:66286510:G>C	2	1.0
chr8:74315121:G>A	2	1.0
chr11:58617274:C>T	3	0.1108496485174478
chr12:11355499:A>C	3	0.1108496485174478
chr16:15030014:G>C	3	0.1108496485174478
chr19:47355257:C>G	3	0.1108496485174478
chr2:27580425:G>A	3	0.1108496485174478
chr2:200981691:G>A	3	0.1108496485174478
chr21:38300053:G>A	3	0.1108496485174478
chr3:12816886:G>A	3	0.1108496485174478
chr4:56315345:G>T	3	0.1108496485174478
chr4:184475085:G>A	3	0.1108496485174478
chr8:102833151:G>C	3	0.1108496485174478
chr6:131598370:G>A	3	0.1108496485174478
chr12:14536627:G>A	3	0.1108496485174478
chr6:117389507:C>G	3	0.1108496485174478
chr6:131602269:C>T	3	0.1108496485174478
chr6:151351026:G>A	3	0.1108496485174478
chr1:150557236:C>T	4	0.19075794193938325
chr1:200409232:C>G	4	0.19075794193938325
chr1:227733763:G>A	4	0.19075794193938325
chr12:108701320:G>A	4	0.19075794193938325
chr17:42811689:C>G	4	0.19075794193938325
chr2:102339044:G>C	4	0.19075794193938325
chr2:207828375:C>G	4	0.19075794193938325
chr3:165189612:G>T	4	0.19075794193938325
chrX:53562923:C>T	4	0.19075794193938325
chrX:66599597:T>A	4	0.19075794193938325
chr14:106129526:TTCCCCTCACTGTGTCTCTTGCACAGTAATACACA>CGGTGACAG	5	0.9204734774502078
