mutation_id	myclone_id	myclone_ccf
chr12:6587868:G>A	1	0.8326269097328459
chr19:44273835:G>A	1	0.8326269097328459
chr19:50662184:C>T	1	0.8326269097328459
chr2:15946003:A>G	1	0.8326269097328459
chr5:7520764:C>T	1	0.8326269097328459
chr7:54544633:G>A	1	0.8326269097328459
chr1:109421904:C>T	2	0.6868686868686869
chr17:80184215:C>T	2	0.6868686868686869
chrX:54923235:C>G	2	0.6868686868686869
chr12:112489084:G>T	3	0.16427132461411775
chr13:28018498:ATG>-	3	0.16427132461411775
chr13:28034183:A>G	3	0.16427132461411775
chr13:109140574:C>T	3	0.16427132461411775
chr9:135618027:C>T	3	0.16427132461411775
chr14:23386056:G>A	3	0.16427132461411775
chr11:1031013:C>T	3	0.16427132461411775
chr11:92353145:C>A	3	0.16427132461411775
chr14:45044837:G>A	3	0.16427132461411775
chr17:81447507:C>G	3	0.16427132461411775
chr18:76895062:C>T	3	0.16427132461411775
chr18:78992313:G>A	3	0.16427132461411775
chr14:54531014:C>T	3	0.16427132461411775
chr16:20559238:T>G	3	0.16427132461411775
chr6:146426600:C>T	4	1.0685358255451713
chr4:55104906:C>A	5	0.09777777777777774
