mutation_id	myclone_id	myclone_ccf
chr16:665657:G>T	1	0.928073103185061
chr17:7421109:C>T	1	0.928073103185061
chr3:87264431:G>T	1	0.928073103185061
chr9:38395895:C>T	1	0.928073103185061
chr13:38966866:C>T	2	0.5866627137330016
chr2:162446141:C>G	2	0.5866627137330016
chr20:10642580:G>A	2	0.5866627137330016
chr5:161897198:G>A	2	0.5866627137330016
chr6:27133387:G>T	2	0.5866627137330016
