mutation_id	myclone_id	myclone_ccf
chr1:171024444:T>A	1	0.6278246557667864
chr10:96012604:C>T	1	0.6278246557667864
chr4:39407023:G>A	1	0.6278246557667864
chr13:28034192:A>G	2	0.11901742849913714
chr2:232486314:C>T	2	0.11901742849913714
chr7:100952222:C>T	2	0.11901742849913714
chr2:178837023:C>T	3	0.752237458630793
chr6:28148626:G>A	3	0.752237458630793
chr7:38276318:->ATGCC	3	0.752237458630793
chr11:106940080:A>C	3	0.752237458630793
chr10:116551194:G>A	4	0.5099585683622023
chr4:140911345:C>T	4	0.5099585683622023
chr2:219055393:G>A	5	0.24705299975575434
chr5:35712871:G>A	5	0.24705299975575434
chr9:76071871:G>A	5	0.24705299975575434
chr9:133570409:C>T	5	0.24705299975575434
chr11:17075148:C>T	5	0.24705299975575434
chr5:132271334:C>T	6	1.0
chrX:115190225:C>T	7	-1
