mutation_id	myclone_id	myclone_ccf
chr1:18483270:C>T	1	0.3837140332260215
chr22:39686143:GCCCGCCGCCCCCGCCGCCAGCCCCCG>-	1	0.3837140332260215
chr1:20767623:C>G	2	0.08613741411174199
chr2:131263708:G>T	2	0.08613741411174199
chr6:30892079:G>A	2	0.08613741411174199
chr6:96203452:G>A	3	1
chr9:32418397:T>C	3	1
chr1:157801967:G>C	4	0.28114336012172064
chr12:52647774:C>T	4	0.28114336012172064
chr16:29993684:C>T	4	0.28114336012172064
chr7:1548579:->G	4	0.28114336012172064
chr20:63238463:C>T	5	0.8775399096598875
chr3:69879223:G>A	5	0.8775399096598875
chr7:38362858:ACTGTGCC>CTGTT	5	0.8775399096598875
