mutation_id	myclone_id	myclone_ccf
chr6:142088493:C>T	1	0.1097560975609756
chrX:100690597:T>C	2	1.0
chr12:109227457:C>G	3	-1
chr14:103100447:C>A	3	-1
chr20:46216981:G>A	3	-1
chr3:115676063:A>T	3	-1
chr5:141393681:C>T	4	-1
chr12:235205:G>T	5	-1
chr17:44383683:G>A	5	-1
chr2:127578161:A>G	5	-1
chr2:230310016:C>T	5	-1
chr1:54133091:C>T	6	-1
chr10:87361130:G>C	6	-1
chr10:113577211:T>A	6	-1
chr11:113986724:C>T	6	-1
chr12:27400648:G>T	6	-1
chr13:101452920:G>A	6	-1
chr17:29616712:C>G	6	-1
chr18:72542061:C>A	6	-1
chr2:86199504:C>T	6	-1
chr4:122620967:C>T	6	-1
chr5:103559221:G>T	6	-1
chr6:26045702:G>A	6	-1
chr7:148814108:T>C	6	-1
chr16:3233690:C>T	7	0.1745200990969391
