mutation_id	myclone_id	myclone_ccf
chr17:80210663:C>T	1	1.0
chr18:61554544:G>A	1	1.0
chr18:22415791:G>A	2	0.6877874880816917
chr19:41982073:G>A	2	0.6877874880816917
chr1:201077915:C>T	3	0.8344838704218903
chr15:53702278:C>T	3	0.8344838704218903
chr8:98089825:G>T	3	0.8344838704218903
chr20:63493190:C>T	4	0.1245790253397237
chr5:140836302:C>T	4	0.1245790253397237
chr6:161548987:T>C	4	0.1245790253397237
chrX:41223370:A>T	4	0.1245790253397237
