mutation_id	myclone_id	myclone_ccf
chr5:83539938:G>A	1	0.1999254437359438
chr8:143922710:G>A	2	0.0693184120494296
chr1:1916577:G>C	3	0.6106616967265321
chr2:240783086:C>T	3	0.6106616967265321
chr1:114716126:C>T	4	0.8345744988935433
chr1:201900025:G>T	4	0.8345744988935433
chr12:89603733:C>T	4	0.8345744988935433
chr17:18241689:C>T	4	0.8345744988935433
chr19:22181163:G>T	4	0.8345744988935433
chr19:45818122:C>T	5	0.9999999999999999
chr3:50057923:G>A	5	0.9999999999999999
chr4:61934958:G>C	5	0.9999999999999999
