mutation_id	myclone_id	myclone_ccf
chr17:11891824:C>T	1	0.5550316891277826
chr17:36167565:G>T	2	0.0210503217333042
chr17:65530030:C>T	3	0.1037015954058086
chr2:164522076:G>C	3	0.1037015954058086
chr1:84412400:C>A	4	0.9724841554361086
chr1:114716123:C>T	4	0.9724841554361086
chr11:17610485:G>A	4	0.9724841554361086
chr7:159034274:G>A	4	0.9724841554361086
chr10:125026255:A>G	5	0.9097053917318603
