mutation_id	myclone_id	myclone_ccf
chr12:6587933:T>G	1	0.102281200407843
chr1:6451937:C>T	2	1.0
chr12:109290238:C>T	2	1.0
chr20:44279032:G>A	2	1.0
chr5:140849999:C>T	2	1.0
chr5:141332380:G>A	2	1.0
chrX:139561710:C>T	2	1.0
chr1:248180350:G>A	3	0.8723684696597962
chr12:7406811:G>A	3	0.8723684696597962
chr12:63147630:G>C	3	0.8723684696597962
chr19:1009400:C>G	3	0.8723684696597962
chr2:120797431:G>T	3	0.8723684696597962
chrX:55181936:G>A	3	0.8723684696597962
chr14:93593756:C>T	3	0.8723684696597962
chr17:69017779:A>G	3	0.8723684696597962
chr17:82027680:G>A	3	0.8723684696597962
chr21:46132276:C>T	3	0.8723684696597962
chr21:46275322:C>T	3	0.8723684696597962
chr7:144259428:G>A	4	0.4576478829431358
chr1:225410307:T>C	5	0.9233528640805206
chr4:121138634:G>A	6	0.022159853754922243
