mutation_id	myclone_id	myclone_ccf
chr10:49646642:G>A	1	1.0
chr11:92969879:G>A	1	1.0
chr20:5922921:C>T	1	1.0
chr5:45267180:A>G	1	1.0
chr8:36836886:T>G	1	1.0
chr11:62648255:C>T	2	0.2774635627951623
chr17:43025396:G>C	2	0.2774635627951623
chr2:73451709:G>C	2	0.2774635627951623
chr4:128891073:C>G	2	0.2774635627951623
chr4:173529065:C>T	2	0.2774635627951623
chr6:26183999:C>G	2	0.2774635627951623
chr6:41936007:->G	2	0.2774635627951623
chr1:6142149:C>T	3	0.5615246135692438
chr10:94268966:G>T	3	0.5615246135692438
chr13:67226831:C>T	3	0.5615246135692438
chr13:95900917:C>G	3	0.5615246135692438
chr19:4944189:G>A	3	0.5615246135692438
chr2:160022776:C>G	3	0.5615246135692438
chr2:188996466:C>T	3	0.5615246135692438
chr6:105158577:G>A	3	0.5615246135692438
chr7:88181587:C>G	3	0.5615246135692438
chr10:12084687:T>C	4	0.3986461722644882
chr4:121380639:C>T	4	0.3986461722644882
chr2:30533206:C>T	5	0.11912265884668065
chr4:103050297:C>G	5	0.11912265884668065
chr4:172229677:G>C	5	0.11912265884668065
chr7:20755445:G>C	5	0.11912265884668065
chr17:7674220:C>T	6	-1
chrX:48600553:G>A	6	-1
chrX:86814756:G>C	6	-1
chrX:83874288:C>G	7	-1
