mutation_id	myclone_id	myclone_ccf
chr11:10854777:C>T	1	0.2234636871508378
chr13:95641784:G>A	2	0.32616405153718575
chr15:29700305:->A	2	0.32616405153718575
chr1:201210521:A>G	3	0.4914978760454632
chr19:8956762:C>T	3	0.4914978760454632
chr19:40218109:C>T	3	0.4914978760454632
chr10:109907730:C>T	4	0.8587796782714199
chr11:121153020:C>T	4	0.8587796782714199
chr6:25600534:G>A	4	0.8587796782714199
chr6:146159439:C>T	4	0.8587796782714199
chr8:109456303:G>A	4	0.8587796782714199
chrX:106640713:C>T	5	0.7709677419354839
