mutation_id	myclone_id	myclone_ccf
chr6:97041545:C>T	1	0.4657534246575342
chr14:106627248:->TC	2	0.980392156862745
chr15:83011596:G>A	3	0.9163722025912838
chr19:7647232:C>T	4	0.3951461610285137
chr19:34454331:G>A	4	0.3951461610285137
chr2:200885733:C>G	4	0.3951461610285137
chr3:3147513:C>T	4	0.3951461610285137
chr11:61485354:C>T	5	0.8359788359788358
chr3:69119849:G>A	5	0.8359788359788358
chr17:822392:G>C	6	0.9288025889967635
chr6:56485463:T>A	7	-1
chr2:74224957:G>A	8	0.5587548889902388
chr7:90300050:A>G	8	0.5587548889902388
chr7:150803761:C>G	8	0.5587548889902388
