mutation_id	myclone_id	myclone_ccf
chr17:8235230:A>G	1	0.9532765472427593
chr3:169936430:C>A	1	0.9532765472427593
chr8:431394:C>T	1	0.9532765472427593
chr8:94838569:T>C	1	0.9532765472427593
chr9:14806761:A>T	1	0.9532765472427593
chrX:141907256:G>T	1	0.9532765472427593
chr10:11329036:G>CCC	2	0.3124999999999998
chr22:19132357:C>A	3	0.5570058537800472
chr4:103183284:C>T	3	0.5570058537800472
chr6:150022170:T>G	4	0.8
chr1:11719631:AGGAAAG>CC	5	0.8537681195902453
chr10:11329034:->CC	5	0.8537681195902453
chr14:23558786:C>T	5	0.8537681195902453
chr14:76828397:G>A	5	0.8537681195902453
chr15:49012698:->T	5	0.8537681195902453
chr2:178720242:C>A	5	0.8537681195902453
chr2:208251494:G>A	5	0.8537681195902453
chr22:21053429:G>T	5	0.8537681195902453
chr11:47580547:T>A	6	1.061170588116696
chr11:119278165:G>T	6	1.061170588116696
