mutation_id	myclone_id	myclone_ccf
chr7:128880039:A>G	1	0.115180935569285
chr4:83594923:C>T	2	1.0
chr1:176740090:C>T	3	0.7881296488860373
chr17:63819853:G>A	3	0.7881296488860373
chr1:84414586:G>A	4	0.6576874364979369
chr10:92456389:C>T	4	0.6576874364979369
chr14:106421700:CTCACTGTGTGTCT>TCAGGA	4	0.6576874364979369
