mutation_id	myclone_id	myclone_ccf
chr1:6701751:G>C	1	0.7950559605934547
chr13:61412744:G>A	1	0.7950559605934547
chr18:75287699:G>A	1	0.7950559605934547
chr19:4054165:->GTCT	1	0.7950559605934547
chr20:765242:C>A	1	0.7950559605934547
chr3:98788113:C>G	1	0.7950559605934547
chr4:1916924:G>A	1	0.7950559605934547
chr7:94404699:C>T	1	0.7950559605934547
chr11:47315310:G>A	2	0.48088626284737823
chr12:34025988:G>C	2	0.48088626284737823
chr19:32709355:C>G	2	0.48088626284737823
chr6:3225079:T>G	2	0.48088626284737823
chr5:58975744:G>A	3	0.19769014694063475
chr7:16421177:G>A	3	0.19769014694063475
chr9:133455337:G>C	3	0.19769014694063475
chr9:133477141:G>A	3	0.19769014694063475
chr1:43338103:C>T	4	1.0
chr10:104034637:C>G	4	1.0
chr16:81207561:G>A	4	1.0
chr19:9811546:C>T	4	1.0
chr22:22162674:AACACTCA>CTTCCGC	4	1.0
chr22:50721004:C>A	4	1.0
chr3:119415209:G>C	4	1.0
chr4:37443540:C>A	4	1.0
chr5:43245828:G>A	4	1.0
chr6:79487855:C>G	4	1.0
chr9:131049109:G>A	4	1.0
chr14:106506995:->AGGGGGGTA	5	-1
