mutation_id	myclone_id	myclone_ccf
chr1:8324498:C>T	1	0.7073254375778295
chr1:54686316:G>A	1	0.7073254375778295
chr22:22031470:T>A	1	0.7073254375778295
chr22:22031472:A>C	1	0.7073254375778295
chr6:34538417:G>A	1	0.7073254375778295
chr9:33443334:A>-	1	0.7073254375778295
chrX:106669208:A>G	1	0.7073254375778295
chrX:154353300:G>A	1	0.7073254375778295
chr12:10126617:T>C	2	0.9666111983900547
chr16:9937963:G>C	2	0.9666111983900547
chr2:218664442:C>T	2	0.9666111983900547
chr4:76022403:C>A	2	0.9666111983900547
chr5:140803052:C>T	2	0.9666111983900547
chr6:46688545:C>T	2	0.9666111983900547
chr6:77690696:A>G	2	0.9666111983900547
chr9:27949519:G>C	2	0.9666111983900547
chr11:558938:C>T	3	0.36180570271771634
chr11:56137656:T>C	3	0.36180570271771634
chr14:102944470:C>T	3	0.36180570271771634
chr19:3600215:G>T	3	0.36180570271771634
chr2:25234404:C>A	3	0.36180570271771634
chr2:191836187:G>A	3	0.36180570271771634
chr2:233841291:A>C	3	0.36180570271771634
chr4:68550879:C>G	3	0.36180570271771634
chr7:27108664:G>A	3	0.36180570271771634
chr9:68303122:G>A	3	0.36180570271771634
chrX:27463114:G>C	3	0.36180570271771634
chr1:114425586:G>A	4	0.2058394332334663
chr1:168097093:C>G	4	0.2058394332334663
chr11:6795675:C>T	4	0.2058394332334663
chr11:7825575:G>C	4	0.2058394332334663
chr11:119088695:C>A	4	0.2058394332334663
chr12:101168100:G>C	4	0.2058394332334663
chr15:35538312:C>T	4	0.2058394332334663
chr15:84857642:G>T	4	0.2058394332334663
chr16:29694666:C>A	4	0.2058394332334663
chr17:63484510:G>A	4	0.2058394332334663
chr19:17882153:C>A	4	0.2058394332334663
chr19:41903384:G>A	4	0.2058394332334663
chr2:18584544:C>G	4	0.2058394332334663
chr2:95180244:G>T	4	0.2058394332334663
chr3:78617719:C>T	4	0.2058394332334663
chr4:36316322:G>C	4	0.2058394332334663
chr5:168685849:C>G	4	0.2058394332334663
chr5:177515781:G>A	4	0.2058394332334663
chr6:17799265:C>T	4	0.2058394332334663
chr6:26031778:C>T	4	0.2058394332334663
chr8:98089579:C>G	4	0.2058394332334663
chr8:132105194:C>G	4	0.2058394332334663
chr9:8518002:G>C	4	0.2058394332334663
