mutation_id	myclone_id	myclone_ccf
chr1:208033372:G>A	1	0.882755114719893
chr1:223110770:G>A	1	0.882755114719893
chr10:94132328:G>A	1	0.882755114719893
chr12:25245347:C>T	1	0.882755114719893
chr19:57455571:T>G	1	0.882755114719893
chr21:30491730:T>C	1	0.882755114719893
chr12:52610790:C>T	2	0.6862396558402856
chr16:3738617:G>A	2	0.6862396558402856
chr7:152169201:C>T	2	0.6862396558402856
chr14:93622120:C>T	3	0.7786454464207735
chr17:6118170:C>T	4	0.5918213791998473
chr8:127736090:G>T	4	0.5918213791998473
chr8:142613819:G>A	4	0.5918213791998473
