mutation_id	myclone_id	myclone_ccf
chr7:103322747:G>A	1	0.4239656886154746
chr19:16762041:->CC	2	0.7678068196510719
chr2:89937680:C>-	2	0.7678068196510719
chr4:122324456:G>A	2	0.7678068196510719
chr5:148665495:C>T	2	0.7678068196510719
chr6:7576382:C>T	2	0.7678068196510719
chr1:202348912:G>C	3	0.8956819755880542
chr1:204198468:G>A	3	0.8956819755880542
chrX:48482600:G>A	3	0.8956819755880542
chr2:100395605:G>A	4	0.18817218059039095
chr9:92522732:G>T	4	0.18817218059039095
chr9:127506848:G>C	4	0.18817218059039095
chr17:7352892:G>C	5	1.0
chr19:40322013:C>T	5	1.0
chr2:232407915:G>A	5	1.0
chr18:7567821:G>A	6	0.09573125075658255
chr2:135228004:C>G	6	0.09573125075658255
chr3:38613815:C>T	6	0.09573125075658255
chrX:73214093:G>C	6	0.09573125075658255
