mutation_id	myclone_id	myclone_ccf
chr20:21348411:G>A	1	0.5870817120622568
chr9:132240985:C>T	2	0.1338334978611384
chr10:58800221:T>C	3	0.2192930224788631
chr5:174729220:G>A	3	0.2192930224788631
chr1:109251181:G>C	4	0.9152404701051587
chr11:118203441:C>T	4	0.9152404701051587
chr13:27569132:G>A	4	0.9152404701051587
chr18:68897317:G>A	4	0.9152404701051587
chr9:101475948:G>A	4	0.9152404701051587
chrX:27461847:C>A	4	0.9152404701051587
