mutation_id	myclone_id	myclone_ccf
chr1:223394889:C>T	1	0.5568976478067388
chr1:181721765:C>T	1	0.5568976478067388
chr9:2643408:C>T	1	0.5568976478067388
chr9:98251874:C>T	1	0.5568976478067388
chr2:86080921:->TCT	2	0.8742651657285805
chr7:138579387:C>T	2	0.8742651657285805
chr14:105152264:G>A	3	0.18684931055475762
chr8:142915079:C>T	3	0.18684931055475762
chr10:116968658:G>A	4	0.9995364238410596
