mutation_id	myclone_id	myclone_ccf
chr10:70255214:C>T	1	0.1022799914766672
chr10:19387652:T>A	2	1.0
chr12:25227337:C>T	3	0.2219701157055675
chr19:56645696:G>A	3	0.2219701157055675
chr11:14789200:G>A	4	0.3631510709337433
chr2:90221384:CCACAGTGTTACACACCCGAAC>TCCACCGACACAGGGGAACCGCGACTTA	4	0.3631510709337433
chr8:119067429:G>C	4	0.3631510709337433
chr1:176702729:T>C	5	0.7115093429175193
chr15:69444827:G>A	5	0.7115093429175193
chr2:90221382:T>CTC	5	0.7115093429175193
