mutation_id	myclone_id	myclone_ccf
chr2:203439893:T>C	1	0.2334568309397544
chr1:1825432:G>A	2	0.6192616898846703
chr13:108727525:C>T	2	0.6192616898846703
chr6:54940497:C>T	2	0.6192616898846703
chrX:77682213:C>T	2	0.6192616898846703
chr10:60073380:G>A	3	0.9463530565237992
chr16:11384264:C>T	3	0.9463530565237992
chr17:58661301:C>T	3	0.9463530565237992
chr2:70690871:T>C	3	0.9463530565237992
chrX:148966929:C>A	3	0.9463530565237992
chr9:4117830:C>T	4	-1
