mutation_id	myclone_id	myclone_ccf
chr18:20954946:C>T	1	0.1778244488989193
chr4:78438681:A>G	1	0.1778244488989193
chrX:101840597:C>T	1	0.1778244488989193
chr11:47803511:C>T	2	0.845973717123717
chr12:25245347:C>T	2	0.845973717123717
chr15:49128721:C>T	2	0.845973717123717
chr17:32659192:G>A	2	0.845973717123717
chr19:2341039:C>T	2	0.845973717123717
chr2:209913873:C>T	2	0.845973717123717
chr22:37024331:C>T	2	0.845973717123717
chr6:85615010:C>T	2	0.845973717123717
chr9:115086062:C>A	2	0.845973717123717
chr6:158481139:C>T	3	1.0
chrX:71125490:A>G	3	1.0
chrX:153786418:T>C	4	0.5617272727272729
chrX:54085791:G>A	5	0.8974276791584486
