mutation_id	myclone_id	myclone_ccf
chr22:41508041:C>T	1	1
chr12:92144288:->GGCCA	2	0.44828053153343184
chr14:99652548:C>T	2	0.44828053153343184
chr10:102918455:G>C	3	0.23902874026633383
chr12:125103070:G>T	3	0.23902874026633383
chr17:38330264:C>T	3	0.23902874026633383
chr6:69049293:T>G	3	0.23902874026633383
chr6:122809201:G>A	3	0.23902874026633383
chr8:143868825:A>G	3	0.23902874026633383
chr2:124747287:A>T	4	0.650858893204675
chr20:49271542:G>C	4	0.650858893204675
chr16:30720804:C>T	5	0.08706616251775685
chr3:47004138:C>T	5	0.08706616251775685
chr9:19050457:C>T	5	0.08706616251775685
chr10:20869837:G>T	6	0.16299363724927204
chr10:70774216:C>A	6	0.16299363724927204
chr18:68714967:C>T	6	0.16299363724927204
chr2:102505374:C>T	6	0.16299363724927204
chrX:30309037:G>A	6	0.16299363724927204
chrX:47181826:G>A	6	0.16299363724927204
chrX:64225229:G>A	6	0.16299363724927204
