mutation_id	myclone_id	myclone_ccf
chr10:60072076:C>G	1	0.8923567934645279
chr19:34428523:G>A	1	0.8923567934645279
chr2:219490620:C>T	1	0.8923567934645279
chr3:42659157:C>T	1	0.8923567934645279
chr6:75313399:G>A	1	0.8923567934645279
chr17:12995025:T>C	2	0.1113767682805338
chr17:21305062:C>G	3	0.22401145594929303
chr9:5078360:A>G	3	0.22401145594929303
chr9:116733486:C>T	3	0.22401145594929303
chr10:96982567:C>T	4	0.4111285227787103
chr17:3672479:G>C	4	0.4111285227787103
chr3:184344938:G>A	4	0.4111285227787103
chr4:186619593:A>T	4	0.4111285227787103
chr6:18122516:C>G	4	0.4111285227787103
chr6:116436104:A>G	4	0.4111285227787103
chr7:133253163:C>T	4	0.4111285227787103
chr8:66444709:C>T	4	0.4111285227787103
chr8:112247029:C>T	4	0.4111285227787103
chr1:117941824:G>A	5	0.7598187685164334
chr19:16797770:A>C	5	0.7598187685164334
chr9:37015127:->G	5	0.7598187685164334
