mutation_id	myclone_id	myclone_ccf
chr1:25862800:C>T	1	0.7010151953484378
chr12:80305619:C>G	1	0.7010151953484378
chr12:120661215:G>C	1	0.7010151953484378
chr19:39499344:G>C	1	0.7010151953484378
chr19:54855673:G>C	1	0.7010151953484378
chr2:190881288:C>T	1	0.7010151953484378
chr2:209694422:C>G	1	0.7010151953484378
chr22:50437565:C>G	1	0.7010151953484378
chr3:11017373:C>G	1	0.7010151953484378
chr5:177592352:G>A	1	0.7010151953484378
chr7:82845335:G>C	1	0.7010151953484378
chr21:40692869:G>A	1	0.7010151953484378
chr11:65642468:G>T	2	0.5722739105614987
chr12:45850541:G>T	2	0.5722739105614987
chr12:98626582:C>T	2	0.5722739105614987
chr2:209693073:C>G	2	0.5722739105614987
chr2:216122252:->CTCCC	2	0.5722739105614987
chr4:168461778:G>C	2	0.5722739105614987
chr7:34849405:G>C	2	0.5722739105614987
chr8:246021:G>C	2	0.5722739105614987
chr11:59504010:C>T	3	0.11789901452142576
chr14:96325802:G>A	3	0.11789901452142576
chr15:72580751:G>C	3	0.11789901452142576
chr15:74812963:C>T	3	0.11789901452142576
chr15:101287699:C>T	3	0.11789901452142576
chr17:44399391:C>T	3	0.11789901452142576
chr19:23146407:G>C	3	0.11789901452142576
chr19:56423679:C>G	3	0.11789901452142576
chr2:209653412:C>G	3	0.11789901452142576
chr20:41137694:C>T	3	0.11789901452142576
chr3:49001496:G>A	3	0.11789901452142576
chr6:132617405:C>T	3	0.11789901452142576
chr7:73596267:C>T	3	0.11789901452142576
chr8:2106594:G>C	3	0.11789901452142576
chr8:28527754:C>T	3	0.11789901452142576
chr8:28527923:C>G	3	0.11789901452142576
chrY:2787337:C>T	3	0.11789901452142576
chr1:114716127:C>G	4	0.22760173491048688
chr1:197008585:G>A	4	0.22760173491048688
chr11:1288681:C>G	4	0.22760173491048688
chr11:7928024:C>G	4	0.22760173491048688
chr12:18738650:T>G	4	0.22760173491048688
chr12:95092805:G>A	4	0.22760173491048688
chr15:43640354:C>G	4	0.22760173491048688
chr22:38302897:G>C	4	0.22760173491048688
chr4:25418293:G>A	4	0.22760173491048688
chr1:167899464:T>C	5	0.9434782831446772
chr11:109424215:G>A	5	0.9434782831446772
chr2:182264365:C>T	5	0.9434782831446772
chr6:43178816:C>A	5	0.9434782831446772
chr1:114709583:C>T	6	0.446447107009349
chr1:205064378:G>A	6	0.446447107009349
chr11:62672109:CCGTG>TCTT	6	0.446447107009349
chr12:21604517:C>A	6	0.446447107009349
chr14:60436900:G>C	6	0.446447107009349
chr4:867418:C>G	6	0.446447107009349
chr7:90271615:G>A	6	0.446447107009349
chr8:245487:G>C	6	0.446447107009349
chr9:81947759:G>C	6	0.446447107009349
chrX:85108147:C>G	7	-1
chrX:50192583:G>C	8	-1
chrX:50310600:G>A	8	-1
chrX:36138444:G>C	9	-1
