mutation_id	myclone_id	myclone_ccf
chr11:123977185:G>A	1	0.5256675334048465
chr11:124872492:T>G	1	0.5256675334048465
chr17:44123543:C>T	1	0.5256675334048465
chr19:34428433:A>G	1	0.5256675334048465
chr22:37723425:C>A	1	0.5256675334048465
chr20:63350753:TGT>-	2	0.9614039527454041
chr22:27797442:C>T	2	0.9614039527454041
chr4:151649706:G>A	2	0.9614039527454041
chr9:14868836:T>A	2	0.9614039527454041
chr14:104953568:C>T	3	0.3794891234372849
chr15:84827599:G>A	3	0.3794891234372849
chr15:89333174:->C	3	0.3794891234372849
chr16:30067576:->GGACC	3	0.3794891234372849
chr21:38445583:->AC	3	0.3794891234372849
chr21:45222190:C>T	3	0.3794891234372849
chr6:55774194:A>C	3	0.3794891234372849
chr6:161166189:->G	3	0.3794891234372849
chr7:64015603:C>T	3	0.3794891234372849
chr11:76206353:T>G	4	0.20086655367757017
chr12:47686870:G>T	4	0.20086655367757017
chr12:78119468:C>A	4	0.20086655367757017
chr19:10318235:G>A	4	0.20086655367757017
chr3:179809644:G>A	4	0.20086655367757017
chr4:13627510:C>T	4	0.20086655367757017
chr5:141152103:T>A	4	0.20086655367757017
chrX:26193983:G>A	5	-1
