mutation_id	myclone_id	myclone_ccf
chr12:11839288:->GA	1	0.2883569598348916
chr14:105601136:G>A	1	0.2883569598348916
chr18:36652579:C>T	1	0.2883569598348916
chr11:69774934:C>T	2	0.1279708051785606
chr9:35092695:T>G	2	0.1279708051785606
chr1:114716123:C>T	3	0.9699619402754285
chr12:45851415:G>T	3	0.9699619402754285
chr2:178617375:C>G	3	0.9699619402754285
chr3:64541341:A>G	3	0.9699619402754285
chr9:93256370:G>A	3	0.9699619402754285
chr17:35164142:G>A	3	0.9699619402754285
chr18:36747056:C>G	3	0.9699619402754285
chr11:113207863:C>T	4	0.854004548809257
chr11:58403175:C>T	5	0.5750951493114288
