mutation_id	myclone_id	myclone_ccf
chr12:138408:C>T	1	0.0682182292561316
chr2:236036676:C>T	2	0.38699312053529616
chr5:76132246:G>A	2	0.38699312053529616
chr7:152183024:->GGTT	2	0.38699312053529616
chr14:102232696:C>T	2	0.38699312053529616
chr14:20584212:C>T	2	0.38699312053529616
chr14:24574419:C>G	2	0.38699312053529616
chr14:94496558:C>T	2	0.38699312053529616
chr18:58979101:C>T	2	0.38699312053529616
chr6:101676708:G>A	2	0.38699312053529616
chr6:160731806:G>A	2	0.38699312053529616
chr1:52899224:C>T	3	0.7105033755206466
chr1:75922252:C>T	3	0.7105033755206466
chr11:20601474:G>A	3	0.7105033755206466
chr12:130343076:A>C	3	0.7105033755206466
chr13:28023351:G>A	3	0.7105033755206466
chr13:61413339:C>A	3	0.7105033755206466
chr13:61413340:A>T	3	0.7105033755206466
chr16:2527883:G>A	3	0.7105033755206466
chr16:3728968:G>A	3	0.7105033755206466
chr16:55493220:G>A	3	0.7105033755206466
chr19:19219039:G>A	3	0.7105033755206466
chr19:33772060:C>T	3	0.7105033755206466
chr19:38458190:G>A	3	0.7105033755206466
chr19:55312948:C>T	3	0.7105033755206466
chr2:185738688:C>T	3	0.7105033755206466
chr2:191414096:C>T	3	0.7105033755206466
chr3:105541645:G>A	3	0.7105033755206466
chr3:141586041:C>T	3	0.7105033755206466
chr3:178842730:G>A	3	0.7105033755206466
chr5:167993058:G>A	3	0.7105033755206466
chr7:148809341:A>T	3	0.7105033755206466
chr9:133515522:G>A	3	0.7105033755206466
chr1:216677116:T>G	4	0.5760169902585986
chr17:42210288:A>G	4	0.5760169902585986
chr17:75003917:G>A	4	0.5760169902585986
chr9:34990792:G>A	4	0.5760169902585986
chr9:95955964:C>T	4	0.5760169902585986
chr14:20224701:G>A	4	0.5760169902585986
chr14:105142739:C>T	4	0.5760169902585986
chr18:74129579:T>C	4	0.5760169902585986
chr4:70522799:G>A	4	0.5760169902585986
chr6:72242406:C>T	4	0.5760169902585986
chr6:75709549:->GCCT	4	0.5760169902585986
chr10:7586063:C>T	5	0.783872454057614
chr10:49165766:C>T	5	0.783872454057614
chr10:60070071:G>A	5	0.783872454057614
chr10:78024989:G>A	5	0.783872454057614
chr10:84234250:C>T	5	0.783872454057614
chr21:37714487:C>T	5	0.783872454057614
chr21:30635320:C>T	6	0.21089429441355545
chr21:40075045:C>T	6	0.21089429441355545
