mutation_id	myclone_id	myclone_ccf
chr3:187235879:G>A	1	0.3999410086312496
chr1:204114379:A>G	2	0.8847315642587159
chr11:111549684:G>A	2	0.8847315642587159
chr18:7015737:C>T	2	0.8847315642587159
chr4:73069572:C>T	2	0.8847315642587159
chr5:151531656:C>T	2	0.8847315642587159
chr1:11529902:C>T	3	1.0
chr2:132781955:G>A	3	1.0
chr4:55089733:C>A	3	1.0
chr8:72936374:T>G	3	1.0
chrX:130025175:C>T	4	-1
chrX:115192598:C>T	5	-1
