mutation_id	myclone_id	myclone_ccf
chr1:46941341:C>T	1	0.5523496400430814
chr6:113956679:C>G	2	0.4386862623044216
chr19:40846024:C>A	3	0.076106531246854
chr10:62656476:G>A	4	0.832472155028164
chr12:130434830:G>A	4	0.832472155028164
chr19:47066500:G>A	4	0.832472155028164
chr20:36897875:C>T	4	0.832472155028164
chr6:64821713:G>C	4	0.832472155028164
chr7:140753355:C>T	5	0.1645722427816586
chrX:37008533:G>A	6	-1
chrX:50635349:G>A	7	-1
chr12:6906638:C>T	8	-1
chrX:104040304:G>A	9	-1
