mutation_id	myclone_id	myclone_ccf
chr5:134138089:CCCCAACTCTCTCTCTACGAACATTTCA>G	1	0.6392421191737762
chr8:143378342:G>A	2	0.1848601961697972
chr5:140802649:G>A	3	0.2727774323228836
chr1:24082148:G>A	4	0.8150629218512166
chr1:84570632:G>A	4	0.8150629218512166
chr1:173530006:G>A	4	0.8150629218512166
chr19:55614015:C>-	4	0.8150629218512166
chr10:25952222:G>A	5	0.9919560975818991
chr11:281599:T>G	5	0.9919560975818991
chr11:35663252:G>-	5	0.9919560975818991
chr12:5732873:C>T	5	0.9919560975818991
chr12:52591593:C>T	5	0.9919560975818991
chr17:64064000:T>A	5	0.9919560975818991
chr22:22031468:ATTCACACA>TCGGAGGGG	5	0.9919560975818991
chr4:7434684:C>T	5	0.9919560975818991
chr7:151066599:C>T	5	0.9919560975818991
chr8:25336364:T>C	5	0.9919560975818991
chr1:2406810:A>G	6	0.35270580713235644
chr14:70733186:G>A	6	0.35270580713235644
chr14:78243455:C>T	6	0.35270580713235644
chr8:13499369:G>A	6	0.35270580713235644
chrX:29283203:C>T	7	-1
