mutation_id	myclone_id	myclone_ccf
chr19:53409121:C>T	1	0.9385152890780146
chr20:34996647:G>A	1	0.9385152890780146
chr19:51643365:C>T	2	0.2760962340674338
chrX:54929655:C>A	2	0.2760962340674338
chr21:44591777:->GGCACGCAGCAGACG	3	0.687671011744979
chr2:89027678:C>T	4	0.5325897436638656
chr6:137009317:C>T	4	0.5325897436638656
