mutation_id	myclone_id	myclone_ccf
chr3:58148231:G>T	1	0.1486830438286886
chr12:85301291:C>G	2	0.2705181305665296
chr7:130306794:C>T	2	0.2705181305665296
chr7:140522100:C>A	2	0.2705181305665296
chr1:52404858:G>A	3	0.775933852160986
chr14:106770576:->GGGGGA	3	0.775933852160986
chr19:34452094:->GGG	3	0.775933852160986
chr12:14806116:G>A	4	0.0798723134348882
chr14:70168237:G>A	4	0.0798723134348882
chr11:66347172:AA>-	5	0.4159107341456929
chr12:106501374:G>A	5	0.4159107341456929
chr4:15555154:G>C	5	0.4159107341456929
chr5:181050132:->TGGAA	5	0.4159107341456929
chr6:49728758:G>A	5	0.4159107341456929
chr1:19311925:C>T	6	1.0
chr1:185174868:C>T	6	1.0
chr1:197002529:C>G	6	1.0
chr10:58789728:C>T	6	1.0
chr14:106770578:T>GGGGAGA	6	1.0
chr17:29968842:C>T	6	1.0
chr3:161346311:G>A	6	1.0
chr6:116252835:G>A	6	1.0
chr8:75558859:C>T	6	1.0
