mutation_id	myclone_id	myclone_ccf
chr11:114439583:G>A	1	1.0
chr15:74411614:G>A	2	0.263261983720229
chr19:58394534:C>T	3	0.8560138248847926
