mutation_id	myclone_id	myclone_ccf
chr14:106714686:->CGAGG	1	1.0
chr16:15602063:A>G	1	1.0
chr5:180620888:C>T	1	1.0
chr1:237550568:C>T	2	0.8112767019290588
chr2:98537918:G>A	2	0.8112767019290588
chr20:36633603:G>A	2	0.8112767019290588
chr6:50772764:C>T	2	0.8112767019290588
