mutation_id	myclone_id	myclone_ccf
chr11:108227802:G>C	1	0.10284138600116285
chr19:34430579:G>A	1	0.10284138600116285
chr20:41202878:G>C	1	0.10284138600116285
chr20:51671171:G>C	1	0.10284138600116285
chr11:618799:C>G	2	0.18469079024870044
chr11:16816954:G>A	2	0.18469079024870044
chr14:75281326:G>C	2	0.18469079024870044
chr2:48963543:C>A	2	0.18469079024870044
chr6:117310250:C>T	2	0.18469079024870044
chr11:66975466:C>T	3	0.5372364974512663
chr12:20653957:A>C	3	0.5372364974512663
chr12:52834153:C>T	3	0.5372364974512663
chr16:61817531:C>T	3	0.5372364974512663
chr12:53115486:G>A	4	0.3139721315459806
chr18:31760430:G>A	4	0.3139721315459806
chr19:56208564:C>T	4	0.3139721315459806
chr2:69895157:C>T	4	0.3139721315459806
chr2:90221358:CTGTCAACAGTATTATAGTTTCCCTCCCACAGTGTTACAC>-	4	0.3139721315459806
chr3:51312559:G>T	4	0.3139721315459806
chrX:47239423:G>C	4	0.3139721315459806
chr15:55620243:C>T	5	1
chr1:59847106:G>A	6	0.4276948352178577
chr12:27495778:G>C	6	0.4276948352178577
chr2:202188169:C>T	6	0.4276948352178577
chr2:90005629:->CGTC	7	-1
chr14:106592678:->CTCGAGGG	8	-1
