mutation_id	myclone_id	myclone_ccf
chr12:122355289:G>A	1	1
chr10:94350138:G>A	2	0.8842940149950627
chr7:151878624:G>A	2	0.8842940149950627
chr1:7738317:G>A	3	0.19893129535194845
chr12:25225628:C>T	3	0.19893129535194845
chr12:25245350:C>T	3	0.19893129535194845
chr11:68158722:C>A	4	0.08704943830215624
chr11:118755406:T>G	4	0.08704943830215624
chr3:77098213:C>A	4	0.08704943830215624
chrX:114906660:G>A	4	0.08704943830215624
chr17:40751024:C>T	5	0.44617602130627626
chr3:138023675:C>T	5	0.44617602130627626
chr5:160565814:C>A	5	0.44617602130627626
