mutation_id	myclone_id	myclone_ccf
chr1:2609365:G>A	1	0.3029516923565866
chr19:50666862:G>T	1	0.3029516923565866
chr14:88469506:T>C	2	0.17067009778926923
chr19:2199900:T>C	2	0.17067009778926923
chr4:8406032:C>T	2	0.17067009778926923
chr5:149027892:C>T	2	0.17067009778926923
chr9:67859427:A>T	2	0.17067009778926923
chrX:153536381:C>T	2	0.17067009778926923
chr14:45175546:A>G	3	0.49256167433397036
chr19:42907097:C>T	3	0.49256167433397036
chr2:178680020:C>A	3	0.49256167433397036
chr5:87372179:A>G	3	0.49256167433397036
chr7:57120211:T>A	3	0.49256167433397036
chr12:109814630:C>T	4	0.603265216838929
chr3:125013919:G>A	4	0.603265216838929
chr4:1904324:T>C	4	0.603265216838929
chr8:35726508:C>T	4	0.603265216838929
chr3:187729179:G>A	5	1.0
chr14:106592680:TC>CCCAAG	6	-1
chr2:90221291:GTGGATCTGGGACAG>CCT	7	-1
