mutation_id	myclone_id	myclone_ccf
chrX:9896142:C>T	1	1.0
chr7:107791105:G>A	2	0.7638540993320404
chr8:52158923:T>C	2	0.7638540993320404
chr1:93550955:G>A	3	0.6192421184563079
chr12:25245350:C>T	3	0.6192421184563079
chr12:10938888:T>C	4	0.113605094759026
chr5:178986709:C>T	4	0.113605094759026
chr7:86765607:C>T	5	0.2702672580968726
chr21:29588976:A>G	6	0.6809041057827466
