mutation_id	myclone_id	myclone_ccf
chr1:176556341:C>T	1	0.9761476530759117
chr16:3736762:A>G	1	0.9761476530759117
chr2:210668238:C>T	1	0.9761476530759117
chr3:78685916:T>C	1	0.9761476530759117
chr5:5306580:G>A	1	0.9761476530759117
chr9:87967531:G>A	1	0.9761476530759117
chr17:54912736:A>C	1	0.9761476530759117
chr4:5640585:C>A	1	0.9761476530759117
chr1:173914729:G>A	2	0.8070670705468471
chr11:72824778:->GCG	2	0.8070670705468471
chr12:62404307:G>A	2	0.8070670705468471
chr13:23659070:G>A	2	0.8070670705468471
chr19:8958163:C>T	2	0.8070670705468471
chr19:11193968:->G	2	0.8070670705468471
chr2:113406872:T>CCCC	2	0.8070670705468471
chr2:166043947:C>T	2	0.8070670705468471
chr2:185799711:A>T	2	0.8070670705468471
chr7:134209147:C>G	2	0.8070670705468471
chr8:144442092:C>T	2	0.8070670705468471
chrY:19744440:G>A	2	0.8070670705468471
chr17:9557481:G>A	2	0.8070670705468471
chr17:81246118:C>T	2	0.8070670705468471
chr6:31271761:->GAG	2	0.8070670705468471
chr6:32745830:C>T	2	0.8070670705468471
chrX:21657301:G>A	3	0.5715570407722652
chr17:58955767:G>T	3	0.5715570407722652
chr6:50021926:G>C	3	0.5715570407722652
chr7:144259490:->C	4	0.3675623990093584
chr1:89933629:C>A	5	0.6713983511593982
chr12:7209758:C>T	5	0.6713983511593982
chr12:25225628:C>T	5	0.6713983511593982
chr12:48917057:G>T	5	0.6713983511593982
chr15:75413016:A>C	5	0.6713983511593982
chr16:55327377:C>T	5	0.6713983511593982
chr2:178537780:G>C	5	0.6713983511593982
chr3:127695042:C>T	5	0.6713983511593982
chr9:14720199:A>T	5	0.6713983511593982
chr10:121565609:C>T	6	0.2140512461128304
chr11:2654233:C>T	6	0.2140512461128304
chr12:49051366:G>A	6	0.2140512461128304
chr13:71573437:C>T	6	0.2140512461128304
chr15:75208459:C>T	6	0.2140512461128304
chr16:27538282:G>A	6	0.2140512461128304
chr19:13137500:G>A	6	0.2140512461128304
chr19:42376068:C>T	6	0.2140512461128304
chr19:48195639:G>A	6	0.2140512461128304
chr2:48963138:G>A	6	0.2140512461128304
chr8:54136599:G>A	6	0.2140512461128304
chr9:35751330:G>A	6	0.2140512461128304
chr17:33291936:C>T	6	0.2140512461128304
chr6:46698051:G>A	6	0.2140512461128304
chr14:64487549:G>A	6	0.2140512461128304
chr6:32081552:G>A	6	0.2140512461128304
chr12:67297435:C>T	7	0.09840988563385075
chr19:8961149:T>C	7	0.09840988563385075
chr8:105801364:C>A	7	0.09840988563385075
chrX:115190049:C>G	7	0.09840988563385075
