mutation_id	myclone_id	myclone_ccf
chr11:34453174:C>A	1	1.0
chr7:114664375:T>C	1	1.0
chr19:54940275:C>T	2	0.221446820184839
chr12:18538256:C>T	3	0.8188308371908699
chr12:55819011:G>A	3	0.8188308371908699
chr22:26673216:C>T	3	0.8188308371908699
chr7:108176547:G>A	3	0.8188308371908699
chr19:49098471:->GG	4	0.498561888633198
chr2:89085172:GTGGGAG>TTGAGGAGAA	5	-1
