mutation_id	myclone_id	myclone_ccf
chr12:112450394:G>A	1	0.5666988028898191
chr9:67082771:C>G	1	0.5666988028898191
chr16:7653924:G>A	1	0.5666988028898191
chr16:71640490:C>T	1	0.5666988028898191
chr1:176595257:C>T	1	0.5666988028898191
chr6:168044909:C>T	1	0.5666988028898191
chr2:53854329:C>T	2	0.8798796296940865
chr2:166432365:C>A	2	0.8798796296940865
chr22:43540208:G>A	2	0.8798796296940865
chr5:140882332:G>A	2	0.8798796296940865
chr5:146056195:C>T	2	0.8798796296940865
chr8:9734972:G>C	2	0.8798796296940865
chr8:13567499:G>A	2	0.8798796296940865
chr8:132137962:G>A	2	0.8798796296940865
chr12:25245351:C>A	3	0.2260276596559781
chr15:84868443:A>G	3	0.2260276596559781
chr10:27100314:A>T	4	0.9350649350649352
chr1:155941975:G>A	5	0.1618429428840785
chr18:22171689:C>T	5	0.1618429428840785
chr6:31947806:C>T	5	0.1618429428840785
chr6:56459198:C>T	6	0.629399585921325
chr10:122621282:G>A	7	0.3282051282051282
