mutation_id	myclone_id	myclone_ccf
chr9:33466354:C>A	1	0.0853334524950448
chrX:71536245:A>T	2	0.6593637052227568
chrX:118975006:G>A	3	0.7806875794773592
chr21:30590275:A>T	4	0.22061996912524712
chr5:141399681:C>T	4	0.22061996912524712
chr11:130473375:G>T	5	1.0
chr17:8076210:G>A	5	1.0
chr9:13143492:C>A	5	1.0
