mutation_id	myclone_id	myclone_ccf
chr17:7673775:C>G	1	0.7415384615384616
chr12:25225628:C>T	1	0.7415384615384616
chr14:59727271:G>A	1	0.7415384615384616
chr17:75498229:T>G	1	0.7415384615384616
chr13:53050618:C>T	2	0.08406559356776246
chr17:7673776:G>A	2	0.08406559356776246
chr6:35511746:G>A	2	0.08406559356776246
chr20:45775502:G>A	2	0.08406559356776246
chr14:106714689:CACAGTAAT>GGGCTCTCAC	3	0.6122448979591836
chr5:23524499:G>-	3	0.6122448979591836
chr1:220881344:T>C	3	0.6122448979591836
chr11:11379193:C>T	3	0.6122448979591836
chr12:7124147:C>T	3	0.6122448979591836
chr15:75289439:C>A	3	0.6122448979591836
chr2:54968188:C>G	3	0.6122448979591836
chr11:130879690:C>T	4	0.5119047619047619
chr1:231338165:->T	5	0.4249422632794456
chr1:110341353:G>T	6	0.1733102253032928
chr20:45298494:C>T	7	0.5608945070565539
chr5:35873594:A>G	7	0.5608945070565539
