mutation_id	myclone_id	myclone_ccf
chr15:74075980:C>T	1	0.2872394983138792
chr10:118594729:C>T	2	0.0864196477673316
chr14:101983240:G>T	3	0.17895891733658192
chr9:21971121:G>A	3	0.17895891733658192
chr11:8090156:C>T	4	0.39674969887574474
chr19:1912360:G>A	4	0.39674969887574474
chr3:48651918:C>A	5	1.0
chr5:83521445:C>T	5	1.0
chr6:138311500:G>A	5	1.0
chr7:78167971:G>A	5	1.0
chr19:55761863:C>T	6	0.7925763642625802
chr2:237553591:A>G	6	0.7925763642625802
chr6:159742111:T>C	6	0.7925763642625802
chr7:82915908:T>C	6	0.7925763642625802
