mutation_id	myclone_id	myclone_ccf
chr1:197421359:G>T	1	0.8620739991061926
chr16:5058608:G>A	1	0.8620739991061926
chr5:140870402:T>G	1	0.8620739991061926
chr1:42767597:C>T	2	0.5292521841348029
chr11:94498491:G>A	2	0.5292521841348029
chr12:25225709:C>G	2	0.5292521841348029
chr12:96018896:G>C	2	0.5292521841348029
chr2:119611740:G>C	2	0.5292521841348029
chr3:114128785:G>A	2	0.5292521841348029
chr3:158822056:C>T	2	0.5292521841348029
chr5:108924719:C>G	2	0.5292521841348029
chr5:115866673:G>A	2	0.5292521841348029
chr5:124649126:C>G	2	0.5292521841348029
chr6:117268193:T>A	2	0.5292521841348029
chr7:14718554:C>A	2	0.5292521841348029
chr9:119313177:C>G	2	0.5292521841348029
chr1:18703248:G>A	3	0.09416973659480628
chr1:108830611:C>T	3	0.09416973659480628
chr10:54020260:G>A	3	0.09416973659480628
chr15:88855263:G>C	3	0.09416973659480628
chr3:62516618:C>G	3	0.09416973659480628
chr6:32293200:C>G	3	0.09416973659480628
chr8:68446490:C>G	3	0.09416973659480628
chr7:152152951:T>C	4	1.0
chr11:87071598:C>G	5	0.20126551495478276
chr13:38688859:G>A	5	0.20126551495478276
chr5:40764776:G>C	5	0.20126551495478276
chrX:9895549:G>A	6	-1
chrX:116462823:G>A	7	-1
