mutation_id	myclone_id	myclone_ccf
chr1:114510761:C>T	1	0.456743471884433
chr7:134158040:G>C	2	1.0
chr8:17868680:G>A	2	1.0
chr9:13168537:C>A	2	1.0
chr1:15548383:C>T	3	0.7329582013430807
chr10:126996816:C>T	3	0.7329582013430807
chr12:39720838:A>G	3	0.7329582013430807
chr13:95996077:G>C	3	0.7329582013430807
chr3:121533104:G>A	3	0.7329582013430807
chr4:68314169:C>T	3	0.7329582013430807
chr4:168221757:G>T	3	0.7329582013430807
chr1:85159162:C>T	4	0.17511135170512743
chr14:24065138:G>A	4	0.17511135170512743
chr2:29065042:C>T	4	0.17511135170512743
chr2:202981649:C>G	4	0.17511135170512743
chr21:33349457:C>A	4	0.17511135170512743
chr3:125019538:G>C	4	0.17511135170512743
chr5:122401028:G>A	4	0.17511135170512743
chr6:43198707:G>T	4	0.17511135170512743
chr6:56179655:G>C	4	0.17511135170512743
chr8:132814756:G>A	4	0.17511135170512743
chrX:139598409:C>G	4	0.17511135170512743
chr11:4769437:G>T	5	0.8271876575167756
chr13:98439960:G>A	5	0.8271876575167756
chr15:82666907:C>T	5	0.8271876575167756
chr17:7709270:G>T	5	0.8271876575167756
chr3:52402341:G>A	5	0.8271876575167756
chr8:105801580:C>T	5	0.8271876575167756
chr10:100495537:G>C	6	0.08597173375561111
chr14:39279490:G>C	6	0.08597173375561111
chr15:23566910:C>G	6	0.08597173375561111
chr17:81941205:G>A	6	0.08597173375561111
chr2:96848368:C>T	6	0.08597173375561111
chr2:189004079:C>T	6	0.08597173375561111
chr2:232486203:C>T	6	0.08597173375561111
chr20:38727641:T>C	6	0.08597173375561111
chr20:62861055:C>G	6	0.08597173375561111
chr4:8471095:C>G	6	0.08597173375561111
chr4:74174668:G>A	6	0.08597173375561111
chr6:31164627:G>C	6	0.08597173375561111
chr6:73451926:G>C	6	0.08597173375561111
chr6:130154938:C>T	6	0.08597173375561111
chr8:100721514:C>T	6	0.08597173375561111
chr1:11958543:G>A	7	0.299959227506955
