mutation_id	myclone_id	myclone_ccf
chr15:75414290:GATAA>CC	1	0.711704464335058
chr16:55698005:G>A	1	0.711704464335058
chr19:55685440:C>T	1	0.711704464335058
chr1:959018:G>T	2	1.0
chr2:113406872:->ACTC	2	1.0
chrX:27979678:G>A	2	1.0
chr12:25245347:C>T	3	0.48205642813453214
chr2:113005997:C>T	3	0.48205642813453214
chr3:171128720:A>T	3	0.48205642813453214
chr19:48729120:G>A	4	0.0862537170507774
chr1:24106023:C>T	5	0.248471780750484
chr19:51713728:G>A	5	0.248471780750484
chr3:184106581:C>T	5	0.248471780750484
chr10:62388460:C>T	5	0.248471780750484
chr14:105854440:T>C	5	0.248471780750484
chr6:169222283:C>T	5	0.248471780750484
chr17:64504840:A>C	6	0.14508067683384684
chr10:50233237:T>C	7	0.33429692699589747
chr4:25018022:C>T	7	0.33429692699589747
