mutation_id	myclone_id	myclone_ccf
chr5:132486824:G>A	1	0.386597492041131
chr14:21523927:G>A	2	0.5785912451497364
chr14:106627248:->A	3	1.0
chr3:27404848:->T	3	1.0
chr1:34178090:G>T	4	0.1271325657111822
chr2:27576113:G>T	4	0.1271325657111822
