mutation_id	myclone_id	myclone_ccf
chr8:30727820:G>T	1	0.1431469429944678
chr1:64675412:G>A	2	0.7361232923718152
chr13:20082859:T>C	2	0.7361232923718152
chr2:168873595:C>T	2	0.7361232923718152
chr1:171557553:C>G	3	0.8858498832504342
chr7:139148351:C>T	3	0.8858498832504342
chr6:72248040:G>T	3	0.8858498832504342
chr1:220696722:C>T	4	1.0
chr18:23909213:A>C	4	1.0
chr8:144464820:T>C	4	1.0
