mutation_id	myclone_id	myclone_ccf
chr1:151038965:C>T	1	0.8708545761605218
chr13:28034139:A>T	2	0.22635609797186312
chr19:56027533:G>A	2	0.22635609797186312
chr14:57571927:C>T	3	0.3286779534994434
chr18:7013959:G>T	3	0.3286779534994434
chrX:10138777:G>A	3	0.3286779534994434
chr21:10541133:G>A	4	0.36058482883939585
chr9:69718401:C>T	4	0.36058482883939585
