mutation_id	myclone_id	myclone_ccf
chr10:96156435:C>G	1	0.47868036740156256
chr10:96157557:C>T	1	0.47868036740156256
chr2:113406872:->TCC	1	0.47868036740156256
chr2:162373553:G>C	1	0.47868036740156256
chrX:91878267:C>T	1	0.47868036740156256
chrX:115647627:G>A	1	0.47868036740156256
chrX:123668179:C>T	1	0.47868036740156256
chr1:32332099:C>G	2	0.7736723111662155
chr2:96902651:T>C	2	0.7736723111662155
chr2:165323248:C>G	2	0.7736723111662155
chrX:47413165:G>C	2	0.7736723111662155
chrX:77696627:G>C	2	0.7736723111662155
chr2:166044018:G>A	3	0.9999999999999998
chr2:214934204:G>A	3	0.9999999999999998
chr2:228017027:G>A	3	0.9999999999999998
chrX:47206049:C>G	3	0.9999999999999998
chr19:38361723:G>A	4	0.8985840554818352
chr3:41896863:C>A	4	0.8985840554818352
chr5:13865893:T>A	4	0.8985840554818352
chr6:152225862:C>T	4	0.8985840554818352
chrX:8585278:C>T	4	0.8985840554818352
chrX:32645133:T>C	4	0.8985840554818352
chr10:117197520:G>A	5	0.3655741372236817
chr13:40560334:G>A	5	0.3655741372236817
chr15:30557805:G>C	5	0.3655741372236817
chr17:7939681:G>C	5	0.3655741372236817
chr19:54074207:G>A	5	0.3655741372236817
chr19:58435034:G>C	5	0.3655741372236817
chr4:87981755:G>A	5	0.3655741372236817
chr9:130616379:G>C	5	0.3655741372236817
chr1:27335430:C>T	6	0.10256702794606708
chr1:223755500:C>T	6	0.10256702794606708
chr11:6319368:G>A	6	0.10256702794606708
chr11:65661703:C>T	6	0.10256702794606708
chr11:111993547:G>C	6	0.10256702794606708
chr13:113064975:C>G	6	0.10256702794606708
chr15:24975421:G>C	6	0.10256702794606708
chr15:43366680:C>G	6	0.10256702794606708
chr17:39409169:C>A	6	0.10256702794606708
chr18:45951117:G>A	6	0.10256702794606708
chr19:35831667:G>A	6	0.10256702794606708
chr19:37565803:C>T	6	0.10256702794606708
chr19:50666436:C>G	6	0.10256702794606708
chr2:49943734:C>G	6	0.10256702794606708
chr2:178569972:A>C	6	0.10256702794606708
chr2:183038036:C>T	6	0.10256702794606708
chr2:240737109:G>A	6	0.10256702794606708
chr3:20040692:C>T	6	0.10256702794606708
chr3:168027808:C>T	6	0.10256702794606708
chr4:81204906:C>T	6	0.10256702794606708
chr5:140883879:G>A	6	0.10256702794606708
chr6:82247631:C>T	6	0.10256702794606708
chr7:2582648:C>T	6	0.10256702794606708
chr9:97460638:A>G	6	0.10256702794606708
chrX:50915936:G>A	6	0.10256702794606708
chr9:37020754:G>A	7	-1
