mutation_id	myclone_id	myclone_ccf
chr1:235993660:C>T	1	0.8383113185832487
chr3:12911646:A>G	1	0.8383113185832487
chr10:127106256:C>T	1	0.8383113185832487
chr4:76403203:T>C	1	0.8383113185832487
chr1:1049568:C>T	2	0.12511981220841967
chr11:66043387:C>T	2	0.12511981220841967
chr15:78601488:C>T	2	0.12511981220841967
chr10:30626845:C>T	2	0.12511981220841967
chr7:107926281:C>T	2	0.12511981220841967
chr8:3162198:G>A	2	0.12511981220841967
chr1:114716123:C>T	3	0.563584288052373
chr1:237387310:C>T	4	0.7064194383726986
chr12:57737252:C>T	4	0.7064194383726986
chr19:757425:C>T	4	0.7064194383726986
chr2:235041789:C>T	4	0.7064194383726986
chr3:124764401:C>T	4	0.7064194383726986
chr5:37020821:C>T	4	0.7064194383726986
chr14:85623493:C>T	5	0.6359203980099501
