mutation_id	myclone_id	myclone_ccf
chr12:25245347:C>T	1	1
chr12:113942368:G>A	2	0.5157672537993064
chr17:81127586:T>G	2	0.5157672537993064
chr7:1444980:C>T	2	0.5157672537993064
