mutation_id	myclone_id	myclone_ccf
chr12:101195156:C>G	1	0.13847746429121638
chr5:17275595:G>A	1	0.13847746429121638
chr1:21855650:C>T	2	1.0
chr11:17771938:G>A	2	1.0
chr11:102229840:C>T	2	1.0
chr19:58261597:C>T	2	1.0
chr2:80555829:G>A	2	1.0
chr8:25372608:G>A	2	1.0
chr1:94060538:A>G	3	0.3533817352848122
chr13:28028243:T>C	3	0.3533817352848122
chr19:43362122:C>T	3	0.3533817352848122
chr2:178533833:G>T	3	0.3533817352848122
chr4:1805915:G>A	3	0.3533817352848122
chr5:140795120:G>T	3	0.3533817352848122
chr2:195809818:C>T	3	0.3533817352848122
chr17:21243415:G>A	3	0.3533817352848122
chr6:116806927:G>A	3	0.3533817352848122
chr6:147278091:C>T	3	0.3533817352848122
chrX:30242163:C>T	3	0.3533817352848122
chr19:8977483:G>A	4	0.9020103239761648
chr2:240965509:C>T	4	0.9020103239761648
chr2:240965510:C>T	4	0.9020103239761648
chr4:76384599:G>T	4	0.9020103239761648
chr5:141340955:G>A	4	0.9020103239761648
chr7:43878104:G>A	4	0.9020103239761648
chr4:74452591:G>A	5	0.4546976200357868
chr6:46689727:A>G	5	0.4546976200357868
chrX:50916045:G>T	5	0.4546976200357868
chrX:114906828:C>A	5	0.4546976200357868
chr12:96860873:C>G	6	0.7709674576598573
chr3:10104669:A>G	6	0.7709674576598573
chr8:53841611:C>T	6	0.7709674576598573
chrX:153073638:G>T	6	0.7709674576598573
