mutation_id	myclone_id	myclone_ccf
chr1:114716123:C>T	1	0.1868625860416677
chr8:144581128:G>A	1	0.1868625860416677
chr21:21284338:G>A	1	0.1868625860416677
chr15:19987781:C>T	2	1.0
chr19:17626674:C>T	2	1.0
chr2:209696322:C>T	2	1.0
chr3:44242085:C>T	2	1.0
chr9:137498223:C>T	2	1.0
chr17:7498142:A>T	2	1.0
chr17:41825615:C>T	2	1.0
chr21:32316839:G>A	2	1.0
chr4:157363006:G>T	2	1.0
chr12:25245347:C>T	3	0.7207956507669447
chr12:99806556:G>A	3	0.7207956507669447
chr16:67628525:->CC	3	0.7207956507669447
chr16:88018532:C>T	3	0.7207956507669447
