mutation_id	myclone_id	myclone_ccf
chr1:11128107:G>T	1	0.3414401437175208
chr12:56343420:GTGTAGAAGT>A	2	0.7270828248630177
chr17:7793143:C>T	2	0.7270828248630177
chr20:32369027:->TGGGCAGAGGTA	2	0.7270828248630177
chr22:20242283:C>T	3	1.0
chr3:19456789:C>A	3	1.0
chr6:127516031:C>T	3	1.0
chr9:138121793:G>A	3	1.0
chr11:106687712:C>T	4	0.8752738033560927
chr13:108957790:C>T	4	0.8752738033560927
chr19:17022122:->G	4	0.8752738033560927
chr19:22757628:A>T	4	0.8752738033560927
chr7:138721932:C>A	4	0.8752738033560927
chr9:93292830:C>T	4	0.8752738033560927
chr15:43776144:C>T	5	0.09411461873924333
chr17:445926:A>G	5	0.09411461873924333
chr8:87873832:C>T	5	0.09411461873924333
