mutation_id	myclone_id	myclone_ccf
chr1:22865052:C>T	1	0.9128461906701536
chr11:3093597:C>T	1	0.9128461906701536
chr13:28018498:ATG>-	1	0.9128461906701536
chr19:5456147:C>T	1	0.9128461906701536
chr2:26480841:G>A	1	0.9128461906701536
chr3:50337240:G>C	1	0.9128461906701536
chr9:87886056:C>G	1	0.9128461906701536
chr6:138278604:C>T	1	0.9128461906701536
chr1:2228915:A>C	2	1
chr1:109579285:C>T	2	1
chr10:104020536:C>T	2	1
chr16:3738617:G>A	2	1
chr2:112187279:C>T	2	1
chr2:176082449:C>A	2	1
chr2:233637329:G>C	2	1
chr5:2749719:C>A	2	1
chr5:35691198:A>T	2	1
chr5:179869833:G>A	2	1
chr4:93515358:C>A	3	0.168
