mutation_id	myclone_id	myclone_ccf
chr19:19544827:C>T	1	0.410543916502107
chr7:82007724:C>T	1	0.410543916502107
chr19:38486130:C>T	2	1.0
chr2:227263822:G>A	2	1.0
chr7:85036976:A>G	2	1.0
chr8:76704621:A>T	2	1.0
chrX:57378728:C>T	2	1.0
chr4:125490714:C>T	2	1.0
chr6:106520262:A>T	2	1.0
chr6:166430489:G>A	2	1.0
chr1:62450632:G>A	3	0.8398758210390653
chr11:59845398:C>T	3	0.8398758210390653
chr12:25225627:G>A	3	0.8398758210390653
chr13:61413791:G>C	3	0.8398758210390653
chr14:23557156:G>C	3	0.8398758210390653
chr9:38571175:G>T	3	0.8398758210390653
chr9:130433570:C>T	3	0.8398758210390653
chr11:104036844:G>A	4	0.7130637912600073
chr19:55818080:C>T	4	0.7130637912600073
