mutation_id	myclone_id	myclone_ccf
chr12:25225713:T>G	1	0.8800802814563339
chr12:25245350:C>T	1	0.8800802814563339
chr15:29716808:C>T	1	0.8800802814563339
chr17:50606918:G>A	1	0.8800802814563339
chr9:128333527:G>A	1	0.8800802814563339
chrX:115643460:G>A	1	0.8800802814563339
