mutation_id	myclone_id	myclone_ccf
chr19:7530462:C>T	1	1.0
chr19:35506174:C>T	1	1.0
chr22:30555925:C>A	1	1.0
chr3:14821355:C>T	1	1.0
chr10:133230700:G>T	1	1.0
chr14:37622640:T>A	1	1.0
chr17:50624399:G>A	1	1.0
chr18:48040957:C>T	1	1.0
chr20:33732031:G>TT	2	0.6552898690580924
chr1:114713909:G>T	3	0.4209195954185332
chr12:25245347:C>T	3	0.4209195954185332
chr20:2558600:G>A	3	0.4209195954185332
chr7:137678610:C>T	3	0.4209195954185332
chrX:79171236:T>G	4	0.4720145900893021
chr8:85661487:C>T	5	0.26280865731999076
chr5:139822768:C>T	6	0.5622925466845083
chr8:141496354:C>T	6	0.5622925466845083
