mutation_id	myclone_id	myclone_ccf
chr1:10413217:C>T	1	1.0
chr9:18777602:C>T	1	1.0
chr10:132880892:G>A	1	1.0
chr11:63631345:G>A	1	1.0
chr6:168044946:C>T	1	1.0
chr19:55014592:T>G	2	0.5466546891502962
chr2:36583439:C>T	2	0.5466546891502962
chr3:122467399:C>A	2	0.5466546891502962
chr11:46544003:GTGA>-	2	0.5466546891502962
chr11:55774178:G>T	2	0.5466546891502962
chr11:109423708:C>T	2	0.5466546891502962
chr14:19828317:G>A	2	0.5466546891502962
chr14:41887124:G>A	2	0.5466546891502962
chr17:40351956:C>T	2	0.5466546891502962
chr6:44310374:C>G	2	0.5466546891502962
chrX:123465770:C>T	2	0.5466546891502962
chr11:2640903:C>T	2	0.5466546891502962
chr2:24841259:G>A	3	0.6783373709692696
chr2:166015709:T>G	3	0.6783373709692696
chr10:93797797:C>T	4	0.29231746110102563
chr12:71139785:C>T	4	0.29231746110102563
chr5:178035101:G>A	4	0.29231746110102563
