mutation_id	myclone_id	myclone_ccf
chr16:88699006:A>C	1	0.823512926103358
chr12:106427233:T>A	2	1.0
chr5:177307710:G>A	2	1.0
chr7:3967367:C>T	2	1.0
chr17:44383518:G>A	2	1.0
chr17:68983846:A>G	2	1.0
chr11:72727033:C>G	3	0.0835356580365514
chr5:141135971:T>C	3	0.0835356580365514
chr22:19878127:C>T	3	0.0835356580365514
chr12:112489084:G>C	4	0.4098376594859665
chr4:185623724:C>T	4	0.4098376594859665
chr1:168581206:A>T	5	0.23634292753710884
chr11:55935649:G>A	5	0.23634292753710884
chr12:25245347:C>T	5	0.23634292753710884
chr12:58888429:G>T	5	0.23634292753710884
chr2:233636914:G>A	5	0.23634292753710884
chr7:123869099:C>T	5	0.23634292753710884
chr6:151373583:->TCGCCT	6	0.1704920694458789
chr18:31458513:G>A	7	0.30903707700809274
chr3:46834071:C>T	7	0.30903707700809274
