mutation_id	myclone_id	myclone_ccf
chr15:88032967:G>A	1	0.8234860529154466
chr4:1309681:G>C	1	0.8234860529154466
chr4:71450427:C>T	1	0.8234860529154466
chr5:136977952:G>A	1	0.8234860529154466
chr6:30708020:G>A	1	0.8234860529154466
chr9:122789878:G>A	1	0.8234860529154466
chr12:80211996:A>C	2	0.11609220576554126
chr2:131252972:G>A	2	0.11609220576554126
chrX:54456330:A>G	2	0.11609220576554126
chr22:22031470:TCACA>-	3	1.0
chrX:134245381:C>T	3	1.0
