mutation_id	myclone_id	myclone_ccf
chr11:17570286:C>T	1	0.9072164948453608
chr17:2300214:T>A	1	0.9072164948453608
chr21:31974714:->G	1	0.9072164948453608
chr4:185459687:G>A	1	0.9072164948453608
chr8:51339661:G>A	1	0.9072164948453608
chr1:240207824:C>T	2	0.2416566778121253
chr10:60076249:C>T	2	0.2416566778121253
chr21:18245258:C>T	2	0.2416566778121253
chr12:25225628:C>T	3	1
chr12:120988933:C>T	3	1
chrX:119109076:C>G	3	1
