mutation_id	myclone_id	myclone_ccf
chr9:37015042:C>G	1	0.1616161616161616
chr12:121814145:G>A	1	0.1616161616161616
chr13:21391777:G>A	1	0.1616161616161616
chr15:84863616:C>T	1	0.1616161616161616
chr2:113406872:->CC	1	0.1616161616161616
chr5:90776473:C>T	1	0.1616161616161616
chr1:31261580:C>T	1	0.1616161616161616
chr13:113065028:C>T	1	0.1616161616161616
chr4:54736804:C>A	1	0.1616161616161616
chr5:132487061:->TCGGGG	1	0.1616161616161616
chr11:67066845:C>T	2	0.35564289861428944
chr19:19570750:C>T	2	0.35564289861428944
chr5:159323272:G>T	2	0.35564289861428944
chr7:154876017:C>T	2	0.35564289861428944
chrX:136350026:C>T	2	0.35564289861428944
chr14:22423042:->TCCA	3	0.5396825396825395
chr14:102507812:C>T	4	0.050808314087759765
chr14:106622361:->CCCCCTCT	5	0.019607843137254888
chr12:52450585:G>A	6	-0.0008987117376290099
chr17:1683592:->CTCCCACC	6	-0.0008987117376290099
chr17:61478670:T>A	6	-0.0008987117376290099
chr22:41168568:->CCC	6	-0.0008987117376290099
chr2:132645417:G>A	7	0.29721962566031157
chr3:141444548:C>A	7	0.29721962566031157
