mutation_id	myclone_id	myclone_ccf
chr12:64079009:C>T	1	0.6681422813261993
chr11:16183949:C>T	2	0.9999999999999998
chr14:33735262:G>A	2	0.9999999999999998
chr3:15670287:C>T	2	0.9999999999999998
chr5:168226104:C>T	2	0.9999999999999998
chr6:56179745:G>T	2	0.9999999999999998
chr10:59238704:C>T	3	0.808285043028307
chr10:79842103:G>T	3	0.808285043028307
chr5:33998649:A>G	3	0.808285043028307
