mutation_id	myclone_id	myclone_ccf
chr16:62563:C>T	1	0.4194446551580048
chr19:45873036:G>A	2	0.9662494316521002
chr2:23562341:G>A	2	0.9662494316521002
chr8:112346195:A>G	2	0.9662494316521002
chr8:123652304:A>T	2	0.9662494316521002
chr12:120359048:G>A	3	0.5913513415765752
chr4:95841163:C>A	3	0.5913513415765752
chr20:62414398:C>T	4	-1
