mutation_id	myclone_id	myclone_ccf
chr12:117582317:C>T	1	0.24776877105863876
chr4:1961074:G>A	1	0.24776877105863876
chr8:109972381:G>C	1	0.24776877105863876
chrX:130015338:C>T	1	0.24776877105863876
chr17:9880489:C>T	2	0.5521134434912554
chr2:186694254:C>T	2	0.5521134434912554
chr2:218387205:C>T	2	0.5521134434912554
chr3:39502609:C>T	2	0.5521134434912554
chr6:43572574:G>A	2	0.5521134434912554
chr8:138596960:G>C	2	0.5521134434912554
chrX:50470052:C>T	2	0.5521134434912554
chrX:136348350:G>A	2	0.5521134434912554
chr1:182473921:C>G	3	0.10273509167753667
chr11:108353806:G>C	3	0.10273509167753667
chr12:88545841:G>C	3	0.10273509167753667
chr15:33662817:G>C	3	0.10273509167753667
chr18:214818:C>G	3	0.10273509167753667
chr19:47094532:C>T	3	0.10273509167753667
chr3:48628506:C>T	3	0.10273509167753667
chr4:163585797:G>C	3	0.10273509167753667
chr5:93881597:G>A	3	0.10273509167753667
chrX:153774246:G>A	3	0.10273509167753667
chr1:173186664:A>G	4	0.831529011346436
chr10:103447178:C>T	4	0.831529011346436
chr16:88516565:G>A	4	0.831529011346436
chr19:5212044:C>T	4	0.831529011346436
chr2:178450372:C>T	4	0.831529011346436
chr22:22031468:ATTCACA>TTGGGG	4	0.831529011346436
chr4:103106301:C>G	4	0.831529011346436
chr5:9379823:C>A	4	0.831529011346436
chr6:138881099:A>G	4	0.831529011346436
