mutation_id	myclone_id	myclone_ccf
chr1:172468448:G>C	1	0.6968102539071268
chr12:78118089:->A	1	0.6968102539071268
chr17:39765987:C>A	1	0.6968102539071268
chr21:41445541:G>A	1	0.6968102539071268
chrX:65502554:C>T	1	0.6968102539071268
chr1:228374717:G>A	2	0.2706578922685262
chr16:31330352:G>A	2	0.2706578922685262
chr2:48580819:C>G	3	0.0920511548511306
chr7:73605949:G>A	3	0.0920511548511306
chr1:152156875:A>T	4	1
chr14:19876771:C>G	4	1
chr16:21250701:G>A	4	1
chr17:42117573:C>T	4	1
chr19:23744862:C>T	4	1
chr4:56531052:G>A	4	1
chrX:141897607:G>A	4	1
chr10:72924422:G>A	5	0.892761486671707
chr13:29100803:C>T	5	0.892761486671707
chr15:38351504:C>T	5	0.892761486671707
chr15:75400849:C>T	5	0.892761486671707
chr17:42128790:G>C	5	0.892761486671707
chr9:116697769:G>C	5	0.892761486671707
chrX:70427169:G>A	5	0.892761486671707
