mutation_id	myclone_id	myclone_ccf
chr15:38351302:C>T	1	0.3999612590799032
chr9:69014083:C>T	2	0.2357152370382114
chr10:79613844:G>A	3	0.7541962693597619
chr16:58537976:->A	3	0.7541962693597619
chr10:133456397:C>T	4	1
chr3:196733778:T>A	4	1
chr7:135243410:G>A	4	1
chr11:85727636:C>A	5	0.8858587488896212
chr2:218393006:->GCAACCC	5	0.8858587488896212
chr4:88390845:C>T	5	0.8858587488896212
chr8:23007456:C>T	5	0.8858587488896212
chr8:27907238:C>T	5	0.8858587488896212
chr9:95125136:G>A	5	0.8858587488896212
chr17:78126806:G>A	5	0.8858587488896212
chrX:48832334:C>T	5	0.8858587488896212
