mutation_id	myclone_id	myclone_ccf
chr11:95050516:G>A	1	0.391131300272364
chr12:27415898:C>T	2	0.56031758741065
chr18:31334086:G>A	2	0.56031758741065
chr12:45050533:G>A	3	0.8698773139365034
chr13:36985644:C>T	3	0.8698773139365034
chr14:23387531:C>G	3	0.8698773139365034
chr15:80470244:G>A	3	0.8698773139365034
chr16:74909579:C>T	3	0.8698773139365034
chr8:143791425:C>T	3	0.8698773139365034
chr9:131197284:T>A	3	0.8698773139365034
chr1:89262718:T>C	4	1
chr12:49038385:G>C	4	1
chr16:70469194:G>A	4	1
chr19:55801684:G>A	4	1
chr5:83490381:C>A	4	1
chr5:140883794:C>T	4	1
chr5:150649653:C>T	4	1
