mutation_id	myclone_id	myclone_ccf
chr11:67290359:G>A	1	1.0
chr12:25245347:C>T	1	1.0
chr16:2184964:C>T	1	1.0
chr7:98988769:G>A	2	0.7492906090755568
chr4:84619469:AGA>-	3	0.6963389235242682
chr10:116675331:G>A	4	1.0525057912862246
chr4:1975311:A>G	4	1.0525057912862246
