mutation_id	myclone_id	myclone_ccf
chr11:92835041:C>T	1	0.1813573977609142
chr1:151326177:C>T	2	1
chr5:140870942:G>C	2	1
chr1:114713907:T>G	3	0.8630056013673526
chr11:55936046:C>A	3	0.8630056013673526
chr12:4628460:C>T	3	0.8630056013673526
chr13:110205367:G>A	3	0.8630056013673526
chr14:106301392:GTGGTATCC>CCCAGG	3	0.8630056013673526
chr16:3767867:C>A	3	0.8630056013673526
chr16:3745276:C>T	4	0.10003235331273104
chr17:40355363:C>T	4	0.10003235331273104
chr22:20991737:G>A	4	0.10003235331273104
chr8:27599924:T>C	4	0.10003235331273104
chrX:77574260:TTTCAT>GGCCA	5	-1
