mutation_id	myclone_id	myclone_ccf
chr3:7461627:C>G	1	0.08917908004443459
chr4:68951536:C>A	1	0.08917908004443459
chr1:114716127:C>T	2	0.18148807974289913
chr1:197125141:C>T	2	0.18148807974289913
chr13:28034180:T>G	2	0.18148807974289913
chr19:15253589:C>A	2	0.18148807974289913
chr8:85661556:G>T	2	0.18148807974289913
chrX:153580143:C>T	2	0.18148807974289913
chr1:110198405:C>T	3	1
chr14:31173663:->CTTTCC	3	1
chr14:106592676:->G	3	1
chr15:33870994:G>A	3	1
chr17:32995681:G>T	3	1
chr19:52766286:->CC	3	1
chr2:154709814:C>A	3	1
chr4:47558079:G>A	3	1
chr4:186614273:G>A	3	1
chr8:51408185:C>T	3	1
chr9:122526562:G>A	3	1
