mutation_id	myclone_id	myclone_ccf
chr1:99710869:C>T	1	0.6400085929419124
chr14:94590756:G>A	1	0.6400085929419124
chr17:68881953:G>A	1	0.6400085929419124
chr3:58569750:G>T	1	0.6400085929419124
chr1:99689647:T>A	2	1
chr20:41487732:T>G	3	0.48121438140605316
chr4:1961074:G>A	3	0.48121438140605316
chr5:32074014:G>T	3	0.48121438140605316
chr7:12523135:T>C	3	0.48121438140605316
chr8:72567872:C>T	3	0.48121438140605316
chr11:2445484:T>A	4	0.1134468005588089
chr12:56160061:G>A	4	0.1134468005588089
chr12:57198508:C>T	4	0.1134468005588089
chr13:35566984:G>A	4	0.1134468005588089
chr18:21815750:C>T	4	0.1134468005588089
chr20:2484381:G>A	4	0.1134468005588089
chr5:180324277:A>C	4	0.1134468005588089
chr8:76850304:G>A	4	0.1134468005588089
chr12:78190092:C>T	5	0.22820244324880296
chr2:229591599:A>T	5	0.22820244324880296
chr22:26668824:T>C	5	0.22820244324880296
chr4:56314351:G>A	5	0.22820244324880296
chrX:135349189:C>T	5	0.22820244324880296
chr1:3775831:C>T	6	0.3429624886327192
chr12:25225709:C>T	6	0.3429624886327192
chr12:48978693:C>G	6	0.3429624886327192
chr19:21117557:C>T	6	0.3429624886327192
chr22:22031468:ATTCAC>CAGGG	6	0.3429624886327192
chr22:41718093:G>A	6	0.3429624886327192
chr5:31464249:G>A	6	0.3429624886327192
chrX:51407763:C>T	7	-1
chr6:150020998:T>C	8	-1
chr14:106639121:->CCTTTGGG	9	-1
chr14:106675019:->GG	9	-1
