mutation_id	myclone_id	myclone_ccf
chr1:247757956:C>A	1	0.4053378801175796
chrX:23938618:G>A	1	0.4053378801175796
chr12:52675445:G>A	2	1.0
chr14:59982055:A>T	2	1.0
chr19:17580892:G>T	2	1.0
chr5:122077938:G>A	3	0.1880610637008273
chr6:160069941:C>T	3	0.1880610637008273
chr2:151678005:G>A	4	0.6900308225624472
chr21:36411489:C>T	4	0.6900308225624472
chr12:55955471:G>A	5	0.09405143830530373
chr15:65076936:C>T	5	0.09405143830530373
chr18:33245400:C>G	5	0.09405143830530373
chr4:114665728:A>G	5	0.09405143830530373
chr5:134676030:C>T	5	0.09405143830530373
chrX:101400732:C>G	5	0.09405143830530373
chrX:70063224:G>A	6	0.91
