mutation_id	myclone_id	myclone_ccf
chr17:7675144:GCGGGTGCCGGGCGG>-	1	0.4423040402180264
chr17:35745117:G>A	2	0.2076893345352732
chr12:85980293:T>A	3	0.6662096863491606
chr12:49033039:->GGGGC	4	0.5621862279781846
chr18:78992109:G>A	5	0.8325278158766407
chr4:25004239:G>T	5	0.8325278158766407
chr1:154154900:C>T	6	1.0
chr11:62666584:A>T	6	1.0
