mutation_id	myclone_id	myclone_ccf
chr1:26894350:G>T	1	1.0
chr2:51027983:G>A	1	1.0
chr9:128584323:A>G	1	1.0
chr17:7581499:C>T	2	0.8570915677740728
chr2:113406872:TC>AGCGGA	2	0.8570915677740728
chr4:78374225:C>A	2	0.8570915677740728
chr19:38499205:G>A	3	0.47004792359006836
chr2:233719098:C>T	3	0.47004792359006836
chr5:88804788:T>C	3	0.47004792359006836
chrX:121049131:G>A	4	-1
