mutation_id	myclone_id	myclone_ccf
chr1:28491747:G>A	1	1.0
chr22:20990477:G>A	1	1.0
chr1:147620190:C>T	2	0.5803547160075141
chr11:64829902:C>A	2	0.5803547160075141
chr12:25225627:G>A	2	0.5803547160075141
chr2:89085177:A>-	2	0.5803547160075141
chr22:46377255:C>-	2	0.5803547160075141
chrX:50420464:C>T	2	0.5803547160075141
chr4:47425790:C>T	2	0.5803547160075141
chr4:55090059:G>A	2	0.5803547160075141
chr4:84609476:C>T	2	0.5803547160075141
chr5:55030470:C>T	2	0.5803547160075141
chr9:74827728:C>T	2	0.5803547160075141
chr2:43676320:C>A	3	0.1369986001550671
chr6:81749865:G>A	3	0.1369986001550671
chr18:48949910:G>T	3	0.1369986001550671
chr16:84222856:G>A	4	0.4740824022673504
chr14:57274824:T>G	5	0.9278091667546727
