mutation_id	myclone_id	myclone_ccf
chr10:24543303:T>C	1	0.1283073042516801
chr19:38374795:C>A	1	0.1283073042516801
chr11:22262170:T>C	2	0.9415373446804292
chr12:25225713:T>A	2	0.9415373446804292
chr15:42069963:T>C	2	0.9415373446804292
chr16:3850529:A>G	2	0.9415373446804292
chr16:9764338:G>A	2	0.9415373446804292
chr16:19463365:C>T	2	0.9415373446804292
chr19:49086489:G>A	2	0.9415373446804292
chr17:29636777:T>C	2	0.9415373446804292
chr4:15054163:T>C	2	0.9415373446804292
chr4:143699601:G>T	2	0.9415373446804292
chr4:165484457:G>A	2	0.9415373446804292
chr5:73562672:C>G	2	0.9415373446804292
chr5:155014477:C>G	2	0.9415373446804292
chr7:90227414:C>T	2	0.9415373446804292
chr7:149281712:C>T	2	0.9415373446804292
chr1:84865402:G>A	3	0.6902963209724213
chr19:17624847:C>T	3	0.6902963209724213
chr19:21530638:A>C	3	0.6902963209724213
chr20:44750695:G>A	3	0.6902963209724213
chr9:137917252:G>A	3	0.6902963209724213
chr7:50382590:G>A	4	0.8414288093489432
