mutation_id	myclone_id	myclone_ccf
chr14:58318546:T>A	1	0.179285781234545
chr14:106639118:GT>A	2	0.4698523922008766
chr16:2967604:G>A	3	0.3215235781549406
chr12:49026224:G>A	4	1
chr14:24262336:C>T	4	1
chr19:35851656:C>T	4	1
chr20:10651670:G>A	4	1
chr22:22031472:->CC	4	1
chr3:38761192:G>A	4	1
chr9:94620355:C>T	4	1
chr2:157434731:G>A	5	0.6488619444254492
chr3:142522760:G>A	5	0.6488619444254492
chrX:91878418:C>T	6	-1
