mutation_id	myclone_id	myclone_ccf
chr14:22439013:->AGG	1	1.0
chr1:114855550:G>A	2	0.563698470752587
chr1:201077922:C>T	2	0.563698470752587
chr9:116302930:G>A	2	0.563698470752587
chr9:131290262:G>A	2	0.563698470752587
chr1:114713909:G>T	3	0.279879398105999
chr2:113406872:->TCTCCGG	3	0.279879398105999
chr15:79294256:A>G	4	0.45359461292405484
chr16:67620727:C>G	4	0.45359461292405484
chr19:35359616:C>T	4	0.45359461292405484
chr6:169423179:G>A	4	0.45359461292405484
chr7:108564922:C>T	4	0.45359461292405484
chr7:134258389:C>T	4	0.45359461292405484
