mutation_id	myclone_id	myclone_ccf
chr2:120988694:T>A	1	0.0785385245339668
chr19:55772814:G>A	2	1.0
chr2:178602300:G>C	2	1.0
chr2:203706586:C>G	2	1.0
chr17:18494293:C>T	3	1.0503468300664687
chr17:44776771:C>T	3	1.0503468300664687
chr17:45990006:C>T	3	1.0503468300664687
