mutation_id	myclone_id	myclone_ccf
chr17:21415457:C>T	1	0.0772708273799318
chrX:6534099:G>A	2	0.3486944037701678
chr20:62821799:C>T	3	0.9999999999999998
chr5:168247851:C>T	3	0.9999999999999998
chr10:77835771:C>T	4	0.8943001221985293
chr19:41888800:C>T	4	0.8943001221985293
chr7:43444987:G>A	4	0.8943001221985293
chr11:68158946:G>-	5	0.7891894363055698
chr12:25245350:C>A	5	0.7891894363055698
chr6:31679187:->CCAAGAGGC	5	0.7891894363055698
