mutation_id	myclone_id	myclone_ccf
chr1:114716123:C>T	1	1.0
chr4:146833850:G>T	1	1.0
chr1:21851869:C>T	2	0.32254173630769173
chr2:232791378:C>T	2	0.32254173630769173
chr22:46260255:G>A	2	0.32254173630769173
chr10:93351549:C>T	2	0.32254173630769173
chr19:13299317:G>A	3	0.1802701797045003
chr7:74518212:C>T	3	0.1802701797045003
chr17:40162736:G>A	4	0.39695237917467757
chr10:114144614:T>C	5	0.2645536223547482
chr17:7818696:G>T	5	0.2645536223547482
