mutation_id	myclone_id	myclone_ccf
chr1:3837389:A>C	1	0.9999999999999998
chr11:1450771:G>T	1	0.9999999999999998
chr11:4915381:G>A	1	0.9999999999999998
chr11:36490588:C>T	1	0.9999999999999998
chr12:25245350:C>T	1	0.9999999999999998
chr15:82571463:C>T	1	0.9999999999999998
chr22:37096044:C>T	1	0.9999999999999998
chr8:120345460:G>T	1	0.9999999999999998
chr9:77019695:C>T	1	0.9999999999999998
chr10:49655141:C>T	2	0.907344460036736
chr11:119278529:G>C	2	0.907344460036736
chr15:27527518:C>A	2	0.907344460036736
chr15:54014564:C>T	2	0.907344460036736
chr16:3731323:AGG>-	2	0.907344460036736
chr20:45208220:A>G	2	0.907344460036736
chr5:141174464:C>T	2	0.907344460036736
chr7:44539594:C>T	2	0.907344460036736
