mutation_id	myclone_id	myclone_ccf
chr1:3405592:C>T	1	0.5853749692139805
chr19:50280305:C>T	1	0.5853749692139805
chr9:13224488:A>T	1	0.5853749692139805
chrX:115191344:G>A	1	0.5853749692139805
chr11:66859751:C>T	2	0.972650509612768
chr19:48497750:G>T	2	0.972650509612768
chr19:52415688:G>A	2	0.972650509612768
chr2:119157792:C>T	2	0.972650509612768
