mutation_id	myclone_id	myclone_ccf
chr12:25245347:C>T	1	0.9768591326040305
chr12:100901679:G>A	1	0.9768591326040305
chr16:1209359:C>T	1	0.9768591326040305
chr19:35879075:C>A	1	0.9768591326040305
chr2:167869319:C>T	1	0.9768591326040305
chr3:53745842:C>T	1	0.9768591326040305
chr9:130430527:C>T	2	0.4010993369421084
chr1:21256087:C>T	3	0.12483946093804206
chr12:7814396:C>T	3	0.12483946093804206
chr9:133449859:G>A	3	0.12483946093804206
chr1:183237449:G>A	3	0.12483946093804206
chr17:7317493:C>T	3	0.12483946093804206
chr3:146088709:G>A	4	0.6097064294787148
chrX:141905993:C>A	4	0.6097064294787148
chr14:70730437:C>T	5	1.047447860660865
chr14:94208529:C>T	5	1.047447860660865
chr4:176727779:G>A	5	1.047447860660865
chr6:3850597:C>T	5	1.047447860660865
