mutation_id	myclone_id	myclone_ccf
chr8:144041319:G>A	1	1
chr19:12646713:A>G	2	0.9041985195971363
chr19:50250570:C>T	2	0.9041985195971363
