mutation_id	myclone_id	myclone_ccf
chr1:114427211:A>C	1	1.0
chr2:90005629:TCA>CTCCGGT	1	1.0
chr12:48140721:G>C	2	0.3036868390034105
chr12:72663155:A>G	2	0.3036868390034105
chr12:132642941:A>G	2	0.3036868390034105
chr1:152110115:C>G	3	0.10433366158489946
chr16:53605578:G>A	3	0.10433366158489946
chr2:178616605:C>G	3	0.10433366158489946
chr3:130568358:C>T	3	0.10433366158489946
chr3:180661920:C>A	3	0.10433366158489946
chr4:128098273:G>A	3	0.10433366158489946
chr5:140843389:G>C	3	0.10433366158489946
chr6:99921008:G>C	3	0.10433366158489946
chr6:143536990:G>C	3	0.10433366158489946
chr1:27113876:G>A	4	0.5502809748228127
chr2:12723288:C>T	4	0.5502809748228127
chr2:71600827:C>G	4	0.5502809748228127
chr2:90005625:->TCCC	4	0.5502809748228127
chr4:69290763:C>T	4	0.5502809748228127
chr7:88131464:T>-	4	0.5502809748228127
