mutation_id	myclone_id	myclone_ccf
chr12:57747233:A>G	1	1.0
chr19:1555922:C>T	1	1.0
chr2:29071126:G>A	1	1.0
chr4:176146033:G>A	1	1.0
chr5:13864506:C>A	1	1.0
chr16:67611545:C>G	2	0.10218473490321989
chr5:157463328:G>A	2	0.10218473490321989
chr15:24676700:C>T	3	0.1786857199517182
chr15:74174888:G>A	3	0.1786857199517182
chr4:24570740:A>C	4	0.253220914363896
chr6:26196959:C>T	4	0.253220914363896
chrX:48512448:G>A	5	-1
