mutation_id	myclone_id	myclone_ccf
chr3:171140465:C>A	1	1.0
chr6:52273858:C>T	1	1.0
chr10:125774183:C>T	2	0.6284610616474444
chr12:57179391:C>T	2	0.6284610616474444
chr3:51645097:C>T	2	0.6284610616474444
chr4:75033891:G>A	2	0.6284610616474444
chr4:125398811:G>A	2	0.6284610616474444
chr11:281138:GGAGCTTCGTGGCTCCAAAGTGCAGACGCTGTTTCTCAGCAAAAA>-	3	0.22283630469119003
chr13:102746253:G>A	3	0.22283630469119003
chr14:104176261:CTGGGTTCCTGGGGCCAGACAGACCTGACAGTCCTGGGCCAAC>-	3	0.22283630469119003
chr20:63006282:TCTTGGCGAGCAGCAGCGTGGCGA>-	3	0.22283630469119003
chr8:144137884:A>G	3	0.22283630469119003
