mutation_id	myclone_id	myclone_ccf
chr12:130451293:G>A	1	0.477539470805053
chr22:39646601:C>T	1	0.477539470805053
chr8:22120820:G>A	1	0.477539470805053
chr8:41647291:->GCTC	1	0.477539470805053
chr8:121629200:T>C	1	0.477539470805053
chr1:156947799:G>A	2	0.2969777395624067
chr19:14470615:->CT	2	0.2969777395624067
chr1:231163239:C>T	3	1
chr16:3736747:G>T	3	1
chr19:44948841:G>A	3	1
chr20:1983012:G>A	3	1
chr9:39099962:C>-	3	1
chr12:52363401:C>T	4	0.2109365733501254
chr6:49846553:C>T	4	0.2109365733501254
chr8:141168457:G>A	4	0.2109365733501254
