mutation_id	myclone_id	myclone_ccf
chr11:66043160:G>A	1	1
chr16:3089623:C>T	1	1
chr2:113406872:TCACAGT>GA	1	1
chr2:178782886:G>A	1	1
chr3:56018953:T>A	1	1
chr17:15503015:C>T	1	1
chr6:30744206:G>A	1	1
chr11:78702032:G>A	2	0.8561988554391635
chr11:78702209:C>A	2	0.8561988554391635
chr12:25245347:C>T	2	0.8561988554391635
chr19:13115654:C>T	2	0.8561988554391635
chr5:180602690:C>A	2	0.8561988554391635
chr7:64219889:C>T	2	0.8561988554391635
chr11:56470183:A>T	3	0.6740802228642726
chrX:41216642:->CCTAA	3	0.6740802228642726
chr14:24055722:G>A	4	0.3375110733570479
chr6:68956183:G>A	4	0.3375110733570479
chr6:168308917:G>A	4	0.3375110733570479
chr9:136845166:C>T	4	0.3375110733570479
chr21:36292105:->TC	5	0.9246593152108152
