mutation_id	myclone_id	myclone_ccf
chr5:179619336:C>T	1	0.5524395732301544
chr1:11124516:G>T	2	0.34250577533965365
chr10:87894085:G>A	2	0.34250577533965365
chr11:28036610:C>T	2	0.34250577533965365
chr1:113590574:A>G	3	0.9895120853539691
chr11:1249180:C>T	3	0.9895120853539691
chr11:134371108:C>T	3	0.9895120853539691
chr12:138368:C>T	3	0.9895120853539691
chr2:46995191:G>A	3	0.9895120853539691
chr22:32541665:C>T	3	0.9895120853539691
chr6:26107692:C>A	3	0.9895120853539691
chr7:82952381:C>T	3	0.9895120853539691
chr9:114301717:G>A	3	0.9895120853539691
chr9:137716874:G>T	3	0.9895120853539691
