mutation_id	myclone_id	myclone_ccf
chr15:71215218:G>A	1	1
chr5:154053370:G>A	1	1
chr18:26865665:G>A	1	1
chr12:82357058:C>T	2	0.925031437344097
chr13:19173915:T>C	2	0.925031437344097
chr13:28034144:A>G	2	0.925031437344097
chr2:31366037:A>G	2	0.925031437344097
chr20:57407589:G>A	2	0.925031437344097
chr4:1655642:G>A	3	-1
chr6:97149984:G>A	4	1.2653061224489797
chr5:45262585:G>A	5	0.4929577464788732
