mutation_id	myclone_id	myclone_ccf
chr19:4318438:C>T	1	1
chr11:124619479:C>A	2	0.3903036250954758
chr5:141365442:T>A	2	0.3903036250954758
