mutation_id	myclone_id	myclone_ccf
chr16:3542247:G>A	1	0.2308270548750503
chr20:32099117:G>A	1	0.2308270548750503
chr5:43174796:A>C	1	0.2308270548750503
chr6:69355830:G>A	1	0.2308270548750503
chr13:113671619:C>T	2	0.9999999999999999
chr16:55567298:C>G	2	0.9999999999999999
chr2:74673776:C>A	2	0.9999999999999999
chr2:165154643:C>T	2	0.9999999999999999
chr2:227666892:G>A	2	0.9999999999999999
chr5:90627324:C>T	2	0.9999999999999999
chr7:143478784:C>A	2	0.9999999999999999
chrX:31071588:G>A	2	0.9999999999999999
chrX:129747664:T>C	2	0.9999999999999999
chr2:95285048:G>A	3	0.3564277990505428
chr20:34750362:G>A	3	0.3564277990505428
chr12:49026326:G>A	4	0.113706629074241
chr19:5567880:G>A	4	0.113706629074241
chr4:186621694:G>A	4	0.113706629074241
chr14:56804354:G>A	4	0.113706629074241
