mutation_id	myclone_id	myclone_ccf
chr1:173751886:A>C	1	0.5662582177875916
chr11:1018396:G>C	1	0.5662582177875916
chr11:108316093:C>T	1	0.5662582177875916
chr14:88517184:C>G	1	0.5662582177875916
chr19:1068701:C>T	1	0.5662582177875916
chr1:228212480:G>A	2	0.6967436575962292
chr3:193321739:G>C	2	0.6967436575962292
chr4:1961074:G>A	2	0.6967436575962292
chr13:38851748:T>A	3	0.8162678205367101
chr14:106770572:CTGTGGTAT>TCCTGTGG	3	0.8162678205367101
chr17:8111463:C>T	3	0.8162678205367101
chr2:225513669:G>A	3	0.8162678205367101
chr1:114713914:G>T	4	0.19659012984675175
chr14:106537810:->CTCCCC	4	0.19659012984675175
chr4:5793703:C>T	4	0.19659012984675175
chr4:79325649:C>T	4	0.19659012984675175
chr9:110775822:G>A	4	0.19659012984675175
chr11:44053050:G>T	5	0.11877603978235692
chr14:31107079:G>A	5	0.11877603978235692
chr19:20949828:C>T	5	0.11877603978235692
chr19:39269792:C>T	5	0.11877603978235692
chr7:16794991:G>A	5	0.11877603978235692
chr22:22031468:ATTCACA>CG	6	-1
