mutation_id	myclone_id	myclone_ccf
chr3:132660694:->AC	1	0.7826685674298304
chr14:106627248:GTCT>CCGGTGGCTCCTGGAAACCCCCA	2	0.6305284738709707
chr19:40423017:A>G	2	0.6305284738709707
chr1:154089581:C>T	3	1
chr14:75038343:C>T	3	1
chr19:39515602:C>G	3	1
chr12:130342598:G>A	4	0.32099450873307894
chr14:39432014:C>T	4	0.32099450873307894
chr19:3590820:C>T	4	0.32099450873307894
chr12:122994874:G>A	5	0.9363865559679213
chr16:72958022:C>T	5	0.9363865559679213
chr19:1785540:C>T	5	0.9363865559679213
chr7:122995184:G>C	5	0.9363865559679213
chr1:155200861:G>T	6	0.11915730647504116
chr1:173909712:G>T	6	0.11915730647504116
chr10:122631201:C>G	6	0.11915730647504116
chr12:52055062:T>C	6	0.11915730647504116
chr17:66965059:G>A	6	0.11915730647504116
chr2:138671620:C>A	6	0.11915730647504116
chr2:140950376:C>A	6	0.11915730647504116
chr2:195972295:C>T	6	0.11915730647504116
chr8:17565034:C>T	6	0.11915730647504116
chr8:143869596:C>G	6	0.11915730647504116
