mutation_id	myclone_id	myclone_ccf
chr12:72562982:C>G	1	0.1755233494363928
chr22:28796137:C>-	2	0.4173183447376996
chr1:17616151:C>T	3	0.922573495632886
chr1:99688964:C>T	3	0.922573495632886
chr1:229636598:T>G	3	0.922573495632886
chr19:8966036:T>G	3	0.922573495632886
chrX:45053833:G>A	3	0.922573495632886
chr1:151692481:->GGGGTC	4	0.750460263574444
chr12:23640875:C>A	4	0.750460263574444
chr18:26547715:G>A	4	0.750460263574444
chr22:22162679:TCA>-	4	0.750460263574444
chr5:136988519:G>A	4	0.750460263574444
