mutation_id	myclone_id	myclone_ccf
chr9:104617850:C>T	1	1.0
chr3:48413096:G>A	2	0.4656497175141242
chr1:201217306:C>T	2	0.4656497175141242
chr17:3153961:G>A	2	0.4656497175141242
chr10:51467825:C>T	2	0.4656497175141242
chr4:184009637:G>A	2	0.4656497175141242
chr18:21495765:T>A	3	0.5841851644126302
