mutation_id	myclone_id	myclone_ccf
chr10:97896924:C>G	1	0.0977955713587405
chr12:10634063:G>A	1	0.0977955713587405
chr19:22392651:G>T	1	0.0977955713587405
chr2:236497364:G>C	1	0.0977955713587405
chr20:44424286:G>C	1	0.0977955713587405
chr8:109491969:C>T	1	0.0977955713587405
chr10:133625151:G>C	2	0.6375207545216554
chr11:5422990:C>T	2	0.6375207545216554
chr11:45900296:G>A	2	0.6375207545216554
chr11:107334914:C>G	2	0.6375207545216554
chr12:25209894:G>C	2	0.6375207545216554
chr14:105142853:C>T	2	0.6375207545216554
chr17:69043547:C>T	2	0.6375207545216554
chr2:86456538:C>T	2	0.6375207545216554
chr5:177524605:C>G	2	0.6375207545216554
chr7:141790471:G>C	2	0.6375207545216554
chr8:21788130:G>C	2	0.6375207545216554
chr8:73293600:C>G	2	0.6375207545216554
chr1:56792455:A>T	3	0.8013265924429801
chr1:84414781:C>G	3	0.8013265924429801
chr12:11853496:->CC	3	0.8013265924429801
chr12:57532771:C>G	3	0.8013265924429801
chr15:90760810:C>T	3	0.8013265924429801
chr19:17338214:C>A	3	0.8013265924429801
chr22:20143027:C>-	3	0.8013265924429801
chr5:177524896:C>G	3	0.8013265924429801
chr6:145955113:C>G	3	0.8013265924429801
chr7:6502807:G>C	3	0.8013265924429801
chr11:113688261:C>G	4	0.28460347591741136
chr12:132634202:G>C	4	0.28460347591741136
chr15:70684379:C>T	4	0.28460347591741136
chr17:81443853:G>A	4	0.28460347591741136
chr19:40876602:C>G	4	0.28460347591741136
chr5:98859974:G>A	4	0.28460347591741136
chr1:114678005:C>G	5	1.0
chr11:92806413:C>G	5	1.0
chr11:120481487:G>C	5	1.0
chr12:108817145:C>T	5	1.0
chr12:120223754:G>A	5	1.0
chr15:41727317:C>T	5	1.0
chr17:2040282:C>T	5	1.0
chr19:18008310:G>C	5	1.0
chr19:30445253:G>A	5	1.0
chr19:48195284:G>A	5	1.0
chr19:51993039:C>T	5	1.0
chr19:54145748:G>A	5	1.0
chr22:42210699:G>C	5	1.0
chr22:42210861:G>A	5	1.0
chr3:170498766:C>G	5	1.0
chr5:98870800:G>A	5	1.0
chr8:76852178:G>T	5	1.0
