mutation_id	myclone_id	myclone_ccf
chr11:92834997:T>G	1	0.1041339282007663
chr12:57204506:C>G	1	0.1041339282007663
chr17:19931874:C>T	1	0.1041339282007663
chr3:19933407:C>G	1	0.1041339282007663
chr4:44678665:C>T	1	0.1041339282007663
chr5:140829603:G>T	1	0.1041339282007663
chr1:234609297:GAAGCAG>TTCT	2	0.8159922695865196
chr11:66870422:G>A	2	0.8159922695865196
chr19:56053797:G>C	2	0.8159922695865196
chr2:120988377:C>T	2	0.8159922695865196
chr4:46312692:G>A	2	0.8159922695865196
chr1:215674857:G>A	3	1
chr11:62910143:G>A	3	1
chr13:32202022:C>T	3	1
chr17:81610248:C>T	3	1
chr2:199844418:G>C	3	1
chr9:110800546:A>G	3	1
chr10:84196591:G>A	4	0.1743568141191884
chr14:67208358:G>C	4	0.1743568141191884
chr14:81096684:C>T	4	0.1743568141191884
chr16:67952347:G>A	4	0.1743568141191884
chr20:35479975:G>C	4	0.1743568141191884
chr3:132499207:C>G	4	0.1743568141191884
chr5:115581118:C>T	4	0.1743568141191884
chr1:85708211:C>A	5	0.4524134987914591
chr1:149886419:G>C	5	0.4524134987914591
chr1:197902820:C>G	5	0.4524134987914591
chr1:236414263:G>C	5	0.4524134987914591
chr10:59652820:G>A	5	0.4524134987914591
chr11:902968:G>A	5	0.4524134987914591
chr11:64903299:C>T	5	0.4524134987914591
chr12:56282569:G>A	5	0.4524134987914591
chr12:123838549:G>C	5	0.4524134987914591
chr12:133156079:C>G	5	0.4524134987914591
chr13:28018505:C>G	5	0.4524134987914591
chr14:105588303:G>T	5	0.4524134987914591
chr15:75207504:C>G	5	0.4524134987914591
chr16:20439851:G>C	5	0.4524134987914591
chr16:67930233:G>A	5	0.4524134987914591
chr17:1057044:G>C	5	0.4524134987914591
chr17:28384558:G>C	5	0.4524134987914591
chr17:56594410:G>A	5	0.4524134987914591
chr17:80288082:C>G	5	0.4524134987914591
chr17:80288353:C>T	5	0.4524134987914591
chr19:5915127:C>T	5	0.4524134987914591
chr19:6013021:C>T	5	0.4524134987914591
chr19:54977762:G>A	5	0.4524134987914591
chr2:27576912:C>A	5	0.4524134987914591
chr2:96115501:C>G	5	0.4524134987914591
chr2:96124154:C>A	5	0.4524134987914591
chr2:96135398:C>T	5	0.4524134987914591
chr2:178531284:C>A	5	0.4524134987914591
chr2:185795088:G>A	5	0.4524134987914591
chr2:213862558:C>G	5	0.4524134987914591
chr2:240465515:C>G	5	0.4524134987914591
chr20:2658060:G>C	5	0.4524134987914591
chr22:46053917:G>A	5	0.4524134987914591
chr3:120641628:C>G	5	0.4524134987914591
chr3:155147147:T>G	5	0.4524134987914591
chr6:75314031:C>G	5	0.4524134987914591
chr6:87261352:G>A	5	0.4524134987914591
chrX:121048824:C>G	6	-1
chr15:23440819:T>G	7	-1
chrX:27747675:G>C	8	-1
chrX:150471321:C>T	9	-1
