mutation_id	myclone_id	myclone_ccf
chr13:99501776:AGGT>CCGGTCGG	1	0.6847605965518454
chr3:35737280:C>T	2	0.229591583440762
chr11:3797980:A>T	3	0.11748793644664599
chr7:45592829:G>A	3	0.11748793644664599
chr16:27257492:C>T	4	1.0
chr16:58278563:G>A	4	1.0
chr20:63414951:G>A	4	1.0
chr8:106769723:G>A	4	1.0
