mutation_id	myclone_id	myclone_ccf
chr2:210608424:C>T	1	1.0
chr2:233822491:G>A	1	1.0
chr20:51694084:G>A	1	1.0
chr3:196937574:C>T	1	1.0
chr11:19933724:C>T	2	0.18370016481188478
chr22:43678149:C>T	2	0.18370016481188478
chr11:118436540:C>T	3	0.8191038155797897
chr12:120215616:C>T	3	0.8191038155797897
chr3:133928578:C>T	3	0.8191038155797897
chr7:76248251:G>T	3	0.8191038155797897
chr2:113406853:CAGGATTATACTACCCCATTCACA>AGG	4	0.6722395233446424
chr1:103026218:C>A	5	0.10890027080622619
chr22:26541216:C>T	5	0.10890027080622619
chr17:34155999:G>A	5	0.10890027080622619
chr6:42107398:G>A	5	0.10890027080622619
chr6:51911921:C>T	5	0.10890027080622619
chr6:152321779:G>A	5	0.10890027080622619
chr18:50729394:C>T	5	0.10890027080622619
