mutation_id	myclone_id	myclone_ccf
chr13:33185989:C>A	1	1.0
chr7:50382603:G>A	1	1.0
chr9:135694394:C>T	1	1.0
chrX:47181961:C>T	1	1.0
chr17:8256882:C>T	1	1.0
chr1:42835149:C>A	2	0.20579734650613904
chr1:114716126:C>T	2	0.20579734650613904
chr15:29766346:C>T	2	0.20579734650613904
chr19:22975748:T>C	2	0.20579734650613904
chr5:140884205:G>A	2	0.20579734650613904
chr10:97936230:C>T	3	0.6537745617227748
