mutation_id	myclone_id	myclone_ccf
chr17:42495648:C>G	1	0.7991154929279224
chr16:75451789:G>T	2	1.0
chr4:2452296:C>G	2	1.0
chr1:114716126:C>A	3	0.3777995453972888
chr2:43224462:->G	3	0.3777995453972888
chrX:130215799:C>A	3	0.3777995453972888
chr1:56912417:C>T	4	0.1468642128344444
chr11:101504588:G>C	4	0.1468642128344444
chr8:144392483:G>A	4	0.1468642128344444
chr16:60358619:G>A	5	0.5435389977216517
chr2:47813360:CTTCTATACAGC>GCCAGGG	5	0.5435389977216517
chr2:88861553:AAAACTGCACACACAAT>CGGG	6	0.24773283078551162
