mutation_id	myclone_id	myclone_ccf
chr1:3411734:G>A	1	1.0
chr14:101765180:A>G	1	1.0
chr16:20640484:C>T	1	1.0
chr10:54185178:G>A	2	0.1100673868637352
chr15:34229827:C>G	2	0.1100673868637352
chrX:153703977:C>T	3	0.2727092843109012
