mutation_id	myclone_id	myclone_ccf
chr5:141360527:C>T	1	0.1463278266696402
chr9:35300566:G>A	1	0.1463278266696402
chr1:174548016:C>A	2	0.9999999999999999
chr15:56394717:G>A	2	0.9999999999999999
chr16:633312:C>T	2	0.9999999999999999
chr16:24953017:G>C	2	0.9999999999999999
chr19:18141929:C>T	2	0.9999999999999999
chr2:185797198:A>T	2	0.9999999999999999
chr5:140802732:C>T	2	0.9999999999999999
chr6:2948445:C>T	2	0.9999999999999999
chr6:96610620:G>C	2	0.9999999999999999
chr8:68331077:C>G	2	0.9999999999999999
chr8:120209791:G>A	2	0.9999999999999999
chrX:19413445:G>T	2	0.9999999999999999
chrX:103713765:G>C	2	0.9999999999999999
