mutation_id	myclone_id	myclone_ccf
chr19:52951119:A>G	1	0.1801406149717854
chr1:114716126:C>G	2	0.5529610445849612
chr1:181798746:G>A	3	0.9882308789811197
chr12:122263571:C>A	3	0.9882308789811197
chr13:95043693:C>T	3	0.9882308789811197
chr15:44759852:T>G	3	0.9882308789811197
chr16:3736738:->GTC	3	0.9882308789811197
chr3:42757153:C>T	3	0.9882308789811197
chr7:100488622:C>T	3	0.9882308789811197
chr7:100746680:C>G	3	0.9882308789811197
chr8:141136548:->T	3	0.9882308789811197
