mutation_id	myclone_id	myclone_ccf
chr16:15408036:->AAGAC	1	0.7562889211715028
chr1:186189864:G>A	2	0.9999999999999999
chr2:232662808:C>T	2	0.9999999999999999
chr1:240493324:T>G	3	0.09687025276374141
chr11:26542027:C>T	3	0.09687025276374141
chr19:7019164:C>T	3	0.09687025276374141
chr11:20637258:C>A	4	0.1818588959525122
chr11:92883383:G>C	4	0.1818588959525122
chr12:21875713:T>C	4	0.1818588959525122
chr19:14474207:C>T	4	0.1818588959525122
chr19:36610044:G>A	4	0.1818588959525122
chr19:39098522:C>T	4	0.1818588959525122
chr2:73641381:G>A	4	0.1818588959525122
chr3:139006040:C>T	4	0.1818588959525122
chrX:106942898:G>T	5	0.9
