mutation_id	myclone_id	myclone_ccf
chr14:22449112:->GGGT	1	0.6580165208436979
chr15:77018468:->GG	1	0.6580165208436979
chr17:11763594:G>A	1	0.6580165208436979
chr8:85480717:A>G	1	0.6580165208436979
chr1:149929655:G>A	2	0.9388786574529133
chr11:722102:G>C	2	0.9388786574529133
chr3:53732073:G>A	2	0.9388786574529133
chr4:1961074:G>A	2	0.9388786574529133
chr5:63960780:T>C	2	0.9388786574529133
chr6:28301837:G>A	2	0.9388786574529133
