mutation_id	myclone_id	myclone_ccf
chr10:47325002:->TGGTCAT	1	0.8250555024408069
chr14:69328496:C>T	1	0.8250555024408069
chr6:47682311:T>A	1	0.8250555024408069
chr10:14842321:T>C	2	0.24694064884535888
chr12:19500174:C>G	2	0.24694064884535888
chr17:62759889:T>A	2	0.24694064884535888
chr19:56192961:G>A	2	0.24694064884535888
chr22:45414325:G>C	2	0.24694064884535888
chr3:172506717:G>C	2	0.24694064884535888
chr8:52683623:C>G	2	0.24694064884535888
chr15:79046822:G>A	3	1.0
chr3:49001584:C>T	3	1.0
chr4:667898:C>T	3	1.0
chr1:40463543:G>C	4	0.1467617114275303
chr1:236179914:C>T	4	0.1467617114275303
chr18:80137492:G>T	4	0.1467617114275303
chr2:185746689:G>C	4	0.1467617114275303
chr3:51310238:C>T	4	0.1467617114275303
chr5:157343132:G>C	4	0.1467617114275303
chr6:26250314:C>T	4	0.1467617114275303
chr6:30744284:G>A	4	0.1467617114275303
chr9:34343317:C>T	4	0.1467617114275303
chrX:108172516:C>G	5	-1
