mutation_id	myclone_id	myclone_ccf
chr19:4513551:C>A	1	0.3897752791340756
chr9:14776030:G>A	1	0.3897752791340756
chr1:21887953:C>G	2	1
chr1:159840721:G>C	2	1
chr11:124265465:C>T	2	1
chr2:19353517:G>A	2	1
chr8:3214539:C>A	2	1
chr10:102450490:C>T	2	1
chr10:102450491:C>T	2	1
chr17:42798613:G>C	2	1
chr17:75521808:G>A	2	1
chr6:81751716:G>A	2	1
chr6:118829151:G>A	2	1
chr6:152135154:C>T	2	1
chr11:124265702:C>G	3	0.8210716581996603
chr12:7501219:G>C	3	0.8210716581996603
chr19:52511773:C>T	3	0.8210716581996603
chr2:100479371:C>G	3	0.8210716581996603
chr3:151458529:G>A	3	0.8210716581996603
chr4:73416353:C>T	3	0.8210716581996603
chr3:141907181:C>G	4	0.528212705861006
