mutation_id	myclone_id	myclone_ccf
chr1:149476039:G>T	1	0.3328717564182506
chr11:132146481:C>A	2	0.6181406033072999
chr12:4612634:C>G	2	0.6181406033072999
chr21:42376563:G>A	2	0.6181406033072999
chr21:46411479:G>C	2	0.6181406033072999
chr5:90652450:G>A	2	0.6181406033072999
chr7:141212599:G>C	2	0.6181406033072999
chrX:24587280:C>A	2	0.6181406033072999
chrX:54455760:C>T	2	0.6181406033072999
chr1:112517194:G>T	3	0.943666628728466
chr1:186053854:C>T	3	0.943666628728466
chr12:11869730:->C	3	0.943666628728466
chr18:53450502:C>G	3	0.943666628728466
chr19:48363392:G>C	3	0.943666628728466
chr19:56390394:G>A	3	0.943666628728466
chr3:69879246:C>T	3	0.943666628728466
chr3:154338010:C>A	3	0.943666628728466
chr4:120785049:C>T	3	0.943666628728466
chr5:161873141:C>T	3	0.943666628728466
chr7:97024374:C>T	3	0.943666628728466
chr9:37948744:C>T	3	0.943666628728466
chrX:11760922:G>A	3	0.943666628728466
chrX:55751106:T>G	3	0.943666628728466
chrX:121047992:G>A	3	0.943666628728466
chr12:14460722:C>T	4	0.12202204992549823
chr17:76287218:C>G	4	0.12202204992549823
chr2:167258756:C>T	4	0.12202204992549823
chr4:81602856:C>G	4	0.12202204992549823
chr8:38030649:G>A	4	0.12202204992549823
chrX:47574494:C>G	4	0.12202204992549823
chrX:72131402:G>A	4	0.12202204992549823
chrX:143712337:C>T	4	0.12202204992549823
chr16:9841024:G>C	4	0.12202204992549823
