mutation_id	myclone_id	myclone_ccf
chr21:46284477:G>C	1	0.6195157270954854
chr1:100274903:G>A	2	0.3835099773721278
chr11:14644228:C>T	2	0.3835099773721278
chr3:44976299:G>A	2	0.3835099773721278
chr8:27762445:G>C	2	0.3835099773721278
chr7:50387392:C>T	3	0.9999999999999999
chr7:107474457:G>A	3	0.9999999999999999
chr9:127404894:G>A	3	0.9999999999999999
chr12:11853445:->C	4	0.8595643018038656
chr18:77105229:A>T	4	0.8595643018038656
chr8:79664829:G>A	4	0.8595643018038656
chr9:115064659:C>G	4	0.8595643018038656
chr1:197122441:G>A	5	0.16486270389508376
chr11:116832829:C>G	5	0.16486270389508376
chr15:82628398:G>C	5	0.16486270389508376
chr2:181901826:C>G	5	0.16486270389508376
chr3:165830838:G>C	5	0.16486270389508376
chr6:75313046:C>G	5	0.16486270389508376
chr9:94101625:C>T	5	0.16486270389508376
chr1:50193797:C>A	6	0.08073958988818482
chr12:78118208:C>T	6	0.08073958988818482
chr13:24685344:G>A	6	0.08073958988818482
chr15:31484119:C>G	6	0.08073958988818482
chr19:40572365:C>G	6	0.08073958988818482
chr20:45891465:G>A	6	0.08073958988818482
chr6:20126685:A>C	6	0.08073958988818482
