mutation_id	myclone_id	myclone_ccf
chr7:38353715:CCCATCC>TGCT	1	1.0
chr1:6440306:C>T	2	0.4585104535455238
chr11:5422862:C>A	2	0.4585104535455238
chr19:29674304:G>A	2	0.4585104535455238
chr19:51056762:C>G	2	0.4585104535455238
chr3:46020972:C>T	2	0.4585104535455238
chr3:142466431:->G	2	0.4585104535455238
chr4:73449459:G>T	2	0.4585104535455238
chr4:155214810:G>A	2	0.4585104535455238
chr6:54941758:T>G	2	0.4585104535455238
chr7:101042643:A>G	2	0.4585104535455238
chr12:25101237:G>T	3	0.10014280959372761
chr14:32093003:G>C	3	0.10014280959372761
chr14:76172004:C>T	3	0.10014280959372761
chr15:89649017:G>A	3	0.10014280959372761
chr3:139019927:G>A	3	0.10014280959372761
chr2:124417509:C>T	4	0.2649895178197064
chr7:98193441:G>A	4	0.2649895178197064
chrY:12775555:A>G	5	-1
