mutation_id	myclone_id	myclone_ccf
chr12:21486553:G>A	1	0.4105182570783483
chr6:35787074:C>T	1	0.4105182570783483
chr1:15566127:A>C	2	0.6107964601769911
chr2:113406867:CCCATTCACAGTGTTACAAGCCATAACAAAAA>-	2	0.6107964601769911
chr1:228319210:C>G	3	0.9202050618587871
chr10:11463318:A>C	3	0.9202050618587871
chr11:72577496:C>T	3	0.9202050618587871
chr12:52473695:G>A	3	0.9202050618587871
chr17:60057297:T>C	3	0.9202050618587871
chr19:11416130:C>G	3	0.9202050618587871
chr19:29674349:G>A	3	0.9202050618587871
chr2:201835738:G>T	3	0.9202050618587871
chr7:38362864:C>GAGGA	3	0.9202050618587871
chrX:96758171:C>T	3	0.9202050618587871
chr11:419654:G>A	4	0.2095047139966065
chr11:120458084:G>C	4	0.2095047139966065
chr17:81859349:C>G	4	0.2095047139966065
chr19:34741634:C>G	4	0.2095047139966065
chr5:32089553:G>A	4	0.2095047139966065
chr6:146398983:C>T	4	0.2095047139966065
chr1:111982280:G>A	5	0.09752306616659041
chr10:69382498:G>A	5	0.09752306616659041
chr11:60095621:G>A	5	0.09752306616659041
chr12:57200770:G>A	5	0.09752306616659041
chr15:34359300:G>A	5	0.09752306616659041
chr19:39830447:G>A	5	0.09752306616659041
chr19:58501334:C>G	5	0.09752306616659041
chr2:86098671:C>T	5	0.09752306616659041
chr2:240895886:G>A	5	0.09752306616659041
chr3:62203279:G>T	5	0.09752306616659041
chr3:69959313:G>A	5	0.09752306616659041
chr4:37590415:G>A	5	0.09752306616659041
chr4:163351576:G>C	5	0.09752306616659041
chr5:141183373:G>A	5	0.09752306616659041
chr6:138431338:C>G	5	0.09752306616659041
chr7:112206762:G>A	5	0.09752306616659041
chr7:155458895:C>T	5	0.09752306616659041
chr8:76705535:G>A	5	0.09752306616659041
chr2:176169253:C>A	6	0.7094941549218834
chrX:49223058:G>T	7	0.33882210763776976
