mutation_id	myclone_id	myclone_ccf
chr14:106470260:GTGTATCTTTTGCACAGTAATACAAGGCG>-	1	0.313213567292753
chr2:214956728:G>A	2	0.5065544590213479
chrX:134896850:C>T	2	0.5065544590213479
chr1:85877142:G>A	3	1.0
chr11:5226709:C>A	3	1.0
chr13:108210551:T>C	3	1.0
chr2:127335886:T>A	3	1.0
chr8:76855212:C>T	3	1.0
chr2:271877:C>G	4	0.7988701036459326
chr2:154409035:A>C	4	0.7988701036459326
chr2:178104380:G>A	4	0.7988701036459326
chr4:1961074:G>A	4	0.7988701036459326
chr4:41261718:A>G	4	0.7988701036459326
chr5:43298872:C>G	4	0.7988701036459326
chr7:144110494:C>T	4	0.7988701036459326
chr7:151001841:C>T	4	0.7988701036459326
chr9:32566403:G>T	4	0.7988701036459326
chr9:132659712:G>A	4	0.7988701036459326
chrX:154352014:G>A	4	0.7988701036459326
chr1:35609274:G>A	5	0.14904891416085025
chr1:170996622:C>T	5	0.14904891416085025
chr3:44500272:A>G	5	0.14904891416085025
chr7:31577999:C>T	5	0.14904891416085025
chr7:135193372:G>A	5	0.14904891416085025
chr8:12736744:C>T	5	0.14904891416085025
chr9:89178120:G>A	5	0.14904891416085025
chrX:11760433:G>A	5	0.14904891416085025
chr4:184657276:C>A	5	0.14904891416085025
chr1:155929342:G>A	6	0.0840868045794913
chr10:95399178:C>T	6	0.0840868045794913
chr12:100420035:G>C	6	0.0840868045794913
chr13:40666148:G>C	6	0.0840868045794913
chr17:82442280:C>T	6	0.0840868045794913
chr2:237368871:G>C	6	0.0840868045794913
chr7:101043502:C>T	6	0.0840868045794913
chrX:150470327:C>G	6	0.0840868045794913
