mutation_id	myclone_id	myclone_ccf
chr11:88294368:C>G	1	0.0750947200795696
chr14:23644410:C>T	2	0.38928289053940235
chr22:28306585:G>T	2	0.38928289053940235
chr6:116877888:C>G	2	0.38928289053940235
chr1:208217281:->C	3	0.8346492303671877
chr11:20388064:C>G	3	0.8346492303671877
chr12:49027151:C>T	3	0.8346492303671877
chr14:96303105:G>T	3	0.8346492303671877
chr16:17198320:C>G	3	0.8346492303671877
chr19:38403440:C>G	3	0.8346492303671877
chr20:2592406:G>C	3	0.8346492303671877
chr5:21975248:A>G	3	0.8346492303671877
chr7:1980487:->AG	3	0.8346492303671877
chr5:55815161:T>A	4	0.1421208998542752
chr8:141219743:C>T	4	0.1421208998542752
chr11:123432107:AT>TCCCTCG	5	0.5852207924608841
chr16:67202953:C>T	5	0.5852207924608841
chr3:151213539:G>A	5	0.5852207924608841
chr1:182883612:G>C	6	0.9521986048494019
chr1:182883613:C>T	6	0.9521986048494019
chr11:613841:G>A	6	0.9521986048494019
chr13:33061330:A>C	6	0.9521986048494019
chr14:102999614:C>T	6	0.9521986048494019
chr14:104772969:T>G	6	0.9521986048494019
chr15:31327764:C>G	6	0.9521986048494019
chr15:74338710:G>T	6	0.9521986048494019
chr16:88533317:C>T	6	0.9521986048494019
chr19:1010456:G>A	6	0.9521986048494019
chr19:48729051:G>C	6	0.9521986048494019
chr5:37198770:G>A	6	0.9521986048494019
chr5:151542764:C>G	6	0.9521986048494019
chr7:130346530:C>T	6	0.9521986048494019
chr2:89099859:A>-	7	-1
