mutation_id	myclone_id	myclone_ccf
chr5:149027759:C>T	1	1.0
chr3:75739324:A>G	2	0.3157806473251718
chr19:11549377:C>T	3	0.6367391062515588
chr5:161689021:A>T	3	0.6367391062515588
chr6:83196165:G>C	3	0.6367391062515588
chr7:128810358:C>T	3	0.6367391062515588
chr8:120280959:G>T	3	0.6367391062515588
chr12:56244077:G>C	4	0.0897597497623409
chr22:29048427:G>A	4	0.0897597497623409
chr1:65392839:C>T	5	0.77082186849657
chr11:73362229:C>T	5	0.77082186849657
chr14:100881965:C>T	5	0.77082186849657
chr17:59051280:A>G	5	0.77082186849657
chr19:34458768:G>A	5	0.77082186849657
chr4:161775971:G>A	5	0.77082186849657
