mutation_id	myclone_id	myclone_ccf
chr1:149886402:C>A	1	0.7379671966688948
chr11:130428265:G>C	1	0.7379671966688948
chr1:216422308:G>T	2	0.952193972197437
chr11:71439033:T>A	2	0.952193972197437
chr13:102741909:A>T	2	0.952193972197437
chr14:88871629:A>T	2	0.952193972197437
chr2:170716450:G>T	2	0.952193972197437
chr20:9580382:C>T	2	0.952193972197437
chr3:151338285:A>G	2	0.952193972197437
chr5:24509625:C>T	2	0.952193972197437
chrX:83508480:C>T	2	0.952193972197437
chrX:108736322:C>T	2	0.952193972197437
chr1:15308668:G>A	3	0.49733892945972225
chr12:124354130:G>A	3	0.49733892945972225
chr13:52397646:C>G	3	0.49733892945972225
chr15:23441214:C>G	3	0.49733892945972225
chr16:86510959:C>T	3	0.49733892945972225
chr17:34954472:G>A	3	0.49733892945972225
chr18:35337363:G>A	3	0.49733892945972225
chr22:49886578:C>T	3	0.49733892945972225
chr5:34922735:G>C	3	0.49733892945972225
chr6:152220988:G>A	3	0.49733892945972225
chr6:152221452:G>A	3	0.49733892945972225
chr12:39346494:G>C	4	0.365384007839557
chr6:142760518:G>A	5	0.150424494069416
chr7:99531531:G>A	5	0.150424494069416
chr9:39102608:C>T	5	0.150424494069416
chrX:72143313:G>A	5	0.150424494069416
chr1:6579362:C>G	6	0.07308691762462233
chr17:8190040:G>C	6	0.07308691762462233
chr19:22402859:C>T	6	0.07308691762462233
chr11:113809183:G>A	6	0.07308691762462233
chr11:111285761:G>C	6	0.07308691762462233
