mutation_id	myclone_id	myclone_ccf
chr15:50593621:C>G	1	0.13377416153364
chr16:11178477:C>T	2	1.0
chrX:77523253:T>A	2	1.0
chr20:32433870:G>T	3	0.8499101941717524
