mutation_id	myclone_id	myclone_ccf
chr1:235993766:G>A	1	0.2125469481033816
chr11:66042575:C>T	2	0.6780560023567186
chr5:51387551:C>T	2	0.6780560023567186
chr22:36293346:C>T	3	0.8675690824479302
chr6:35295191:G>A	3	0.8675690824479302
chr5:56116757:C>A	4	1
chr5:75611785:G>C	4	1
chr1:118101820:T>A	5	0.565220236737104
chr1:176864359:C>T	5	0.565220236737104
chr11:2699799:C>T	5	0.565220236737104
chr14:106627239:CCTCACTGTGTCTCTCG>TGGGGAGGGC	5	0.565220236737104
chr9:110800980:A>T	5	0.565220236737104
chr11:804256:C>T	6	0.34051098999571405
chr16:55823657:C>-	6	0.34051098999571405
chr16:81362515:A>T	6	0.34051098999571405
chr17:18977753:G>T	6	0.34051098999571405
chr2:84604367:C>T	6	0.34051098999571405
chr20:46057242:C>T	6	0.34051098999571405
chr5:33936915:G>A	6	0.34051098999571405
chr7:101003470:G>A	6	0.34051098999571405
chr14:104942039:G>T	7	0.263857733566732
