mutation_id	myclone_id	myclone_ccf
chr15:71012865:C>A	1	0.5988350578386094
chrX:73841707:A>G	1	0.5988350578386094
chr12:55247636:T>C	2	1.0
chr4:51996004:T>C	2	1.0
chr16:1201812:C>A	3	0.9140557594338827
chr3:130431867:C>T	3	0.9140557594338827
chr6:38175138:G>A	3	0.9140557594338827
chr12:54292990:C>T	4	0.08786823842049186
chr2:54899726:G>A	4	0.08786823842049186
chr9:135486214:G>A	4	0.08786823842049186
