mutation_id	myclone_id	myclone_ccf
chrX:70062921:G>A	1	0.6414849875693249
chrX:108077081:C>T	1	0.6414849875693249
chr1:207542524:G>A	1	0.6414849875693249
chr12:100051108:C>T	1	0.6414849875693249
chr13:76952575:G>C	1	0.6414849875693249
chr15:49508337:G>C	1	0.6414849875693249
chr17:18246767:C>T	1	0.6414849875693249
chr2:223052968:C>T	1	0.6414849875693249
chr22:37073619:C>G	1	0.6414849875693249
chr4:153704344:C>G	1	0.6414849875693249
chr5:73562822:G>T	1	0.6414849875693249
chr5:90810552:G>C	1	0.6414849875693249
chr5:139871773:C>T	1	0.6414849875693249
chr6:56620357:G>A	1	0.6414849875693249
chr8:78601753:G>C	1	0.6414849875693249
chrX:102715525:C>G	2	0.100502512562814
chr1:39568820:C>T	2	0.100502512562814
chr1:57015289:G>A	2	0.100502512562814
chr1:176557067:C>T	2	0.100502512562814
chr1:219611280:C>G	2	0.100502512562814
chr11:94544737:G>C	2	0.100502512562814
chr12:64063054:C>T	2	0.100502512562814
chr12:98595752:->CC	2	0.100502512562814
chr12:116836240:C>G	2	0.100502512562814
chr13:114323907:G>C	2	0.100502512562814
chr16:84181430:G>A	2	0.100502512562814
chr17:29522322:A>T	2	0.100502512562814
chr17:35441173:G>C	2	0.100502512562814
chr17:35441197:G>C	2	0.100502512562814
chr17:76387526:C>T	2	0.100502512562814
chr17:81460345:->ACA	2	0.100502512562814
chr19:22315197:C>T	2	0.100502512562814
chr19:47131007:->A	2	0.100502512562814
chr2:27568968:C>G	2	0.100502512562814
chr2:154855210:C>A	2	0.100502512562814
chr20:62193597:G>A	2	0.100502512562814
chr3:129671168:G>T	2	0.100502512562814
chr3:148845548:G>C	2	0.100502512562814
chr4:25333920:G>A	2	0.100502512562814
chr5:45696005:G>A	2	0.100502512562814
chr5:113433780:C>T	2	0.100502512562814
chr6:145941786:C>T	2	0.100502512562814
chr8:11201014:G>A	2	0.100502512562814
chr8:41308749:G>A	2	0.100502512562814
chr9:74858669:C>T	2	0.100502512562814
chr10:53807086:A>G	3	-1
chr10:6515017:C>T	4	-1
chr1:115663883:G>A	5	0.16199841302275853
chr12:25245351:C>T	5	0.16199841302275853
chr13:52108347:G>A	5	0.16199841302275853
chr14:100880986:G>T	5	0.16199841302275853
chr15:78800536:C>T	5	0.16199841302275853
chr17:35441891:G>C	5	0.16199841302275853
chr2:113406834:TGCAACTTATTACTGTCTACAGGATTATACTACCCCATTCACAGTGTTAC>GGCCCA	5	0.16199841302275853
chr5:111111222:G>C	5	0.16199841302275853
chr6:56843097:C>T	5	0.16199841302275853
chr10:26300948:G>C	6	-1
chr17:82398302:G>A	7	0.17149897862437175
chr2:176122803:C>G	7	0.17149897862437175
chr20:34757536:C>T	7	0.17149897862437175
chr3:56775041:G>C	7	0.17149897862437175
chr6:41936664:C>T	7	0.17149897862437175
