mutation_id	myclone_id	myclone_ccf
chr9:37020736:G>A	1	0.6884519562135776
chr1:153687199:G>A	2	1
chr10:104162377:C>A	2	1
chr12:85980244:G>A	2	1
chr19:50210397:G>A	2	1
chr7:16527041:G>A	2	1
chr15:75687965:G>A	3	0.32271262398177203
chr17:50618971:C>T	3	0.32271262398177203
chr20:16367566:C>T	4	0.0930353978257576
chrX:105948688:C>T	5	-1
