mutation_id	myclone_id	myclone_ccf
chr17:50088324:G>A	1	1
chr21:44558537:G>A	2	0.1207699885513458
chr1:111982274:G>A	3	0.45151644451548334
chr1:152884755:G>A	3	0.45151644451548334
chr13:107866532:G>A	3	0.45151644451548334
chr19:2252338:C>T	3	0.45151644451548334
chr5:32074264:C>T	3	0.45151644451548334
chr1:68494570:T>A	4	0.2564750012094493
chr11:120302326:C>T	4	0.2564750012094493
chr12:25245347:C>T	4	0.2564750012094493
chr19:11018979:G>C	4	0.2564750012094493
chr21:33909157:G>A	4	0.2564750012094493
