mutation_id	myclone_id	myclone_ccf
chr5:141659894:C>A	1	1.0
chr17:39765813:CTC>-	2	0.8256748317423255
chr19:15680488:C>G	2	0.8256748317423255
chr3:100840122:C>T	2	0.8256748317423255
chr9:123373192:G>A	2	0.8256748317423255
chr11:66042767:C>T	3	0.1052678387614773
chr5:141431509:C>T	3	0.1052678387614773
chr17:1732709:C>T	3	0.1052678387614773
chrX:41216261:T>G	3	0.1052678387614773
chrX:134413923:->T	3	0.1052678387614773
chr1:55120753:G>A	4	0.21134815634498302
chr1:114716127:C>T	4	0.21134815634498302
chr4:186613116:G>A	4	0.21134815634498302
