mutation_id	myclone_id	myclone_ccf
chr2:90173408:GGCATCCCACAGT>CCGGGAG	1	0.5547924144529716
chr11:61542514:G>A	2	0.723012698702455
chr12:6593116:T>G	2	0.723012698702455
chr20:63556355:C>T	3	0.8760842282694621
chr8:86139552:G>A	3	0.8760842282694621
chr1:160951046:G>A	4	0.17609203838491672
chr5:55785822:A>T	4	0.17609203838491672
chr11:89009049:C>T	5	0.0927323499712171
chr7:50382602:C>T	5	0.0927323499712171
chr2:89297259:GTGGGA>CCTGG	6	0.368295578238701
chrX:70269873:G>A	6	0.368295578238701
chr11:56232335:A>C	7	1.0
chr13:112382481:G>A	7	1.0
chr9:5078362:A>T	7	1.0
chr2:90039480:CC>-	8	-1
