mutation_id	myclone_id	myclone_ccf
chr16:58538876:A>G	1	1
chr4:1961074:G>A	1	1
chr12:25245347:C>T	2	0.7526042739630189
chr14:91693407:G>A	2	0.7526042739630189
chr20:33238181:C>T	2	0.7526042739630189
