mutation_id	myclone_id	myclone_ccf
chr15:75650572:A>C	1	0.3194845930067033
chr19:55482431:C>T	1	0.3194845930067033
chr6:38175151:T>C	2	0.4299902791429258
chr16:81999653:C>T	3	0.0973106424447149
chr8:72936099:C>T	3	0.0973106424447149
chr16:28873769:A>G	4	0.9768590326744389
chr18:7011329:G>A	4	0.9768590326744389
chr19:2997862:C>A	4	0.9768590326744389
chr2:233511782:G>C	4	0.9768590326744389
chr5:36049183:A>G	4	0.9768590326744389
chr7:102469020:G>A	4	0.9768590326744389
chr2:55922359:C>T	5	0.6097447544931645
chr5:103881118:G>-	5	0.6097447544931645
chr7:18793406:G>C	5	0.6097447544931645
