mutation_id	myclone_id	myclone_ccf
chr11:57543147:G>A	1	0.550465649191604
chr10:25024829:C>G	2	0.4143262989153434
chr15:31047903:T>C	3	0.8448666977485291
chr3:47088116:T>C	3	0.8448666977485291
chr3:197830837:G>T	3	0.8448666977485291
chr5:115147325:T>C	3	0.8448666977485291
chr5:156508669:A>G	3	0.8448666977485291
chr6:111566458:ACTTAGTATG>-	3	0.8448666977485291
chr6:143863142:G>A	3	0.8448666977485291
chr1:145893615:C>T	4	0.2501455549096591
chr17:72649217:G>C	4	0.2501455549096591
chr6:144548727:C>T	4	0.2501455549096591
chr1:228377680:C>G	5	0.12731628821793384
chr10:116921446:G>C	5	0.12731628821793384
chr14:94309963:C>G	5	0.12731628821793384
chr2:235041151:C>G	5	0.12731628821793384
chr3:101244533:C>A	5	0.12731628821793384
