mutation_id	myclone_id	myclone_ccf
chr1:33546168:C>T	1	0.9447672997274598
chr1:54781601:G>A	1	0.9447672997274598
chr1:77858959:C>T	1	0.9447672997274598
chr13:99970605:G>A	1	0.9447672997274598
chr15:23031965:C>T	1	0.9447672997274598
chr20:45775560:A>G	1	0.9447672997274598
chr1:37794404:G>A	2	0.7365036907665587
chrX:139598411:A>G	3	0.5885734622792586
chr4:13627510:C>T	4	0.10745720154734573
chr5:15928066:C>T	5	0.6386774250271432
chr5:78416545:A>G	5	0.6386774250271432
chr11:26994637:C>T	6	0.8358845342606944
chr17:78455803:G>A	6	0.8358845342606944
chr4:72339604:C>T	6	0.8358845342606944
chr8:143706818:G>A	6	0.8358845342606944
