mutation_id	myclone_id	myclone_ccf
chr12:62391317:->A	1	0.28067571083266446
chr18:79337381:G>A	1	0.28067571083266446
chr19:8498723:G>A	1	0.28067571083266446
chr3:148883807:G>A	2	0.1025143408966387
chr6:57147837:C>T	2	0.1025143408966387
chr1:101836902:G>T	3	1.0
chr1:152948692:G>A	3	1.0
chr17:11929964:A>G	3	1.0
chr9:34976565:G>A	3	1.0
chr14:106511119:->CCCCCCCCTCATCCCACCCAC	4	-1
chr14:106511175:A>G	4	-1
