mutation_id	myclone_id	myclone_ccf
chr22:22031470:->C	1	1.0
chr1:114716126:C>T	2	0.3426513462527868
chr15:40368613:C>T	3	0.6960622504296573
chr16:3738616:C>T	3	0.6960622504296573
chr19:19544710:G>A	3	0.6960622504296573
chr22:22031472:A>CC	3	0.6960622504296573
chr14:99175582:C>T	3	0.6960622504296573
chrX:34132111:G>A	3	0.6960622504296573
chr11:62243296:C>T	4	0.5677876421210251
chr11:115214631:G>A	4	0.5677876421210251
chr1:33571534:C>T	5	0.1784323797884754
chr1:114716127:C>T	5	0.1784323797884754
chr1:228022841:C>T	5	0.1784323797884754
chr2:32249710:C>A	5	0.1784323797884754
chr22:22771866:G>A	5	0.1784323797884754
chr14:67473563:C>G	5	0.1784323797884754
chr6:166329563:G>A	5	0.1784323797884754
chrX:71616527:C>T	5	0.1784323797884754
chrX:154506903:C>T	5	0.1784323797884754
chr12:128705195:G>C	6	0.09920557686441385
chr3:36738743:G>A	6	0.09920557686441385
chr4:81448226:G>A	6	0.09920557686441385
chr21:42853722:G>A	7	0.4465048543689317
