mutation_id	myclone_id	myclone_ccf
chrX:115191992:C>T	1	0.086073381355151
chr15:29113978:G>A	2	1
chr16:66922278:G>A	2	1
chr7:29072340:G>A	2	1
chrX:145824602:A>T	2	1
chr17:44904237:C>G	3	0.3368028438717164
chr18:12344230:G>A	3	0.3368028438717164
chrX:18761551:A>T	3	0.3368028438717164
chrX:77998526:C>T	4	0.7362690223003776
chr14:106639118:->GGA	5	-1
