mutation_id	myclone_id	myclone_ccf
chr9:70862934:C>T	1	0.074074074074074
chr12:25245350:C>G	2	0.77033078951407
chr2:32575162:A>T	2	0.77033078951407
chr14:72753315:G>A	2	0.77033078951407
chr4:69857541:G>T	2	0.77033078951407
chr21:41740883:G>A	2	0.77033078951407
chr11:100061372:C>T	3	1
chr19:35332719:G>A	3	1
chr19:50230545:G>A	3	1
chr5:141357080:G>A	3	1
chr7:39572667:C>A	3	1
chr11:3218441:G>A	4	0.9142864843057869
chr15:42970549:G>C	4	0.9142864843057869
chr15:43798980:G>A	4	0.9142864843057869
chr16:21206933:C>T	4	0.9142864843057869
chr2:26489734:C>T	4	0.9142864843057869
chrX:70204457:G>A	5	-0.005357826253348574
