mutation_id	myclone_id	myclone_ccf
chr19:18855140:C>T	1	0.5195923603326932
chr13:71475748:G>T	2	0.195886055445233
chr4:184010800:G>A	3	0.4017337076541796
chr10:77828968:C>T	4	0.0817748890264382
chr10:89403460:C>T	5	1.0
chr12:45850734:C>T	5	1.0
chr21:41836605:A>G	5	1.0
chr4:57031322:G>C	6	0.861120384184915
chr5:41009335:A>G	6	0.861120384184915
chr9:136496928:G>A	6	0.861120384184915
