mutation_id	myclone_id	myclone_ccf
chr17:42979181:C>G	1	0.25262252656106277
chr3:111112341:G>A	1	0.25262252656106277
chr10:27035322:C>T	2	1
chr19:4910890:->TTTT	2	1
chr2:90005628:CTCACACAGT>TCAATG	2	1
chr18:58920221:C>T	3	0.4695227086817897
chr6:41590132:G>A	3	0.4695227086817897
chr7:100885018:T>C	3	0.4695227086817897
chr9:110048838:G>A	3	0.4695227086817897
chr9:117414750:G>A	3	0.4695227086817897
chr11:117998846:C>T	4	0.7946870900231238
chr19:15232048:C>T	4	0.7946870900231238
chrX:143509063:C>A	5	-1
