mutation_id	myclone_id	myclone_ccf
chr2:100300741:T>A	1	0.3624286972381489
chr2:163610011:G>A	1	0.3624286972381489
chr1:24187217:A>G	2	0.156017448661126
chr19:15174196:G>C	2	0.156017448661126
chr1:114716126:C>T	3	0.2576643260009613
chr12:25245351:C>A	3	0.2576643260009613
chr22:46219818:G>A	3	0.2576643260009613
chr10:50859920:G>A	3	0.2576643260009613
chr4:125468761:C>T	3	0.2576643260009613
chr1:203347664:T>C	4	1.0
chr7:29904289:G>A	4	1.0
chr8:124553488:C>T	4	1.0
chr1:51302113:A>G	5	0.5823542794848314
chr1:114716127:C>A	5	0.5823542794848314
chr9:36966554:->GGGCTTGA	5	0.5823542794848314
