mutation_id	myclone_id	myclone_ccf
chr16:4996879:C>T	1	0.116848543750439
chr19:55362306:G>A	2	0.5516338228218401
chr5:35874454:->TGGGGCTTCCGTGCC	3	0.4893656960488474
chr1:209782069:G>A	4	0.8554870830776298
chr12:49050736:->GG	4	0.8554870830776298
chr12:57180441:G>A	4	0.8554870830776298
chr17:74920393:C>T	4	0.8554870830776298
chr19:3094783:->C	4	0.8554870830776298
chr2:113406870:->TTAGGGACTTT	4	0.8554870830776298
chr7:97024494:C>G	4	0.8554870830776298
chr7:97117756:A>C	4	0.8554870830776298
chr8:142917074:C>T	4	0.8554870830776298
chr4:17614669:A>T	4	0.8554870830776298
chr1:114427762:ATAG>-	5	0.9704503495617613
chr13:24700776:G>A	5	0.9704503495617613
chr15:71728622:C>T	5	0.9704503495617613
chr17:9771631:C>T	5	0.9704503495617613
chr2:1433510:C>T	5	0.9704503495617613
chr22:24091837:C>T	5	0.9704503495617613
chr22:27797602:G>A	5	0.9704503495617613
chr3:57277784:T>G	5	0.9704503495617613
chr6:29307561:G>A	5	0.9704503495617613
chr6:52404190:C>T	5	0.9704503495617613
chr9:5825170:G>A	5	0.9704503495617613
chrX:18216539:G>T	5	0.9704503495617613
chrX:102603555:G>T	6	0.6768357236983802
chrX:32389644:G>A	7	1.0577596489989323
