mutation_id	myclone_id	myclone_ccf
chr6:31355320:->T	1	0.1750820499873768
chr6:31356766:G>A	2	1.0
chr4:125451580:C>T	3	0.3611874656404618
chr10:126504466:G>A	4	0.07997556647564769
chr19:3005573:C>T	4	0.07997556647564769
chr19:15438635:C>T	4	0.07997556647564769
chr9:129923905:C>T	4	0.07997556647564769
chrX:116457775:A>C	4	0.07997556647564769
