mutation_id	myclone_id	myclone_ccf
chr12:54029813:A>C	1	1.0
chr5:67165732:G>A	2	0.0962965753682702
chr10:53822795:G>A	2	0.0962965753682702
chr18:7231537:G>A	2	0.0962965753682702
chr4:70234125:C>T	2	0.0962965753682702
chr19:38448649:G>A	3	0.641878098571012
chr12:21378297:T>-	4	0.5319393694827723
chr12:112450406:G>A	4	0.5319393694827723
chr13:39694643:G>A	4	0.5319393694827723
chr17:7807539:C>T	4	0.5319393694827723
chr12:112450395:C>T	5	0.3383925352441773
chr15:23440639:G>A	5	0.3383925352441773
chr22:38740316:G>A	5	0.3383925352441773
chr11:62192093:C>A	5	0.3383925352441773
chr18:21516675:G>A	5	0.3383925352441773
chrX:148977982:G>A	5	0.3383925352441773
chr14:81278410:->CC	5	0.3383925352441773
chr14:81278412:G>CCC	5	0.3383925352441773
