mutation_id	myclone_id	myclone_ccf
chr22:39679790:C>T	1	1
chr7:139047679:G>A	2	0.1650485436893204
chr6:28575266:C>T	2	0.1650485436893204
chr1:34761933:C>T	3	0.8311293267948376
chr2:140994041:G>A	3	0.8311293267948376
