mutation_id	myclone_id	myclone_ccf
chr6:106649180:TATC>-	1	0.682909666229248
chr16:55698526:->TGGG	2	1.0
chr19:1619404:->CGGCTGTGCCCA	2	1.0
chr12:105058119:C>T	3	0.25549885778003756
chr3:134371393:C>T	3	0.25549885778003756
chr12:84861632:C>T	4	0.13855597017980423
chr19:43613799:T>C	4	0.13855597017980423
chr2:120986581:C>T	4	0.13855597017980423
chr3:3845942:G>A	4	0.13855597017980423
chr7:152852174:C>T	4	0.13855597017980423
