mutation_id	myclone_id	myclone_ccf
chr2:71202518:G>A	1	0.5771930344133152
chr1:114713909:G>T	2	1
chr8:14108221:C>T	2	1
chr20:3230813:C>T	3	0.8820485103358408
chrX:91835553:G>A	4	0.6507575475413848
