mutation_id	myclone_id	myclone_ccf
chr2:240046063:C>A	1	0.1903721279263362
chr16:25128526:G>C	2	0.9487267436580649
chr2:162224527:G>A	2	0.9487267436580649
chr3:170467217:C>T	2	0.9487267436580649
chrX:16702807:G>A	2	0.9487267436580649
chr15:32168128:C>T	3	0.5563321809139591
chr15:55356234:C>G	3	0.5563321809139591
chr15:71547418:C>G	3	0.5563321809139591
chr2:185789310:C>T	3	0.5563321809139591
chr21:40312122:T>A	3	0.5563321809139591
chr3:62765875:T>A	3	0.5563321809139591
chr7:47827353:->GGG	3	0.5563321809139591
chrX:132958584:C>A	3	0.5563321809139591
chr12:108196053:G>C	4	0.7344239223478723
chr22:38085719:G>C	4	0.7344239223478723
chr7:140026276:G>A	4	0.7344239223478723
chr8:60853353:G>T	4	0.7344239223478723
chrX:8535777:C>T	4	0.7344239223478723
chr11:108431792:C>G	5	-1
