mutation_id	myclone_id	myclone_ccf
chr1:103691537:G>A	1	0.3720074012888802
chr6:79926375:C>T	1	0.3720074012888802
chr11:31714827:T>C	2	0.9843743626472772
chr15:81358218:C>T	2	0.9843743626472772
chr16:10769091:C>T	2	0.9843743626472772
chr18:44952080:C>T	2	0.9843743626472772
chr19:24106630:G>A	2	0.9843743626472772
chr2:130763344:G>A	2	0.9843743626472772
chr20:17260304:G>T	2	0.9843743626472772
chr20:51004614:C>T	2	0.9843743626472772
chr7:113084335:A>G	2	0.9843743626472772
chr9:115078093:C>T	2	0.9843743626472772
chr9:129818578:G>A	2	0.9843743626472772
chr21:40051959:C>T	2	0.9843743626472772
chr10:94947853:C>T	2	0.9843743626472772
chr10:126426072:C>T	2	0.9843743626472772
chrX:54333379:T>A	2	0.9843743626472772
chrX:55624547:G>A	2	0.9843743626472772
chrX:154305400:C>T	2	0.9843743626472772
chr5:33630909:A>T	3	0.585941005439976
chr1:148931862:G>A	4	0.24981391587015878
chr7:27110359:C>T	4	0.24981391587015878
chr19:9853875:->AG	5	0.7922445525014978
chr3:142397332:->GA	5	0.7922445525014978
chr6:116647576:G>A	6	0.30820515409695715
chrX:115190981:C>T	6	0.30820515409695715
