mutation_id	myclone_id	myclone_ccf
chr11:71110012:C>T	1	1
chr13:109783848:A>T	1	1
chr20:5922607:C>T	1	1
chr8:14108199:G>A	1	1
chr9:5078360:A>G	1	1
chr9:17394596:G>A	1	1
chr10:79940780:A>G	2	0.47354731765733565
chr11:2643556:C>T	2	0.47354731765733565
chr8:431412:A>G	2	0.47354731765733565
