mutation_id	myclone_id	myclone_ccf
chr4:102304437:T>C	1	1.0
chr7:11036449:G>A	2	0.6208333333333333
chr19:14658528:G>A	3	0.24938584202532418
chr21:26965812:T>G	3	0.24938584202532418
chr17:49991550:G>A	4	0.4855043381875167
chr3:119537249:C>A	4	0.4855043381875167
chr19:9266234:C>T	5	0.11611414909063933
chr20:31372952:C>T	5	0.11611414909063933
chr8:54679486:C>G	5	0.11611414909063933
