mutation_id	myclone_id	myclone_ccf
chr1:62209990:GAGGAGGAAGAGCCCTCAGGGCTGGAGGAGGAA>-	1	0.1061267886275046
chr11:73001104:G>A	2	0.9424540646953877
chr12:117232038:G>A	2	0.9424540646953877
chr15:70893592:C>T	2	0.9424540646953877
chr2:218643211:G>C	2	0.9424540646953877
chr6:52832889:C>A	2	0.9424540646953877
chr12:25245350:C>T	3	0.7287824775440321
chr7:143571876:G>A	3	0.7287824775440321
chr17:6080995:C>T	4	0.9993553427860261
chr18:9887998:G>A	4	0.9993553427860261
