mutation_id	myclone_id	myclone_ccf
chr12:30723309:T>C	1	1
chr15:48430677:A>C	2	0.17425431711146
chr17:5033489:C>T	3	0.4624283948005957
chr4:122224595:C>G	3	0.4624283948005957
