mutation_id	myclone_id	myclone_ccf
chr19:35511432:G>T	1	0.0587378154719036
chr6:129456416:G>A	1	0.0587378154719036
chr10:116860793:G>A	2	0.8663027226193152
chr16:3729110:->TTGTCCT	2	0.8663027226193152
chr16:80620796:C>T	2	0.8663027226193152
chr4:163472892:C>T	2	0.8663027226193152
chrX:120253961:G>A	2	0.8663027226193152
chr16:20374891:T>C	3	1.0
chr16:87334109:G>A	3	1.0
chr18:65814510:G>A	3	1.0
chr19:6746504:G>A	3	1.0
chr7:100175693:G>A	3	1.0
chr7:120274725:G>A	3	1.0
chrX:27462553:G>A	3	1.0
chr12:52680054:A>T	4	0.3059133753277378
