mutation_id	myclone_id	myclone_ccf
chr3:98087671:C>T	1	0.7740308360742721
chr5:138257685:T>A	1	0.7740308360742721
chr8:100177909:C>T	1	0.7740308360742721
chr3:114295751:G>A	2	1.0
chr6:160243643:C>T	2	1.0
chr7:120733039:C>T	2	1.0
chr1:10623117:G>A	3	0.49090836217615125
chr10:21020192:C>T	3	0.49090836217615125
chr12:123933503:C>T	3	0.49090836217615125
chr19:758071:G>A	3	0.49090836217615125
chr7:73671352:G>A	3	0.49090836217615125
chr2:130915706:C>G	4	0.1779529899266365
chr2:130916683:C>T	4	0.1779529899266365
chr2:130917077:C>T	4	0.1779529899266365
chr3:52576679:G>A	4	0.1779529899266365
chr4:134200504:G>A	4	0.1779529899266365
chrX:9691617:G>C	5	-1
