mutation_id	myclone_id	myclone_ccf
chr4:185684822:C>T	1	0.4138920369289436
chr10:79709889:C>A	2	0.2822237871660468
chr5:43039740:G>A	2	0.2822237871660468
chr15:66781981:G>A	3	1
chr19:758050:G>A	3	1
chr19:43667596:C>T	3	1
chr1:171024494:G>T	4	0.5993474669706736
chr2:113406872:->CC	4	0.5993474669706736
chr5:157382609:->TTTGCTTCCTTCTTTT	4	0.5993474669706736
chr10:105211168:C>T	5	0.8715283447616727
chr11:788458:G>A	5	0.8715283447616727
chr13:28018505:C>A	5	0.8715283447616727
chr16:30723071:C>TGG	5	0.8715283447616727
chr17:53824952:G>A	5	0.8715283447616727
chr19:757482:C>T	5	0.8715283447616727
chr2:152619669:G>A	5	0.8715283447616727
chr2:206704913:C>G	5	0.8715283447616727
chr7:117792591:T>A	5	0.8715283447616727
