mutation_id	myclone_id	myclone_ccf
chr2:89244784:CCA>-	1	1.0
chrX:27979960:A>C	1	1.0
chrX:53551417:C>T	1	1.0
chr1:37752987:G>A	2	0.7668979312128226
chr1:54692539:C>T	2	0.7668979312128226
chr13:33118214:C>T	2	0.7668979312128226
chr16:4813784:C>T	2	0.7668979312128226
chr16:67184399:C>T	2	0.7668979312128226
chr19:56814748:G>A	2	0.7668979312128226
chr20:63497719:G>A	2	0.7668979312128226
chr1:23692705:C>T	3	0.4152558046565351
chr1:226639637:G>A	3	0.4152558046565351
chr1:231163577:C>T	3	0.4152558046565351
chr15:33838379:C>T	3	0.4152558046565351
chr16:2111405:C>T	3	0.4152558046565351
chr19:5678563:C>T	3	0.4152558046565351
chr3:64550980:C>T	3	0.4152558046565351
chr3:98390825:C>A	3	0.4152558046565351
chrX:44844147:G>A	3	0.4152558046565351
chr10:76891657:C>T	3	0.4152558046565351
chr14:76439466:C>T	3	0.4152558046565351
chr14:89162699:G>A	3	0.4152558046565351
chr17:66885028:G>A	3	0.4152558046565351
chr2:165091255:C>T	4	0.5415584316732148
chr4:125406973:C>T	4	0.5415584316732148
chr1:53038929:T>C	5	0.08764949195153776
chr19:44613683:C>T	5	0.08764949195153776
chr22:46262229:T>C	5	0.08764949195153776
chr7:122010880:G>A	5	0.08764949195153776
chr17:81122434:C>T	5	0.08764949195153776
chr17:7674266:->GA	5	0.08764949195153776
chr11:94528083:G>C	6	0.2847505131915382
chr20:5302138:G>A	6	0.2847505131915382
chr1:47417136:C>T	7	0.1504798289574975
chr12:6775499:T>C	7	0.1504798289574975
chr12:32850907:G>A	7	0.1504798289574975
chr15:33662886:G>A	7	0.1504798289574975
chr19:50629419:C>T	7	0.1504798289574975
chr6:163565961:C>T	7	0.1504798289574975
chr8:23706537:C>T	7	0.1504798289574975
chr8:27921953:G>A	7	0.1504798289574975
chr8:68709078:C>T	7	0.1504798289574975
chrX:85379364:G>T	7	0.1504798289574975
chr7:38276318:->CG	8	0.630121376460714
chr4:24799737:C>T	9	0.21513044764062544
