mutation_id	myclone_id	myclone_ccf
chr12:112450406:G>A	1	0.6590860920114313
chr6:64912726:C>A	1	0.6590860920114313
chr2:222694371:C>T	2	0.5016668670601424
chr6:24797679:G>C	2	0.5016668670601424
chr11:7796728:G>C	3	0.10120020309654383
chr12:25245350:C>A	3	0.10120020309654383
chr22:42129825:C>T	3	0.10120020309654383
chr6:136361129:C>T	3	0.10120020309654383
chr8:25363099:T>C	3	0.10120020309654383
chrX:101656880:C>T	3	0.10120020309654383
chr1:29149196:C>G	4	0.9526641326091447
chr1:186677712:C>T	4	0.9526641326091447
chr11:101472197:C>A	4	0.9526641326091447
chr12:49040020:T>A	4	0.9526641326091447
chr2:21006168:G>A	4	0.9526641326091447
chr20:14326486:G>A	4	0.9526641326091447
chr6:79947240:C>A	4	0.9526641326091447
chr8:144354063:G>A	4	0.9526641326091447
chr14:106592678:->CTCGCGAGC	5	-1
