mutation_id	myclone_id	myclone_ccf
chr19:22857609:G>A	1	0.323859265417065
chr15:20535223:G>A	2	0.1985953251273339
chr3:51356202:C>T	2	0.1985953251273339
chr15:26567731:C>T	3	0.0809788435227268
chr15:96332360:G>A	3	0.0809788435227268
chr11:130189754:C>T	4	0.4825966130219411
chr15:82823238:C>T	4	0.4825966130219411
chr5:68295312:ACCAAT>-	4	0.4825966130219411
chr6:35748843:T>C	4	0.4825966130219411
chr1:218436028:->A	5	0.9999999999999999
chr10:76887273:C>T	5	0.9999999999999999
chr12:25245347:C>T	5	0.9999999999999999
chr3:14523657:C>T	5	0.9999999999999999
chr3:119557690:C>A	5	0.9999999999999999
chr7:96028274:C>T	5	0.9999999999999999
chr8:122951784:G>A	5	0.9999999999999999
