mutation_id	myclone_id	myclone_ccf
chr16:88885145:G>T	1	0.8895781041274001
chr2:178560194:T>C	1	0.8895781041274001
chr20:9580848:C>T	1	0.8895781041274001
chr8:62918473:C>T	2	0.6967977857223335
chr9:81990809:G>C	2	0.6967977857223335
chr10:96376694:G>A	3	0.1244487422322086
chr19:34428433:A>G	3	0.1244487422322086
chr5:121852013:C>T	3	0.1244487422322086
chr8:104356127:C>A	3	0.1244487422322086
chr15:58772192:G>A	4	0.23463122244040094
chr19:34430649:C>A	4	0.23463122244040094
chr2:233682431:C>G	4	0.23463122244040094
chr3:64153332:G>A	4	0.23463122244040094
chr3:88138762:G>A	4	0.23463122244040094
chr8:109445509:C>G	4	0.23463122244040094
chr9:130923868:C>T	4	0.23463122244040094
chr1:215786694:T>A	5	1.0
chr15:75689952:C>T	5	1.0
chr3:139006155:T>G	5	1.0
chr3:187226452:G>A	5	1.0
chr4:79407782:T>A	5	1.0
chr22:22099196:ATGGGTAGTGGCATTTC>GGGGA	6	-1
