mutation_id	myclone_id	myclone_ccf
chr1:40762926:G>A	1	0.2828592532839794
chr1:114716126:C>T	2	1.0
chr11:49981816:T>A	2	1.0
chr16:3738617:G>A	3	0.837104772008034
chr8:39982743:C>T	3	0.837104772008034
chr9:92034852:G>A	3	0.837104772008034
chr16:72107749:C>T	4	0.073857693913039
chr12:52449624:G>A	5	0.150692605323686
chr19:54252537:C>T	5	0.150692605323686
chr6:42106246:G>A	5	0.150692605323686
chr6:160578610:G>C	5	0.150692605323686
