mutation_id	myclone_id	myclone_ccf
chr5:13788716:C>A	1	0.7050663449939697
chr5:176365729:G>A	1	0.7050663449939697
