mutation_id	myclone_id	myclone_ccf
chr15:65077586:C>T	1	0.9570301511421722
chr16:2995890:C>A	1	0.9570301511421722
chr16:68122402:G>T	1	0.9570301511421722
chr19:39025472:G>T	1	0.9570301511421722
chr3:1372298:G>T	1	0.9570301511421722
chr3:32954010:G>A	1	0.9570301511421722
chr12:25245350:C>T	2	0.77368444589829
chr15:89645421:C>T	2	0.77368444589829
chr2:33300551:G>A	2	0.77368444589829
chr2:188999284:G>T	2	0.77368444589829
chr22:20990476:G>A	2	0.77368444589829
chr21:36369861:C>T	2	0.77368444589829
chr4:76739567:C>A	2	0.77368444589829
chr8:1957093:G>A	3	0.16923076923076918
chr10:132859087:->C	4	0.877825124111243
chr14:23384920:G>A	4	0.877825124111243
chr17:30563235:G>A	4	0.877825124111243
chr5:37022287:C>T	4	0.877825124111243
chr7:132489415:G>A	4	0.877825124111243
chr5:13862641:C>T	5	1.025237970482927
chr5:141388907:C>T	5	1.025237970482927
chr10:132859089:T>CC	6	0.6605423076923076
chr8:12133450:G>C	6	0.6605423076923076
