mutation_id	myclone_id	myclone_ccf
chr3:179809521:C>A	1	0.1048288375952944
chr19:12391560:G>T	2	0.3562388532298212
chr11:7089427:G>A	3	1.0
chrX:12921744:C>T	3	1.0
chr12:25245347:C>T	4	0.8674971660278992
chr3:149178503:G>A	4	0.8674971660278992
chr4:1961074:G>A	4	0.8674971660278992
chr14:74676193:T>G	4	0.8674971660278992
chr14:104952490:G>A	4	0.8674971660278992
chr18:46483659:C>T	4	0.8674971660278992
chr1:66332389:->T	5	0.6201279961911127
chr19:45517786:->GCCAGCCAGGGGCC	5	0.6201279961911127
