mutation_id	myclone_id	myclone_ccf
chr6:26204715:G>A	1	0.6713615023474178
chr10:47368090:T>C	1	0.6713615023474178
chr7:117587740:A>T	2	0.5201465201465202
