mutation_id	myclone_id	myclone_ccf
chr11:1250877:C>A	1	0.7450023313336263
chr12:49033398:CA>-	1	0.7450023313336263
chr9:133443511:G>A	2	1.0
chrX:71135135:G>A	2	1.0
chrX:123326187:G>A	2	1.0
chr17:10533348:C>T	2	1.0
chr4:152976351:G>A	2	1.0
chr7:86839682:G>A	2	1.0
chr1:119623689:G>A	3	0.8638274916963824
chr2:167243769:C>T	3	0.8638274916963824
chr2:236581171:G>A	3	0.8638274916963824
chr1:114716123:C>T	4	0.16349710528133102
chr12:6830411:C>T	4	0.16349710528133102
chr12:52488509:G>A	4	0.16349710528133102
chr12:80848271:G>A	4	0.16349710528133102
chr2:185800618:C>T	4	0.16349710528133102
chr20:31996864:C>T	4	0.16349710528133102
chr17:78502981:G>A	4	0.16349710528133102
chr13:28034191:TA>-	5	0.4612639934160402
chr5:145938174:C>T	6	0.5904648897252972
chr6:36822136:ATCCCTTGGGTATACATGACGCACACTGC>CCGAATGACGCACACTGCG	6	0.5904648897252972
