mutation_id	myclone_id	myclone_ccf
chr6:72097125:C>T	1	1
chr2:206305657:C>A	2	0.1954078446954646
chr12:8851915:C>T	3	0.7280200880572372
chr19:34445040:->GGTCC	4	0.45774902758292596
chr19:56053767:C>T	4	0.45774902758292596
chr22:22881391:C>-	4	0.45774902758292596
chrX:140504588:G>A	5	-1
