mutation_id	myclone_id	myclone_ccf
chr7:101000388:C>A	1	0.3551744328175774
chr5:38957668:A>C	1	0.3551744328175774
chr17:6693070:C>T	2	1.0
chr2:178651699:C>T	2	1.0
chr2:241233873:G>A	3	0.2899430117495086
chr3:47120541:->CCCTGGG	4	-1
chrX:49175854:G>A	5	-1
chr5:169674391:A>T	6	0.4169629772239074
