mutation_id	myclone_id	myclone_ccf
chrX:77682875:T>A	1	1.0
chr1:114709583:C>T	2	0.3506966822186317
chr19:47340869:C>T	2	0.3506966822186317
chr21:44529819:C>T	2	0.3506966822186317
chr2:99369478:C>T	3	0.7507785636896095
chr4:683753:G>A	3	0.7507785636896095
chr8:144356624:C>T	3	0.7507785636896095
chr12:112185024:T>A	4	0.17932446637020397
chr14:62708446:G>A	4	0.17932446637020397
chr19:3942136:G>C	4	0.17932446637020397
chr2:185805951:G>A	4	0.17932446637020397
chr8:94128312:G>A	4	0.17932446637020397
chr9:129868117:C>T	4	0.17932446637020397
