mutation_id	myclone_id	myclone_ccf
chrX:151743478:C>T	1	0.1406696041878506
chr1:43448146:C>A	2	0.4828346727380311
chr1:61766310:A>G	2	0.4828346727380311
chr1:159535344:A>G	2	0.4828346727380311
chr19:35842394:G>A	2	0.4828346727380311
chr7:51026605:C>T	2	0.4828346727380311
chr7:98628602:G>A	2	0.4828346727380311
chr7:117542032:A>CCC	2	0.4828346727380311
chr1:55137672:T>A	3	0.6052787308072171
chr18:44952158:A>T	3	0.6052787308072171
chr20:45304635:G>C	3	0.6052787308072171
chr10:53822320:C>T	4	0.38663783108224375
chr5:35792429:C>T	4	0.38663783108224375
chr6:33304162:AAGA>-	4	0.38663783108224375
chr7:101004383:G>C	4	0.38663783108224375
chr7:117542030:->CC	4	0.38663783108224375
chr1:201217379:G>A	5	1.0
chr3:58110120:G>A	5	1.0
chr12:14460914:A>-	6	-1
chr12:21912936:A>G	6	-1
chr12:101670404:TTCCAGGTAA>CC	6	-1
chr12:130346461:T>A	6	-1
chr12:48525701:C>T	7	-1
chr2:90210514:GTATTATAGTACCCCTCCCACAGTGTTACACACCCAAACAAAAAC>CCCGGGGA	8	-1
chr5:148119020:C>T	8	-1
