mutation_id	myclone_id	myclone_ccf
chr4:6062372:G>A	1	1.0
chr10:5499227:G>T	2	0.3618079496648994
chr12:25245347:C>T	2	0.3618079496648994
chr12:113387892:G>A	2	0.3618079496648994
chr14:93183737:G>A	2	0.3618079496648994
chr17:34983357:C>T	2	0.3618079496648994
chr10:49132242:G>A	3	0.6320592815769063
chr10:76949176:G>A	3	0.6320592815769063
chr11:58203892:T>C	3	0.6320592815769063
chr12:112450385:G>A	3	0.6320592815769063
chr13:20631040:->A	3	0.6320592815769063
chr17:40023348:A>T	3	0.6320592815769063
chr18:12277246:C>T	3	0.6320592815769063
chr19:38192204:G>A	3	0.6320592815769063
chr2:90005628:CTCA>GCTCCTCTT	3	0.6320592815769063
chr20:1305364:G>A	3	0.6320592815769063
chr4:108760279:C>T	3	0.6320592815769063
chr6:112172742:C>T	3	0.6320592815769063
