mutation_id	myclone_id	myclone_ccf
chr1:1332769:C>G	1	0.259868946547348
chr1:64841247:C>G	1	0.259868946547348
chr11:92355143:C>T	1	0.259868946547348
chr12:57244604:G>A	1	0.259868946547348
chr16:728438:G>A	1	0.259868946547348
chr16:728439:G>A	1	0.259868946547348
chr19:11361408:C>T	1	0.259868946547348
chr19:18683828:G>C	1	0.259868946547348
chr19:49426704:G>A	1	0.259868946547348
chr19:58261048:G>C	1	0.259868946547348
chr2:178717769:C>T	1	0.259868946547348
chr20:664085:C>G	1	0.259868946547348
chr20:58819042:C>T	1	0.259868946547348
chr8:39918130:C>T	1	0.259868946547348
chr18:50283542:C>A	2	0.6483661836613804
chr1:3411705:C>T	3	0.9999999999999999
chr10:23440665:->T	3	0.9999999999999999
chr12:40993249:G>A	3	0.9999999999999999
chr14:73259334:C>T	3	0.9999999999999999
chr18:25227047:C>T	3	0.9999999999999999
chr2:240618958:C>T	3	0.9999999999999999
chr5:23509540:A>G	3	0.9999999999999999
chrX:49215511:T>C	4	-1
chr14:106714685:CTC>TCCAGG	5	-1
