mutation_id	myclone_id	myclone_ccf
chr11:93729880:G>A	1	0.7535385260280159
chr11:118573734:G>A	1	0.7535385260280159
chr12:109281762:G>A	1	0.7535385260280159
chr14:24427922:C>T	1	0.7535385260280159
chr19:51587030:C>T	1	0.7535385260280159
chr19:51588214:C>T	1	0.7535385260280159
chr2:54866834:C>G	1	0.7535385260280159
chr2:65074369:C>G	1	0.7535385260280159
chr20:36641280:G>C	1	0.7535385260280159
chr5:181050101:C>A	1	0.7535385260280159
chr7:127593944:G>C	1	0.7535385260280159
chr8:24468791:G>A	1	0.7535385260280159
chr9:74821704:G>C	1	0.7535385260280159
chr19:14053653:C>T	2	0.16630682082864118
chr19:55196650:G>C	2	0.16630682082864118
chr3:134361750:C>T	2	0.16630682082864118
chr7:152136897:C>G	2	0.16630682082864118
chr8:144051968:C>T	2	0.16630682082864118
chr1:99717412:G>A	3	1
chr1:157125106:C>T	3	1
chr1:243165217:C>G	3	1
chr12:47975345:C>G	3	1
chr12:120510097:C>T	3	1
chr13:69707636:C>T	3	1
chr19:49836278:C>T	3	1
chr19:51587297:C>G	3	1
chr2:85399233:G>A	3	1
chr2:117974880:C>T	3	1
chr2:219632366:G>A	3	1
chr4:6863776:G>A	3	1
chr5:31317393:G>T	3	1
chr5:141930240:C>G	3	1
chr5:178965127:G>A	3	1
chr6:41742441:C>G	3	1
chr9:76175014:C>G	3	1
chr7:101003793:G>A	4	0.3032248759656612
chr15:80153096:C>G	5	0.8868347109647179
chr15:80878750:G>C	5	0.8868347109647179
chr15:81332730:C>G	5	0.8868347109647179
chr19:1453076:G>C	5	0.8868347109647179
chr2:197402635:C>G	5	0.8868347109647179
chr20:46386171:C>T	5	0.8868347109647179
chr3:52348893:G>A	5	0.8868347109647179
chrX:107601719:G>A	6	-1
chr16:30398169:G>A	7	0.3596692243724746
