mutation_id	myclone_id	myclone_ccf
chr17:30893603:G>A	1	0.1136001894764598
chr8:143772207:G>A	1	0.1136001894764598
chr1:246987332:G>T	2	0.2267638827594739
chr19:50688031:C>T	2	0.2267638827594739
chrX:31627731:C>T	2	0.2267638827594739
chrX:93709617:T>G	2	0.2267638827594739
chrX:132958369:C>A	2	0.2267638827594739
chrX:153319597:G>A	2	0.2267638827594739
chr12:107618198:A>G	3	0.8613250006218561
chr13:110192857:C>T	3	0.8613250006218561
chr15:42142604:C>T	3	0.8613250006218561
chr18:6948418:C>T	3	0.8613250006218561
chr19:37613843:G>C	3	0.8613250006218561
chr19:51455553:G>A	3	0.8613250006218561
chr20:44066762:C>A	3	0.8613250006218561
chr9:36966703:->GCACA	3	0.8613250006218561
chr12:85244788:G>A	4	1.0
chr12:120219807:C>T	4	1.0
chr12:129074036:A>G	4	1.0
chr17:53823930:C>A	4	1.0
chr2:120989477:C>T	4	1.0
chr4:186708265:C>T	4	1.0
chr7:31695593:G>A	4	1.0
chr7:117810920:G>A	4	1.0
chr12:21468646:C>T	5	0.70492932332516
chr6:43259630:C>T	5	0.70492932332516
chr9:5078360:A>G	5	0.70492932332516
chr14:106627251:->CTAGG	6	-1
