mutation_id	myclone_id	myclone_ccf
chr1:223395133:A>G	1	0.9300738462511022
chr11:59806786:C>T	1	0.9300738462511022
chr11:86559767:C>T	1	0.9300738462511022
chr10:29289175:G>A	2	0.6594284235484031
chr2:199272291:C>T	2	0.6594284235484031
chr4:183797814:G>A	3	-1
