mutation_id	myclone_id	myclone_ccf
chr11:119132668:C>T	1	0.1063448900891851
chr15:83263759:G>T	1	0.1063448900891851
chr2:38074591:G>C	1	0.1063448900891851
chr5:141399639:C>T	1	0.1063448900891851
chr1:155904472:T>C	1	0.1063448900891851
chr10:79946511:C>T	1	0.1063448900891851
chr16:29987935:G>T	2	0.7635515379887254
chr16:47083508:C>T	2	0.7635515379887254
chr3:124848342:G>A	2	0.7635515379887254
chr5:16877625:C>T	2	0.7635515379887254
chr7:86839681:C>T	2	0.7635515379887254
chr8:35684630:G>A	2	0.7635515379887254
chr9:104604684:AA>-	2	0.7635515379887254
chr2:55332622:C>G	3	0.9353635884766827
chr22:39679178:C>G	3	0.9353635884766827
chr5:23521044:A>T	3	0.9353635884766827
chr7:154872677:C>A	3	0.9353635884766827
chr1:1623650:C>T	4	0.5658263342244212
