mutation_id	myclone_id	myclone_ccf
chr5:98774095:A>G	1	0.6811998012789294
chr2:88857534:T>C	2	0.5533276114853054
chr6:26026944:A>G	2	0.5533276114853054
chr19:4258386:C>T	3	0.19344270766981184
chr2:213049830:C>G	3	0.19344270766981184
chr3:179221146:G>A	3	0.19344270766981184
chr4:40438783:C>T	3	0.19344270766981184
chr9:94792872:G>T	3	0.19344270766981184
chr9:135696718:C>T	3	0.19344270766981184
chr13:109206804:C>A	4	0.9750405776256464
chr14:70010932:->GGGA	4	0.9750405776256464
chr17:35150087:G>A	4	0.9750405776256464
chr2:178775506:G>A	4	0.9750405776256464
chr3:111885312:G>A	4	0.9750405776256464
chrX:71142178:C>T	4	0.9750405776256464
chr11:32428595:->G	5	0.32188379721982124
chr14:23532785:T>C	5	0.32188379721982124
chr22:22196276:->CGCTCC	5	0.32188379721982124
chr3:58412928:C>T	5	0.32188379721982124
chr5:68295313:->GA	5	0.32188379721982124
chr9:90874692:C>T	5	0.32188379721982124
