mutation_id	myclone_id	myclone_ccf
chr8:18075557:G>C	1	0.5095700130563392
chr1:115725539:C>T	2	0.6804624266286396
chr11:88567427:C>G	2	0.6804624266286396
chr17:17496098:G>A	2	0.6804624266286396
chr2:169492899:C>T	2	0.6804624266286396
chr16:58045140:A>G	3	1.0
chr19:53068637:T>A	3	1.0
chr7:78167963:C>T	3	1.0
chr8:1549079:C>T	3	1.0
chr17:39225471:G>A	4	0.12048752318179605
chr17:80195194:C>T	4	0.12048752318179605
chr2:168855446:C>G	4	0.12048752318179605
chr3:52907284:C>T	4	0.12048752318179605
chr1:46196731:C>T	5	0.8316678553190272
chr16:66392233:G>A	5	0.8316678553190272
chr4:120818394:G>T	5	0.8316678553190272
chr9:36966713:AC>TGATCAGCG	5	0.8316678553190272
chrX:85265243:G>A	6	-1
chrX:70134542:G>A	7	-1
