mutation_id	myclone_id	myclone_ccf
chr11:102952148:C>T	1	1.0
chrX:101883592:T>A	1	1.0
chrX:111912725:C>T	1	1.0
chr1:226596840:C>T	2	0.6832856538387471
chr11:4682542:G>A	2	0.6832856538387471
chr12:13564459:G>A	2	0.6832856538387471
chr16:1762378:C>A	2	0.6832856538387471
chr9:4118869:C>T	2	0.6832856538387471
chr12:6818456:G>A	2	0.6832856538387471
chr1:148978405:G>A	3	0.8957054310138609
chr12:112074730:C>T	3	0.8957054310138609
chr2:51027821:G>A	3	0.8957054310138609
chr2:233772386:G>A	3	0.8957054310138609
chrX:6151227:T>A	3	0.8957054310138609
chrX:118409501:A>G	3	0.8957054310138609
chr14:55428961:G>A	4	0.2573255492419134
chr16:9840942:G>A	4	0.2573255492419134
chr4:1974864:A>G	4	0.2573255492419134
chr4:7704244:G>A	4	0.2573255492419134
chr12:57758866:G>A	5	0.13617315854666476
chr19:2321752:G>C	5	0.13617315854666476
chr3:140562214:G>A	5	0.13617315854666476
chr7:93291783:G>C	5	0.13617315854666476
chr21:14186060:C>A	6	0.20094214059534682
