mutation_id	myclone_id	myclone_ccf
chr11:72035918:->C	1	0.8469542914358367
chr15:80931924:G>A	1	0.8469542914358367
chr19:1108886:G>A	1	0.8469542914358367
chr6:138496371:G>A	1	0.8469542914358367
chr13:70131015:A>T	2	0.7606776619538922
chr17:10409536:G>A	2	0.7606776619538922
chr17:63538522:->T	2	0.7606776619538922
chr19:4513448:G>A	2	0.7606776619538922
chr7:143859063:C>T	2	0.7606776619538922
chr1:11124516:G>A	3	0.6276614286054862
chr2:206704916:C>T	3	0.6276614286054862
chr3:77565026:G>A	3	0.6276614286054862
chr9:37015154:C>T	3	0.6276614286054862
chrX:142203748:G>A	4	-1
chr5:80177338:G>A	5	0.48908636659083515
chr5:141341110:G>A	5	0.48908636659083515
