mutation_id	myclone_id	myclone_ccf
chr16:728172:T>A	1	1.0
chr1:29311484:C>T	2	0.5537533679541138
chr7:77940138:G>A	2	0.5537533679541138
chr12:109216869:C>T	3	0.2374834444138763
chr2:165389592:C>G	3	0.2374834444138763
chr1:114886238:T>A	4	0.8172649496939035
chr11:61962618:G>A	4	0.8172649496939035
chr4:23824295:G>T	4	0.8172649496939035
chr7:4790588:C>T	4	0.8172649496939035
chr14:106675012:GTGTCTCTC>TCCACA	5	-1
chrX:27461323:C>A	6	-1
chrY:14841086:G>A	6	-1
