mutation_id	myclone_id	myclone_ccf
chr11:4330078:G>T	1	0.6488095238095238
chr1:116600169:C>A	2	0.889689438578068
chr2:236580778:G>A	2	0.889689438578068
chr1:114713907:T>G	3	0.7572398560209423
chr3:45966409:C>A	3	0.7572398560209423
chrX:48576567:G>C	3	0.7572398560209423
chr17:40167896:G>A	3	0.7572398560209423
chr17:48550865:C>T	3	0.7572398560209423
chr4:188003485:C>T	3	0.7572398560209423
chr19:38469119:C>T	4	0.2595560758182882
chr2:196732495:G>T	4	0.2595560758182882
chr4:6609116:->GG	4	0.2595560758182882
chr9:90613442:C>T	5	0.127659574468085
chr8:27240147:G>T	6	0.8141592920353982
