mutation_id	myclone_id	myclone_ccf
chr16:3738617:G>A	1	1.0
chr16:48104270:C>T	1	1.0
chr19:7900188:G>A	1	1.0
chr2:71364177:C>T	1	1.0
chr2:115814851:G>A	1	1.0
chr11:66266118:G>A	2	0.2499107942730979
chr16:1626107:C>T	2	0.2499107942730979
chr2:178636165:G>A	3	0.6206425581159531
chr9:39078725:G>A	3	0.6206425581159531
chr1:110053685:G>A	3	0.6206425581159531
chr1:115992079:C>G	3	0.6206425581159531
chr1:155904493:->GGG	3	0.6206425581159531
chr5:13700856:T>G	3	0.6206425581159531
chr5:151531635:C>T	3	0.6206425581159531
chr1:43588922:G>A	4	0.310974646545119
chr8:141356915:G>A	4	0.310974646545119
