mutation_id	myclone_id	myclone_ccf
chrX:101250945:C>T	1	0.4833121561638222
chr13:42187088:A>G	2	1.0
chr19:19645528:T>G	2	1.0
chr2:219539894:G>A	2	1.0
chr16:27470148:C>T	3	0.8636766975062663
chr17:28749490:->T	3	0.8636766975062663
chr6:36722258:G>A	3	0.8636766975062663
chrX:49691299:G>A	3	0.8636766975062663
chrX:102655107:G>T	3	0.8636766975062663
chr11:120474621:G>A	4	0.17716497328340367
chr12:84884002:A>T	4	0.17716497328340367
chr18:26455860:G>A	4	0.17716497328340367
chr2:80419465:T>C	4	0.17716497328340367
chr3:119212622:G>A	4	0.17716497328340367
chr5:13753523:G>A	4	0.17716497328340367
