mutation_id	myclone_id	myclone_ccf
chr2:140534051:C>T	1	1
chr9:124500196:C>T	2	0.556842556842557
chr9:95449900:C>T	3	0.8062299587723316
chr18:9550278:C>T	4	0.2756638991933109
chrX:11300606:G>T	4	0.2756638991933109
chr10:127000230:G>A	5	0.1764700641527132
chr19:1005085:G>A	5	0.1764700641527132
