mutation_id	myclone_id	myclone_ccf
chr21:31252048:C>T	1	1.0
chr5:131492767:G>A	1	1.0
chr12:6667920:GCTGCTGCTGCTG>AT	2	0.5013214644542846
chr14:32600745:G>C	2	0.5013214644542846
chr1:152302748:C>A	3	0.0982637283406684
chr7:73831784:G>A	3	0.0982637283406684
chr17:7673775:->GG	4	0.20599335475029146
chr22:29298858:G>A	4	0.20599335475029146
chr3:52386724:G>A	4	0.20599335475029146
chr4:65643367:T>-	4	0.20599335475029146
chr7:90227001:C>T	4	0.20599335475029146
chr14:106470263:->CGGAGAA	4	0.20599335475029146
chr1:70039158:A>G	5	0.31763377140482313
chr10:79291119:T>C	5	0.31763377140482313
chr12:6667880:GACTGGAAGTGTGGTGGTGGCTGTTGC>CGGATGGATGTAGGGTGGTGGCTGT	5	0.31763377140482313
