mutation_id	myclone_id	myclone_ccf
chr19:35538671:C>T	1	0.093574374154631
chr5:141351874:C>T	1	0.093574374154631
chr1:215680215:C>G	2	0.40816204442104675
chr13:49705690:G>C	2	0.40816204442104675
chr14:52027250:G>A	2	0.40816204442104675
chr14:105381074:G>C	2	0.40816204442104675
chr15:90443408:G>C	2	0.40816204442104675
chr16:48111603:C>G	2	0.40816204442104675
chr16:89284616:C>G	2	0.40816204442104675
chr19:1399527:C>G	2	0.40816204442104675
chr19:8430716:G>C	2	0.40816204442104675
chr19:37636115:G>T	2	0.40816204442104675
chr19:37889543:G>A	2	0.40816204442104675
chr19:48117664:G>C	2	0.40816204442104675
chr19:55896077:G>C	2	0.40816204442104675
chr20:32014981:C>T	2	0.40816204442104675
chr20:49221577:C>T	2	0.40816204442104675
chr22:21772887:C>T	2	0.40816204442104675
chr22:50278215:C>T	2	0.40816204442104675
chr3:49022159:C>T	2	0.40816204442104675
chr4:105695531:C>G	2	0.40816204442104675
chr6:13615386:C>G	2	0.40816204442104675
chr8:142764620:G>A	2	0.40816204442104675
chr11:59181842:C>T	3	1.0
chr12:119130716:G>A	3	1.0
chr13:36865689:C>T	3	1.0
chr9:35711011:T>C	3	1.0
chr1:45340301:G>A	4	0.30859738891653604
chr1:160237135:G>A	4	0.30859738891653604
chr13:32124626:A>T	4	0.30859738891653604
chr16:89284537:C>G	4	0.30859738891653604
chr3:5195226:A>T	4	0.30859738891653604
chr3:64615427:C>T	4	0.30859738891653604
chr4:146224559:G>A	4	0.30859738891653604
chr6:105158651:G>T	4	0.30859738891653604
chr6:107633913:G>A	4	0.30859738891653604
chr7:141839415:G>C	4	0.30859738891653604
chr9:97376795:G>C	4	0.30859738891653604
chr9:121173296:G>C	4	0.30859738891653604
chr11:45946094:A>C	5	0.8596694689824644
chr3:130571121:C>T	5	0.8596694689824644
chr4:125479759:C>T	5	0.8596694689824644
chr4:172229699:C>T	5	0.8596694689824644
chr5:141210496:G>A	5	0.8596694689824644
chr6:27815328:C>T	6	-1
chrX:66208187:C>G	7	-1
