mutation_id	myclone_id	myclone_ccf
chr1:207584871:G>A	1	0.515577440263603
chr2:113406872:->AAAGGC	2	0.7509927676985624
chr15:57995085:A>G	3	0.3280844357291572
chr14:34761885:G>A	4	1.0
chr5:31267622:G>A	4	1.0
chr1:114716127:C>T	5	0.2225538896239377
chr11:108407113:G>A	5	0.2225538896239377
chr2:235799484:G>A	5	0.2225538896239377
chr10:24501521:G>T	6	0.12627220937717695
chr15:88531309:C>G	6	0.12627220937717695
chr19:58472088:A>T	6	0.12627220937717695
chr5:137886102:T>G	6	0.12627220937717695
chr6:33206151:G>A	6	0.12627220937717695
chr8:76852562:G>A	6	0.12627220937717695
