mutation_id	myclone_id	myclone_ccf
chrX:22273306:G>A	1	0.1856738723942178
chr1:147620677:T>A	2	1.0
chr1:147620678:G>A	2	1.0
chr1:155204942:T>G	2	1.0
chr2:73268775:G>A	2	1.0
chr11:47358976:->CCCCT	3	0.8843800031102255
chr13:27562603:C>T	3	0.8843800031102255
chr6:73479843:C>T	3	0.8843800031102255
chr8:71215414:C>G	3	0.8843800031102255
chrX:25015580:G>A	3	0.8843800031102255
chrX:129515739:C>A	3	0.8843800031102255
