mutation_id	myclone_id	myclone_ccf
chr11:92798210:C>T	1	0.5984084645742882
chr22:31088758:A>T	2	0.22409619312888
chr13:75760786:C>G	3	0.7450817305560556
chr1:201205248:C>T	4	0.9194371998996982
chr10:103473349:C>T	5	1
chr4:113359264:G>A	5	1
chr7:124032337:G>A	5	1
chr14:106592676:->CTCTCGAA	6	-1
