mutation_id	myclone_id	myclone_ccf
chr5:151505852:G>A	1	0.106750392464678
chr2:119605263:C>T	2	0.6543174565039522
chr5:139321920:G>A	2	0.6543174565039522
chr7:92123834:G>A	2	0.6543174565039522
chr9:116188043:C>T	2	0.6543174565039522
chr18:47248439:C>T	2	0.6543174565039522
chr6:160096546:G>A	2	0.6543174565039522
chr1:114716123:C>T	3	0.5823829064666761
chr11:27657919:G>A	3	0.5823829064666761
chrX:71132916:G>A	4	0.7470023980815349
chr4:99316032:T>C	5	0.16216293647792268
chr4:186708797:G>A	5	0.16216293647792268
