mutation_id	myclone_id	myclone_ccf
chr8:143918411:G>T	1	0.777522505414776
chr1:6625278:G>T	2	0.323265680374335
chr12:47235677:G>A	2	0.323265680374335
chr12:81284242:G>A	3	1.0
chr2:113406871:TTCAC>G	3	1.0
chr1:205935758:G>A	4	0.1820995142014357
chr14:32822869:G>A	4	0.1820995142014357
