mutation_id	myclone_id	myclone_ccf
chr15:71898064:G>A	1	0.387322967044683
chr1:245686133:C>G	2	0.09171109863990286
chrX:12717554:G>A	2	0.09171109863990286
chrX:53987862:G>C	2	0.09171109863990286
chr10:117137952:C>T	3	0.9764605840074712
chr12:21917009:G>C	3	0.9764605840074712
chr18:75208906:C>G	3	0.9764605840074712
chr4:1816887:A>G	3	0.9764605840074712
chr5:168118401:C>T	3	0.9764605840074712
chr8:112656174:C>T	3	0.9764605840074712
chr3:189972889:G>A	3	0.9764605840074712
chr2:111821381:C>T	4	0.17016642396922949
chr22:17119841:G>A	4	0.17016642396922949
chr17:39165718:G>C	5	0.6518792622478186
chr5:80082539:T>A	5	0.6518792622478186
chrX:71368097:C>T	5	0.6518792622478186
chrX:120375392:G>A	6	-1
