mutation_id	myclone_id	myclone_ccf
chr7:100807375:G>A	1	0.3621976454420264
chr1:160370991:G>A	2	1.0
chr10:5499224:G>A	2	1.0
chr10:132924808:C>T	2	1.0
chr14:24262075:C>T	2	1.0
chr15:83018827:G>A	2	1.0
chr9:116620323:G>A	2	1.0
chr14:106675019:->CGATCTCTCCTCCCCA	3	0.6593717511134258
