mutation_id	myclone_id	myclone_ccf
chr1:13610514:C>T	1	1
chr1:43598001:C>T	1	1
chr12:102877539:G>A	1	1
chr20:17968226:G>A	1	1
chr3:7146500:C>T	1	1
chr8:141479913:C>A	1	1
chr1:116941822:G>A	2	0.073686832593176
chr19:4544373:C>T	2	0.073686832593176
chr13:28018505:C>A	3	0.3007858969418022
chr11:55936350:T>C	4	0.7784728276907089
chr7:140781611:C>T	4	0.7784728276907089
chr6:110358010:C>T	4	0.7784728276907089
chr6:159271336:G>A	4	0.7784728276907089
chr17:28958035:G>A	5	-0.009299224955303886
