mutation_id	myclone_id	myclone_ccf
chr1:159018580:A>G	1	0.8070938041065838
chr1:220696642:C>T	1	0.8070938041065838
chr20:57519245:G>A	1	0.8070938041065838
chr7:987455:->CC	1	0.8070938041065838
chr11:55885720:G>C	2	0.4194612977677907
chr2:90115400:->CCCCC	2	0.4194612977677907
chr2:185762007:C>T	2	0.4194612977677907
chr2:233996435:G>A	2	0.4194612977677907
chr7:28957792:G>C	2	0.4194612977677907
chrX:32699135:G>A	2	0.4194612977677907
chr18:66505213:G>C	3	0.26062666882187335
chr20:49248959:G>A	3	0.26062666882187335
chr6:71301894:G>A	3	0.26062666882187335
chr8:29116908:->CCTGGG	3	0.26062666882187335
chr8:29116910:A>C	3	0.26062666882187335
chr2:26314443:G>A	4	0.8832859356579313
chr5:141398703:G>A	4	0.8832859356579313
chrX:87625716:T>C	4	0.8832859356579313
chr1:44141575:G>C	5	0.06936355830739006
chr1:154191970:C>A	5	0.06936355830739006
chr1:203774006:C>T	5	0.06936355830739006
chr1:216422196:C>G	5	0.06936355830739006
chr11:108512033:C>T	5	0.06936355830739006
chr12:48979630:C>G	5	0.06936355830739006
chr16:67284433:G>C	5	0.06936355830739006
chr17:38707828:G>C	5	0.06936355830739006
chr5:149259574:G>C	5	0.06936355830739006
chr5:169300606:G>C	5	0.06936355830739006
