mutation_id	myclone_id	myclone_ccf
chr8:85662944:C>T	1	0.0977610323790922
chr1:169728213:C>T	2	0.6024718148971273
chr6:26123852:G>A	2	0.6024718148971273
chr6:56627217:G>C	2	0.6024718148971273
chr6:99323537:G>A	2	0.6024718148971273
chr13:94619212:C>G	3	0.4074318562494432
chr19:50658964:C>T	3	0.4074318562494432
chr9:100473644:C>T	3	0.4074318562494432
chr11:117903605:G>C	4	0.2248156267928489
chr12:117555255:C>T	4	0.2248156267928489
chr7:143719817:C>A	4	0.2248156267928489
chr8:63172768:C>T	4	0.2248156267928489
chrX:119693097:C>T	4	0.2248156267928489
chr11:92969781:G>A	5	0.9869614070795822
chr12:106239411:G>A	5	0.9869614070795822
chr13:31154634:G>A	5	0.9869614070795822
chr14:100277545:C>T	5	0.9869614070795822
chr16:88639303:G>A	5	0.9869614070795822
chr18:24016683:G>A	5	0.9869614070795822
chr18:79451681:C>T	5	0.9869614070795822
chr3:175096910:A>G	5	0.9869614070795822
chr6:26107624:C>T	5	0.9869614070795822
chr6:54940694:G>C	5	0.9869614070795822
chr7:143222909:G>A	5	0.9869614070795822
chr8:76706020:C>G	5	0.9869614070795822
chr9:130874892:G>A	5	0.9869614070795822
chrX:51408205:T>C	5	0.9869614070795822
