mutation_id	myclone_id	myclone_ccf
chr14:100329594:C>G	1	0.4013840830449826
chr22:22704679:G>A	1	0.4013840830449826
chr8:104349219:G>A	1	0.4013840830449826
chr3:326015:G>A	2	0.6161978815408418
chr9:74775944:G>A	2	0.6161978815408418
chr1:99306541:G>A	2	0.6161978815408418
chr11:114298121:C>T	2	0.6161978815408418
chr17:41487131:G>A	2	0.6161978815408418
chr17:45830533:C>G	2	0.6161978815408418
chr7:95251790:G>T	2	0.6161978815408418
chr12:49044864:G>A	3	0.8039411183754983
chr15:73597354:G>A	3	0.8039411183754983
chr3:50117104:C>T	3	0.8039411183754983
chr3:189972998:C>T	3	0.8039411183754983
chr17:2033815:C>G	3	0.8039411183754983
chr17:7675233:A>G	3	0.8039411183754983
chr1:42435330:G>T	3	0.8039411183754983
chr1:114713911:C>T	3	0.8039411183754983
chr11:70820455:C>T	3	0.8039411183754983
chr10:98443160:C>T	3	0.8039411183754983
chr19:57254021:G>A	4	0.2098002533828491
chr3:113655969:CTC>-	4	0.2098002533828491
chr3:133380476:G>A	4	0.2098002533828491
chr6:113945392:T>A	4	0.2098002533828491
chr1:11502069:G>A	4	0.2098002533828491
chr1:114709583:C>T	4	0.2098002533828491
chr1:225240645:A>C	4	0.2098002533828491
chr7:80804232:A>G	4	0.2098002533828491
chr2:169185982:G>A	4	0.2098002533828491
chr8:94882811:->A	5	0.14338854228560072
chr8:101719413:C>T	5	0.14338854228560072
